_step,charts/episodic_return,_runtime,global_step,_timestamp,charts/episodic_length,losses/value_loss,losses/entropy,losses/clipfrac,charts/SPS,charts/learning_rate,losses/policy_loss,losses/old_approx_kl,losses/approx_kl,losses/explained_variance
0,0.0,10.2190636,400,1779545216.8852127,,,,,,,,,,
3,,10.2196567,400,1779545216.8857145,100.0,,,,,,,,,
4,0.0,10.2196567,400,1779545216.886024,,,,,,,,,,
5,,10.2196567,400,1779545216.886024,100.0,,,,,,,,,
9,,10.2201631,512,1779545217.0798457,,0.027465694,,,,,,,,
11,,10.2201631,512,1779545217.0798457,,,1.9452361,,,,,,,
14,,10.2201631,512,1779545217.0798457,,,,0.0,,,,,,
16,,10.2201631,512,1779545217.0824523,,,,,1260.0,,,,,
17,0.0,10.2201631,804,1779545217.254708,,,,,,,,,,
18,,10.2201631,804,1779545217.254708,100.0,,,,,,,,,
19,0.0,10.2201631,804,1779545217.2552183,,,,,,,,,,
21,0.0,10.2201631,804,1779545217.2559958,,,,,,,,,,
25,,10.2201631,1024,1779545217.5708416,,,,,,0.00024974384,,,,
26,,10.2201631,1024,1779545217.5708416,,0.009988809,,,,,,,,
27,,10.2201631,1024,1779545217.5708416,,,,,,,-0.006370699,,,
33,,10.220675,1024,1779545217.572814,,,,,1142.0,,,,,
34,0.0,10.220675,1208,1779545217.6879294,,,,,,,,,,
35,,10.220675,1208,1779545217.6879294,100.0,,,,,,,,,
36,0.0,10.220675,1208,1779545217.68844,,,,,,,,,,
39,,10.2211827,1208,1779545217.6889536,100.0,,,,,,,,,
42,,10.2211827,1536,1779545218.0116768,,,,,,0.0002494877,,,,
44,,10.2211827,1536,1779545218.0116768,,,,,,,-0.006754447,,,
45,,10.2211827,1536,1779545218.0116768,,,1.9446995,,,,,,,
46,,10.2211827,1536,1779545218.0116768,,,,,,,,-0.00030312128,,
48,,10.2211827,1536,1779545218.0126755,,,,0.0,,,,,,
50,,10.2211827,1536,1779545218.014116,,,,,1148.0,,,,,
51,0.0,10.2211827,1612,1779545218.0576863,,,,,,,,,,
52,,10.2211827,1612,1779545218.0576863,100.0,,,,,,,,,
53,0.0,10.2211827,1612,1779545218.0585678,,,,,,,,,,
56,,10.2211827,1612,1779545218.0592995,100.0,,,,,,,,,
57,0.0,10.2211827,1612,1779545218.059811,,,,,,,,,,
58,,10.2211827,1612,1779545218.059811,100.0,,,,,,,,,
59,0.0,10.2211827,2016,1779545218.264886,,,,,,,,,,
62,,10.2211827,2016,1779545218.26597,100.0,,,,,,,,,
63,0.0,10.2211827,2016,1779545218.2664974,,,,,,,,,,
66,,10.2217429,2016,1779545218.2670166,100.0,,,,,,,,,
68,,10.2217429,2048,1779545218.4236884,,0.0017334211,,,,,,,,
70,,10.2217429,2048,1779545218.4236884,,,1.9443799,,,,,,,
71,,10.2217429,2048,1779545218.4236884,,,,,,,,-0.00029324833,,
72,,10.2217429,2048,1779545218.4236884,,,,,,,,,0.00050927605,
73,,10.2217429,2048,1779545218.4236884,,,,0.0,,,,,,
74,,10.2217429,2048,1779545218.4236884,,,,,,,,,,-6.574097
76,0.0,10.2217429,2420,1779545218.6333742,,,,,,,,,,
77,,10.2217429,2420,1779545218.6333742,100.0,,,,,,,,,
79,,10.2217429,2420,1779545218.6348045,100.0,,,,,,,,,
82,0.0,10.2217429,2420,1779545218.6353378,,,,,,,,,,
83,,10.2217429,2420,1779545218.6353378,100.0,,,,,,,,,
85,,10.2217429,2560,1779545218.8586187,,0.0013364522,,,,,,,,
87,,10.2217429,2560,1779545218.8586187,,,1.9433498,,,,,,,
88,,10.2222575,2560,1779545218.8586187,,,,,,,,0.0022718515,,
91,,10.2222575,2560,1779545218.859618,,,,,,,,,,-3.9548688
93,0.0,10.2222575,2824,1779545219.0419884,,,,,,,,,,
94,,10.2222575,2824,1779545219.0419884,100.0,,,,,,,,,
96,,10.2222575,2824,1779545219.042611,100.0,,,,,,,,,
99,0.0,10.2222575,2824,1779545219.0436962,,,,,,,,,,
100,,10.2222575,2824,1779545219.0436962,100.0,,,,,,,,,
102,,10.2222575,3072,1779545219.4407604,,0.0008691963,,,,,,,,
103,,10.2222575,3072,1779545219.4407604,,,,,,,-0.0065080635,,,
105,,10.2222575,3072,1779545219.4407604,,,,,,,,-0.0033111973,,
107,,10.2222575,3072,1779545219.4407604,,,,0.0,,,,,,
108,,10.2222575,3072,1779545219.4407604,,,,,,,,,,-3.0646496
117,,10.2227715,3228,1779545219.5343025,100.0,,,,,,,,,
118,,10.2227715,3584,1779545219.9111474,,,,,,0.00024846313,,,,
121,,10.2227715,3584,1779545219.9111474,,,1.9390231,,,,,,,
123,,10.2227715,3584,1779545219.9111474,,,,,,,,,0.00061894767,
125,,10.2227715,3584,1779545219.9111474,,,,,,,,,,-6.0765443
127,0.0,10.2227715,3632,1779545219.9474785,,,,,,,,,,
135,0.0,10.2227715,4036,1779545220.1829052,,,,,,,,,,
136,,10.2227715,4036,1779545220.1833854,100.0,,,,,,,,,
138,,10.2227715,4036,1779545220.183887,100.0,,,,,,,,,
139,0.0,10.2227715,4036,1779545220.183887,,,,,,,,,,
142,,10.2227715,4036,1779545220.1844027,100.0,,,,,,,,,
143,,10.2227715,4096,1779545220.3896818,,,,,,0.00024820695,,,,
145,,10.2227715,4096,1779545220.3896818,,,,,,,-0.008072401,,,
146,,10.2227715,4096,1779545220.3896818,,,1.9379705,,,,,,,
148,,10.2227715,4096,1779545220.3896818,,,,,,,,,0.00075229956,
149,,10.2227715,4096,1779545220.3896818,,,,0.0,,,,,,
150,,10.2227715,4096,1779545220.3896818,,,,,,,,,,-18.096767
152,0.0,10.2227715,4440,1779545220.5650396,,,,,,,,,,
153,,10.2227715,4440,1779545220.5650396,100.0,,,,,,,,,
154,0.0,10.2227715,4440,1779545220.5660462,,,,,,,,,,
156,0.0,10.2227715,4440,1779545220.5667992,,,,,,,,,,
157,,10.2227715,4440,1779545220.5667992,100.0,,,,,,,,,
159,,10.2232878,4440,1779545220.5676358,100.0,,,,,,,,,
162,,10.2232878,4608,1779545220.756163,,,,,,,-6.9625676e-05,,,
163,,10.2232878,4608,1779545220.756163,,,1.9405385,,,,,,,
166,,10.2232878,4608,1779545220.756163,,,,0.0,,,,,,
167,,10.2232878,4608,1779545220.756163,,,,,,,,,,-4.912343
169,0.0,10.2232878,4844,1779545220.8787928,,,,,,,,,,
170,,10.2232878,4844,1779545220.8787928,100.0,,,,,,,,,
171,0.0,10.2232878,4844,1779545220.8787928,,,,,,,,,,
172,,10.2232878,4844,1779545220.8787928,100.0,,,,,,,,,
173,0.0,10.2232878,4844,1779545220.879793,,,,,,,,,,
174,,10.2232878,4844,1779545220.879793,100.0,,,,,,,,,
175,0.0,10.2232878,4844,1779545220.879793,,,,,,,,,,
177,,10.2232878,5120,1779545221.122428,,,,,,0.00024769467,,,,
184,,10.2238007,5120,1779545221.122428,,,,,,,,,,-2.9459758
185,,10.2238007,5120,1779545221.123436,,,,,1151.0,,,,,
187,,10.2238007,5248,1779545221.1902146,100.0,,,,,,,,,
189,,10.2238007,5248,1779545221.1910155,100.0,,,,,,,,,
192,0.0,10.2238007,5248,1779545221.1915321,,,,,,,,,,
193,,10.2238007,5248,1779545221.1915321,100.0,,,,,,,,,
194,0.406,10.2243134,5516,1779545221.3348212,,,,,,,,,,
195,,10.2243134,5516,1779545221.335496,66.0,,,,,,,,,
196,,10.2243134,5632,1779545221.508313,,,,,,0.00024743853,,,,
197,,10.2243134,5632,1779545221.508313,,0.0013971713,,,,,,,,
202,,10.2243134,5632,1779545221.508313,,,,0.0,,,,,,
209,0.0,10.2248198,5652,1779545221.5245857,,,,,,,,,,
211,0.0,10.2248198,5920,1779545221.667437,,,,,,,,,,
213,0.0,10.2248198,6056,1779545221.7389238,,,,,,,,,,
221,,10.2248198,6144,1779545221.8922353,,,,,,,-0.006030497,,,
222,,10.2248198,6144,1779545221.8922353,,,1.9373612,,,,,,,
223,,10.2248198,6144,1779545221.8922353,,,,,,,,-0.0018688384,,
224,,10.2248198,6144,1779545221.8922353,,,,,,,,,0.0010090107,
225,,10.2248198,6144,1779545221.8922353,,,,0.0,,,,,,
226,,10.2248198,6144,1779545221.8922353,,,,,,,,,,-0.5279521
227,,10.2248198,6144,1779545221.893738,,,,,1177.0,,,,,
229,,10.2248198,6324,1779545221.993182,100.0,,,,,,,,,
230,0.0,10.2248198,6460,1779545222.0692878,,,,,,,,,,
233,,10.2248198,6460,1779545222.070076,100.0,,,,,,,,,
234,0.0,10.2248198,6460,1779545222.074307,,,,,,,,,,
235,,10.2248198,6460,1779545222.074307,100.0,,,,,,,,,
237,,10.2248198,6656,1779545222.3158166,,0.00032856446,,,,,,,,
238,,10.2248198,6656,1779545222.3158166,,,,,,,-0.0065729097,,,
240,,10.2248198,6656,1779545222.3158166,,,,,,,,-0.001669867,,
243,,10.2248198,6656,1779545222.3158166,,,,,,,,,,-4.5234737
244,,10.2248198,6656,1779545222.3183212,,,,,1179.0,,,,,
246,,10.2248198,6728,1779545222.3561168,100.0,,,,,,,,,
247,0.0,10.2248198,6864,1779545222.425004,,,,,,,,,,
249,0.0,10.2248198,6864,1779545222.425004,,,,,,,,,,
253,0.0,10.2248198,7132,1779545222.5617542,,,,,,,,,,
254,,10.2254062,7132,1779545222.5617542,100.0,,,,,,,,,
255,,10.2254062,7168,1779545222.7031267,,,,,,0.00024667007,,,,
256,,10.2254062,7168,1779545222.7031267,,0.0005108116,,,,,,,,
258,,10.2254062,7168,1779545222.7031267,,,1.9369082,,,,,,,
265,,10.2254062,7268,1779545222.7630053,100.0,,,,,,,,,
267,,10.2254062,7268,1779545222.7636063,100.0,,,,,,,,,
269,,10.2254062,7268,1779545222.7641098,100.0,,,,,,,,,
272,0.0,10.2254062,7672,1779545222.9851031,,,,,,,,,,
273,,10.2254062,7672,1779545222.985803,100.0,,,,,,,,,
276,0.0,10.2254062,7672,1779545222.9863052,,,,,,,,,,
277,,10.2254062,7672,1779545222.9863052,100.0,,,,,,,,,
279,,10.2254062,7680,1779545223.0976253,,0.0003062623,,,,,,,,
280,,10.2254062,7680,1779545223.0976253,,,,,,,-0.012157887,,,
283,,10.2254062,7680,1779545223.0976253,,,,,,,,,0.0018945737,
286,,10.2254062,7680,1779545223.0991278,,,,,1195.0,,,,,
289,0.0,10.2254062,8076,1779545223.3053322,,,,,,,,,,
291,0.0,10.2254062,8076,1779545223.3053322,,,,,,,,,,
294,,10.2254062,8076,1779545223.3058348,100.0,,,,,,,,,
300,,10.2259199,8192,1779545223.4606528,,,,,,,,,0.0009293952,
302,,10.2259199,8192,1779545223.4606528,,,,,,,,,,-4.1842213
303,,10.2259199,8192,1779545223.4624343,,,,,1207.0,,,,,
304,0.0,10.2259199,8344,1779545223.538971,,,,,,,,,,
305,,10.2259199,8344,1779545223.5396662,100.0,,,,,,,,,
308,0.0,10.2259199,8480,1779545223.6088922,,,,,,,,,,
309,,10.2259199,8480,1779545223.6088922,100.0,,,,,,,,,
313,,10.2259199,8704,1779545223.8085518,,0.0003936212,,,,,,,,
314,,10.2259199,8704,1779545223.8085518,,,,,,,-0.010448217,,,
315,,10.2259199,8704,1779545223.8085518,,,1.9353856,,,,,,,
316,,10.2259199,8704,1779545223.8085518,,,,,,,,-0.004900855,,
317,,10.2259199,8704,1779545223.8085518,,,,,,,,,0.001099057,
318,,10.2259199,8704,1779545223.8085518,,,,0.0,,,,,,
319,,10.2259199,8704,1779545223.8085518,,,,,,,,,,-4.276147
324,,10.2259199,8884,1779545223.9014688,100.0,,,,,,,,,
325,0.0,10.2259199,8884,1779545223.9019706,,,,,,,,,,
330,,10.2259199,9152,1779545224.037222,100.0,,,,,,,,,
331,,10.2259199,9216,1779545224.1674573,,,,,,0.0002456455,,,,
332,,10.2259199,9216,1779545224.1674573,,0.00023404612,,,,,,,,
335,,10.2259199,9216,1779545224.1674573,,,,,,,,0.0060767587,,
336,,10.2259199,9216,1779545224.1674573,,,,,,,,,0.0011199592,
337,,10.2259199,9216,1779545224.1674573,,,,0.0,,,,,,
339,,10.2259199,9216,1779545224.1684754,,,,,1230.0,,,,,
343,,10.2264346,9288,1779545224.2078578,100.0,,,,,,,,,
346,0.739,10.2264346,9408,1779545224.271633,,,,,,,,,,
348,0.0,10.2264346,9556,1779545224.346037,,,,,,,,,,
350,0.0,10.2264346,9692,1779545224.415013,,,,,,,,,,
352,0.0,10.2264346,9692,1779545224.415013,,,,,,,,,,
355,,10.2264346,9728,1779545224.5315645,,0.002898994,,,,,,,,
360,,10.2264346,9728,1779545224.5315645,,,,0.0,,,,,,
361,,10.2264346,9728,1779545224.5315645,,,,,,,,,,-0.1208787
364,,10.2264346,9812,1779545224.5811703,100.0,,,,,,,,,
366,,10.2264346,9960,1779545224.6604967,100.0,,,,,,,,,
367,0.0,10.2264346,10096,1779545224.7274537,,,,,,,,,,
369,0.0,10.2264346,10096,1779545224.7279627,,,,,,,,,,
371,0.0,10.2264346,10216,1779545224.7891858,,,,,,,,,,
376,,10.2269473,10240,1779545224.8982987,,,1.9411966,,,,,,,
377,,10.2269473,10240,1779545224.8982987,,,,,,,,0.0035896571,,
381,,10.2269473,10240,1779545224.8990946,,,,,1245.0,,,,,
388,0.0,15.227856,10620,1779545225.1014185,,,,,,,,,,
389,,15.227856,10620,1779545225.1014185,100.0,,,,,,,,,
391,,15.227856,10752,1779545225.2782238,,0.0005316984,,,,,,,,
392,,15.227856,10752,1779545225.2792268,,,,,,,-0.0016091801,,,
394,,15.2284113,10752,1779545225.2792268,,,,,,,,0.0021576649,,
396,,15.2284113,10752,1779545225.2792268,,,,0.0,,,,,,
400,,15.2284113,10768,1779545225.2902796,100.0,,,,,,,,,
404,,15.2284113,10904,1779545225.3638995,100.0,,,,,,,,,
405,0.0,15.2284113,11024,1779545225.4262555,,,,,,,,,,
406,,15.2284113,11024,1779545225.4262555,100.0,,,,,,,,,
409,,15.2284113,11264,1779545225.6440253,,,,,,0.0002446209,,,,
410,,15.2284113,11264,1779545225.6440253,,0.00023512928,,,,,,,,
413,,15.2284113,11264,1779545225.6440253,,,,,,,,-0.0019125855,,
423,,15.2289365,11428,1779545225.733891,100.0,,,,,,,,,
424,0.0,15.2289365,11576,1779545225.8113215,,,,,,,,,,
425,,15.2289365,11576,1779545225.8120122,100.0,,,,,,,,,
426,0.0,15.2289365,11712,1779545225.8821578,,,,,,,,,,
427,,15.2289365,11712,1779545225.8821578,100.0,,,,,,,,,
428,0.0,15.2289365,11712,1779545225.88266,,,,,,,,,,
429,,15.2289365,11712,1779545225.88266,100.0,,,,,,,,,
434,,15.2289365,11776,1779545226.024376,,,,,,,-0.00025333464,,,
440,,15.2289365,11776,1779545226.025509,,,,,1259.0,,,,,
441,0.0,15.2289365,11832,1779545226.0556934,,,,,,,,,,
445,0.0,15.2294552,12116,1779545226.214284,,,,,,,,,,
446,,15.2294552,12116,1779545226.2152493,100.0,,,,,,,,,
450,,15.2294552,12236,1779545226.2842937,100.0,,,,,,,,,
453,,15.2294552,12288,1779545226.422069,,,,,,,-0.011127137,,,
454,,15.229981,12288,1779545226.422069,,,1.9376242,,,,,,,
455,,15.229981,12288,1779545226.422069,,,,,,,,0.005672672,,
456,,15.229981,12288,1779545226.422069,,,,,,,,,0.0011151028,
457,,15.229981,12288,1779545226.422069,,,,0.0,,,,,,
459,,15.229981,12288,1779545226.4230824,,,,,1260.0,,,,,
460,0.0,15.229981,12384,1779545226.476406,,,,,,,,,,
461,,15.229981,12384,1779545226.476406,100.0,,,,,,,,,
462,0.0,15.2305053,12520,1779545226.5462387,,,,,,,,,,
464,0.0,15.2305053,12528,1779545226.551381,,,,,,,,,,
467,,15.2305053,12640,1779545226.6104095,100.0,,,,,,,,,
469,,15.2305053,12788,1779545226.690003,100.0,,,,,,,,,
471,,15.2305053,12800,1779545226.7935317,,0.00013366099,,,,,,,,
474,,15.2305053,12800,1779545226.7935317,,,,,,,,0.0013223328,,
476,,15.2305053,12800,1779545226.7935317,,,,0.0,,,,,,
481,0.0,15.2305053,12932,1779545226.8661375,,,,,,,,,,
482,,15.2305053,12932,1779545226.8661375,100.0,,,,,,,,,
487,,15.2305053,13312,1779545227.1711578,,,,,,0.00024359631,,,,
488,,15.23151,13312,1779545227.1711578,,0.0002299477,,,,,,,,
489,,15.23151,13312,1779545227.1711578,,,,,,,-0.0023426227,,,
491,,15.23151,13312,1779545227.1711578,,,,,,,,0.0021458631,,
493,,15.23151,13312,1779545227.1716597,,,,0.0,,,,,,
494,,15.23151,13312,1779545227.1716597,,,,,,,,,,-8.229813
495,,15.23151,13312,1779545227.1727028,,,,,1268.0,,,,,
496,0.0,15.23151,13328,1779545227.184062,,,,,,,,,,
497,,15.23151,13328,1779545227.184062,100.0,,,,,,,,,
498,0.0,15.2320132,13336,1779545227.1895983,,,,,,,,,,
500,0.0,15.2320132,13448,1779545227.246384,,,,,,,,,,
501,,15.2320132,13448,1779545227.2472527,100.0,,,,,,,,,
502,0.0,15.2320132,13596,1779545227.325263,,,,,,,,,,
505,,15.2320132,13732,1779545227.394904,100.0,,,,,,,,,
510,,15.2320132,13824,1779545227.5482316,,,,,,0.00024334017,,,,
511,,15.2320132,13824,1779545227.549228,,0.0056761294,,,,,,,,
512,,15.2320132,13824,1779545227.549228,,,,,,,-0.012712453,,,
513,,15.2320132,13824,1779545227.549228,,,1.9289999,,,,,,,
514,,15.2320132,13824,1779545227.549228,,,,,,,,0.006607811,,
516,,15.2320132,13824,1779545227.549228,,,,0.0,,,,,,
518,,15.2320132,13824,1779545227.5497315,,,,,1271.0,,,,,
519,0.0,15.2320132,13852,1779545227.5653095,,,,,,,,,,
525,0.0,15.2320132,14176,1779545227.7347226,,,,,,,,,,
526,,15.2320132,14176,1779545227.7347226,100.0,,,,,,,,,
529,,15.2320132,14336,1779545227.9239342,,,,,,0.00024308401,,,,
530,,15.2320132,14336,1779545227.9239342,,0.00024125201,,,,,,,,
531,,15.2320132,14336,1779545227.9239342,,,,,,,-0.002174547,,,
533,,15.2320132,14336,1779545227.9239342,,,,,,,,0.005154524,,
535,,15.2325284,14336,1779545227.9239342,,,,0.0014648438,,,,,,
536,,15.2325284,14336,1779545227.9239342,,,,,,,,,,-3.1725383
537,,15.2325284,14336,1779545227.924934,,,,,1274.0,,,,,
541,,15.2325284,14540,1779545228.0415442,100.0,,,,,,,,,
542,0.0,15.2325284,14580,1779545228.0623324,,,,,,,,,,
544,0.0,15.2325284,14660,1779545228.1068597,,,,,,,,,,
548,,15.2325284,14848,1779545228.3009784,,,,,,0.00024282787,,,,
549,,15.2325284,14848,1779545228.3015,,0.00015333752,,,,,,,,
550,,15.2325284,14848,1779545228.3015,,,,,,,-0.008753193,,,
551,,15.2325284,14848,1779545228.3015,,,1.9306068,,,,,,,
559,0.0,15.2325284,14984,1779545228.3770025,,,,,,,,,,
563,0.0,15.2325284,15212,1779545228.4999058,,,,,,,,,,
564,,15.2325284,15212,1779545228.4999058,100.0,,,,,,,,,
567,,15.2325284,15360,1779545228.6644866,,,,,,0.00024257172,,,,
569,,15.2325284,15360,1779545228.6644866,,,,,,,-0.006259136,,,
573,,15.2325284,15360,1779545228.6644866,,,,0.0,,,,,,
574,,15.2325284,15360,1779545228.6644866,,,,,,,,,,-3.613072
575,,15.2325284,15360,1779545228.6644866,,,,,1281.0,,,,,
576,0.0,15.2325284,15388,1779545228.6844275,,,,,,,,,,
577,,15.2325284,15388,1779545228.6844275,100.0,,,,,,,,,
580,0.0,15.2325284,15616,1779545228.7834303,,,,,,,,,,
581,,15.2325284,15616,1779545228.7834303,100.0,,,,,,,,,
582,0.0,15.2325284,15752,1779545228.8510935,,,,,,,,,,
583,,15.2325284,15752,1779545228.8510935,100.0,,,,,,,,,
584,0.0,15.2325284,15792,1779545228.8733437,,,,,,,,,,
585,,15.2330366,15792,1779545228.8733437,100.0,,,,,,,,,
586,0.0,15.2330366,15872,1779545228.9168198,,,,,,,,,,
588,,15.2330366,15872,1779545228.9997897,,,,,,0.00024231557,,,,
589,,15.2330366,15872,1779545228.9997897,,0.00014781367,,,,,,,,
590,,15.2330366,15872,1779545228.9997897,,,,,,,-0.015801657,,,
591,,15.2330366,15872,1779545228.9997897,,,1.9323717,,,,,,,
592,,15.2330366,15872,1779545228.9997897,,,,,,,,-0.0005810512,,
594,,15.2330366,15872,1779545228.9997897,,,,0.0009765625,,,,,,
595,,15.2330366,15872,1779545228.9997897,,,,,,,,,,-5.8870964
596,,15.2330366,15872,1779545229.0007894,,,,,1287.0,,,,,
597,0.0,15.2330366,16020,1779545229.0795414,,,,,,,,,,
598,,15.2330366,16020,1779545229.0795414,100.0,,,,,,,,,
601,0.0,15.2330366,16196,1779545229.1722589,,,,,,,,,,
602,,15.2330366,16196,1779545229.1722589,100.0,,,,,,,,,
603,0.0,15.2330366,16276,1779545229.2159936,,,,,,,,,,
605,,15.2330366,16384,1779545229.3737423,,,,,,0.00024205942,,,,
607,,15.2330366,16384,1779545229.3737423,,,,,,,-0.009394711,,,
608,,15.2330366,16384,1779545229.3737423,,,1.9304434,,,,,,,
609,,15.2330366,16384,1779545229.3737423,,,,,,,,0.0017938856,,
612,,15.2330366,16384,1779545229.3737423,,,,,,,,,,-3.3959122
613,,15.2330366,16384,1779545229.3754501,,,,,1290.0,,,,,
615,,15.2330366,16424,1779545229.3941965,100.0,,,,,,,,,
616,0.0,15.2330366,16560,1779545229.4681013,,,,,,,,,,
618,0.0,15.2330366,16600,1779545229.4922493,,,,,,,,,,
620,0.0,15.2330366,16680,1779545229.528462,,,,,,,,,,
621,,15.2330366,16680,1779545229.528462,100.0,,,,,,,,,
622,0.0,15.2330366,16828,1779545229.6049323,,,,,,,,,,
624,,15.2330366,16896,1779545229.7234118,,,,,,0.00024180328,,,,
625,,15.2330366,16896,1779545229.7234118,,6.94574e-05,,,,,,,,
627,,15.2330366,16896,1779545229.7234118,,,1.9273353,,,,,,,
629,,15.2330366,16896,1779545229.7234118,,,,,,,,,0.0021512383,
631,,15.2330366,16896,1779545229.7239141,,,,,,,,,,-2.8019953
632,,15.2330366,16896,1779545229.7239141,,,,,1294.0,,,,,
633,0.0,15.2330366,16964,1779545229.7653537,,,,,,,,,,
634,,15.2330366,16964,1779545229.7653537,100.0,,,,,,,,,
635,0.0,15.2330366,17004,1779545229.782607,,,,,,,,,,
642,,20.234856,17368,1779545229.9721124,100.0,,,,,,,,,
643,0.0,20.234856,17408,1779545229.9942958,,,,,,,,,,
644,,20.234856,17408,1779545229.9942958,100.0,,,,,,,,,
645,,20.234856,17408,1779545230.0951598,,,,,,0.00024154712,,,,
646,,20.234856,17408,1779545230.0951598,,0.0001644824,,,,,,,,
647,,20.234856,17408,1779545230.0951598,,,,,,,-0.014338268,,,
648,,20.234856,17408,1779545230.0951598,,,1.9242685,,,,,,,
649,,20.234856,17408,1779545230.0951598,,,,,,,,0.0036454238,,
650,,20.234856,17408,1779545230.0951598,,,,,,,,,0.0014349762,
651,,20.234856,17408,1779545230.0951598,,,,0.0,,,,,,
652,,20.234856,17408,1779545230.0951598,,,,,,,,,,-3.416605
661,,20.234856,17812,1779545230.2969172,100.0,,,,,,,,,
662,0.0,20.234856,17892,1779545230.3348074,,,,,,,,,,
666,,20.234856,17920,1779545230.4148803,,,,,,,-0.014452271,,,
667,,20.234856,17920,1779545230.4148803,,,1.9285163,,,,,,,
670,,20.2354223,17920,1779545230.4148803,,,,0.0,,,,,,
674,,20.2354223,18040,1779545230.4792683,100.0,,,,,,,,,
675,0.0,20.2354223,18176,1779545230.5391386,,,,,,,,,,
680,,20.2354223,18296,1779545230.5945334,100.0,,,,,,,,,
682,,20.2354223,18432,1779545230.738725,,0.00014683587,,,,,,,,
685,,20.2354223,18432,1779545230.738725,,,,,,,,0.0055363,,
687,,20.2354223,18432,1779545230.738725,,,,0.0,,,,,,
690,0.0,20.2359368,18444,1779545230.7511506,,,,,,,,,,
691,,20.2359368,18444,1779545230.7511506,100.0,,,,,,,,,
692,0.0,20.2359368,18580,1779545230.8252025,,,,,,,,,,
694,0.0,20.2359368,18620,1779545230.8421643,,,,,,,,,,
695,,20.2359368,18620,1779545230.8421643,100.0,,,,,,,,,
696,0.0,20.2359368,18700,1779545230.8864412,,,,,,,,,,
699,,20.2359368,18848,1779545230.9604323,100.0,,,,,,,,,
701,,20.2359368,18944,1779545231.0834646,,8.546519e-05,,,,,,,,
702,,20.2359368,18944,1779545231.0834646,,,,,,,-0.009024588,,,
712,,20.2364554,19024,1779545231.1340015,100.0,,,,,,,,,
714,,20.2364554,19104,1779545231.1769493,100.0,,,,,,,,,
718,,20.2364554,19388,1779545231.3306358,100.0,,,,,,,,,
719,0.0,20.2364554,19428,1779545231.354229,,,,,,,,,,
721,,20.2369713,19456,1779545231.4681942,,,,,,0.00024052254,,,,
723,,20.2369713,19456,1779545231.4691942,,,,,,,-0.008529076,,,
725,,20.2369713,19456,1779545231.4691942,,,,,,,,0.0023357682,,
726,,20.2369713,19456,1779545231.4691942,,,,,,,,,0.0023447168,
728,,20.2369713,19456,1779545231.4691942,,,,,,,,,,-1.5440376
730,0.0,20.2369713,19508,1779545231.5010319,,,,,,,,,,
731,,20.2369713,19508,1779545231.5010319,100.0,,,,,,,,,
733,,20.2369713,19656,1779545231.581503,100.0,,,,,,,,,
738,0.0,20.2375538,19912,1779545231.7205539,,,,,,,,,,
743,,20.2375538,19968,1779545231.8493016,,,1.9288201,,,,,,,
744,,20.2375538,19968,1779545231.8493016,,,,,,,,-0.0002300553,,
745,,20.2375538,19968,1779545231.8493016,,,,,,,,,0.0009432677,
750,,20.2375538,20060,1779545231.9003863,100.0,,,,,,,,,
751,0.0,20.2375538,20196,1779545231.9735012,,,,,,,,,,
753,0.0,20.2375538,20236,1779545231.9946895,,,,,,,,,,
754,,20.2375538,20236,1779545231.9946895,100.0,,,,,,,,,
757,0.0,20.2375538,20464,1779545232.1187377,,,,,,,,,,
758,,20.2375538,20464,1779545232.1187377,100.0,,,,,,,,,
759,,20.2375538,20480,1779545232.2267158,,,,,,0.00024001025,,,,
760,,20.2375538,20480,1779545232.2267158,,9.369517e-05,,,,,,,,
762,,20.2375538,20480,1779545232.2267158,,,1.9298644,,,,,,,
763,,20.2375538,20480,1779545232.2267158,,,,,,,,-0.00037555583,,
768,0.0,20.2375538,20600,1779545232.2957819,,,,,,,,,,
769,,20.2375538,20600,1779545232.2957819,100.0,,,,,,,,,
772,0.0,20.2375538,20720,1779545232.3636947,,,,,,,,,,
773,,20.2375538,20720,1779545232.3636947,100.0,,,,,,,,,
775,,20.2375538,20868,1779545232.4403312,100.0,,,,,,,,,
781,,20.2375538,20992,1779545232.6029987,,,,,,,,,0.0017848895,
782,,20.2375538,20992,1779545232.6029987,,,,0.0,,,,,,
783,,20.2375538,20992,1779545232.6029987,,,,,,,,,,-0.8436347
784,,20.2375538,20992,1779545232.6045692,,,,,1317.0,,,,,
788,,20.2375538,21016,1779545232.6216893,100.0,,,,,,,,,
789,0.0,20.2375538,21124,1779545232.6779501,,,,,,,,,,
790,,20.2375538,21124,1779545232.6779501,100.0,,,,,,,,,
794,,20.2375538,21408,1779545232.8294063,100.0,,,,,,,,,
801,,20.2381215,21504,1779545233.039619,,,,,,,,0.0027706912,,
804,,20.2381215,21504,1779545233.039619,,,,,,,,,,-9.315844
806,0.0,20.2381215,21528,1779545233.055381,,,,,,,,,,
807,,20.2381215,21528,1779545233.055381,100.0,,,,,,,,,
810,0.0,20.2381215,21812,1779545233.2106593,,,,,,,,,,
812,0.0,20.2381215,21824,1779545233.2217062,,,,,,,,,,
817,,20.2381215,22016,1779545233.406834,,5.8926744e-05,,,,,,,,
826,,20.2381215,22080,1779545233.445,100.0,,,,,,,,,
827,0.0,20.2381215,22216,1779545233.515822,,,,,,,,,,
832,,20.2381215,22336,1779545233.5805001,100.0,,,,,,,,,
837,,20.2381215,22528,1779545233.774656,,,,,,,-0.014522575,,,
838,,20.2381215,22528,1779545233.774656,,,1.885788,,,,,,,
839,,20.2381215,22528,1779545233.774656,,,,,,,,0.016939692,,
840,,20.2381215,22528,1779545233.774656,,,,,,,,,0.0074766357,
843,,20.2381215,22528,1779545233.775658,,,,,1317.0,,,,,
848,0.0,20.2386303,22740,1779545233.8906834,,,,,,,,,,
850,0.0,20.2386303,22888,1779545233.9700928,,,,,,,,,,
853,,20.2386303,23024,1779545234.0472615,100.0,,,,,,,,,
854,0.0,20.2386303,23036,1779545234.0557902,,,,,,,,,,
857,,20.2386303,23040,1779545234.1873965,,5.9505695e-05,,,,,,,,
861,,20.2386303,23040,1779545234.1873965,,,,,,,,,0.0035318886,
863,,20.2386303,23040,1779545234.1873965,,,,,,,,,,-2.8222198
867,0.0,20.2386303,23292,1779545234.3234403,,,,,,,,,,
870,,20.2386303,23428,1779545234.398965,100.0,,,,,,,,,
872,,20.2386303,23440,1779545234.4077127,100.0,,,,,,,,,
873,0.0,20.2386303,23548,1779545234.4664688,,,,,,,,,,
875,,20.2386303,23552,1779545234.5560284,,,,,,0.00023847337,,,,
876,,20.2386303,23552,1779545234.5560284,,0.00010369644,,,,,,,,
877,,20.2386303,23552,1779545234.5560284,,,,,,,-0.020957349,,,
878,,20.2386303,23552,1779545234.5560284,,,1.8748009,,,,,,,
881,,20.2386303,23552,1779545234.5560284,,,,0.0029296875,,,,,,
882,,20.2386303,23552,1779545234.5560284,,,,,,,,,,-1.3071089
884,0.0,20.2386303,23696,1779545234.6297295,,,,,,,,,,
885,,20.2386303,23696,1779545234.6297295,100.0,,,,,,,,,
888,0.0,20.2386303,23844,1779545234.7129867,,,,,,,,,,
891,,20.2386303,23952,1779545234.7705874,100.0,,,,,,,,,
895,,20.2386303,24064,1779545234.908534,,,1.8859652,,,,,,,
898,,20.2386303,24064,1779545234.908534,,,,0.0234375,,,,,,
900,,20.239158,24064,1779545234.9100735,,,,,1319.0,,,,,
903,0.0,25.2416964,24236,1779545235.0005257,,,,,,,,,,
905,0.0,25.2416964,24248,1779545235.0106626,,,,,,,,,,
906,,25.2416964,24248,1779545235.011037,100.0,,,,,,,,,
908,,25.2416964,24356,1779545235.0618978,100.0,,,,,,,,,
909,0.0,25.2416964,24504,1779545235.149944,,,,,,,,,,
912,,25.2422103,24576,1779545235.2664673,,7.631598e-05,,,,,,,,
913,,25.2422103,24576,1779545235.2664673,,,,,,,-0.009986123,,,
916,,25.2422103,24576,1779545235.2664673,,,,,,,,,0.0017662654,
919,,25.2422103,24576,1779545235.267467,,,,,1321.0,,,,,
920,0.0,25.2422103,24640,1779545235.3064375,,,,,,,,,,
921,,25.2422103,24640,1779545235.3064375,100.0,,,,,,,,,
924,0.0,25.2422103,24760,1779545235.3749871,,,,,,,,,,
925,,25.2422103,24760,1779545235.3749871,100.0,,,,,,,,,
927,,25.2422103,24908,1779545235.460327,100.0,,,,,,,,,
929,,25.2422103,24980,1779545235.504419,17.0,,,,,,,,,
931,,25.2422103,25044,1779545235.5360072,100.0,,,,,,,,,
937,,25.2422103,25088,1779545235.6663027,,,1.8662775,,,,,,,
938,,25.2422103,25088,1779545235.6663027,,,,,,,,-0.007586958,,
939,,25.2422103,25088,1779545235.6663027,,,,,,,,,0.0029806788,
943,0.0,25.2422103,25164,1779545235.7063708,,,,,,,,,,
945,0.0,25.2422103,25384,1779545235.8242629,,,,,,,,,,
946,,25.2422103,25384,1779545235.8242629,100.0,,,,,,,,,
947,0.0,25.2422103,25448,1779545235.8551598,,,,,,,,,,
948,,25.2422103,25448,1779545235.8551598,100.0,,,,,,,,,
949,0.0,25.2422103,25460,1779545235.8652012,,,,,,,,,,
953,,25.2427228,25600,1779545236.021255,,,,,,0.00023744877,,,,
954,,25.2427228,25600,1779545236.021255,,0.00020106115,,,,,,,,
955,,25.2427228,25600,1779545236.021255,,,,,,,-0.0045438167,,,
956,,25.2427228,25600,1779545236.021255,,,1.8665205,,,,,,,
958,,25.2427228,25600,1779545236.021255,,,,,,,,,0.0018631415,
961,,25.2427228,25600,1779545236.0227573,,,,,1323.0,,,,,
962,0.0,25.2427228,25788,1779545236.1130779,,,,,,,,,,
964,0.0,25.2427228,25852,1779545236.149445,,,,,,,,,,
969,,25.2427228,25972,1779545236.2182934,100.0,,,,,,,,,
971,,25.2427228,26112,1779545236.35596,,0.00014110308,,,,,,,,
973,,25.2427228,26112,1779545236.35596,,,1.8636265,,,,,,,
975,,25.2427228,26112,1779545236.35596,,,,,,,,,0.0030954075,
977,,25.2427228,26112,1779545236.35596,,,,,,,,,,-10.666854
980,,25.2427228,26192,1779545236.4038472,100.0,,,,,,,,,
984,,25.2432381,26268,1779545236.4500237,100.0,,,,,,,,,
988,,25.2432381,26376,1779545236.5040815,100.0,,,,,,,,,
989,0.0,25.2432381,26596,1779545236.6236224,,,,,,,,,,
990,,25.2432381,26596,1779545236.6236224,100.0,,,,,,,,,
992,,25.2432381,26624,1779545236.7498655,,0.0027471283,,,,,,,,
993,,25.2432381,26624,1779545236.7498655,,,,,,,-0.0162464,,,
994,,25.2432381,26624,1779545236.7498655,,,1.8579024,,,,,,,
996,,25.2432381,26624,1779545236.7498655,,,,,,,,,0.0030901763,
997,,25.2432381,26624,1779545236.7498655,,,,0.0,,,,,,
998,,25.2432381,26624,1779545236.7498655,,,,,,,,,,0.30957252
1000,0.0,25.2432381,26672,1779545236.7784345,,,,,,,,,,
1001,,25.2432381,26672,1779545236.7784345,100.0,,,,,,,,,
1002,0.0,25.2432381,26756,1779545236.8256817,,,,,,,,,,
1004,0.0,25.2432381,26780,1779545236.8402529,,,,,,,,,,
1007,,25.2432381,27000,1779545236.9576583,100.0,,,,,,,,,
1008,0.0,25.2432381,27076,1779545237.0016446,,,,,,,,,,
1009,,25.2432381,27076,1779545237.0016446,100.0,,,,,,,,,
1010,,25.2432381,27136,1779545237.1420114,,,,,,0.00023668032,,,,
1011,,25.2432381,27136,1779545237.1420114,,0.00027957978,,,,,,,,
1012,,25.2432381,27136,1779545237.1420114,,,,,,,-0.022318441,,,
1014,,25.2432381,27136,1779545237.1420114,,,,,,,,0.017478816,,
1018,,25.2432381,27136,1779545237.1435137,,,,,1325.0,,,,,
1019,0.0,25.2437543,27160,1779545237.159954,,,,,,,,,,
1020,,25.2437543,27160,1779545237.159954,100.0,,,,,,,,,
1022,,25.2437543,27184,1779545237.1751063,100.0,,,,,,,,,
1024,,25.2437543,27404,1779545237.3033965,100.0,,,,,,,,,
1025,0.0,25.2437543,27480,1779545237.3461807,,,,,,,,,,
1026,,25.2437543,27480,1779545237.3461807,100.0,,,,,,,,,
1027,0.0,25.2437543,27564,1779545237.3929634,,,,,,,,,,
1028,,25.2437543,27564,1779545237.3929634,100.0,,,,,,,,,
1030,,25.2437543,27588,1779545237.4092875,100.0,,,,,,,,,
1031,,25.2437543,27648,1779545237.5666747,,,,,,0.00023642418,,,,
1036,,25.2437543,27648,1779545237.5666747,,,,,,,,,0.0010459032,
1038,,25.2437543,27648,1779545237.5666747,,,,,,,,,,-7.0625114
1040,0.0,25.2437543,27808,1779545237.6541686,,,,,,,,,,
1041,,25.2437543,27808,1779545237.6541686,100.0,,,,,,,,,
1042,0.0,25.2437543,27884,1779545237.6999683,,,,,,,,,,
1044,0.0,25.2437543,27968,1779545237.7487335,,,,,,,,,,
1045,,25.2437543,27968,1779545237.7487335,100.0,,,,,,,,,
1048,,25.2437543,28160,1779545237.9659739,,,,,,0.00023616804,,,,
1049,,25.2437543,28160,1779545237.9659739,,3.706564e-05,,,,,,,,
1053,,25.2437543,28160,1779545237.9659739,,,,,,,,,0.007930011,
1054,,25.2437543,28160,1779545237.9659739,,,,0.019042969,,,,,,
1055,,25.2437543,28160,1779545237.9659739,,,,,,,,,,-3.0484018
1056,,25.2437543,28160,1779545237.9676733,,,,,1322.0,,,,,
1058,,25.2437543,28212,1779545237.9985769,100.0,,,,,,,,,
1060,,25.2442701,28288,1779545238.0403006,100.0,,,,,,,,,
1061,0.0,25.2442701,28372,1779545238.087795,,,,,,,,,,
1062,,25.2442701,28372,1779545238.087795,100.0,,,,,,,,,
1064,,25.2442701,28396,1779545238.1019428,100.0,,,,,,,,,
1065,0.0,25.2442701,28616,1779545238.221937,,,,,,,,,,
1066,,25.2442701,28616,1779545238.221937,100.0,,,,,,,,,
1070,,25.2442701,28672,1779545238.3601658,,,1.7599729,,,,,,,
1073,,25.24478,28672,1779545238.3601658,,,,0.00048828125,,,,,,
1074,,25.24478,28672,1779545238.3601658,,,,,,,,,,-3.8113446
1078,0.0,25.24478,28776,1779545238.421333,,,,,,,,,,
1081,,25.24478,28800,1779545238.436463,100.0,,,,,,,,,
1084,0.0,25.24478,29096,1779545238.6016939,,,,,,,,,,
1085,,25.24478,29096,1779545238.602248,100.0,,,,,,,,,
1087,,25.24478,29180,1779545238.649033,100.0,,,,,,,,,
1090,,25.24478,29184,1779545238.7580066,,,,,,,-0.0027312068,,,
1091,,25.24478,29184,1779545238.7580066,,,1.7650546,,,,,,,
1095,,25.24478,29184,1779545238.7580066,,,,,,,,,,-3.337184
1096,,25.24478,29184,1779545238.7588863,,,,,1321.0,,,,,
1097,0.0,25.24478,29204,1779545238.7714367,,,,,,,,,,
1101,0.0,25.24478,29500,1779545238.933159,,,,,,,,,,
1103,0.0,25.24478,29584,1779545238.9814308,,,,,,,,,,
1105,0.0,25.24478,29608,1779545238.9967356,,,,,,,,,,
1107,,25.24478,29696,1779545239.1548119,,,,,,0.0002353996,,,,
1112,,25.24478,29696,1779545239.1548119,,,,,,,,,0.0048524975,
1113,,25.24478,29696,1779545239.1553223,,,,0.0107421875,,,,,,
1114,,25.24478,29696,1779545239.1553223,,,,,,,,,,-1.9975901
1115,,25.24478,29696,1779545239.156325,,,,,1320.0,,,,,
1116,0.0,25.24478,29828,1779545239.231417,,,,,,,,,,
1120,0.0,25.24478,29988,1779545239.3115065,,,,,,,,,,
1122,0.0,25.24478,30012,1779545239.3270476,,,,,,,,,,
1124,,25.24478,30208,1779545239.5388114,,,,,,0.00023514344,,,,
1127,,25.24478,30208,1779545239.5388114,,,1.7937323,,,,,,,
1128,,25.24478,30208,1779545239.5388114,,,,,,,,0.011586427,,
1129,,25.24478,30208,1779545239.5388114,,,,,,,,,0.0031917081,
1130,,25.24478,30208,1779545239.5388114,,,,0.0,,,,,,
1131,,25.24478,30208,1779545239.5398114,,,,,,,,,,-2.759027
1132,,25.24478,30208,1779545239.5404928,,,,,1321.0,,,,,
1135,0.0,25.24478,30308,1779545239.599569,,,,,,,,,,
1136,,25.24478,30308,1779545239.599569,100.0,,,,,,,,,
1137,0.0,25.24478,30392,1779545239.6468852,,,,,,,,,,
1139,0.0,25.24478,30416,1779545239.65941,,,,,,,,,,
1140,,25.24478,30416,1779545239.660051,100.0,,,,,,,,,
1142,,25.24478,30604,1779545239.7641764,92.0,,,,,,,,,
1144,,25.24478,30712,1779545239.8273716,100.0,,,,,,,,,
1145,,25.24478,30720,1779545239.9421706,,,,,,0.0002348873,,,,
1147,,25.24478,30720,1779545239.9421706,,,,,,,-0.01571102,,,
1149,,25.2453964,30720,1779545239.9421706,,,,,,,,0.011556012,,
1152,,25.2453964,30720,1779545239.9421706,,,,,,,,,,-2.1830497
1153,,25.2453964,30720,1779545239.9436746,,,,,1320.0,,,,,
1154,0.0,30.2457832,30796,1779545239.9928427,,,,,,,,,,
1155,,30.2457832,30796,1779545239.9928427,100.0,,,,,,,,,
1158,0.0,30.2457832,31008,1779545240.116506,,,,,,,,,,
1159,,30.2457832,31008,1779545240.1173363,100.0,,,,,,,,,
1163,,30.2462857,31200,1779545240.2256734,100.0,,,,,,,,,
1164,0.0,30.2462857,31224,1779545240.2405217,,,,,,,,,,
1165,,30.2462857,31224,1779545240.2405217,100.0,,,,,,,,,
1166,,30.2462857,31232,1779545240.3579764,,,,,,0.00023463115,,,,
1167,,30.2462857,31232,1779545240.3579764,,0.00014594407,,,,,,,,
1172,,30.2462857,31232,1779545240.3579764,,,,0.0,,,,,,
1173,,30.2468963,31232,1779545240.3579764,,,,,,,,,,-4.618065
1177,0.0,30.2468963,31520,1779545240.5170698,,,,,,,,,,
1180,,30.2468963,31604,1779545240.567034,100.0,,,,,,,,,
1182,,30.2468963,31628,1779545240.581606,100.0,,,,,,,,,
1183,,30.2468963,31744,1779545240.7489038,,,,,,0.000234375,,,,
1185,,30.2468963,31744,1779545240.7489038,,,,,,,-0.02327421,,,
1186,,30.2468963,31744,1779545240.7489038,,,1.8529133,,,,,,,
1191,,30.2468963,31744,1779545240.751307,,,,,1318.0,,,,,
1193,,30.2468963,31816,1779545240.7914445,100.0,,,,,,,,,
1194,0.0,30.2468963,31924,1779545240.8516734,,,,,,,,,,
1198,0.0,30.2468963,32032,1779545240.9144342,,,,,,,,,,
1200,0.0,30.247405,32220,1779545241.0171456,,,,,,,,,,
1202,,30.247405,32256,1779545241.1430678,,,,,,0.00023411885,,,,
1204,,30.247405,32256,1779545241.1430678,,,,,,,-0.0035747867,,,
1207,,30.247405,32256,1779545241.1440747,,,,,,,,,0.00372431,
1209,,30.247405,32256,1779545241.1440747,,,,,,,,,,-7.46099
1211,0.0,30.247405,32328,1779545241.1888733,,,,,,,,,,
1212,,30.247405,32328,1779545241.1888733,100.0,,,,,,,,,
1216,,30.247405,32436,1779545241.2515042,100.0,,,,,,,,,
1217,0.0,30.247405,32624,1779545241.3569336,,,,,,,,,,
1218,,30.247405,32624,1779545241.3573976,100.0,,,,,,,,,
1219,0.0,30.247405,32732,1779545241.4171999,,,,,,,,,,
1222,,30.247405,32768,1779545241.544146,,5.681044e-05,,,,,,,,
1224,,30.2479254,32768,1779545241.544146,,,1.8662319,,,,,,,
1225,,30.2479254,32768,1779545241.544146,,,,,,,,-0.0037905276,,
1228,,30.2479254,32768,1779545241.544146,,,,,,,,,,-9.391881
1229,,30.2479254,32768,1779545241.5459037,,,,,1317.0,,,,,
1230,0.0,30.2479254,32816,1779545241.567832,,,,,,,,,,
1231,,30.2479254,32816,1779545241.567832,100.0,,,,,,,,,
1232,0.0,30.2479254,32840,1779545241.5813642,,,,,,,,,,
1233,,30.2479254,32840,1779545241.5813642,100.0,,,,,,,,,
1234,0.0,30.2479254,33028,1779545241.6866922,,,,,,,,,,
1235,,30.2479254,33028,1779545241.6871948,100.0,,,,,,,,,
1236,0.0,30.2479254,33136,1779545241.7476473,,,,,,,,,,
1238,0.0,30.2479254,33220,1779545241.7943404,,,,,,,,,,
1239,,30.2479254,33220,1779545241.7943404,100.0,,,,,,,,,
1243,,30.2479254,33280,1779545241.9489617,,0.00022759696,,,,,,,,
1246,,30.2479254,33280,1779545241.9489617,,,,,,,,-0.0013603717,,
1247,,30.2479254,33280,1779545241.9489617,,,,,,,,,0.0020018606,
1251,0.0,30.2479254,33432,1779545242.0364301,,,,,,,,,,
1252,,30.2479254,33432,1779545242.0364301,100.0,,,,,,,,,
1255,0.0,30.2479254,33624,1779545242.1459496,,,,,,,,,,
1258,,30.2479254,33648,1779545242.161588,100.0,,,,,,,,,
1259,,30.2479254,33792,1779545242.347084,,,,,,0.00023335041,,,,
1261,,30.2479254,33792,1779545242.347084,,,,,,,-0.011633935,,,
1262,,30.2479254,33792,1779545242.347084,,,1.8579826,,,,,,,
1265,,30.2479254,33792,1779545242.3480873,,,,0.033691406,,,,,,
1268,0.0,30.2479254,33836,1779545242.376729,,,,,,,,,,
1269,,30.2479254,33836,1779545242.377043,100.0,,,,,,,,,
1271,,30.2479254,33944,1779545242.43968,100.0,,,,,,,,,
1273,,30.2479254,34028,1779545242.4864988,100.0,,,,,,,,,
1278,0.0,30.2484428,34240,1779545242.6090531,,,,,,,,,,
1279,,30.2484428,34240,1779545242.6090531,100.0,,,,,,,,,
1280,,30.2484428,34304,1779545242.7513049,,,,,,0.00023309427,,,,
1283,,30.2484428,34304,1779545242.7513049,,,1.8512999,,,,,,,
1284,,30.2484428,34304,1779545242.7513049,,,,,,,,0.008484981,,
1285,,30.2484428,34304,1779545242.7513049,,,,,,,,,0.0012390204,
1286,,30.2484428,34304,1779545242.7513049,,,,0.00048828125,,,,,,
1287,,30.2484428,34304,1779545242.7513049,,,,,,,,,,0.1163249
1288,,30.2484428,34304,1779545242.7523046,,,,,1315.0,,,,,
1290,,30.2484428,34348,1779545242.779376,100.0,,,,,,,,,
1291,0.0,30.2484428,34432,1779545242.8281744,,,,,,,,,,
1293,0.0,30.2484428,34580,1779545242.9106188,,,,,,,,,,
1294,,30.2484428,34580,1779545242.9106188,100.0,,,,,,,,,
1296,,30.2484428,34644,1779545242.946529,100.0,,,,,,,,,
1298,,30.2484428,34752,1779545243.0052,100.0,,,,,,,,,
1301,,30.2484428,34816,1779545243.1538773,,,,,,,-0.001743406,,,
1304,,30.2484428,34816,1779545243.1538773,,,,,,,,,0.001456908,
1305,,30.2484428,34816,1779545243.1538773,,,,0.0,,,,,,
1310,0.0,30.2484428,34984,1779545243.252196,,,,,,,,,,
1311,,30.2484428,34984,1779545243.252196,100.0,,,,,,,,,
1312,0.0,30.2484428,35048,1779545243.2929285,,,,,,,,,,
1313,,30.2484428,35048,1779545243.2929285,100.0,,,,,,,,,
1315,,30.2484428,35156,1779545243.355054,100.0,,,,,,,,,
1320,,30.2484428,35328,1779545243.5582433,,,,,,,-0.02151849,,,
1322,,30.2484428,35328,1779545243.5582433,,,,,,,,0.010519558,,
1323,,30.2484428,35328,1779545243.5582433,,,,,,,,,0.005869857,
1324,,30.2484428,35328,1779545243.5582433,,,,0.0068359375,,,,,,
1325,,30.2484428,35328,1779545243.5582433,,,,,,,,,,-5.3262177
1326,,30.2484428,35328,1779545243.5605605,,,,,1314.0,,,,,
1327,0.0,30.2484428,35388,1779545243.594127,,,,,,,,,,
1330,,30.2484428,35452,1779545243.6303122,100.0,,,,,,,,,
1332,,30.2489572,35560,1779545243.6938944,100.0,,,,,,,,,
1333,0.0,30.2489572,35644,1779545243.7404196,,,,,,,,,,
1340,,30.2489572,35840,1779545243.955296,,,1.8187107,,,,,,,
1342,,30.2489572,35840,1779545243.955296,,,,,,,,,0.008294441,
1343,,30.2489572,35840,1779545243.9562986,,,,0.03564453,,,,,,
1346,0.0,30.2489572,35856,1779545243.968718,,,,,,,,,,
1348,0.0,30.2489572,35964,1779545244.0290618,,,,,,,,,,
1349,,30.2489572,35964,1779545244.0294042,100.0,,,,,,,,,
1350,0.0,30.2489572,36048,1779545244.078114,,,,,,,,,,
1351,,30.2489572,36048,1779545244.078114,100.0,,,,,,,,,
1352,0.0,30.2489572,36196,1779545244.1610174,,,,,,,,,,
1353,,30.2489572,36196,1779545244.1610174,100.0,,,,,,,,,
1359,,30.2489572,36352,1779545244.3664165,,,1.7902105,,,,,,,
1360,,30.2489572,36352,1779545244.3664165,,,,,,,,0.007930346,,
1362,,30.2489572,36352,1779545244.3664165,,,,0.012207031,,,,,,
1363,,30.2489572,36352,1779545244.3664165,,,,,,,,,,-6.0770335
1364,,30.2489572,36352,1779545244.3677819,,,,,1312.0,,,,,
1366,,30.2489572,36368,1779545244.3784156,100.0,,,,,,,,,
1367,0.0,30.2489572,36452,1779545244.425202,,,,,,,,,,
1368,,30.2489572,36452,1779545244.425202,100.0,,,,,,,,,
1369,0.0,30.2489572,36600,1779545244.505027,,,,,,,,,,
1370,,30.2489572,36600,1779545244.5055523,100.0,,,,,,,,,
1373,0.0,30.2489572,36772,1779545244.6010587,,,,,,,,,,
1377,,30.2489572,36864,1779545244.7689004,,,,,,0.00023181352,,,,
1378,,30.2489572,36864,1779545244.7689004,,0.00023390188,,,,,,,,
1385,,30.2489572,36864,1779545244.7699,,,,,1312.0,,,,,
1386,0.0,30.2489572,37004,1779545244.8482819,,,,,,,,,,
1391,,30.2494638,37176,1779545244.9449205,100.0,,,,,,,,,
1392,0.0,35.2497169,37260,1779545244.995596,,,,,,,,,,
1394,,35.2497169,37376,1779545245.1668673,,,,,,0.00023155738,,,,
1395,,35.2497169,37376,1779545245.1678672,,0.0001097146,,,,,,,,
1396,,35.2497169,37376,1779545245.1678672,,,,,,,-0.008735755,,,
1397,,35.2497169,37376,1779545245.1678672,,,1.7575214,,,,,,,
1398,,35.2497169,37376,1779545245.1678672,,,,,,,,-0.004044664,,
1403,0.0,35.2497169,37408,1779545245.186924,,,,,,,,,,
1404,,35.2497169,37408,1779545245.186924,100.0,,,,,,,,,
1405,0.0,35.2497169,37472,1779545245.2251768,,,,,,,,,,
1406,,35.2497169,37472,1779545245.2258885,100.0,,,,,,,,,
1408,,35.2497169,37580,1779545245.2865236,100.0,,,,,,,,,
1410,,35.2502781,37664,1779545245.3344867,100.0,,,,,,,,,
1413,0.0,35.2502781,37876,1779545245.45631,,,,,,,,,,
1417,,35.2502781,37888,1779545245.5814588,,,,,,,-0.006149906,,,
1418,,35.2502781,37888,1779545245.5814588,,,1.7538514,,,,,,,
1420,,35.2502781,37888,1779545245.5814588,,,,,,,,,0.005604336,
1424,0.0,35.2502781,37984,1779545245.6402814,,,,,,,,,,
1425,,35.2502781,37984,1779545245.6402814,100.0,,,,,,,,,
1428,0.0,35.2502781,38216,1779545245.7757149,,,,,,,,,,
1433,,35.2502781,38388,1779545245.8748224,100.0,,,,,,,,,
1435,,35.2502781,38400,1779545246.006992,,0.00012759672,,,,,,,,
1436,,35.2502781,38400,1779545246.006992,,,,,,,-0.007871676,,,
1440,,35.2507853,38400,1779545246.006992,,,,0.0,,,,,,
1441,,35.2507853,38400,1779545246.006992,,,,,,,,,,-2.6036024
1444,,35.2507853,38472,1779545246.0514846,100.0,,,,,,,,,
1446,,35.2507853,38620,1779545246.137236,100.0,,,,,,,,,
1447,0.0,35.2507853,38684,1779545246.1760945,,,,,,,,,,
1448,,35.2507853,38684,1779545246.1760945,100.0,,,,,,,,,
1449,0.0,35.2507853,38792,1779545246.2366054,,,,,,,,,,
1452,,35.2507853,38876,1779545246.289365,100.0,,,,,,,,,
1457,,35.2507853,38912,1779545246.4274247,,,,,,,,-0.0037186556,,
1458,,35.2507853,38912,1779545246.4274247,,,,,,,,,0.008486258,
1459,,35.2507853,38912,1779545246.4274247,,,,0.017089844,,,,,,
1461,,35.2507853,38912,1779545246.4304152,,,,,1307.0,,,,,
1464,0.0,35.251299,39088,1779545246.5313816,,,,,,,,,,
1465,,35.251299,39088,1779545246.5313816,100.0,,,,,,,,,
1468,0.0,35.251299,39280,1779545246.6370506,,,,,,,,,,
1470,,35.251299,39424,1779545246.8362322,,,,,,0.00023053278,,,,
1472,,35.251299,39424,1779545246.8362322,,,,,,,-0.013467909,,,
1474,,35.251299,39424,1779545246.8362322,,,,,,,,-0.0034129843,,
1477,,35.251299,39424,1779545246.8362322,,,,,,,,,,-19.171553
1479,0.0,35.251299,39428,1779545246.8424273,,,,,,,,,,
1480,,35.251299,39428,1779545246.8424273,100.0,,,,,,,,,
1482,,35.251299,39492,1779545246.883805,100.0,,,,,,,,,
1485,0.0,35.2518091,39684,1779545246.9942143,,,,,,,,,,
1486,,35.2518091,39684,1779545246.9942143,100.0,,,,,,,,,
1487,0.82,35.2518091,39768,1779545247.0414586,,,,,,,,,,
1488,,35.2518091,39768,1779545247.0414586,20.0,,,,,,,,,
1490,,35.2518091,39832,1779545247.079333,100.0,,,,,,,,,
1494,,35.2518091,39936,1779545247.2558239,,0.0019710911,,,,,,,,
1496,,35.2518091,39936,1779545247.2558239,,,1.8167474,,,,,,,
1500,,35.2518091,39936,1779545247.2558239,,,,,,,,,,0.16271871
1501,,35.2518091,39936,1779545247.2568238,,,,,1305.0,,,,,
1505,,35.2523287,40172,1779545247.3982935,100.0,,,,,,,,,
1507,,35.2523287,40236,1779545247.4373193,100.0,,,,,,,,,
1508,0.0,35.2523287,40300,1779545247.4737713,,,,,,,,,,
1509,,35.2523287,40300,1779545247.4737713,100.0,,,,,,,,,
1511,,35.2523287,40392,1779545247.5294693,100.0,,,,,,,,,
1512,,35.2523287,40448,1779545247.706115,,,,,,0.0002300205,,,,
1516,,35.2523287,40448,1779545247.706115,,,,,,,,-0.0010774052,,
1518,,35.2523287,40448,1779545247.706115,,,,0.0,,,,,,
1525,0.0,35.2523287,40704,1779545247.8588202,,,,,,,,,,
1529,0.226,35.2523287,40924,1779545247.9855998,,,,,,,,,,
1531,,35.2523287,40960,1779545248.117265,,,,,,0.00022976435,,,,
1532,,35.2523287,40960,1779545248.118265,,0.00031184455,,,,,,,,
1535,,35.2523287,40960,1779545248.118265,,,,,,,,0.017228182,,
1537,,35.2523287,40960,1779545248.118265,,,,0.0,,,,,,
1539,,35.2523287,40960,1779545248.118265,,,,,1302.0,,,,,
1540,0.0,35.2523287,41044,1779545248.1685214,,,,,,,,,,
1541,,35.2523287,41044,1779545248.1685214,100.0,,,,,,,,,
1543,,35.2523287,41108,1779545248.2041166,100.0,,,,,,,,,
1545,,35.2523287,41200,1779545248.258619,100.0,,,,,,,,,
1546,0.0,35.2523287,41328,1779545248.3344812,,,,,,,,,,
1547,,35.2523287,41328,1779545248.3344812,100.0,,,,,,,,,
1548,0.0,35.2528428,41448,1779545248.406125,,,,,,,,,,
1549,,35.2528428,41448,1779545248.406125,100.0,,,,,,,,,
1550,,35.2528428,41472,1779545248.5233903,,,,,,0.0002295082,,,,
1551,,35.2528428,41472,1779545248.5233903,,9.7912445e-05,,,,,,,,
1552,,35.2528428,41472,1779545248.5233903,,,,,,,-0.0034351181,,,
1553,,35.2528428,41472,1779545248.5233903,,,1.788534,,,,,,,
1555,,35.2528428,41472,1779545248.5233903,,,,,,,,,0.0010656691,
1556,,35.2528428,41472,1779545248.5233903,,,,0.0,,,,,,
1558,,35.2528428,41472,1779545248.5251083,,,,,1302.0,,,,,
1560,,35.2528428,41512,1779545248.5507736,100.0,,,,,,,,,
1561,0.0,35.2528428,41604,1779545248.6055913,,,,,,,,,,
1563,0.0,35.2528428,41732,1779545248.6799185,,,,,,,,,,
1565,0.0,35.2528428,41852,1779545248.7503836,,,,,,,,,,
1567,0.0,35.2528428,41916,1779545248.789974,,,,,,,,,,
1568,,35.2528428,41916,1779545248.789974,100.0,,,,,,,,,
1569,,35.2528428,41984,1779545248.9398243,,,,,,0.00022925205,,,,
1572,,35.2528428,41984,1779545248.9398243,,,1.7850165,,,,,,,
1574,,35.2528428,41984,1779545248.9398243,,,,,,,,,0.0020616516,
1575,,35.2528428,41984,1779545248.9398243,,,,0.0,,,,,,
1576,,35.2528428,41984,1779545248.9398243,,,,,,,,,,-3.2127085
1577,,35.2528428,41984,1779545248.9412172,,,,,1301.0,,,,,
1578,0.0,35.2528428,42008,1779545248.9590042,,,,,,,,,,
1583,,35.2528428,42256,1779545249.1043448,100.0,,,,,,,,,
1585,,35.2528428,42320,1779545249.1419828,100.0,,,,,,,,,
1588,,35.2528428,42496,1779545249.351846,,,,,,0.00022899591,,,,
1589,,35.2528428,42496,1779545249.351846,,0.00016437405,,,,,,,,
1592,,35.2528428,42496,1779545249.351846,,,,,,,,0.0034855232,,
1596,,35.2528428,42496,1779545249.3533478,,,,,1300.0,,,,,
1598,,35.2528428,42540,1779545249.38223,100.0,,,,,,,,,
1600,,35.2528428,42660,1779545249.4532278,100.0,,,,,,,,,
1602,,35.2528428,42724,1779545249.4932046,100.0,,,,,,,,,
1603,0.0,35.2528428,42816,1779545249.5438857,,,,,,,,,,
1604,,35.2528428,42816,1779545249.5438857,100.0,,,,,,,,,
1607,,35.2528428,43008,1779545249.7601066,,,,,,0.00022873975,,,,
1608,,35.2528428,43008,1779545249.7601066,,6.397376e-05,,,,,,,,
1610,,35.2528428,43008,1779545249.7601066,,,1.7836214,,,,,,,
1613,,35.2528428,43008,1779545249.7601066,,,,0.00048828125,,,,,,
1615,,35.2528428,43008,1779545249.7611096,,,,,1299.0,,,,,
1616,0.0,35.2528428,43064,1779545249.7955925,,,,,,,,,,
1617,,35.2528428,43064,1779545249.7955925,100.0,,,,,,,,,
1618,0.0,35.2528428,43128,1779545249.8332462,,,,,,,,,,
1620,0.0,35.2528428,43220,1779545249.8846471,,,,,,,,,,
1622,0.0,35.2528428,43348,1779545249.9439583,,,,,,,,,,
1623,,35.2528428,43348,1779545249.9439583,100.0,,,,,,,,,
1627,,40.2542007,43520,1779545250.142196,,7.8987556e-05,,,,,,,,
1628,,40.2542007,43520,1779545250.1427078,,,,,,,-0.010553274,,,
1630,,40.2542007,43520,1779545250.1427078,,,,,,,,0.015186177,,
1631,,40.2542007,43520,1779545250.1427078,,,,,,,,,0.0031893868,
1632,,40.2542007,43520,1779545250.1427078,,,,0.0014648438,,,,,,
1633,,40.2542007,43520,1779545250.1427078,,,,,,,,,,-12.729445
1635,0.0,40.2542007,43532,1779545250.154706,,,,,,,,,,
1636,,40.2542007,43532,1779545250.154706,100.0,,,,,,,,,
1637,0.0,40.2542007,43624,1779545250.2076163,,,,,,,,,,
1638,,40.2542007,43624,1779545250.2076163,100.0,,,,,,,,,
1641,0.0,40.2542007,43872,1779545250.3517861,,,,,,,,,,
1642,,40.2552216,43872,1779545250.3517861,100.0,,,,,,,,,
1643,0.0,40.2552216,43936,1779545250.3905408,,,,,,,,,,
1644,,40.2552216,43936,1779545250.3905408,100.0,,,,,,,,,
1646,,40.2552216,44028,1779545250.4468489,100.0,,,,,,,,,
1647,,40.2552216,44032,1779545250.5604837,,,,,,0.00022822747,,,,
1648,,40.2552216,44032,1779545250.5604837,,0.00016941265,,,,,,,,
1650,,40.2557371,44032,1779545250.5604837,,,1.7619257,,,,,,,
1651,,40.2557371,44032,1779545250.5604837,,,,,,,,-0.0054336907,,
1652,,40.2557371,44032,1779545250.5604837,,,,,,,,,0.0013870238,
1657,,40.2557371,44156,1779545250.633849,100.0,,,,,,,,,
1658,0.0,40.2557371,44276,1779545250.702224,,,,,,,,,,
1663,,40.2557371,44432,1779545250.7960556,100.0,,,,,,,,,
1665,,40.2557371,44544,1779545250.9780777,,9.515695e-05,,,,,,,,
1669,,40.2557371,44544,1779545250.9780777,,,,,,,,,0.001468712,
1670,,40.2557371,44544,1779545250.9780777,,,,0.0009765625,,,,,,
1672,,40.2557371,44544,1779545250.9790423,,,,,1298.0,,,,,
1673,0.0,40.2557371,44560,1779545250.9900393,,,,,,,,,,
1675,0.0,40.2557371,44680,1779545251.0585628,,,,,,,,,,
1677,0.0,40.2557371,44744,1779545251.0992324,,,,,,,,,,
1679,0.0,40.2557371,44836,1779545251.1514244,,,,,,,,,,
1680,,40.2557371,44836,1779545251.1514244,100.0,,,,,,,,,
1682,,40.2557371,44964,1779545251.2243652,100.0,,,,,,,,,
1684,,40.2562446,45056,1779545251.383302,,5.1088235e-05,,,,,,,,
1686,,40.2562446,45056,1779545251.383302,,,1.7456077,,,,,,,
1688,,40.2562446,45056,1779545251.383302,,,,,,,,,0.002151071,
1690,,40.2562446,45056,1779545251.383302,,,,,,,,,,-4.685146
1691,,40.2562446,45056,1779545251.3854098,,,,,1298.0,,,,,
1692,0.0,40.2562446,45084,1779545251.4031045,,,,,,,,,,
1693,,40.2562446,45084,1779545251.4031045,100.0,,,,,,,,,
1695,,40.2562446,45148,1779545251.4413137,100.0,,,,,,,,,
1698,0.127,40.2562446,45356,1779545251.564833,,,,,,,,,,
1700,0.0,40.2562446,45488,1779545251.6417365,,,,,,,,,,
1702,0.0,40.2562446,45552,1779545251.6811333,,,,,,,,,,
1703,,40.2562446,45552,1779545251.6811333,100.0,,,,,,,,,
1705,,40.2562446,45568,1779545251.799866,,0.0002517042,,,,,,,,
1707,,40.2562446,45568,1779545251.799866,,,1.736023,,,,,,,
1709,,40.2562446,45568,1779545251.799866,,,,,,,,,0.0015666913,
1711,,40.2562446,45568,1779545251.799866,,,,,,,,,,-0.20049906
1712,,40.2562446,45568,1779545251.8008554,,,,,1297.0,,,,,
1713,0.0,40.2562446,45644,1779545251.8329465,,,,,,,,,,
1714,,40.2562446,45644,1779545251.8329465,100.0,,,,,,,,,
1716,,40.2562446,45760,1779545251.9063773,100.0,,,,,,,,,
1717,0.0,40.2562446,45892,1779545251.9819803,,,,,,,,,,
1718,,40.2562446,45892,1779545251.9819803,100.0,,,,,,,,,
1720,,40.2562446,45956,1779545252.020352,100.0,,,,,,,,,
1722,,40.2562446,46048,1779545252.0731978,100.0,,,,,,,,,
1723,,40.2562446,46080,1779545252.2003143,,,,,,0.00022720287,,,,
1724,,40.2562446,46080,1779545252.2003143,,5.2994328e-05,,,,,,,,
1725,,40.2562446,46080,1779545252.2003143,,,,,,,-0.010594796,,,
1726,,40.2562446,46080,1779545252.2003143,,,1.7034688,,,,,,,
1727,,40.2562446,46080,1779545252.2003143,,,,,,,,0.005367969,,
1730,,40.2562446,46080,1779545252.2003143,,,,,,,,,,-7.518778
1732,0.0,40.2562446,46164,1779545252.2530606,,,,,,,,,,
1734,0.0,40.2567621,46296,1779545252.3274343,,,,,,,,,,
1737,,40.2567621,46360,1779545252.364913,100.0,,,,,,,,,
1738,0.0,40.2567621,46452,1779545252.4206662,,,,,,,,,,
1741,,40.2567621,46568,1779545252.4706035,100.0,,,,,,,,,
1750,,40.2567621,46592,1779545252.5969348,,,,,1297.0,,,,,
1752,,40.2567621,46700,1779545252.6599107,100.0,,,,,,,,,
1753,0.0,40.2567621,46764,1779545252.698167,,,,,,,,,,
1754,,40.2567621,46764,1779545252.698167,100.0,,,,,,,,,
1760,,40.2567621,47104,1779545252.9008472,100.0,,,,,,,,,
1761,,40.2567621,47104,1779545253.001732,,,,,,0.00022669058,,,,
1762,,40.2567621,47104,1779545253.001732,,4.5744884e-05,,,,,,,,
1763,,40.2567621,47104,1779545253.001732,,,,,,,-0.01821884,,,
1767,,40.2567621,47104,1779545253.0022447,,,,0.0063476562,,,,,,
1768,,40.2567621,47104,1779545253.0022447,,,,,,,,,,-4.8053246
1769,,40.2567621,47104,1779545253.0032475,,,,,1296.0,,,,,
1770,0.0,40.2567621,47168,1779545253.0440066,,,,,,,,,,
1773,,40.2567621,47260,1779545253.1006181,100.0,,,,,,,,,
1779,,40.2567621,47572,1779545253.2853258,100.0,,,,,,,,,
1780,,40.2567621,47616,1779545253.4239552,,,,,,0.00022643442,,,,
1781,,40.2567621,47616,1779545253.4239552,,0.00016403056,,,,,,,,
1782,,40.2567621,47616,1779545253.4239552,,,,,,,-0.0085701905,,,
1783,,40.2567621,47616,1779545253.4239552,,,1.7432969,,,,,,,
1785,,40.2572829,47616,1779545253.4239552,,,,,,,,,0.00031505153,
1788,,40.2572829,47616,1779545253.424955,,,,,1295.0,,,,,
1790,,40.2572829,47664,1779545253.455916,100.0,,,,,,,,,
1791,0.0,40.2572829,47780,1779545253.5246375,,,,,,,,,,
1792,,40.2572829,47780,1779545253.5246375,100.0,,,,,,,,,
1793,0.0,40.2572829,47912,1779545253.6032112,,,,,,,,,,
1794,,40.2572829,47912,1779545253.6032112,100.0,,,,,,,,,
1796,,40.2572829,47976,1779545253.641245,100.0,,,,,,,,,
1798,,40.2572829,48068,1779545253.696463,100.0,,,,,,,,,
1800,,40.2572829,48128,1779545253.8466167,,6.186296e-05,,,,,,,,
1801,,40.2572829,48128,1779545253.847617,,,,,,,-0.017131194,,,
1802,,40.2572829,48128,1779545253.847617,,,1.7396002,,,,,,,
1803,,40.2572829,48128,1779545253.847617,,,,,,,,0.0031227814,,
1804,,40.2572829,48128,1779545253.847617,,,,,,,,,0.004007728,
1805,,40.2572829,48128,1779545253.847617,,,,0.0029296875,,,,,,
1806,,40.2572829,48128,1779545253.847617,,,,,,,,,,-4.9420624
1808,0.0,40.2572829,48184,1779545253.8823366,,,,,,,,,,
1809,,40.2572829,48184,1779545253.882853,100.0,,,,,,,,,
1810,0.0,40.2572829,48316,1779545253.9592621,,,,,,,,,,
1812,0.0,40.2572829,48380,1779545253.9953616,,,,,,,,,,
1813,,40.2572829,48380,1779545253.9953616,100.0,,,,,,,,,
1814,0.0,40.2572829,48472,1779545254.0517588,,,,,,,,,,
1819,,40.2572829,48640,1779545254.2396462,,6.5772234e-05,,,,,,,,
1820,,40.2577917,48640,1779545254.2396462,,,,,,,-0.011279795,,,
1821,,40.2577917,48640,1779545254.2396462,,,1.727151,,,,,,,
1822,,40.2577917,48640,1779545254.2396462,,,,,,,,0.014815302,,
1823,,40.2577917,48640,1779545254.2396462,,,,,,,,,0.0022686315,
1824,,40.2577917,48640,1779545254.2406461,,,,0.0,,,,,,
1828,,40.2577917,48720,1779545254.2898088,100.0,,,,,,,,,
1830,,40.2577917,48784,1779545254.3256876,100.0,,,,,,,,,
1832,,40.2577917,48876,1779545254.3809743,100.0,,,,,,,,,
1833,0.0,40.2577917,48992,1779545254.448205,,,,,,,,,,
1834,,40.2577917,48992,1779545254.448205,100.0,,,,,,,,,
1836,,40.2577917,49124,1779545254.5264266,100.0,,,,,,,,,
1837,,40.2577917,49152,1779545254.652822,,,,,,0.00022566598,,,,
1838,,40.2577917,49152,1779545254.652822,,7.111942e-05,,,,,,,,
1839,,40.2577917,49152,1779545254.652822,,,,,,,-0.010273288,,,
1840,,40.2577917,49152,1779545254.652822,,,1.7413381,,,,,,,
1843,,40.2577917,49152,1779545254.652822,,,,0.0,,,,,,
1845,,40.2577917,49152,1779545254.65403,,,,,1294.0,,,,,
1846,0.0,40.258312,49188,1779545254.677366,,,,,,,,,,
1851,,40.258312,49396,1779545254.8001049,100.0,,,,,,,,,
1855,,40.258312,49592,1779545254.9152763,100.0,,,,,,,,,
1856,,45.2592744,49664,1779545255.0567324,,,,,,0.00022540984,,,,
1859,,45.2598049,49664,1779545255.057732,,,1.7718107,,,,,,,
1860,,45.2598049,49664,1779545255.057732,,,,,,,,0.03326822,,
1861,,45.2598049,49664,1779545255.057732,,,,,,,,,0.008077055,
1862,,45.2598049,49664,1779545255.057732,,,,0.0078125,,,,,,
1865,0.0,45.2598049,49684,1779545255.071683,,,,,,,,,,
1867,0.0,45.2598049,49800,1779545255.1420019,,,,,,,,,,
1869,0.0,45.2598049,49932,1779545255.2171016,,,,,,,,,,
1872,,45.2598049,49996,1779545255.256073,100.0,,,,,,,,,
1873,0.0,45.2598049,50088,1779545255.3103547,,,,,,,,,,
1874,,45.2598049,50088,1779545255.3108978,100.0,,,,,,,,,
1875,,45.2598049,50176,1779545255.4701605,,,,,,0.0002251537,,,,
1877,,45.2598049,50176,1779545255.4706628,,,,,,,0.0019411035,,,
1878,,45.2598049,50176,1779545255.4706628,,,1.7619948,,,,,,,
1880,,45.2598049,50176,1779545255.4706628,,,,,,,,,0.0028339284,
1882,,45.2598049,50176,1779545255.4706628,,,,,,,,,,-11.719245
1883,,45.2598049,50176,1779545255.4716268,,,,,1293.0,,,,,
1888,0.0,45.2598049,50400,1779545255.6053011,,,,,,,,,,
1889,,45.2598049,50400,1779545255.6053011,100.0,,,,,,,,,
1892,0.0,45.2603208,50608,1779545255.730276,,,,,,,,,,
1893,,45.2603208,50608,1779545255.730276,100.0,,,,,,,,,
1897,,45.2603208,50688,1779545255.890812,,,1.7522883,,,,,,,
1899,,45.2603208,50688,1779545255.890812,,,,,,,,,0.0011217725,
1903,0.0,45.2603208,50740,1779545255.924508,,,,,,,,,,
1905,0.0,45.2603208,50804,1779545255.9627328,,,,,,,,,,
1907,0.0,45.2603208,50896,1779545256.0194488,,,,,,,,,,
1908,,45.2603208,50896,1779545256.0194488,100.0,,,,,,,,,
1910,,45.2603208,51012,1779545256.0861614,100.0,,,,,,,,,
1913,0.0,45.2603208,51144,1779545256.165118,,,,,,,,,,
1924,0.0,45.2608466,51208,1779545256.323174,,,,,,,,,,
1925,,45.2608466,51208,1779545256.3234825,100.0,,,,,,,,,
1927,,45.2608466,51300,1779545256.3762078,100.0,,,,,,,,,
1928,0.0,45.2608466,51528,1779545256.5054307,,,,,,,,,,
1929,,45.2608466,51528,1779545256.5064347,100.0,,,,,,,,,
1933,,45.2608466,51612,1779545256.5565941,100.0,,,,,,,,,
1939,,45.2608466,51712,1779545256.726294,,,1.7052299,,,,,,,
1941,,45.2613676,51712,1779545256.726294,,,,,,,,,0.00432927,
1944,,45.2613676,51712,1779545256.7277467,,,,,1291.0,,,,,
1945,0.0,45.2613676,51932,1779545256.8518145,,,,,,,,,,
1946,,45.2613676,51932,1779545256.8518145,100.0,,,,,,,,,
1947,0.0,45.2619042,51952,1779545256.8643472,,,,,,,,,,
1948,,45.2619042,51952,1779545256.8653471,100.0,,,,,,,,,
1949,0.0,45.2619042,52016,1779545256.902941,,,,,,,,,,
1951,0.0,45.2619042,52108,1779545256.9570975,,,,,,,,,,
1954,,45.2619042,52224,1779545257.1137717,,0.0001450951,,,,,,,,
1956,,45.2619042,52224,1779545257.1137717,,,1.7222623,,,,,,,
1959,,45.2619042,52224,1779545257.1137717,,,,0.0,,,,,,
1960,,45.2619042,52224,1779545257.1137717,,,,,,,,,,-3.2034469
1966,0.0,45.2619042,52420,1779545257.2317019,,,,,,,,,,
1970,,45.2619042,52736,1779545257.5285738,,,,,,0.00022387295,,,,
1972,,45.2619042,52736,1779545257.5285738,,,,,,,-0.002786599,,,
1975,,45.2624269,52736,1779545257.5295768,,,,,,,,,0.005643146,
1977,,45.2624269,52736,1779545257.5295768,,,,,,,,,,-4.5924783
1979,0.0,45.2624269,52740,1779545257.5345132,,,,,,,,,,
1982,,45.2624269,52760,1779545257.5471349,100.0,,,,,,,,,
1983,0.0,45.2624269,52824,1779545257.5844822,,,,,,,,,,
1985,0.658,45.2624269,52896,1779545257.6264887,,,,,,,,,,
1990,,45.2624269,53164,1779545257.7857995,100.0,,,,,,,,,
1991,0.0,45.2624269,53228,1779545257.8244476,,,,,,,,,,
1994,,45.2629779,53248,1779545257.9348304,,0.0024902446,,,,,,,,
1997,,45.2629779,53248,1779545257.9348304,,,,,,,,0.0050386135,,
1999,,45.2629779,53248,1779545257.9348304,,,,0.0,,,,,,
2000,,45.2629779,53248,1779545257.9348304,,,,,,,,,,0.13531345
2002,0.0,45.2629779,53300,1779545257.9689915,,,,,,,,,,
2005,,45.2644873,53320,1779545257.9821112,100.0,,,,,,,,,
2006,0.0,45.2644873,53568,1779545258.1317422,,,,,,,,,,
2007,,45.2644873,53568,1779545258.1317422,100.0,,,,,,,,,
2008,0.0,45.2644873,53632,1779545258.1809824,,,,,,,,,,
2010,0.0,45.2650033,53704,1779545258.2238214,,,,,,,,,,
2011,,45.2650033,53704,1779545258.2238214,100.0,,,,,,,,,
2012,0.0,45.2650033,53724,1779545258.2385828,,,,,,,,,,
2014,,45.2650033,53760,1779545258.3573403,,,,,,0.00022336065,,,,
2016,,45.2650033,53760,1779545258.3573403,,,,,,,-0.0124821775,,,
2020,,45.2655245,53760,1779545258.3573403,,,,0.0,,,,,,
2021,,45.2655245,53760,1779545258.3573403,,,,,,,,,,-2.957871
2024,,45.266052,53972,1779545258.4851959,100.0,,,,,,,,,
2025,0.0,45.266052,54036,1779545258.5228672,,,,,,,,,,
2026,,45.266052,54036,1779545258.5231686,100.0,,,,,,,,,
2028,,45.266052,54108,1779545258.5669818,100.0,,,,,,,,,
2030,,45.266052,54128,1779545258.5818913,100.0,,,,,,,,,
2033,,45.266052,54272,1779545258.7874267,,,,,,,-0.010236083,,,
2034,,45.266052,54272,1779545258.7874267,,,1.7551024,,,,,,,
2035,,45.266052,54272,1779545258.7874267,,,,,,,,0.008457091,,
2037,,45.266052,54272,1779545258.7874267,,,,0.0,,,,,,
2039,,45.266052,54272,1779545258.7892933,,,,,1288.0,,,,,
2041,,45.266052,54376,1779545258.8570728,100.0,,,,,,,,,
2042,0.0,45.266052,54440,1779545258.8967068,,,,,,,,,,
2043,,45.266052,54440,1779545258.8970382,100.0,,,,,,,,,
2046,0.0,45.266052,54532,1779545258.9528828,,,,,,,,,,
2047,,45.266052,54532,1779545258.953749,100.0,,,,,,,,,
2048,0.0,45.266052,54780,1779545259.0948725,,,,,,,,,,
2049,,45.266052,54780,1779545259.0948725,100.0,,,,,,,,,
2055,,45.266052,54784,1779545259.2080984,,,,,,,,,0.0016355696,
2060,,45.266052,54844,1779545259.2471297,100.0,,,,,,,,,
2063,0.0,45.266052,54936,1779545259.3031077,,,,,,,,,,
2064,,45.266052,54936,1779545259.3031077,100.0,,,,,,,,,
2067,0.0,45.2665719,55248,1779545259.5042984,,,,,,,,,,
2068,,45.2665719,55248,1779545259.5042984,100.0,,,,,,,,,
2070,,45.2665719,55296,1779545259.7005565,,6.3006075e-05,,,,,,,,
2073,,45.2665719,55296,1779545259.7005565,,,,,,,,0.00540575,,
2074,,45.2665719,55296,1779545259.7005565,,,,,,,,,0.0020188182,
2076,,45.2665719,55296,1779545259.7005565,,,,,,,,,,-7.0228643
2077,,45.2665719,55296,1779545259.7030613,,,,,1285.0,,,,,
2080,0.0,45.2665719,55340,1779545259.766275,,,,,,,,,,
2082,0.0,50.2668054,55588,1779545260.0528362,,,,,,,,,,
2085,,50.2668054,55652,1779545260.1297717,100.0,,,,,,,,,
2088,0.0,50.2668054,55744,1779545260.2230735,,,,,,,,,,
2089,,50.2668054,55744,1779545260.2230735,100.0,,,,,,,,,
2090,,50.2668054,55808,1779545260.3987772,,,,,,0.00022233606,,,,
2092,,50.2668054,55808,1779545260.3987772,,,,,,,-0.010980839,,,
2093,,50.2673371,55808,1779545260.3987772,,,1.7604848,,,,,,,
2096,,50.2673371,55808,1779545260.3987772,,,,0.0,,,,,,
2098,,50.2673371,55808,1779545260.4007819,,,,,1276.0,,,,,
2100,,50.2673371,55992,1779545260.5229492,100.0,,,,,,,,,
2101,0.0,50.2673371,56056,1779545260.577503,,,,,,,,,,
2102,,50.2673371,56056,1779545260.577503,100.0,,,,,,,,,
2104,,50.2673371,56128,1779545260.6298912,100.0,,,,,,,,,
2105,0.0,50.2673371,56148,1779545260.6503325,,,,,,,,,,
2106,,50.2673371,56148,1779545260.6521409,100.0,,,,,,,,,
2110,,50.2673371,56320,1779545260.8781352,,0.0023671729,,,,,,,,
2111,,50.2673371,56320,1779545260.8781352,,,,,,,-0.0053592366,,,
2112,,50.2673371,56320,1779545260.8781352,,,1.7490934,,,,,,,
2115,,50.2673371,56320,1779545260.8781352,,,,0.0,,,,,,
2117,,50.2678444,56320,1779545260.8801486,,,,,1274.0,,,,,
2119,,50.2678444,56396,1779545260.928931,100.0,,,,,,,,,
2120,0.0,50.2678444,56460,1779545260.975985,,,,,,,,,,
2121,,50.2678444,56460,1779545260.975985,100.0,,,,,,,,,
2124,0.154,50.2678444,56640,1779545261.1172302,,,,,,,,,,
2130,,50.2678444,56832,1779545261.4376292,,,,,,,-0.0054265186,,,
2131,,50.2678444,56832,1779545261.4376292,,,1.7555095,,,,,,,
2133,,50.2678444,56832,1779545261.4376292,,,,,,,,,0.00051962584,
2134,,50.2678444,56832,1779545261.4381456,,,,0.0,,,,,,
2135,,50.2678444,56832,1779545261.4381456,,,,,,,,,,-1.2022419
2136,,50.2678444,56832,1779545261.4392,,,,,1269.0,,,,,
2137,0.0,50.2678444,56864,1779545261.459869,,,,,,,,,,
2138,,50.2678444,56864,1779545261.4610047,100.0,,,,,,,,,
2141,0.0,50.2678444,57044,1779545261.5851574,,,,,,,,,,
2143,0.0,50.2678444,57204,1779545261.6829505,,,,,,,,,,
2144,,50.2678444,57204,1779545261.6829505,100.0,,,,,,,,,
2146,,50.2678444,57268,1779545261.7241564,100.0,,,,,,,,,
2150,,50.2683593,57344,1779545261.8779502,,,1.7606678,,,,,,,
2152,,50.2683593,57344,1779545261.8779502,,,,,,,,,0.0021819184,
2153,,50.2683593,57344,1779545261.8779502,,,,0.0,,,,,,
2156,0.0,50.2683593,57360,1779545261.8915133,,,,,,,,,,
2158,0.0,50.2683593,57448,1779545261.9429674,,,,,,,,,,
2159,,50.2683593,57448,1779545261.9429674,100.0,,,,,,,,,
2160,0.0,50.2688722,57608,1779545262.0301168,,,,,,,,,,
2162,0.0,50.2688722,57672,1779545262.0595155,,,,,,,,,,
2164,0.0,50.2688722,57764,1779545262.109051,,,,,,,,,,
2165,,50.2688722,57764,1779545262.109051,100.0,,,,,,,,,
2166,0.0,50.2688722,57852,1779545262.1580644,,,,,,,,,,
2167,,50.2688722,57852,1779545262.1580644,100.0,,,,,,,,,
2168,,50.2688722,57856,1779545262.2539735,,,,,,0.00022131148,,,,
2171,,50.2688722,57856,1779545262.2539735,,,1.752399,,,,,,,
2173,,50.2688722,57856,1779545262.2539735,,,,,,,,,0.0007397495,
2178,,50.2688722,58012,1779545262.3553445,100.0,,,,,,,,,
2180,,50.2688722,58076,1779545262.393611,100.0,,,,,,,,,
2182,,50.2688722,58168,1779545262.4520428,100.0,,,,,,,,,
2183,0.0,50.2688722,58256,1779545262.4980102,,,,,,,,,,
2184,,50.2688722,58256,1779545262.4988582,100.0,,,,,,,,,
2185,,50.2688722,58368,1779545262.6330478,,,,,,0.00022105532,,,,
2187,,50.2688722,58368,1779545262.6330478,,,,,,,-0.010758083,,,
2188,,50.2688722,58368,1779545262.6330478,,,1.7484736,,,,,,,
2189,,50.2688722,58368,1779545262.6330478,,,,,,,,0.0013748053,,
2192,,50.2688722,58368,1779545262.6330478,,,,,,,,,,-3.6339836
2193,,50.2688722,58368,1779545262.634833,,,,,1270.0,,,,,
2194,0.0,50.2688722,58416,1779545262.6629298,,,,,,,,,,
2197,,50.2688722,58480,1779545262.703061,100.0,,,,,,,,,
2198,0.0,50.2688722,58572,1779545262.7521222,,,,,,,,,,
2199,,50.2688722,58572,1779545262.7521222,100.0,,,,,,,,,
2200,0.0,50.2688722,58660,1779545262.7993336,,,,,,,,,,
2201,,50.2688722,58660,1779545262.7993336,100.0,,,,,,,,,
2203,,50.2688722,58712,1779545262.8310392,12.0,,,,,,,,,
2207,,50.2688722,58880,1779545263.0328164,,0.0038966732,,,,,,,,
2208,,50.2688722,58880,1779545263.0328164,,,,,,,-0.015841387,,,
2209,,50.2694466,58880,1779545263.0328164,,,1.7705603,,,,,,,
2212,,50.2694466,58880,1779545263.0328164,,,,0.0014648438,,,,,,
2213,,50.2694466,58880,1779545263.0328164,,,,,,,,,,0.2034573
2217,0.0,50.2694466,58976,1779545263.0848167,,,,,,,,,,
2219,0.0,50.2694466,59116,1779545263.168633,,,,,,,,,,
2220,,50.2694466,59116,1779545263.168633,100.0,,,,,,,,,
2221,0.865,50.2694466,59180,1779545263.202999,,,,,,,,,,
2223,0.0,50.2694466,59224,1779545263.2258592,,,,,,,,,,
2232,,50.2694466,59392,1779545263.4305558,,,1.7890557,,,,,,,
2233,,50.2694466,59392,1779545263.4305558,,,,,,,,0.003743723,,
2238,0.0,50.2694466,59584,1779545263.5382702,,,,,,,,,,
2243,,50.2694466,59692,1779545263.5992131,100.0,,,,,,,,,
2247,,50.2694466,59904,1779545263.8949158,,0.00070767,,,,,,,,
2248,,50.2694466,59904,1779545263.8949158,,,,,,,-0.017468426,,,
2249,,50.2694466,59904,1779545263.8949158,,,1.74841,,,,,,,
2252,,50.2694466,59904,1779545263.8949158,,,,0.0,,,,,,
2257,0.0,50.2694466,59988,1779545263.9678245,,,,,,,,,,
2258,,50.2694466,59988,1779545263.9683058,100.0,,,,,,,,,
2259,0.0,50.2694466,60032,1779545263.9999647,,,,,,,,,,
2260,,50.2694466,60032,1779545263.9999647,100.0,,,,,,,,,
2261,0.0,50.2699636,60188,1779545264.0962536,,,,,,,,,,
2263,0.0,50.2699636,60324,1779545264.1811175,,,,,,,,,,
2264,,50.2699636,60324,1779545264.1811175,100.0,,,,,,,,,
2265,0.0,50.2699636,60392,1779545264.2205493,,,,,,,,,,
2266,,50.2699636,60392,1779545264.2205493,100.0,,,,,,,,,
2269,,50.2699636,60416,1779545264.342899,,,,,,,-0.019963931,,,
2271,,50.2699636,60416,1779545264.342899,,,,,,,,0.009232248,,
2272,,50.2699636,60416,1779545264.342899,,,,,,,,,0.005346555,
2273,,50.2699636,60416,1779545264.344907,,,,0.00048828125,,,,,,
2275,,50.2699636,60416,1779545264.345733,,,,,1267.0,,,,,
2276,0.0,50.2699636,60436,1779545264.3586347,,,,,,,,,,
2277,,50.2699636,60436,1779545264.3586347,100.0,,,,,,,,,
2280,0.0,50.2699636,60728,1779545264.5384417,,,,,,,,,,
2282,0.0,50.2699636,60796,1779545264.580147,,,,,,,,,,
2283,,50.2699636,60796,1779545264.5808876,100.0,,,,,,,,,
2284,0.0,50.2699636,60840,1779545264.6105375,,,,,,,,,,
2288,,50.2699636,60928,1779545264.7932525,,,,,,,-0.011520293,,,
2289,,50.2699636,60928,1779545264.7932525,,,1.7443719,,,,,,,
2290,,50.2699636,60928,1779545264.7952673,,,,,,,,0.012523055,,
2291,,50.2699636,60928,1779545264.7952673,,,,,,,,,0.002832564,
2292,,50.2699636,60928,1779545264.7952673,,,,0.001953125,,,,,,
2295,0.0,50.2699636,60996,1779545264.8376646,,,,,,,,,,
2296,,50.2699636,60996,1779545264.838742,100.0,,,,,,,,,
2302,,50.2699636,61244,1779545264.9831338,100.0,,,,,,,,,
2303,0.0,55.2708661,61400,1779545265.070917,,,,,,,,,,
2311,,55.2708661,61440,1779545265.1901348,,,,0.0,,,,,,
2318,0.0,55.2708661,61648,1779545265.3204613,,,,,,,,,,
2320,0.0,55.2708661,61804,1779545265.4089155,,,,,,,,,,
2321,,55.2708661,61804,1779545265.4089155,100.0,,,,,,,,,
2322,0.0,55.2708661,61940,1779545265.4898598,,,,,,,,,,
2325,,55.2708661,61952,1779545265.6023643,,9.048038e-05,,,,,,,,
2326,,55.2708661,61952,1779545265.6023643,,,,,,,-0.0039287917,,,
2328,,55.2708661,61952,1779545265.6023643,,,,,,,,0.0007033935,,
2334,,55.2708661,62008,1779545265.638863,100.0,,,,,,,,,
2336,,55.2708661,62052,1779545265.6659908,100.0,,,,,,,,,
2338,,55.2708661,62192,1779545265.7468188,34.0,,,,,,,,,
2340,,55.2708661,62208,1779545265.758232,100.0,,,,,,,,,
2343,0.0,55.2708661,62412,1779545265.8774168,,,,,,,,,,
2346,,55.2708661,62464,1779545266.013864,,0.0020002658,,,,,,,,
2348,,55.2714493,62464,1779545266.013864,,,1.6734228,,,,,,,
2349,,55.2714493,62464,1779545266.013864,,,,,,,,-0.013417647,,
2352,,55.2714493,62464,1779545266.013864,,,,,,,,,,0.045500398
2354,0.0,55.2714493,62596,1779545266.09174,,,,,,,,,,
2356,0.0,55.2714493,62612,1779545266.1028216,,,,,,,,,,
2357,,55.2714493,62612,1779545266.1028216,100.0,,,,,,,,,
2358,0.0,55.2714493,62748,1779545266.1817064,,,,,,,,,,
2359,,55.2714493,62748,1779545266.1817064,100.0,,,,,,,,,
2363,,55.2714493,62976,1779545266.4191833,,0.00028744817,,,,,,,,
2368,,55.2714493,62976,1779545266.4191833,,,,0.022949219,,,,,,
2371,0.0,55.2714493,63000,1779545266.435131,,,,,,,,,,
2373,0.0,55.2714493,63016,1779545266.447246,,,,,,,,,,
2374,,55.2714493,63016,1779545266.447246,100.0,,,,,,,,,
2375,0.0,55.2714493,63152,1779545266.5288515,,,,,,,,,,
2377,0.0,55.2714493,63220,1779545266.5689938,,,,,,,,,,
2378,,55.2714493,63220,1779545266.5689938,100.0,,,,,,,,,
2380,,55.2714493,63404,1779545266.649913,100.0,,,,,,,,,
2381,0.0,55.2714493,63420,1779545266.6607838,,,,,,,,,,
2382,,55.2714493,63420,1779545266.6607838,100.0,,,,,,,,,
2383,,55.2714493,63488,1779545266.7997656,,,,,,0.00021849385,,,,
2384,,55.2714493,63488,1779545266.7997656,,0.00032997172,,,,,,,,
2386,,55.2714493,63488,1779545266.7997656,,,1.6449299,,,,,,,
2387,,55.2714493,63488,1779545266.7997656,,,,,,,,0.0065873116,,
2388,,55.2714493,63488,1779545266.7997656,,,,,,,,,0.0020428845,
2390,,55.2719635,63488,1779545266.7997656,,,,,,,,,,-3.425047
2393,,55.2719635,63556,1779545266.8341568,100.0,,,,,,,,,
2394,0.0,55.2719635,63624,1779545266.8669014,,,,,,,,,,
2395,,55.2719635,63624,1779545266.8669014,100.0,,,,,,,,,
2396,0.946,55.2719635,63652,1779545266.8849769,,,,,,,,,,
2398,0.604,55.2719635,63736,1779545266.939495,,,,,,,,,,
2400,0.0,55.2719635,63808,1779545266.981355,,,,,,,,,,
2404,,55.2719635,64000,1779545267.1550412,,,,,,0.0002182377,,,,
2405,,55.2719635,64000,1779545267.1555667,,0.0031112107,,,,,,,,
2406,,55.2719635,64000,1779545267.1555667,,,,,,,0.0028151534,,,
2410,,55.2719635,64000,1779545267.1555667,,,,0.0,,,,,,
2411,,55.2719635,64000,1779545267.1555667,,,,,,,,,,0.20012534
2415,0.0,55.2719635,64140,1779545267.2406468,,,,,,,,,,
2417,0.0,55.2719635,64212,1779545267.282919,,,,,,,,,,
2418,,55.2719635,64212,1779545267.282919,100.0,,,,,,,,,
2419,0.0,55.2719635,64228,1779545267.2933667,,,,,,,,,,
2420,,55.2719635,64228,1779545267.2933667,100.0,,,,,,,,,
2421,0.0,55.2727974,64460,1779545267.4270482,,,,,,,,,,
2422,,55.2727974,64460,1779545267.4270482,100.0,,,,,,,,,
2424,,55.2727974,64512,1779545267.548696,,0.00045995068,,,,,,,,
2425,,55.2727974,64512,1779545267.548696,,,,,,,-0.0041670864,,,
2426,,55.2727974,64512,1779545267.548696,,,1.5986896,,,,,,,
2427,,55.2727974,64512,1779545267.548696,,,,,,,,0.0042194184,,
2428,,55.2727974,64512,1779545267.548696,,,,,,,,,0.0034885118,
2429,,55.2727974,64512,1779545267.548696,,,,0.0009765625,,,,,,
2431,,55.2727974,64512,1779545267.5506995,,,,,1268.0,,,,,
2434,0.0,55.273301000000004,64616,1779545267.6072862,,,,,,,,,,
2436,0.649,55.273301000000004,64620,1779545267.611153,,,,,,,,,,
2440,0.622,55.2738227,64792,1779545267.695986,,,,,,,,,,
2442,0.0,55.2738227,64948,1779545267.7772114,,,,,,,,,,
2448,,55.2738227,65024,1779545267.8872075,,,,,,,-0.01125206,,,
2452,,55.2738227,65024,1779545267.8872075,,,,0.0,,,,,,
2453,,55.2738227,65024,1779545267.8872075,,,,,,,,,,0.1322698
2454,,55.2738227,65024,1779545267.8889945,,,,,1269.0,,,,,
2457,0.0,55.2738227,65196,1779545267.9951706,,,,,,,,,,
2459,0.0,55.2738227,65352,1779545268.0813365,,,,,,,,,,
2460,,55.2738227,65352,1779545268.0813365,100.0,,,,,,,,,
2461,0.0,55.2738227,65424,1779545268.1231718,,,,,,,,,,
2463,0.0,55.2738227,65440,1779545268.134559,,,,,,,,,,
2466,,55.2738227,65536,1779545268.2689924,,0.00040601968,,,,,,,,
2467,,55.2738227,65536,1779545268.2689924,,,,,,,-0.006062465,,,
2469,,55.2738227,65536,1779545268.2689924,,,,,,,,0.0005835341,,
2472,,55.2738227,65536,1779545268.2689924,,,,,,,,,,-1.7231166
2473,,55.2738227,65536,1779545268.2709956,,,,,1270.0,,,,,
2474,0.0,55.2738227,65600,1779545268.3094532,,,,,,,,,,
2475,,55.2738227,65600,1779545268.3094532,100.0,,,,,,,,,
2477,,55.2738227,65756,1779545268.3945315,100.0,,,,,,,,,
2479,,55.2738227,65828,1779545268.4373486,100.0,,,,,,,,,
2480,0.0,55.2738227,65844,1779545268.4428756,,,,,,,,,,
2481,,55.2738227,65844,1779545268.4428756,100.0,,,,,,,,,
2485,,55.2738227,66048,1779545268.6238139,,0.0002708216,,,,,,,,
2487,,55.2738227,66048,1779545268.6238139,,,1.5287865,,,,,,,
2488,,55.2738227,66048,1779545268.625824,,,,,,,,0.0007536644,,
2491,,55.2738227,66048,1779545268.625824,,,,,,,,,,-1.5825405
2493,0.0,55.2738227,66160,1779545268.6834106,,,,,,,,,,
2499,0.0,55.2738227,66408,1779545268.8254797,,,,,,,,,,
2500,,55.2738227,66408,1779545268.8263965,100.0,,,,,,,,,
2501,,55.2738227,66560,1779545268.9983535,,,,,,0.00021695696,,,,
2504,,55.2738227,66560,1779545268.9983535,,,1.5332887,,,,,,,
2505,,55.2738227,66560,1779545268.9983535,,,,,,,,-0.00037129782,,
2507,,55.2738227,66560,1779545268.9983535,,,,0.0,,,,,,
2508,,55.2738227,66560,1779545268.9983535,,,,,,,,,,-7.4711866
2510,0.0,55.2738227,66564,1779545269.0029395,,,,,,,,,,
2511,,55.2738227,66564,1779545269.0029395,100.0,,,,,,,,,
2518,0.0,55.2738227,66812,1779545269.141839,,,,,,,,,,
2520,0.0,55.2738227,66968,1779545269.2227936,,,,,,,,,,
2521,,55.2738227,66968,1779545269.2241673,100.0,,,,,,,,,
2522,0.0,55.2738227,67040,1779545269.2684596,,,,,,,,,,
2526,,55.2738227,67072,1779545269.3777604,,,,,,,0.0001866296,,,
2527,,55.2738227,67072,1779545269.3777604,,,1.5659925,,,,,,,
2529,,55.2738227,67072,1779545269.3777604,,,,,,,,,0.0042706877,
2530,,55.2738227,67072,1779545269.3777604,,,,0.0014648438,,,,,,
2531,,55.2738227,67072,1779545269.3777604,,,,,,,,,,0.13776863
2533,0.0,55.2738227,67100,1779545269.4000916,,,,,,,,,,
2534,,55.2738227,67100,1779545269.4000916,100.0,,,,,,,,,
2537,0.0,55.2738227,67372,1779545269.539194,,,,,,,,,,
2538,,55.2738227,67372,1779545269.539194,100.0,,,,,,,,,
2539,0.0,55.2738227,67444,1779545269.5813138,,,,,,,,,,
2540,,55.2738227,67444,1779545269.5813138,100.0,,,,,,,,,
2541,0.0,55.2738227,67504,1779545269.611872,,,,,,,,,,
2542,,55.2738227,67504,1779545269.611872,100.0,,,,,,,,,
2544,,55.2738227,67584,1779545269.7659504,,0.00022066537,,,,,,,,
2546,,55.2752865,67584,1779545269.7659504,,,1.5927619,,,,,,,
2548,,55.2752865,67584,1779545269.7659504,,,,,,,,,0.0008827271,
2549,,55.2752865,67584,1779545269.7659504,,,,0.0,,,,,,
2551,,55.2752865,67584,1779545269.7669504,,,,,1272.0,,,,,
2555,,55.2752865,67776,1779545269.8818173,100.0,,,,,,,,,
2556,0.0,55.2752865,67848,1779545269.9231288,,,,,,,,,,
2557,,55.2752865,67848,1779545269.9231288,100.0,,,,,,,,,
2560,0.865,55.2752865,67912,1779545269.9659867,,,,,,,,,,
2561,,55.2752865,67912,1779545269.966987,15.0,,,,,,,,,
2562,0.0,60.2765161,68024,1779545270.0274537,,,,,,,,,,
2563,,60.2765161,68024,1779545270.0274537,100.0,,,,,,,,,
2565,,60.2765161,68096,1779545270.1438062,,0.0020870657,,,,,,,,
2568,,60.2765161,68096,1779545270.1438062,,,,,,,,0.0027299486,,
2572,,60.2765161,68096,1779545270.144805,,,,,1273.0,,,,,
2573,0.0,60.2765161,68180,1779545270.1864357,,,,,,,,,,
2574,,60.2765161,68180,1779545270.1864357,100.0,,,,,,,,,
2576,,60.2765161,68312,1779545270.2551754,100.0,,,,,,,,,
2578,,60.2765161,68316,1779545270.2596133,100.0,,,,,,,,,
2580,,60.2765161,68428,1779545270.310779,100.0,,,,,,,,,
2581,0.0,60.2765161,68584,1779545270.3919997,,,,,,,,,,
2582,,60.2765161,68584,1779545270.3919997,100.0,,,,,,,,,
2583,,60.2765161,68608,1779545270.4784806,,,,,,0.00021593238,,,,
2584,,60.2765161,68608,1779545270.4784806,,0.00020776867,,,,,,,,
2585,,60.2765161,68608,1779545270.4784806,,,,,,,-0.00877431,,,
2586,,60.2765161,68608,1779545270.4784806,,,1.6375208,,,,,,,
2587,,60.2765161,68608,1779545270.4784806,,,,,,,,0.0026695402,,
2590,,60.2765161,68608,1779545270.4784806,,,,,,,,,,-4.963768
2592,0.0,60.2770254,68716,1779545270.5398443,,,,,,,,,,
2593,,60.2770254,68716,1779545270.540346,100.0,,,,,,,,,
2594,0.0,60.2770254,68720,1779545270.5439327,,,,,,,,,,
2599,,60.2770254,68856,1779545270.6129553,5.0,,,,,,,,,
2600,0.0,60.2770254,68988,1779545270.6732929,,,,,,,,,,
2603,,60.2770254,69120,1779545270.7370293,100.0,,,,,,,,,
2606,,60.2770254,69120,1779545270.813011,,,,,,,-0.006466791,,,
2612,,60.2770254,69120,1779545270.8146205,,,,,1276.0,,,,,
2615,0.0,60.2770254,69260,1779545270.8961675,,,,,,,,,,
2616,,60.2770254,69260,1779545270.8961675,100.0,,,,,,,,,
2621,0.0,60.2770254,69528,1779545271.0405123,,,,,,,,,,
2622,,60.2770254,69528,1779545271.0405123,100.0,,,,,,,,,
2624,,60.2770254,69632,1779545271.1720808,,0.0022165321,,,,,,,,
2629,,60.277545,69632,1779545271.1720808,,,,0.00048828125,,,,,,
2631,,60.277545,69632,1779545271.173081,,,,,1277.0,,,,,
2632,0.0,60.277545,69664,1779545271.1911376,,,,,,,,,,
2641,,60.2780689,69932,1779545271.330989,100.0,,,,,,,,,
2646,,60.2780689,70144,1779545271.5022607,,,,,,,-0.020865057,,,
2647,,60.2780689,70144,1779545271.5022607,,,1.704629,,,,,,,
2649,,60.2785905,70144,1779545271.503268,,,,,,,,,0.0034861648,
2650,,60.2785905,70144,1779545271.503268,,,,0.0,,,,,,
2655,0.0,60.2785905,70228,1779545271.5544438,,,,,,,,,,
2656,,60.2785905,70228,1779545271.5549953,100.0,,,,,,,,,
2658,,60.2785905,70336,1779545271.6146479,100.0,,,,,,,,,
2660,,60.2785905,70516,1779545271.696743,100.0,,,,,,,,,
2662,,60.2785905,70604,1779545271.737855,100.0,,,,,,,,,
2663,0.0,60.2785905,70632,1779545271.7558956,,,,,,,,,,
2664,,60.2791024,70632,1779545271.7558956,100.0,,,,,,,,,
2667,,60.2791024,70656,1779545271.8694913,,,,,,,-0.012050599,,,
2670,,60.2791024,70656,1779545271.8694913,,,,,,,,,0.0021356512,
2671,,60.2791024,70656,1779545271.8704915,,,,0.0,,,,,,
2672,,60.2791024,70656,1779545271.8704915,,,,,,,,,,-2.724588
2673,,60.2791024,70656,1779545271.871716,,,,,1280.0,,,,,
2676,0.0,60.2797982,70920,1779545272.0172632,,,,,,,,,,
2680,0.0,60.2797982,71036,1779545272.0746355,,,,,,,,,,
2681,,60.2797982,71036,1779545272.0746355,100.0,,,,,,,,,
2683,,60.2797982,71144,1779545272.12753,100.0,,,,,,,,,
2684,,60.2797982,71168,1779545272.2065678,,,,,,0.00021465163,,,,
2688,,60.2797982,71168,1779545272.2065678,,,,,,,,-0.0015893606,,
2696,,60.2797982,71412,1779545272.3322148,100.0,,,,,,,,,
2699,0.0,60.2797982,71548,1779545272.4087648,,,,,,,,,,
2700,,60.2797982,71548,1779545272.4087648,100.0,,,,,,,,,
2702,,60.2797982,71680,1779545272.5880394,,7.995834e-05,,,,,,,,
2704,,60.2797982,71680,1779545272.5880394,,,1.6896355,,,,,,,
2705,,60.2797982,71680,1779545272.5880394,,,,,,,,-0.00015076995,,
2707,,60.2797982,71680,1779545272.5880394,,,,0.0024414062,,,,,,
2709,,60.2797982,71680,1779545272.5896153,,,,,1281.0,,,,,
2710,0.0,60.2797982,71728,1779545272.6131597,,,,,,,,,,
2712,0.838,60.2797982,71804,1779545272.6504524,,,,,,,,,,
2714,0.0,60.280318,71816,1779545272.660063,,,,,,,,,,
2716,0.0,60.280318,71844,1779545272.6786828,,,,,,,,,,
2717,,60.280318,71844,1779545272.6786828,100.0,,,,,,,,,
2718,0.0,60.280318,71952,1779545272.7374065,,,,,,,,,,
2719,,60.280318,71952,1779545272.7389088,100.0,,,,,,,,,
2720,,60.280318,72192,1779545272.93112,,,,,,0.00021413935,,,,
2723,,60.280318,72192,1779545272.93112,,,1.6586332,,,,,,,
2725,,60.280318,72192,1779545272.93112,,,,,,,,,0.0070986715,
2729,0.0,60.280318,72208,1779545272.9439118,,,,,,,,,,
2732,,60.280318,72220,1779545272.952322,100.0,,,,,,,,,
2733,0.0,60.280318,72248,1779545272.9660442,,,,,,,,,,
2735,0.928,60.280318,72256,1779545272.9716394,,,,,,,,,,
2738,,60.280318,72264,1779545272.9785485,1.0,,,,,,,,,
2739,0.973,60.280318,72264,1779545272.9785485,,,,,,,,,,
2741,0.0,60.280318,72356,1779545273.0242946,,,,,,,,,,
2742,,60.280318,72356,1779545273.0242946,100.0,,,,,,,,,
2743,0.0,60.280318,72612,1779545273.1640453,,,,,,,,,,
2750,,60.280318,72704,1779545273.3181734,,0.005296962,,,,,,,,
2751,,60.280318,72704,1779545273.3181734,,,,,,,-0.0059650354,,,
2752,,60.280318,72704,1779545273.3181734,,,1.5991712,,,,,,,
2762,0.0,60.2808529,73072,1779545273.4960473,,,,,,,,,,
2767,,60.2808529,73164,1779545273.541537,100.0,,,,,,,,,
2768,,60.2808529,73216,1779545273.6544652,,,,,,0.00021362705,,,,
2769,,60.2808529,73216,1779545273.6544652,,0.00067532854,,,,,,,,
2770,,60.2808529,73216,1779545273.6544652,,,,,,,-0.0057634935,,,
2773,,60.2808529,73216,1779545273.6544652,,,,,,,,,0.0012089116,
2776,,60.2808529,73216,1779545273.6554682,,,,,1284.0,,,,,
2779,0.0,60.2808529,73420,1779545273.7642443,,,,,,,,,,
2781,0.0,60.2808529,73476,1779545273.7960734,,,,,,,,,,
2785,0.0,60.2808529,73644,1779545273.8934226,,,,,,,,,,
2790,,60.2808529,73728,1779545274.0237763,,,1.599564,,,,,,,
2791,,60.2808529,73728,1779545274.0237763,,,,,,,,0.0057722284,,
2792,,60.2808529,73728,1779545274.0237763,,,,,,,,,0.0025227093,
2793,,60.2808529,73728,1779545274.0237763,,,,0.0048828125,,,,,,
2794,,60.2808529,73728,1779545274.0237763,,,,,,,,,,0.4619671
2797,,60.2808529,73824,1779545274.0833714,100.0,,,,,,,,,
2798,0.0,60.2808529,73880,1779545274.1155553,,,,,,,,,,
2799,,60.2808529,73880,1779545274.1155553,100.0,,,,,,,,,
2800,0.0,60.2808529,73880,1779545274.1160586,,,,,,,,,,
2802,0.964,60.2808529,73900,1779545274.1262105,,,,,,,,,,
2804,0.0,60.2808529,74048,1779545274.2025192,,,,,,,,,,
2806,0.0,60.2813692,74228,1779545274.2974756,,,,,,,,,,
2808,,60.2813692,74240,1779545274.4083445,,,,,,0.00021311475,,,,
2810,,60.2813692,74240,1779545274.4083445,,,,,,,-0.0038376488,,,
2815,,60.2813692,74240,1779545274.4083445,,,,,,,,,,0.40353954
2816,,60.2813692,74240,1779545274.4098475,,,,,1285.0,,,,,
2819,0.0,60.2813692,74304,1779545274.4517062,,,,,,,,,,
2821,0.0,60.2813692,74452,1779545274.5328164,,,,,,,,,,
2825,0.0,60.2813692,74688,1779545274.6667612,,,,,,,,,,
2828,,60.2813692,74708,1779545274.6805105,100.0,,,,,,,,,
2830,,60.2813692,74752,1779545274.772192,,0.0002946421,,,,,,,,
2832,,60.2813692,74752,1779545274.772192,,,1.6598481,,,,,,,
2833,,60.2813692,74752,1779545274.772192,,,,,,,,0.0052428637,,
2834,,60.2813692,74752,1779545274.772192,,,,,,,,,0.0022880062,
2836,,60.2813692,74752,1779545274.772192,,,,,,,,,,-8.841789
2838,0.0,60.2813692,74856,1779545274.8352666,,,,,,,,,,
2839,,60.2813692,74856,1779545274.8352666,100.0,,,,,,,,,
2841,,60.2813692,75036,1779545274.931736,100.0,,,,,,,,,
2842,0.0,60.2813692,75092,1779545274.9629939,,,,,,,,,,
2844,0.0,60.2813692,75112,1779545274.9732633,,,,,,,,,,
2847,,65.2822847,75236,1779545275.0351222,49.0,,,,,,,,,
2849,,65.2822847,75260,1779545275.047687,100.0,,,,,,,,,
2850,,65.2822847,75264,1779545275.1209445,,,,,,0.00021260246,,,,
2851,,65.2822847,75264,1779545275.1209445,,0.0013348775,,,,,,,,
2853,,65.2822847,75264,1779545275.1209445,,,1.6504594,,,,,,,
2856,,65.2827866,75264,1779545275.1209445,,,,0.00048828125,,,,,,
2857,,65.2827866,75264,1779545275.1209445,,,,,,,,,,0.32182688
2859,0.0,65.2827866,75496,1779545275.229527,,,,,,,,,,
2860,,65.2827866,75496,1779545275.229527,100.0,,,,,,,,,
2862,,65.2827866,75516,1779545275.2434688,100.0,,,,,,,,,
2863,0.0,65.2827866,75640,1779545275.3162766,,,,,,,,,,
2865,0.0,65.2827866,75664,1779545275.3295188,,,,,,,,,,
2868,,65.2827866,75776,1779545275.5099776,,0.0006993679,,,,,,,,
2869,,65.2827866,75776,1779545275.5099776,,,,,,,-0.009702717,,,
2871,,65.2827866,75776,1779545275.5099776,,,,,,,,0.014986295,,
2874,,65.2827866,75776,1779545275.5099776,,,,,,,,,,-3.7184663
2877,,65.2827866,75900,1779545275.5898132,100.0,,,,,,,,,
2879,,65.2827866,75920,1779545275.6002192,100.0,,,,,,,,,
2882,0.703,65.2827866,76056,1779545275.6693113,,,,,,,,,,
2884,0.0,65.2827866,76068,1779545275.6793842,,,,,,,,,,
2885,,65.2827866,76068,1779545275.6793842,100.0,,,,,,,,,
2886,,65.2827866,76288,1779545275.8396435,,,,,,0.00021209016,,,,
2887,,65.2827866,76288,1779545275.8396435,,0.00217563,,,,,,,,
2892,,65.2827866,76288,1779545275.840647,,,,0.00048828125,,,,,,
2893,,65.2827866,76288,1779545275.840647,,,,,,,,,,0.33038437
2894,,65.2827866,76288,1779545275.8411493,,,,,1289.0,,,,,
2895,0.0,65.2827866,76304,1779545275.853495,,,,,,,,,,
2896,,65.283301,76304,1779545275.853495,100.0,,,,,,,,,
2902,,65.283301,76472,1779545275.9365804,100.0,,,,,,,,,
2904,,65.283301,76708,1779545276.0509076,100.0,,,,,,,,,
2906,,65.283301,76800,1779545276.2051492,,0.00030298863,,,,,,,,
2909,,65.283301,76800,1779545276.2051492,,,,,,,,0.005918191,,
2911,,65.283301,76800,1779545276.2051492,,,,0.001953125,,,,,,
2916,0.0,65.283301,76864,1779545276.245169,,,,,,,,,,
2917,,65.283301,76864,1779545276.245169,100.0,,,,,,,,,
2918,0.0,65.283301,76876,1779545276.2534242,,,,,,,,,,
2921,,65.283301,77112,1779545276.3659213,100.0,,,,,,,,,
2924,0.0,65.2838132,77256,1779545276.4463348,,,,,,,,,,
2926,0.0,65.2838132,77280,1779545276.4614208,,,,,,,,,,
2927,,65.2838132,77280,1779545276.4614208,100.0,,,,,,,,,
2928,,65.2838132,77312,1779545276.5792162,,,,,,0.00021157786,,,,
2929,,65.2838132,77312,1779545276.5792162,,0.0011652668,,,,,,,,
2930,,65.2838132,77312,1779545276.5792162,,,,,,,-0.010997057,,,
2931,,65.2838132,77312,1779545276.5792162,,,1.6987778,,,,,,,
2938,,65.2838132,77416,1779545276.6327045,33.0,,,,,,,,,
2939,0.0,65.2838132,77516,1779545276.699982,,,,,,,,,,
2941,0.0,65.2838132,77544,1779545276.7181563,,,,,,,,,,
2946,,65.2838132,77820,1779545276.878171,100.0,,,,,,,,,
2948,,65.2848167,77824,1779545276.9513192,,0.0019750986,,,,,,,,
2950,,65.2848167,77824,1779545276.9513192,,,1.7284564,,,,,,,
2952,,65.2848167,77824,1779545276.9513192,,,,,,,,,0.0009624278,
2953,,65.2848167,77824,1779545276.9513192,,,,0.0,,,,,,
2954,,65.2848167,77824,1779545276.9513192,,,,,,,,,,0.3291604
2955,,65.2848167,77824,1779545276.952822,,,,,1291.0,,,,,
2958,0.0,65.2848167,77948,1779545277.0242481,,,,,,,,,,
2959,,65.2848167,77948,1779545277.0242481,100.0,,,,,,,,,
2963,,65.2848167,78224,1779545277.174459,100.0,,,,,,,,,
2964,0.0,65.2848167,78324,1779545277.2262328,,,,,,,,,,
2966,,65.2848167,78336,1779545277.3014474,,,,,,0.00021106558,,,,
2968,,65.2848167,78336,1779545277.3014474,,,,,,,-0.005442093,,,
2969,,65.2848167,78336,1779545277.3014474,,,1.7425743,,,,,,,
2971,,65.2848167,78336,1779545277.3014474,,,,,,,,,0.0012541516,
2973,,65.2848167,78336,1779545277.3014474,,,,,,,,,,-7.643135
2975,0.0,65.2848167,78352,1779545277.3153932,,,,,,,,,,
2976,,65.2848167,78352,1779545277.3153932,100.0,,,,,,,,,
2977,0.0,65.2848167,78468,1779545277.3795412,,,,,,,,,,
2981,0.0,65.2848167,78728,1779545277.52619,,,,,,,,,,
2983,0.0,65.2848167,78756,1779545277.5427232,,,,,,,,,,
2985,,65.2848167,78848,1779545277.687988,,,,,,0.00021080942,,,,
2988,,65.2853194,78848,1779545277.687988,,,1.7705263,,,,,,,
2989,,65.2853194,78848,1779545277.687988,,,,,,,,-0.003399753,,
2990,,65.2853194,78848,1779545277.6889918,,,,,,,,,0.005304187,
2991,,65.2853194,78848,1779545277.6889918,,,,0.001953125,,,,,,
2992,,65.2853194,78848,1779545277.6889918,,,,,,,,,,-8.979693
2993,,65.2853194,78848,1779545277.6899915,,,,,1292.0,,,,,
2996,0.0,65.2853194,79032,1779545277.786171,,,,,,,,,,
3003,,65.2853194,79276,1779545277.9183586,100.0,,,,,,,,,
3005,,65.2853194,79360,1779545278.05407,,0.00015622246,,,,,,,,
3009,,65.2853194,79360,1779545278.05407,,,,,,,,,0.0012938608,
3010,,65.2853194,79360,1779545278.05407,,,,0.0,,,,,,
3014,,65.2853194,79396,1779545278.0793803,65.0,,,,,,,,,
3016,,65.2853194,79436,1779545278.1037722,100.0,,,,,,,,,
3017,0.0,65.2853194,79564,1779545278.1744676,,,,,,,,,,
3018,,65.2853194,79564,1779545278.17547,100.0,,,,,,,,,
3019,0.0,65.2853194,79680,1779545278.2369375,,,,,,,,,,
3023,0.0,65.2853194,79840,1779545278.3180218,,,,,,,,,,
3024,,65.2853194,79840,1779545278.3180218,100.0,,,,,,,,,
3027,,65.2853194,79872,1779545278.4215207,,,,,,,0.00055870414,,,
3029,,65.2853194,79872,1779545278.4215207,,,,,,,,0.00567872,,
3030,,65.2858341,79872,1779545278.4215207,,,,,,,,,0.0050689927,
3031,,65.2858341,79872,1779545278.4215207,,,,0.009277344,,,,,,
3032,,65.2858341,79872,1779545278.4215207,,,,,,,,,,0.33723772
3034,0.0,65.2858341,79968,1779545278.4810915,,,,,,,,,,
3035,,65.2858341,79968,1779545278.4810915,100.0,,,,,,,,,
3038,0.0,65.2858341,80204,1779545278.6058226,,,,,,,,,,
3040,0.0,65.2858341,80244,1779545278.631028,,,,,,,,,,
3042,0.0,65.2858341,80372,1779545278.7075517,,,,,,,,,,
3043,,65.2858341,80372,1779545278.7075517,100.0,,,,,,,,,
3044,,65.2858341,80384,1779545278.784539,,,,,,0.00021004098,,,,
3046,,65.2858341,80384,1779545278.7855418,,,,,,,-0.006044101,,,
3052,,65.2858341,80384,1779545278.7855418,,,,,1294.0,,,,,
3057,0.0,65.2858341,80648,1779545278.9359574,,,,,,,,,,
3059,0.0,65.2858341,80776,1779545279.0113742,,,,,,,,,,
3060,,65.2858341,80776,1779545279.0113742,100.0,,,,,,,,,
3061,0.0,65.2858341,80892,1779545279.0815022,,,,,,,,,,
3062,,65.2858341,80892,1779545279.0815022,100.0,,,,,,,,,
3063,,65.2858341,80896,1779545279.1854167,,,,,,0.00020978483,,,,
3064,,65.2858341,80896,1779545279.1864197,,0.0006457509,,,,,,,,
3066,,65.2858341,80896,1779545279.1864197,,,1.7343628,,,,,,,
3068,,65.2858341,80896,1779545279.1864197,,,,,,,,,0.0062232306,
3069,,65.2858341,80896,1779545279.1864197,,,,0.009765625,,,,,,
3070,,65.2858341,80896,1779545279.1864197,,,,,,,,,,-2.4206307
3073,,65.2858341,81012,1779545279.261102,100.0,,,,,,,,,
3074,0.0,65.2858341,81052,1779545279.289291,,,,,,,,,,
3077,,65.2858341,81144,1779545279.35315,22.0,,,,,,,,,
3081,,65.2858341,81296,1779545279.4332569,100.0,,,,,,,,,
3083,,65.2858341,81332,1779545279.4524455,79.0,,,,,,,,,
3084,,65.2858341,81408,1779545279.6007028,,,,,,0.00020952869,,,,
3085,,65.2858341,81408,1779545279.6007028,,0.0032341657,,,,,,,,
3091,,65.2865571,81408,1779545279.6007028,,,,,,,,,,0.22160625
3093,0.0,65.2865571,81548,1779545279.6730468,,,,,,,,,,
3096,,65.2865571,81584,1779545279.6985462,100.0,,,,,,,,,
3097,0.0,65.2865571,81700,1779545279.7706282,,,,,,,,,,
3098,,65.2865571,81700,1779545279.7706282,100.0,,,,,,,,,
3100,,65.2865571,81736,1779545279.7918746,100.0,,,,,,,,,
3102,,65.2865571,81868,1779545279.8630683,70.0,,,,,,,,,
3103,,65.2865571,81920,1779545279.9936147,,,,,,0.00020927255,,,,
3107,,65.2865571,81920,1779545279.9936147,,,,,,,,0.03005593,,
3108,,65.2865571,81920,1779545279.9936147,,,,,,,,,0.010590954,
3111,,65.2865571,81920,1779545279.9952443,,,,,1293.0,,,,,
3114,0.0,70.2880012,82104,1779545280.1066504,,,,,,,,,,
3117,,70.2880012,82140,1779545280.1278179,100.0,,,,,,,,,
3120,0.0,70.2880012,82356,1779545280.248815,,,,,,,,,,
3121,,70.2880012,82356,1779545280.24923,100.0,,,,,,,,,
3122,,70.2880012,82432,1779545280.4389088,,,,,,0.00020901639,,,,
3123,,70.2880012,82432,1779545280.4389088,,0.00015231686,,,,,,,,
3124,,70.2880012,82432,1779545280.4389088,,,,,,,-0.00474477,,,
3125,,70.2880012,82432,1779545280.4389088,,,1.5769633,,,,,,,
3130,,70.2880012,82432,1779545280.4404545,,,,,1292.0,,,,,
3132,,70.2880012,82508,1779545280.4950411,100.0,,,,,,,,,
3133,0.0,70.2880012,82544,1779545280.5191681,,,,,,,,,,
3134,,70.2880012,82544,1779545280.5191681,100.0,,,,,,,,,
3135,0.0,70.2880012,82676,1779545280.6071644,,,,,,,,,,
3138,,70.2880012,82760,1779545280.6569123,100.0,,,,,,,,,
3141,,70.2880012,82944,1779545280.8776877,,,,,,0.00020876025,,,,
3145,,70.2880012,82944,1779545280.8776877,,,,,,,,0.008599776,,
3149,,70.2880012,82944,1779545280.87919,,,,,1291.0,,,,,
3150,0.0,70.2880012,82948,1779545280.8827465,,,,,,,,,,
3152,0.0,70.2880012,83080,1779545280.9566102,,,,,,,,,,
3153,,70.2880012,83080,1779545280.9566102,100.0,,,,,,,,,
3154,0.0,70.2880012,83164,1779545281.0052495,,,,,,,,,,
3155,,70.2880012,83164,1779545281.0052495,100.0,,,,,,,,,
3156,0.0,70.2880012,83248,1779545281.053238,,,,,,,,,,
3157,,70.2880012,83248,1779545281.053238,100.0,,,,,,,,,
3158,0.0,70.2880012,83352,1779545281.1117775,,,,,,,,,,
3161,,70.2885547,83456,1779545281.2708948,,0.0001775195,,,,,,,,
3163,,70.2885547,83456,1779545281.2708948,,,1.4254264,,,,,,,
3166,,70.2885547,83456,1779545281.2708948,,,,0.001953125,,,,,,
3167,,70.2885547,83456,1779545281.2708948,,,,,,,,,,-2.797936
3171,0.0,70.2885547,83484,1779545281.2888489,,,,,,,,,,
3172,,70.2885547,83484,1779545281.2888489,100.0,,,,,,,,,
3173,0.0,70.2885547,83568,1779545281.3380373,,,,,,,,,,
3176,,70.2885547,83756,1779545281.43975,100.0,,,,,,,,,
3177,0.0,70.2885547,83888,1779545281.5152624,,,,,,,,,,
3180,,70.2885547,83888,1779545281.515765,100.0,,,,,,,,,
3185,,70.2885547,83968,1779545281.6928463,,,,,,,,-0.0009329589,,
3188,,70.2885547,83968,1779545281.6928463,,,,,,,,,,0.3382843
3191,,70.2885547,83972,1779545281.6973784,100.0,,,,,,,,,
3198,0.0,70.2885547,84376,1779545281.9175377,,,,,,,,,,
3199,,70.2885547,84376,1779545281.9175377,100.0,,,,,,,,,
3201,,70.2885547,84480,1779545282.0601375,,0.00021956499,,,,,,,,
3202,,70.2885547,84480,1779545282.0601375,,,,,,,-0.009265389,,,
3203,,70.2885547,84480,1779545282.0601375,,,1.5486889,,,,,,,
3206,,70.2885547,84480,1779545282.0601375,,,,0.0,,,,,,
3207,,70.2885547,84480,1779545282.0601375,,,,,,,,,,-5.3774886
3208,,70.2885547,84480,1779545282.061837,,,,,1292.0,,,,,
3209,0.0,70.2885547,84564,1779545282.1083372,,,,,,,,,,
3210,,70.2890757,84564,1779545282.1083372,100.0,,,,,,,,,
3212,,70.2890757,84696,1779545282.182723,100.0,,,,,,,,,
3213,0.0,70.2890757,84696,1779545282.1832705,,,,,,,,,,
3214,,70.2890757,84696,1779545282.1832705,100.0,,,,,,,,,
3215,0.0,70.2890757,84780,1779545282.2356265,,,,,,,,,,
3217,0.0,70.2890757,84968,1779545282.3431985,,,,,,,,,,
3218,,70.2890757,84968,1779545282.343925,100.0,,,,,,,,,
3221,,70.2890757,84992,1779545282.4254134,,,,,,,-0.007848566,,,
3223,,70.2890757,84992,1779545282.4254134,,,,,,,,0.00041276217,,
3224,,70.2890757,84992,1779545282.4254134,,,,,,,,,0.0013338006,
3225,,70.2890757,84992,1779545282.4254134,,,,0.0,,,,,,
3229,,70.2895975,85100,1779545282.4898903,100.0,,,,,,,,,
3230,0.0,70.2895975,85100,1779545282.4898903,,,,,,,,,,
3231,,70.2895975,85100,1779545282.4898903,100.0,,,,,,,,,
3237,,70.2895975,85200,1779545282.5527165,3.0,,,,,,,,,
3238,0.0,70.2895975,85372,1779545282.6370618,,,,,,,,,,
3239,,70.2895975,85372,1779545282.6370618,100.0,,,,,,,,,
3241,,70.2895975,85504,1779545282.7123075,100.0,,,,,,,,,
3246,,70.2895975,85504,1779545282.81616,,,,,,,,0.0017976388,,
3247,,70.2895975,85504,1779545282.81616,,,,,,,,,0.0015587024,
3248,,70.2895975,85504,1779545282.81616,,,,0.0063476562,,,,,,
3250,,70.2895975,85504,1779545282.8177528,,,,,1292.0,,,,,
3251,0.0,70.2895975,85584,1779545282.862859,,,,,,,,,,
3255,0.0,70.290272,85776,1779545282.9704058,,,,,,,,,,
3258,,70.290272,85908,1779545283.0467718,100.0,,,,,,,,,
3262,,70.290272,86008,1779545283.105382,100.0,,,,,,,,,
3263,,70.290272,86016,1779545283.2053332,,,,,,0.00020722336,,,,
3265,,70.290272,86016,1779545283.2053332,,,,,,,-0.008303678,,,
3269,,70.2907892,86016,1779545283.2053332,,,,0.0,,,,,,
3271,,70.2907892,86016,1779545283.2068737,,,,,1292.0,,,,,
3273,,70.2907892,86180,1779545283.2993004,100.0,,,,,,,,,
3274,0.883,70.2907892,86236,1779545283.3327417,,,,,,,,,,
3276,0.0,70.2907892,86312,1779545283.3742464,,,,,,,,,,
3277,,70.2907892,86312,1779545283.3742464,100.0,,,,,,,,,
3280,0.0,70.2907892,86412,1779545283.4319272,,,,,,,,,,
3281,,70.2907892,86412,1779545283.4329274,100.0,,,,,,,,,
3282,,70.2907892,86528,1779545283.6040082,,,,,,0.00020696722,,,,
3285,,70.2907892,86528,1779545283.6040082,,,1.507263,,,,,,,
3289,,70.2907892,86528,1779545283.6040082,,,,,,,,,,0.35917562
3292,,70.2907892,86640,1779545283.6678424,100.0,,,,,,,,,
3293,0.0,70.2907892,86716,1779545283.7099366,,,,,,,,,,
3296,,70.2907892,86796,1779545283.7520165,100.0,,,,,,,,,
3297,0.0,70.2907892,86816,1779545283.7645495,,,,,,,,,,
3298,,70.2907892,86816,1779545283.7645495,100.0,,,,,,,,,
3301,,70.2907892,87040,1779545283.9958472,,,,,,0.00020671106,,,,
3304,,70.2907892,87040,1779545283.996848,,,1.5958056,,,,,,,
3306,,70.2907892,87040,1779545283.996848,,,,,,,,,0.0033623604,
3307,,70.2907892,87040,1779545283.996848,,,,0.0,,,,,,
3309,,70.2907892,87040,1779545283.9978478,,,,,1292.0,,,,,
3310,0.0,70.2907892,87044,1779545284.0018687,,,,,,,,,,
3312,0.0,70.2907892,87120,1779545284.0445027,,,,,,,,,,
3316,0.0,70.2907892,87200,1779545284.092582,,,,,,,,,,
3318,0.0,70.2907892,87448,1779545284.245924,,,,,,,,,,
3319,,70.2907892,87448,1779545284.245924,100.0,,,,,,,,,
3321,,70.2913082,87524,1779545284.2920833,100.0,,,,,,,,,
3322,,70.2913082,87552,1779545284.3999908,,,,,,0.00020645492,,,,
3328,,70.2913082,87552,1779545284.3999908,,,,0.0024414062,,,,,,
3332,,70.2913082,87596,1779545284.4332514,100.0,,,,,,,,,
3335,0.784,70.2913082,87696,1779545284.493584,,,,,,,,,,
3336,,70.2913082,87696,1779545284.493584,24.0,,,,,,,,,
3337,0.0,70.2913082,87852,1779545284.5873303,,,,,,,,,,
3338,,70.2913082,87852,1779545284.5876434,100.0,,,,,,,,,
3340,,70.2913082,87928,1779545284.6308932,100.0,,,,,,,,,
3341,0.0,70.2913082,88008,1779545284.6763067,,,,,,,,,,
3343,,70.2913082,88064,1779545284.8599346,,,,,,0.00020619878,,,,
3346,,70.2913082,88064,1779545284.8599346,,,1.5609171,,,,,,,
3349,,70.2913082,88064,1779545284.8609347,,,,0.0,,,,,,
3352,0.0,70.2913082,88100,1779545284.8862894,,,,,,,,,,
3353,,70.2913082,88100,1779545284.8862894,100.0,,,,,,,,,
3356,0.0,75.2921693,88332,1779545285.0333111,,,,,,,,,,
3357,,75.2921693,88332,1779545285.0337079,100.0,,,,,,,,,
3359,,75.2927292,88412,1779545285.0957918,100.0,,,,,,,,,
3360,0.0,75.2927292,88504,1779545285.1649907,,,,,,,,,,
3364,,75.2927292,88576,1779545285.4736915,,,,,,,-0.0055828653,,,
3365,,75.2927292,88576,1779545285.4736915,,,1.5418749,,,,,,,
3366,,75.2927292,88576,1779545285.4736915,,,,,,,,-0.0018544877,,
3367,,75.2927292,88576,1779545285.4746914,,,,,,,,,0.0010649962,
3369,,75.2927292,88576,1779545285.4746914,,,,,,,,,,-3.7778058
3370,,75.2927292,88576,1779545285.4746914,,,,,1287.0,,,,,
3372,,75.2927292,88660,1779545285.5419333,100.0,,,,,,,,,
3373,0.307,75.2927292,88724,1779545285.5880194,,,,,,,,,,
3374,,75.2927292,88724,1779545285.5886793,77.0,,,,,,,,,
3375,0.0,75.2927292,88736,1779545285.5975482,,,,,,,,,,
3376,,75.2927292,88736,1779545285.5975482,100.0,,,,,,,,,
3380,,75.2927292,88908,1779545285.7211194,100.0,,,,,,,,,
3382,,75.2927292,89064,1779545285.8239293,100.0,,,,,,,,,
3383,,75.2927292,89088,1779545285.9788454,,,,,,0.00020568648,,,,
3385,,75.2927292,89088,1779545285.9788454,,,,,,,-0.0062487014,,,
3387,,75.2927292,89088,1779545285.9788454,,,,,,,,-0.0055854917,,
3391,,75.2927292,89088,1779545285.9807026,,,,,1285.0,,,,,
3392,0.0,75.2927292,89140,1779545286.0175416,,,,,,,,,,
3393,,75.2927292,89140,1779545286.0175416,100.0,,,,,,,,,
3397,,75.2927292,89312,1779545286.1375153,100.0,,,,,,,,,
3398,0.0,75.2927292,89468,1779545286.2457,,,,,,,,,,
3399,,75.2927292,89468,1779545286.2457,100.0,,,,,,,,,
3400,0.0,75.2927292,89544,1779545286.2934473,,,,,,,,,,
3401,,75.2927292,89544,1779545286.293848,100.0,,,,,,,,,
3403,,75.2927292,89600,1779545286.4545238,,0.0004863271,,,,,,,,
3408,,75.2927292,89600,1779545286.4545238,,,,0.025878906,,,,,,
3416,,75.2932647,89872,1779545286.6385357,100.0,,,,,,,,,
3417,0.0,75.2932647,89948,1779545286.6841912,,,,,,,,,,
3419,0.0,75.2932647,90016,1779545286.7303407,,,,,,,,,,
3421,,75.2932647,90112,1779545286.8708527,,,,,,0.00020517418,,,,
3422,,75.2932647,90112,1779545286.8708527,,0.00013735473,,,,,,,,
3423,,75.2932647,90112,1779545286.8708527,,,,,,,-0.008852813,,,
3425,,75.2932647,90112,1779545286.8708527,,,,,,,,-0.005739917,,
3426,,75.2932647,90112,1779545286.8708527,,,,,,,,,0.0013264371,
3427,,75.2932647,90112,1779545286.8708527,,,,0.0,,,,,,
3428,,75.2932647,90112,1779545286.8708527,,,,,,,,,,-2.1815906
3429,,75.2932647,90112,1779545286.871867,,,,,1283.0,,,,,
3430,0.0,75.2932647,90120,1779545286.8809361,,,,,,,,,,
3435,,75.2932647,90352,1779545287.015025,100.0,,,,,,,,,
3439,,75.2932647,90524,1779545287.130202,100.0,,,,,,,,,
3440,,75.2932647,90624,1779545287.3066902,,,,,,0.00020491803,,,,
3441,,75.2932647,90624,1779545287.3066902,,0.00017856335,,,,,,,,
3442,,75.2932647,90624,1779545287.3066902,,,,,,,-0.016634677,,,
3444,,75.2932647,90624,1779545287.3066902,,,,,,,,-0.008401801,,
3446,,75.2932647,90624,1779545287.3076952,,,,0.0,,,,,,
3449,0.0,75.2932647,90680,1779545287.3529813,,,,,,,,,,
3451,0.0,75.2932647,90756,1779545287.410076,,,,,,,,,,
3452,,75.2932647,90756,1779545287.410453,100.0,,,,,,,,,
3457,0.0,75.2932647,91084,1779545287.6298416,,,,,,,,,,
3458,,75.2932647,91084,1779545287.6308298,100.0,,,,,,,,,
3464,,75.2932647,91136,1779545287.7839956,,,,,,,,,0.0016416372,
3465,,75.2932647,91136,1779545287.7839956,,,,0.00048828125,,,,,,
3468,0.0,75.2937775,91160,1779545287.8013248,,,,,,,,,,
3471,,75.2937775,91228,1779545287.8411803,100.0,,,,,,,,,
3472,0.0,75.2937775,91332,1779545287.9079993,,,,,,,,,,
3475,,75.2937775,91488,1779545287.9970114,100.0,,,,,,,,,
3476,0.505,75.2937775,91556,1779545288.0383804,,,,,,,,,,
3479,,75.2937775,91564,1779545288.0449572,100.0,,,,,,,,,
3483,,75.2937775,91648,1779545288.1570706,,0.0013468055,,,,,,,,
3484,,75.2937775,91648,1779545288.1570706,,,,,,,-0.00974977,,,
3485,,75.2937775,91648,1779545288.1570706,,,1.6384932,,,,,,,
3486,,75.2937775,91648,1779545288.1570706,,,,,,,,0.006906159,,
3489,,75.2937775,91648,1779545288.1570706,,,,,,,,,,0.48682678
3492,,75.2937775,91700,1779545288.1936052,33.0,,,,,,,,,
3493,0.0,75.2937775,91892,1779545288.306602,,,,,,,,,,
3494,,75.2937775,91892,1779545288.306602,100.0,,,,,,,,,
3495,0.0,75.2937775,91960,1779545288.3466568,,,,,,,,,,
3496,,75.2937775,91960,1779545288.3466568,100.0,,,,,,,,,
3497,0.0,75.2937775,92036,1779545288.3878696,,,,,,,,,,
3500,,75.2937775,92104,1779545288.427406,100.0,,,,,,,,,
3503,,75.2937775,92160,1779545288.5285454,,,,,,,-0.0051530413,,,
3504,,75.2937775,92160,1779545288.5285454,,,1.6102434,,,,,,,
3506,,75.2937775,92160,1779545288.5285454,,,,,,,,,0.0014078328,
3508,,75.2937775,92160,1779545288.5285454,,,,,,,,,,0.49433285
3510,0.0,75.2937775,92296,1779545288.6028898,,,,,,,,,,
3511,,75.2937775,92296,1779545288.6028898,100.0,,,,,,,,,
3512,0.0,75.2937775,92364,1779545288.644544,,,,,,,,,,
3514,0.0,75.2937775,92440,1779545288.6902099,,,,,,,,,,
3515,,75.2937775,92440,1779545288.6902099,100.0,,,,,,,,,
3518,,75.2942862,92672,1779545288.9180532,,,,,,0.00020389345,,,,
3520,,75.2942862,92672,1779545288.9180532,,,,,,,-0.010130875,,,
3523,,75.2942862,92672,1779545288.9180532,,,,,,,,,0.006683056,
3525,,75.2942862,92672,1779545288.9180532,,,,,,,,,,-1.3940985
3528,,75.2942862,92700,1779545288.9363356,100.0,,,,,,,,,
3529,0.0,75.2947981,92768,1779545288.9800556,,,,,,,,,,
3530,,75.2947981,92768,1779545288.9800556,100.0,,,,,,,,,
3533,0.0,75.2947981,92912,1779545289.064155,,,,,,,,,,
3535,0.0,75.2947981,93104,1779545289.169537,,,,,,,,,,
3536,,75.2947981,93104,1779545289.169537,100.0,,,,,,,,,
3538,,75.2947981,93172,1779545289.208913,100.0,,,,,,,,,
3539,,75.2947981,93184,1779545289.3218706,,,,,,0.00020363729,,,,
3543,,75.2947981,93184,1779545289.3218706,,,,,,,,0.0076492913,,
3546,,75.295315,93184,1779545289.3218706,,,,,,,,,,-5.3727126
3547,,75.295315,93184,1779545289.3233728,,,,,1282.0,,,,,
3550,0.0,75.295315,93316,1779545289.4013112,,,,,,,,,,
3552,0.0,75.2958299,93508,1779545289.5083015,,,,,,,,,,
3557,,75.2958299,93652,1779545289.596499,100.0,,,,,,,,,
3562,,75.2958299,93696,1779545289.718721,,,,,,,,0.004268517,,
3563,,75.2958299,93696,1779545289.718721,,,,,,,,,0.0012642769,
3564,,75.2958299,93696,1779545289.718721,,,,0.0,,,,,,
3566,,75.2958299,93696,1779545289.7202232,,,,,1282.0,,,,,
3567,0.0,75.2958299,93720,1779545289.7369752,,,,,,,,,,
3569,0.0,75.2958299,93912,1779545289.8506598,,,,,,,,,,
3570,,75.2958299,93912,1779545289.8506598,100.0,,,,,,,,,
3571,0.919,75.2958299,93952,1779545289.8761632,,,,,,,,,,
3574,,75.2958299,93980,1779545289.8937397,100.0,,,,,,,,,
3575,0.0,75.2958299,94056,1779545289.9406416,,,,,,,,,,
3577,0.0,75.2958299,94124,1779545289.9807987,,,,,,,,,,
3578,,75.2958299,94124,1779545289.9807987,100.0,,,,,,,,,
3582,,80.3003306,94208,1779545290.1372588,,,1.5731174,,,,,,,
3583,,80.3003306,94208,1779545290.1372588,,,,,,,,0.00043958426,,
3584,,80.3003306,94208,1779545290.1372588,,,,,,,,,0.0030321763,
3586,,80.3003306,94208,1779545290.1372588,,,,,,,,,,0.039937615
3587,,80.3003306,94208,1779545290.1380856,,,,,1282.0,,,,,
3588,0.0,80.3038758,94356,1779545290.219966,,,,,,,,,,
3589,,80.3038758,94356,1779545290.219966,100.0,,,,,,,,,
3591,,80.3038758,94384,1779545290.2368414,100.0,,,,,,,,,
3594,0.0,80.3038758,94528,1779545290.3212543,,,,,,,,,,
3595,,80.3038758,94528,1779545290.3212543,100.0,,,,,,,,,
3597,,80.3049041,94720,1779545290.5502172,,0.0002773991,,,,,,,,
3599,,80.3049041,94720,1779545290.5502172,,,1.5877482,,,,,,,
3600,,80.3049041,94720,1779545290.5502172,,,,,,,,-0.0043275226,,
3601,,80.3058382,94720,1779545290.5502172,,,,,,,,,0.0041272687,
3602,,80.3065598,94720,1779545290.5502172,,,,0.008300781,,,,,,
3603,,80.3074796,94720,1779545290.5502172,,,,,,,,,,-0.9242351
3604,,80.3080834,94720,1779545290.5512168,,,,,1282.0,,,,,
3605,0.0,80.3080834,94760,1779545290.5795584,,,,,,,,,,
3608,,80.3086262,94788,1779545290.597314,100.0,,,,,,,,,
3609,0.37,80.3086262,94812,1779545290.6118875,,,,,,,,,,
3610,,80.3086262,94812,1779545290.6118875,70.0,,,,,,,,,
3613,0.0,80.309229,95164,1779545290.8253195,,,,,,,,,,
3615,0.0,80.309229,95192,1779545290.8419693,,,,,,,,,,
3618,,80.3098125,95216,1779545290.8564682,100.0,,,,,,,,,
3619,,80.3098125,95232,1779545291.0017507,,,,,,0.0002026127,,,,
3623,,80.3104123,95232,1779545291.0017507,,,,,,,,0.0037002135,,
3624,,80.3110542,95232,1779545291.0017507,,,,,,,,,0.0046508997,
3628,0.0,80.3116655,95268,1779545291.0289342,,,,,,,,,,
3629,,80.3116655,95268,1779545291.0289342,100.0,,,,,,,,,
3631,,80.3116655,95448,1779545291.14849,44.0,,,,,,,,,
3633,,80.3123697,95568,1779545291.222955,100.0,,,,,,,,,
3634,0.0,80.3123697,95596,1779545291.2415123,,,,,,,,,,
3635,,80.3123697,95596,1779545291.2415123,100.0,,,,,,,,,
3636,0.0,80.3123697,95620,1779545291.2566214,,,,,,,,,,
3640,,80.3131093,95744,1779545291.4715052,,,,,,,-0.0045907507,,,
3642,,80.3131093,95744,1779545291.4715052,,,,,,,,0.016239908,,
3643,,80.3146554,95744,1779545291.4715052,,,,,,,,,0.0040133907,
3644,,80.3146554,95744,1779545291.4715052,,,,0.009765625,,,,,,
3646,,80.3161987,95744,1779545291.473016,,,,,1280.0,,,,,
3648,,80.3161987,95852,1779545291.5492544,100.0,,,,,,,,,
3649,0.0,80.3161987,95972,1779545291.62871,,,,,,,,,,
3651,0.0,80.3161987,96000,1779545291.6468494,,,,,,,,,,
3652,,80.3161987,96000,1779545291.6468494,100.0,,,,,,,,,
3653,0.0,80.3161987,96024,1779545291.6644077,,,,,,,,,,
3654,,80.3161987,96024,1779545291.6644077,100.0,,,,,,,,,
3655,0.937,80.3161987,96056,1779545291.6866996,,,,,,,,,,
3656,,80.3161987,96056,1779545291.6874614,7.0,,,,,,,,,
3658,,80.3161987,96256,1779545291.8132348,100.0,,,,,,,,,
3660,,80.3161987,96256,1779545291.938788,,0.0018827724,,,,,,,,
3663,,80.3161987,96256,1779545291.938788,,,,,,,,-0.0013917927,,
3667,,80.3177534,96256,1779545291.9402192,,,,,1278.0,,,,,
3673,,80.3184698,96460,1779545292.0747514,100.0,,,,,,,,,
3674,0.0,80.3184698,96660,1779545292.2037632,,,,,,,,,,
3675,,80.3184698,96660,1779545292.2037632,100.0,,,,,,,,,
3676,0.0,80.3184698,96688,1779545292.2230003,,,,,,,,,,
3677,,80.3184698,96688,1779545292.2230003,100.0,,,,,,,,,
3678,,80.3184698,96768,1779545292.413951,,,,,,0.00020184426,,,,
3679,,80.3184698,96768,1779545292.413951,,0.0003994403,,,,,,,,
3680,,80.3194886,96768,1779545292.413951,,,,,,,-0.014070592,,,
3682,,80.3194886,96768,1779545292.413951,,,,,,,,0.020055622,,
3683,,80.3194886,96768,1779545292.413951,,,,,,,,,0.005961308,
3686,,80.3198129,96768,1779545292.4156547,,,,,1277.0,,,,,
3689,0.685,80.3198129,96832,1779545292.4629855,,,,,,,,,,
3692,,80.3203312,96864,1779545292.4860623,100.0,,,,,,,,,
3697,0.0,80.3203312,97184,1779545292.7577724,,,,,,,,,,
3699,0.0,80.3203312,97236,1779545292.8007472,,,,,,,,,,
3701,,80.3203312,97280,1779545292.993553,,,,,,0.00020158812,,,,
3704,,80.3203312,97280,1779545292.993553,,,1.5479093,,,,,,,
3706,,80.3203312,97280,1779545292.993553,,,,,,,,,0.001457612,
3709,,80.3213626,97280,1779545292.9955585,,,,,1274.0,,,,,
3713,,80.3213626,97388,1779545293.0799127,50.0,,,,,,,,,
3714,0.0,80.3213626,97444,1779545293.1237283,,,,,,,,,,
3719,,80.3221019,97740,1779545293.3616698,100.0,,,,,,,,,
3720,0.0,80.3221019,97792,1779545293.4044423,,,,,,,,,,
3723,,80.3221019,97792,1779545293.5717375,,0.00092620926,,,,,,,,
3726,,80.3221019,97792,1779545293.5717375,,,,,,,,0.024351718,,
3727,,80.3221019,97792,1779545293.5717375,,,,,,,,,0.011040466,
3729,,80.3221019,97792,1779545293.5717375,,,,,,,,,,0.11352694
3730,,80.3221019,97792,1779545293.5732398,,,,,1271.0,,,,,
3732,,80.3221019,97848,1779545293.60338,100.0,,,,,,,,,
3733,0.0,80.3221019,98044,1779545293.7236497,,,,,,,,,,
3734,,80.3221019,98044,1779545293.7236497,100.0,,,,,,,,,
3735,0.0,80.3221019,98144,1779545293.7818718,,,,,,,,,,
3737,0.0,80.323126,98196,1779545293.813033,,,,,,,,,,
3740,,80.323126,98252,1779545293.8468175,100.0,,,,,,,,,
3741,0.775,80.323126,98300,1779545293.8768873,,,,,,,,,,
3742,,80.323126,98300,1779545293.8768873,25.0,,,,,,,,,
3744,,80.323126,98304,1779545293.9801214,,0.004660432,,,,,,,,
3745,,80.323126,98304,1779545293.9801214,,,,,,,-0.024570236,,,
3746,,80.323126,98304,1779545293.9801214,,,1.5118738,,,,,,,
3748,,80.323126,98304,1779545293.9801214,,,,,,,,,0.008291952,
3749,,80.323126,98304,1779545293.9801214,,,,0.03466797,,,,,,
3750,,80.323126,98304,1779545293.9801214,,,,,,,,,,0.062056184
3753,,80.323126,98448,1779545294.069988,100.0,,,,,,,,,
3754,0.667,80.323126,98452,1779545294.0740404,,,,,,,,,,
3756,0.0,80.323126,98548,1779545294.3622158,,,,,,,,,,
3757,,80.323126,98548,1779545294.3622158,100.0,,,,,,,,,
3758,0.0,80.323126,98656,1779545294.7555244,,,,,,,,,,
3760,,85.3278117,98816,1779545296.185174,,,,,,0.00020081968,,,,
3761,,85.3278117,98816,1779545296.185727,,0.0023626946,,,,,,,,
3764,,85.3278117,98816,1779545296.1863341,,,,,,,,0.006054461,,
3765,,85.3278117,98816,1779545296.1863341,,,,,,,,,0.0057157227,
3766,,85.3278117,98816,1779545296.1863341,,,,0.033203125,,,,,,
3767,,85.3278117,98816,1779545296.1870568,,,,,,,,,,0.31751633
3768,,85.3286046,98816,1779545296.1945338,,,,,1242.0,,,,,
3769,0.0,85.3286046,98852,1779545296.3320637,,,,,,,,,,
3770,,85.3286046,98852,1779545296.3320637,100.0,,,,,,,,,
3771,0.0,85.3286046,98856,1779545296.3540282,,,,,,,,,,
3773,0.0,85.3286046,98952,1779545296.7007504,,,,,,,,,,
3774,,85.3286046,98952,1779545296.7007504,100.0,,,,,,,,,
3776,,85.3289732,99020,1779545296.9487696,41.0,,,,,,,,,
3783,,85.3289732,99328,1779545298.6539514,,,,,,0.00020056352,,,,
3787,,85.3297892,99328,1779545298.6565027,,,,,,,,0.0058520697,,
3789,,85.3297892,99328,1779545298.6568143,,,,0.03125,,,,,,
3790,,85.3297892,99328,1779545298.6568143,,,,,,,,,,0.1973412
3791,,85.3297892,99328,1779545298.6619213,,,,,1211.0,,,,,
3794,0.1,85.3297892,99424,1779545299.0045676,,,,,,,,,,
3798,0.0,85.3297892,99608,1779545299.5751705,,,,,,,,,,
3800,0.118,85.3297892,99656,1779545299.741131,,,,,,,,,,
3803,,85.3367481,99760,1779545300.0561967,100.0,,,,,,,,,
3811,,90.3424436,99840,1779545301.1834936,,,,,,,,,,-0.008577943
3812,,90.3424436,99840,1779545301.1899164,,,,,1181.0,,,,,
3814,,90.3431961,99872,1779545301.3428361,100.0,,,,,,,,,
3815,0.0,90.3431961,100012,1779545301.818939,,,,,,,,,,
3817,0.0,90.3431961,100060,1779545302.006415,,,,,,,,,,
3818,,90.3431961,100060,1779545302.006415,100.0,,,,,,,,,
3821,0.0,90.3438115,100276,1779545302.6651433,,,,,,,,,,
3823,,90.3438115,100352,1779545303.5675762,,,,,,0.00020005123,,,,
3824,,90.3438115,100352,1779545303.5675762,,0.0006744279,,,,,,,,
3825,,90.3438115,100352,1779545303.5675762,,,,,,,-0.0097270515,,,
3826,,90.3438115,100352,1779545303.5675762,,,1.5216477,,,,,,,
3829,,90.3443631,100352,1779545303.5675762,,,,0.020507812,,,,,,
3830,,90.3443631,100352,1779545303.5675762,,,,,,,,,,-1.8687344
3832,0.0,90.3443631,100416,1779545303.7960699,,,,,,,,,,
3833,,90.3443631,100416,1779545303.7960699,100.0,,,,,,,,,
3835,,90.3443631,100464,1779545303.9706442,100.0,,,,,,,,,
3836,0.0,90.3443631,100568,1779545304.2747703,,,,,,,,,,
3838,0.613,90.3443631,100640,1779545304.4964175,,,,,,,,,,
3840,0.0,90.3449288,100680,1779545304.6252406,,,,,,,,,,
3849,,95.3492728,100864,1779545305.6269488,,,1.4148768,,,,,,,
3850,,95.3492728,100864,1779545305.6269488,,,,,,,,-0.0007710429,,
3853,,95.3492728,100864,1779545305.6269488,,,,,,,,,,0.14862323
3855,0.829,95.3492728,100900,1779545305.7487493,,,,,,,,,,
3857,0.0,95.3492728,100972,1779545305.9502425,,,,,,,,,,
3860,,95.3492728,101044,1779545306.155368,100.0,,,,,,,,,
3861,0.946,95.3498701,101072,1779545306.23728,,,,,,,,,,
3862,,95.3498701,101072,1779545306.2379594,6.0,,,,,,,,,
3863,0.0,95.3498701,101148,1779545306.461085,,,,,,,,,,
3868,,95.3498701,101376,1779545307.0897646,100.0,,,,,,,,,
3870,,95.3504724,101376,1779545307.541389,,0.0032268176,,,,,,,,
3871,,95.3504724,101376,1779545307.5419023,,,,,,,-0.01325804,,,
3877,,95.3510823,101376,1779545307.5485554,,,,,1115.0,,,,,
3878,0.0,95.3510823,101476,1779545307.8348053,,,,,,,,,,
3879,,95.3510823,101476,1779545307.8348053,100.0,,,,,,,,,
3881,,95.3510823,101552,1779545308.0428727,100.0,,,,,,,,,
3883,,95.3510823,101700,1779545308.406348,55.0,,,,,,,,,
3885,,95.3510823,101708,1779545308.435343,100.0,,,,,,,,,
3887,,95.351684,101780,1779545308.625628,56.0,,,,,,,,,
3889,,95.351684,101780,1779545308.628411,100.0,,,,,,,,,
3892,,95.351684,101888,1779545309.3117526,,,,,,,-0.01021602,,,
3893,,95.351684,101888,1779545309.3117526,,,1.4646165,,,,,,,
3894,,95.351684,101888,1779545309.3117526,,,,,,,,-0.0006096782,,
3895,,95.351684,101888,1779545309.3117526,,,,,,,,,0.0022778213,
3897,,95.351684,101888,1779545309.3117526,,,,,,,,,,0.38952416
3899,0.0,95.3522676,102104,1779545309.9071443,,,,,,,,,,
3901,0.0,95.3522676,102112,1779545309.9346435,,,,,,,,,,
3904,,100.3567534,102184,1779545310.1434698,100.0,,,,,,,,,
3907,0.523,100.3567534,102400,1779545310.6980488,,,,,,,,,,
3908,,100.3567534,102400,1779545310.6980488,53.0,,,,,,,,,
3910,,100.3567534,102400,1779545311.1770382,,0.0020207588,,,,,,,,
3912,,100.3567534,102400,1779545311.1780694,,,1.4296018,,,,,,,
3914,,100.3573136,102400,1779545311.1780694,,,,,,,,,0.002246771,
3917,,100.3573136,102400,1779545311.1832004,,,,,1083.0,,,,,
3919,,100.3573136,102508,1779545311.4793618,100.0,,,,,,,,,
3920,0.0,100.3573136,102516,1779545311.5045898,,,,,,,,,,
3921,,100.3573136,102516,1779545311.5056262,100.0,,,,,,,,,
3923,,100.3573136,102588,1779545311.6892066,100.0,,,,,,,,,
3925,,100.3579271,102804,1779545312.2518606,100.0,,,,,,,,,
3927,,100.3579271,102912,1779545312.5348759,100.0,,,,,,,,,
3929,,100.3579271,102912,1779545313.0358708,,0.00031475985,,,,,,,,
3930,,100.3579271,102912,1779545313.0358708,,,,,,,-0.0041396106,,,
3931,,100.3579271,102912,1779545313.0358708,,,1.509015,,,,,,,
3932,,100.3579271,102912,1779545313.0358708,,,,,,,,0.00055479724,,
3933,,100.3585514,102912,1779545313.0358708,,,,,,,,,0.003875048,
3934,,100.3585514,102912,1779545313.0358708,,,,0.0126953125,,,,,,
3937,0.0,100.3585514,102920,1779545313.0747797,,,,,,,,,,
3938,,100.3585514,102920,1779545313.0747797,100.0,,,,,,,,,
3941,0.244,100.3590933,103144,1779545313.6839058,,,,,,,,,,
3942,,100.3590933,103144,1779545313.684436,84.0,,,,,,,,,
3943,0.0,100.3590933,103316,1779545314.2275014,,,,,,,,,,
3944,,100.3590933,103316,1779545314.2275014,100.0,,,,,,,,,
3946,,100.3590933,103324,1779545314.257447,100.0,,,,,,,,,
3950,,100.3590933,103424,1779545315.0595152,,0.0005297373,,,,,,,,
3951,,100.3590933,103424,1779545315.0595152,,,,,,,-0.023342695,,,
3953,,100.3596943,103424,1779545315.0605152,,,,,,,,-0.0045795254,,
3955,,100.3596943,103424,1779545315.0605152,,,,0.013671875,,,,,,
3956,,100.362721,103424,1779545315.0605152,,,,,,,,,,-0.12832499
3958,0.0,105.3681468,103548,1779545315.441238,,,,,,,,,,
3959,,105.3681468,103548,1779545315.441238,100.0,,,,,,,,,
3960,0.0,105.3689417,103720,1779545315.9630437,,,,,,,,,,
3961,,105.3689417,103720,1779545315.9637835,100.0,,,,,,,,,
3962,0.0,105.3689417,103728,1779545316.0003693,,,,,,,,,,
3966,0.0,105.3689417,103800,1779545316.2479475,,,,,,,,,,
3968,,105.3695352,103936,1779545317.0545094,,,,,,0.0001982582,,,,
3970,,105.3695352,103936,1779545317.0545094,,,,,,,-0.0072905137,,,
3972,,105.3695352,103936,1779545317.0545094,,,,,,,,0.003075743,,
3974,,105.3695352,103936,1779545317.0555084,,,,0.0043945312,,,,,,
3975,,105.3700849,103936,1779545317.0555084,,,,,,,,,,0.20380431
3976,,105.3700849,103936,1779545317.0615816,,,,,1035.0,,,,,
3978,,105.3700849,104124,1779545317.5254724,100.0,,,,,,,,,
3979,0.0,105.3700849,104132,1779545317.5543737,,,,,,,,,,
3981,0.0,105.3700849,104144,1779545317.5936997,,,,,,,,,,
3982,,105.3700849,104144,1779545317.5942395,100.0,,,,,,,,,
3989,,105.3712933,104448,1779545319.0270362,,,,,,,-0.020276777,,,
3990,,105.3712933,104448,1779545319.0270362,,,1.5032221,,,,,,,
3991,,105.3712933,104448,1779545319.0275881,,,,,,,,-0.0024497928,,
3993,,105.3712933,104448,1779545319.0275881,,,,0.0,,,,,,
3997,,105.3712933,104528,1779545319.2730281,100.0,,,,,,,,,
3998,0.0,105.3712933,104536,1779545319.3013544,,,,,,,,,,
4000,0.0,105.3718917,104608,1779545319.5190802,,,,,,,,,,
4001,,105.3718917,104608,1779545319.5190802,100.0,,,,,,,,,
4002,0.856,105.3718917,104676,1779545319.7079468,,,,,,,,,,
4008,0.0,110.3769948,104940,1779545320.4657805,,,,,,,,,,
4009,,110.3769948,104940,1779545320.4657805,100.0,,,,,,,,,
4012,,110.3769948,104960,1779545321.0842042,,,,,,,-0.01763105,,,
4014,,110.3777039,104960,1779545321.0842042,,,,,,,,0.014175864,,
4016,,110.3777039,104960,1779545321.0852191,,,,0.001953125,,,,,,
4017,,110.3777039,104960,1779545321.0852191,,,,,,,,,,0.028211653
4021,0.0,110.3777039,105140,1779545321.6143155,,,,,,,,,,
4024,,110.3783115,105336,1779545322.1784902,100.0,,,,,,,,,
4025,0.0,110.3783115,105344,1779545322.211478,,,,,,,,,,
4029,,110.3783115,105472,1779545323.1485066,,,,,,,-0.01870352,,,
4032,,110.3789262,105472,1779545323.1485066,,,,,,,,,0.001262377,
4039,,110.3794876,105544,1779545323.3756087,100.0,,,,,,,,,
4040,0.0,110.3794876,105740,1779545323.8845177,,,,,,,,,,
4043,,110.3794876,105748,1779545323.9179535,100.0,,,,,,,,,
4053,,115.3887213,105984,1779545325.2338216,,,,,,,,,0.005764285,
4054,,115.3887213,105984,1779545325.2348225,,,,0.015136719,,,,,,
4055,,115.3887213,105984,1779545325.2348225,,,,,,,,,,-2.3380992
4059,0.0,115.3893095,106144,1779545325.7383282,,,,,,,,,,
4060,,115.3893095,106144,1779545325.7390134,100.0,,,,,,,,,
4064,,115.3893095,106352,1779545326.1766586,100.0,,,,,,,,,
4066,,115.3893095,106368,1779545326.225038,53.0,,,,,,,,,
4072,,115.3899924,106496,1779545327.0094557,,,1.518615,,,,,,,
4074,,115.3899924,106496,1779545327.0094557,,,,,,,,,0.0033862605,
4081,,115.3905928,106548,1779545327.1649308,100.0,,,,,,,,,
4085,,115.3905928,106772,1779545327.7657986,100.0,,,,,,,,,
4087,,115.3905928,106916,1779545328.183418,100.0,,,,,,,,,
4089,,115.3905928,106952,1779545328.2869377,100.0,,,,,,,,,
4090,,115.3912034,107008,1779545328.971571,,,,,,0.00019672132,,,,
4091,,115.3912034,107008,1779545328.971571,,0.0021410594,,,,,,,,
4092,,115.3912034,107008,1779545328.971571,,,,,,,-0.007212987,,,
4096,,115.3912034,107008,1779545328.973085,,,,0.0,,,,,,
4097,,115.3912034,107008,1779545328.973085,,,,,,,,,,0.28327084
4099,0.0,115.3912034,107160,1779545329.3877957,,,,,,,,,,
4100,,115.3912034,107160,1779545329.3877957,100.0,,,,,,,,,
4101,0.0,115.3912034,107176,1779545329.458109,,,,,,,,,,
4102,,115.3912034,107176,1779545329.45914,100.0,,,,,,,,,
4103,0.0,115.3912034,107320,1779545329.9212813,,,,,,,,,,
4104,,115.3912034,107320,1779545329.9222958,100.0,,,,,,,,,
4105,0.0,115.3917929,107356,1779545330.0113997,,,,,,,,,,
4106,,115.3917929,107356,1779545330.0117733,100.0,,,,,,,,,
4108,,120.3952914,107520,1779545330.8404918,,0.00037793707,,,,,,,,
4111,,120.3952914,107520,1779545330.8404918,,,,,,,,-0.0020611435,,
4112,,120.3952914,107520,1779545330.8404918,,,,,,,,,0.001397437,
4113,,120.3958708,107520,1779545330.8404918,,,,0.0043945312,,,,,,
4114,,120.3958708,107520,1779545330.8404918,,,,,,,,,,-3.2183022
4115,,120.3958708,107520,1779545330.8445654,,,,,941.0,,,,,
4116,0.0,120.3958708,107564,1779545330.9638445,,,,,,,,,,
4117,,120.3958708,107564,1779545330.9638445,100.0,,,,,,,,,
4119,,120.3958708,107580,1779545331.011275,100.0,,,,,,,,,
4126,0.0,120.3968912,107984,1779545332.0180254,,,,,,,,,,
4130,,120.3974073,108032,1779545332.5930924,,,,,,,-0.010756092,,,
4131,,120.3974073,108032,1779545332.5930924,,,1.4606879,,,,,,,
4134,,120.3974073,108032,1779545332.593606,,,,0.0014648438,,,,,,
4140,,120.3979884,108164,1779545332.9649618,100.0,,,,,,,,,
4141,0.0,120.3979884,108372,1779545333.5092306,,,,,,,,,,
4142,,120.3979884,108372,1779545333.5092306,100.0,,,,,,,,,
4143,0.0,120.3979884,108388,1779545333.5548522,,,,,,,,,,
4144,,120.3979884,108388,1779545333.5553575,100.0,,,,,,,,,
4145,0.721,120.3979884,108516,1779545333.861621,,,,,,,,,,
4147,0.0,120.3985757,108532,1779545333.9082146,,,,,,,,,,
4148,,120.3985757,108532,1779545333.9082146,100.0,,,,,,,,,
4149,,120.3985757,108544,1779545334.4215984,,,,,,0.00019595287,,,,
4150,,120.3985757,108544,1779545334.4215984,,0.0027767273,,,,,,,,
4151,,120.3985757,108544,1779545334.4215984,,,,,,,-0.007943189,,,
4152,,120.3985757,108544,1779545334.423111,,,1.5162163,,,,,,,
4158,0.0,120.3991683,108568,1779545334.4915395,,,,,,,,,,
4159,,120.3991683,108568,1779545334.4915395,100.0,,,,,,,,,
4161,,120.3991683,108776,1779545334.9791284,100.0,,,,,,,,,
4162,0.0,125.4055286,108920,1779545335.3288343,,,,,,,,,,
4163,,125.4055286,108920,1779545335.3288343,100.0,,,,,,,,,
4165,,125.4063146,108936,1779545335.3762286,100.0,,,,,,,,,
4169,,125.4069518,109056,1779545336.4612072,,0.00019411114,,,,,,,,
4170,,125.4069518,109056,1779545336.4612072,,,,,,,-0.0013575396,,,
4175,,125.4069518,109056,1779545336.4622097,,,,,,,,,,-3.5551953
4177,0.0,125.4077079,109180,1779545336.8488345,,,,,,,,,,
4180,,125.4077079,109324,1779545337.3255959,100.0,,,,,,,,,
4181,0.0,125.4077079,109340,1779545337.4062157,,,,,,,,,,
4184,,125.4077079,109376,1779545337.5374353,100.0,,,,,,,,,
4186,,125.4077079,109568,1779545338.6872823,,0.00022045305,,,,,,,,
4188,,125.4077079,109568,1779545338.6872823,,,1.5724915,,,,,,,
4195,,125.4082982,109584,1779545338.7492926,100.0,,,,,,,,,
4197,,125.4082982,109728,1779545339.1198277,100.0,,,,,,,,,
4198,0.0,125.4082982,109744,1779545339.1667087,,,,,,,,,,
4199,,125.4082982,109744,1779545339.1671157,100.0,,,,,,,,,
4202,0.0,125.4082982,109988,1779545339.7699575,,,,,,,,,,
4203,,125.4088739,109988,1779545339.7699575,100.0,,,,,,,,,
4206,,130.4133233,110080,1779545340.5601473,,,,,,,-0.01179244,,,
4210,,130.4133233,110080,1779545340.5601473,,,,0.0,,,,,,
4212,,130.4140928,110080,1779545340.5657485,,,,,888.0,,,,,
4213,0.0,130.4140928,110132,1779545340.7081795,,,,,,,,,,
4215,0.0,130.4140928,110148,1779545340.756869,,,,,,,,,,
4222,,130.4140928,110536,1779545341.7072237,100.0,,,,,,,,,
4224,,130.4140928,110552,1779545341.7485752,100.0,,,,,,,,,
4225,0.0,130.4140928,110588,1779545341.8387394,,,,,,,,,,
4226,,130.4146234,110588,1779545341.839741,100.0,,,,,,,,,
4227,,130.4146234,110592,1779545342.327253,,,,,,0.00019492827,,,,
4228,,130.4146234,110592,1779545342.327253,,0.00037115952,,,,,,,,
4229,,130.4146234,110592,1779545342.327253,,,,,,,-0.024911601,,,
4230,,130.4146234,110592,1779545342.3282676,,,1.532347,,,,,,,
4231,,130.4146234,110592,1779545342.3282676,,,,,,,,0.007638244,,
4232,,130.4146234,110592,1779545342.3282676,,,,,,,,,0.0033322568,
4233,,130.4146234,110592,1779545342.3282676,,,,0.0034179688,,,,,,
4238,0.0,130.4146234,110940,1779545343.2569141,,,,,,,,,,
4240,0.0,130.4152292,110956,1779545343.3060186,,,,,,,,,,
4242,0.0,130.4152292,110992,1779545343.413033,,,,,,,,,,
4244,,130.4152292,111104,1779545344.2177029,,,,,,0.00019467213,,,,
4246,,130.4152292,111104,1779545344.2177029,,,,,,,-0.024346748,,,
4247,,130.4152292,111104,1779545344.2177029,,,1.5866979,,,,,,,
4250,,130.4152292,111104,1779545344.2187235,,,,0.023925781,,,,,,
4251,,130.4158157,111104,1779545344.2187235,,,,,,,,,,-5.6409497
4257,0.0,130.4158157,111344,1779545344.8581748,,,,,,,,,,
4262,,130.4164078,111396,1779545345.0057752,100.0,,,,,,,,,
4268,,135.4229511,111616,1779545345.8898919,,,,,,,,,0.0018583285,
4269,,135.4229511,111616,1779545345.8898919,,,,0.00390625,,,,,,
4270,,135.4229511,111616,1779545345.8898919,,,,,,,,,,0.02350527
4272,0.0,135.4229511,111652,1779545345.9840562,,,,,,,,,,
4274,0.0,135.4229511,111748,1779545346.1850965,,,,,,,,,,
4275,,135.4229511,111748,1779545346.1850965,100.0,,,,,,,,,
4276,0.0,135.4229511,111764,1779545346.2361093,,,,,,,,,,
4277,,135.4229511,111764,1779545346.2361093,100.0,,,,,,,,,
4278,0.0,135.4229511,111800,1779545346.3200727,,,,,,,,,,
4280,0.0,135.423623,112056,1779545346.9582121,,,,,,,,,,
4281,,135.423623,112056,1779545346.9588156,100.0,,,,,,,,,
4285,,135.423623,112128,1779545347.643766,,,1.5770298,,,,,,,
4288,,135.423623,112128,1779545347.643766,,,,0.0,,,,,,
4295,0.0,135.423623,112204,1779545347.8795476,,,,,,,,,,
4297,0.0,135.423623,112460,1779545348.6053898,,,,,,,,,,
4298,,135.423623,112460,1779545348.6053898,100.0,,,,,,,,,
4304,,135.4246451,112608,1779545348.961791,100.0,,,,,,,,,
4308,,135.4251629,112640,1779545349.4847925,,,1.4943413,,,,,,,
4312,,135.4251629,112640,1779545349.4847925,,,,,,,,,,-1.4330637
4313,,135.4251629,112640,1779545349.4907355,,,,,848.0,,,,,
4314,0.0,135.4251629,112864,1779545350.0574403,,,,,,,,,,
4317,,140.4287747,112960,1779545350.3467104,100.0,,,,,,,,,
4318,0.0,140.4287747,112976,1779545350.3940034,,,,,,,,,,
4319,,140.4287747,112976,1779545350.394471,100.0,,,,,,,,,
4321,,140.4287747,113012,1779545350.4895902,100.0,,,,,,,,,
4326,,140.4287747,113152,1779545351.4200659,,,,,,,,0.009683423,,
4328,,140.4287747,113152,1779545351.4200659,,,,0.024414062,,,,,,
4329,,140.4287747,113152,1779545351.4200659,,,,,,,,,,-8.542054
4333,0.0,140.4295064,113364,1779545352.0053825,,,,,,,,,,
4334,,140.4295064,113364,1779545352.0053825,100.0,,,,,,,,,
4335,0.0,140.4295064,113380,1779545352.053051,,,,,,,,,,
4337,0.0,140.4295064,113416,1779545352.1421773,,,,,,,,,,
4338,,140.4295064,113416,1779545352.1421773,100.0,,,,,,,,,
4340,,140.4295064,113664,1779545353.1349304,,0.00011702144,,,,,,,,
4341,,140.4295064,113664,1779545353.1349304,,,,,,,0.0056570247,,,
4342,,140.4295064,113664,1779545353.1349304,,,1.4973679,,,,,,,
4344,,140.4300969,113664,1779545353.1349304,,,,,,,,,0.003999355,
4345,,140.4300969,113664,1779545353.1349304,,,,0.0146484375,,,,,,
4346,,140.4300969,113664,1779545353.1349304,,,,,,,,,,-1.5466034
4348,0.0,140.4300969,113672,1779545353.1702528,,,,,,,,,,
4349,,140.4300969,113672,1779545353.1702528,100.0,,,,,,,,,
4350,0.0,140.4300969,113768,1779545353.3999374,,,,,,,,,,
4351,,140.4300969,113768,1779545353.400939,100.0,,,,,,,,,
4352,0.0,140.4300969,113784,1779545353.4501457,,,,,,,,,,
4354,0.928,140.4300969,113804,1779545353.5104382,,,,,,,,,,
4358,0.0,140.4306654,114076,1779545354.218307,,,,,,,,,,
4359,,140.4306654,114076,1779545354.2216277,100.0,,,,,,,,,
4361,,140.4306654,114176,1779545354.9431992,,0.0036123747,,,,,,,,
4363,,140.4306654,114176,1779545354.9431992,,,1.5067008,,,,,,,
4367,,140.4312764,114176,1779545354.9431992,,,,,,,,,,0.38665104
4369,0.0,140.4312764,114188,1779545354.9928586,,,,,,,,,,
4371,0.0,140.4312764,114208,1779545355.0397801,,,,,,,,,,
4373,0.0,140.4312764,114224,1779545355.0789928,,,,,,,,,,
4374,,140.4312764,114224,1779545355.0789928,100.0,,,,,,,,,
4375,0.0,145.43717,114480,1779545355.6648707,,,,,,,,,,
4376,,145.43717,114480,1779545355.6658823,100.0,,,,,,,,,
4377,0.0,145.43717,114592,1779545355.9573941,,,,,,,,,,
4379,0.0,145.43717,114612,1779545356.0120506,,,,,,,,,,
4381,0.118,145.4377946,114620,1779545356.0400443,,,,,,,,,,
4382,,145.4377946,114620,1779545356.0400443,98.0,,,,,,,,,
4384,,145.4377946,114688,1779545356.8327098,,0.00038198114,,,,,,,,
4386,,145.438403,114688,1779545356.8327098,,,1.4370496,,,,,,,
4387,,145.438403,114688,1779545356.8327098,,,,,,,,-0.008900867,,
4390,,145.4390339,114688,1779545356.8333175,,,,,,,,,,-0.097433805
4391,,145.4390339,114688,1779545356.8387897,,,,,818.0,,,,,
4392,0.0,145.4390339,114884,1779545357.41556,,,,,,,,,,
4400,0.622,145.4396105,115188,1779545358.1831994,,,,,,,,,,
4402,,145.4396105,115200,1779545358.7236602,,,,,,0.00019262295,,,,
4404,,145.4396105,115200,1779545358.725663,,,,,,,-0.019959044,,,
4405,,145.4402364,115200,1779545358.725663,,,1.538785,,,,,,,
4406,,145.4402364,115200,1779545358.725663,,,,,,,,-0.002204259,,
4408,,145.4402364,115200,1779545358.725663,,,,0.0009765625,,,,,,
4410,,145.4402364,115200,1779545358.7317195,,,,,810.0,,,,,
4411,0.883,145.440836,115244,1779545358.8610985,,,,,,,,,,
4412,,145.440836,115244,1779545358.8610985,13.0,,,,,,,,,
4413,0.0,145.440836,115288,1779545359.0008507,,,,,,,,,,
4415,0.0,145.440836,115400,1779545359.292067,,,,,,,,,,
4418,,145.440836,115428,1779545359.3912241,100.0,,,,,,,,,
4419,0.0,145.4509779,115648,1779545360.1739979,,,,,,,,,,
4420,,150.4556613,115648,1779545360.1739979,100.0,,,,,,,,,
4421,0.0,150.4556613,115692,1779545360.3446574,,,,,,,,,,
4424,,150.4563563,115712,1779545361.1297948,,0.003916917,,,,,,,,
4425,,150.4563563,115712,1779545361.1297948,,,,,,,-0.011550609,,,
4427,,150.4563563,115712,1779545361.1297948,,,,,,,,0.0026730169,,
4429,,150.4563563,115712,1779545361.1308236,,,,0.001953125,,,,,,
4432,0.0,150.4563563,115804,1779545361.4465322,,,,,,,,,,
4437,,150.4569519,116052,1779545362.062184,100.0,,,,,,,,,
4439,,150.4569519,116096,1779545362.1667044,100.0,,,,,,,,,
4440,0.0,150.4569519,116208,1779545362.4255905,,,,,,,,,,
4442,,150.4569519,116224,1779545362.917279,,,,,,0.00019211066,,,,
4443,,150.4569519,116224,1779545362.917279,,0.0001772012,,,,,,,,
4445,,150.4575624,116224,1779545362.9178746,,,1.5263966,,,,,,,
4447,,150.4575624,116224,1779545362.9178746,,,,,,,,,0.0011877059,
4448,,150.4575624,116224,1779545362.9178746,,,,0.00048828125,,,,,,
4450,,150.4575624,116224,1779545362.9227617,,,,,794.0,,,,,
4453,0.0,150.4575624,116456,1779545363.420254,,,,,,,,,,
4458,,150.4581516,116612,1779545363.7647378,100.0,,,,,,,,,
4465,,150.4589174,116736,1779545364.5953977,,,,,,,,0.017295703,,
4468,,150.4589174,116736,1779545364.5953977,,,,,,,,,,-4.4892406
4470,0.55,150.4589174,116844,1779545364.8562732,,,,,,,,,,
4471,,150.4589174,116844,1779545364.8572874,50.0,,,,,,,,,
4473,,150.4595148,116860,1779545364.9041584,100.0,,,,,,,,,
4476,0.0,155.4636016,117016,1779545365.2444606,,,,,,,,,,
4478,0.0,155.46459,117248,1779545365.7934942,,,,,,,,,,
4480,,155.46459,117248,1779545366.2473938,,,,,,0.00019159836,,,,
4481,,155.46459,117248,1779545366.2483993,,0.00063096057,,,,,,,,
4486,,155.4670471,117248,1779545366.2493947,,,,0.025390625,,,,,,
4487,,155.4677294,117248,1779545366.2493947,,,,,,,,,,0.45299256
4489,0.0,155.4677294,117264,1779545366.3094218,,,,,,,,,,
4491,0.0,155.4683299,117308,1779545366.4239686,,,,,,,,,,
4492,,155.4683299,117308,1779545366.4242811,100.0,,,,,,,,,
4493,0.0,155.4683299,117420,1779545366.722742,,,,,,,,,,
4494,,155.4683299,117420,1779545366.7232578,100.0,,,,,,,,,
4496,,155.4683299,117652,1779545367.3994427,100.0,,,,,,,,,
4501,,155.46896,117760,1779545368.2542448,,,,,,0.00019134222,,,,
4502,,155.46896,117760,1779545368.2553418,,0.00037980615,,,,,,,,
4503,,155.46896,117760,1779545368.2553418,,,,,,,-0.00848088,,,
4505,,155.4694991,117760,1779545368.2553418,,,,,,,,-0.009191255,,
4507,,155.4700901,117760,1779545368.2553418,,,,0.0029296875,,,,,,
4510,0.0,155.4706279,117824,1779545368.376861,,,,,,,,,,
4511,,155.4712137,117824,1779545368.376861,100.0,,,,,,,,,
4512,0.0,155.4712137,118056,1779545368.916837,,,,,,,,,,
4518,0.703,155.4730838,118208,1779545369.4366162,,,,,,,,,,
4519,,155.4730838,118208,1779545369.4366162,33.0,,,,,,,,,
4520,0.0,155.4730838,118228,1779545369.4920769,,,,,,,,,,
4521,,155.4730838,118228,1779545369.4920769,100.0,,,,,,,,,
4522,,155.4730838,118272,1779545370.0037577,,,,,,0.00019108606,,,,
4523,,155.4730838,118272,1779545370.0037577,,0.0022783633,,,,,,,,
4526,,155.4737019,118272,1779545370.004774,,,,,,,,0.009212284,,
4527,,155.4737019,118272,1779545370.004774,,,,,,,,,0.006121916,
4530,,155.4737019,118272,1779545370.011205,,,,,771.0,,,,,
4532,,160.4786562,118460,1779545370.4606357,100.0,,,,,,,,,
4533,0.0,160.4786562,118520,1779545370.6595974,,,,,,,,,,
4534,,160.4786562,118520,1779545370.6595974,100.0,,,,,,,,,
4538,,160.4786562,118612,1779545370.9772234,100.0,,,,,,,,,
4539,0.0,160.4786562,118632,1779545371.0475423,,,,,,,,,,
4541,,160.4786562,118784,1779545372.2157168,,,,,,0.00019082992,,,,
4542,,160.4786562,118784,1779545372.2157168,,0.0014643548,,,,,,,,
4543,,160.4786562,118784,1779545372.2157168,,,,,,,-0.01249709,,,
4547,,160.4786562,118784,1779545372.216733,,,,0.0053710938,,,,,,
4548,,160.4786562,118784,1779545372.216733,,,,,,,,,,0.24355048
4549,,160.4786562,118784,1779545372.2229924,,,,,763.0,,,,,
4550,0.406,160.4786562,118868,1779545372.4785666,,,,,,,,,,
4553,,160.4786562,118924,1779545372.5853956,100.0,,,,,,,,,
4555,,160.4786562,119016,1779545372.7126927,100.0,,,,,,,,,
4558,0.0,160.4792793,119272,1779545373.0780387,,,,,,,,,,
4559,,160.4792793,119272,1779545373.0790372,100.0,,,,,,,,,
4560,,160.4792793,119296,1779545373.790911,,,,,,0.00019057377,,,,
4563,,160.4792793,119296,1779545373.790911,,,1.3643595,,,,,,,
4564,,160.4792793,119296,1779545373.790911,,,,,,,,-0.0013507111,,
4565,,160.4792793,119296,1779545373.790911,,,,,,,,,0.0017824387,
4566,,160.4792793,119296,1779545373.790911,,,,0.0,,,,,,
4567,,160.4792793,119296,1779545373.790911,,,,,,,,,,0.0813635
4569,0.0,160.4792793,119328,1779545373.851462,,,,,,,,,,
4570,,160.4792793,119328,1779545373.851462,100.0,,,,,,,,,
4573,0.0,160.4792793,119440,1779545374.1859586,,,,,,,,,,
4574,,160.4792793,119440,1779545374.1859586,100.0,,,,,,,,,
4575,0.0,160.4792793,119676,1779545374.7266629,,,,,,,,,,
4576,,160.4792793,119676,1779545374.7266629,100.0,,,,,,,,,
4577,0.0,160.4792793,119732,1779545374.829274,,,,,,,,,,
4578,,160.4792793,119732,1779545374.829274,100.0,,,,,,,,,
4579,,165.4818208,119808,1779545375.4596016,,,,,,0.00019031762,,,,
4581,,165.4818208,119808,1779545375.4596016,,,,,,,-0.024212038,,,
4582,,165.4818208,119808,1779545375.4596016,,,1.3703724,,,,,,,
4583,,165.4818208,119808,1779545375.4606042,,,,,,,,0.0032101693,,
4586,,165.4818208,119808,1779545375.4606042,,,,,,,,,,-3.786714
4587,,165.4818208,119808,1779545375.4653594,,,,,754.0,,,,,
4591,,165.4825654,119844,1779545375.5551631,100.0,,,,,,,,,
4594,0.0,165.4825654,120080,1779545376.1139648,,,,,,,,,,
4595,,165.4825654,120080,1779545376.1149614,100.0,,,,,,,,,
4596,0.0,165.4825654,120136,1779545376.26822,,,,,,,,,,
4600,0.0,165.4825654,120248,1779545376.4935248,,,,,,,,,,
4601,,165.4825654,120248,1779545376.494098,100.0,,,,,,,,,
4602,,165.4825654,120320,1779545377.2189379,,,,,,0.00019006147,,,,
4604,,165.4825654,120320,1779545377.2189379,,,,,,,-0.004765082,,,
4605,,165.4825654,120320,1779545377.2189379,,,1.3514727,,,,,,,
4606,,165.4825654,120320,1779545377.2189379,,,,,,,,0.0030728625,,
4607,,165.4825654,120320,1779545377.2199378,,,,,,,,,0.0025181323,
4608,,165.4825654,120320,1779545377.2199378,,,,0.0043945312,,,,,,
4609,,165.4825654,120320,1779545377.2199378,,,,,,,,,,0.2260564
4610,,165.4825654,120320,1779545377.2236907,,,,,749.0,,,,,
4616,,165.4847278,120648,1779545378.1123743,100.0,,,,,,,,,
4618,,165.4847278,120652,1779545378.133774,100.0,,,,,,,,,
4619,0.892,165.4847278,120704,1779545378.3387718,,,,,,,,,,
4621,0.0,165.4856403,120736,1779545378.435207,,,,,,,,,,
4625,,165.4861528,120832,1779545379.2449083,,,,,,,-0.021059597,,,
4626,,165.4868448,120832,1779545379.2449083,,,1.2515637,,,,,,,
4627,,165.4868448,120832,1779545379.2449083,,,,,,,,0.023920923,,
4628,,165.4868448,120832,1779545379.2449083,,,,,,,,,0.005658202,
4630,,165.4868448,120832,1779545379.2449083,,,,,,,,,,0.33774048
4631,,165.4868448,120832,1779545379.2493308,,,,,743.0,,,,,
4633,,165.4868448,120944,1779545379.471928,100.0,,,,,,,,,
4635,,165.4868448,121052,1779545379.6844108,100.0,,,,,,,,,
4637,,165.4868448,121108,1779545379.7941964,100.0,,,,,,,,,
4639,,165.4874631,121140,1779545379.8730655,100.0,,,,,,,,,
4640,,170.491373,121344,1779545380.9231281,,,,,,0.00018954917,,,,
4642,,170.491373,121344,1779545380.9237115,,,,,,,0.004035473,,,
4644,,170.4919855,121344,1779545380.9237115,,,,,,,,0.014203254,,
4647,,170.4919855,121344,1779545380.9242997,,,,,,,,,,-2.5094845
4648,,170.4919855,121344,1779545380.929289,,,,,738.0,,,,,
4650,,170.4919855,121348,1779545380.9449642,100.0,,,,,,,,,
4651,0.0,170.4919855,121456,1779545381.246876,,,,,,,,,,
4653,0.0,170.4919855,121512,1779545381.4094095,,,,,,,,,,
4655,0.0,170.4919855,121544,1779545381.4991837,,,,,,,,,,
4658,,170.4926095,121752,1779545382.0627475,100.0,,,,,,,,,
4659,,170.4926095,121856,1779545383.2427332,,,,,,0.00018929303,,,,
4661,,170.4926095,121856,1779545383.2427332,,,,,,,-0.005401034,,,
4665,,170.4926095,121856,1779545383.244334,,,,0.03857422,,,,,,
4666,,170.4926095,121856,1779545383.244334,,,,,,,,,,-0.18977249
4670,0.0,170.4926095,121916,1779545383.4511719,,,,,,,,,,
4671,,170.4926095,121916,1779545383.4511719,100.0,,,,,,,,,
4672,0.0,170.4926095,121948,1779545383.5655313,,,,,,,,,,
4673,,170.4926095,121948,1779545383.5661404,100.0,,,,,,,,,
4674,0.613,170.4926095,122092,1779545383.9908857,,,,,,,,,,
4676,0.0,170.4926095,122156,1779545384.194006,,,,,,,,,,
4677,,170.4926095,122156,1779545384.194653,100.0,,,,,,,,,
4680,0.0,170.4932467,122352,1779545384.7944212,,,,,,,,,,
4681,,170.4932467,122352,1779545384.7949355,100.0,,,,,,,,,
4687,,175.4978891,122368,1779545385.5573578,,,,,,,,,0.00090596545,
4688,,175.4978891,122368,1779545385.5573578,,,,0.0078125,,,,,,
4689,,175.4978891,122368,1779545385.5573578,,,,,,,,,,0.17103046
4694,,175.4978891,122560,1779545386.0562804,100.0,,,,,,,,,
4696,,175.4978891,122668,1779545386.3750584,100.0,,,,,,,,,
4698,,175.4978891,122676,1779545386.4057765,80.0,,,,,,,,,
4704,,175.4985435,122880,1779545387.5965338,,0.00388101,,,,,,,,
4705,,175.4985435,122880,1779545387.5965338,,,,,,,-0.014750078,,,
4707,,175.4985435,122880,1779545387.5965338,,,,,,,,0.014504486,,
4708,,175.4985435,122880,1779545387.597326,,,,,,,,,0.0053277304,
4710,,175.4985435,122880,1779545387.597326,,,,,,,,,,0.28054678
4712,0.0,175.4985435,122964,1779545387.7980137,,,,,,,,,,
4713,,175.4985435,122964,1779545387.799014,100.0,,,,,,,,,
4715,,175.4985435,123040,1779545387.9705088,18.0,,,,,,,,,
4718,0.0,175.4992393,123092,1779545388.11183,,,,,,,,,,
4719,,175.4992393,123092,1779545388.11183,100.0,,,,,,,,,
4720,0.649,175.4992393,123200,1779545388.3892558,,,,,,,,,,
4726,,175.4992393,123392,1779545389.512886,,,,,,,-0.0052781124,,,
4727,,175.4992393,123392,1779545389.512886,,,1.4299233,,,,,,,
4729,,175.4999056,123392,1779545389.512886,,,,,,,,,0.0040117092,
4731,,175.4999056,123392,1779545389.5141475,,,,,,,,,,0.4887386
4733,0.0,175.4999056,123484,1779545389.728378,,,,,,,,,,
4734,,175.4999056,123484,1779545389.728378,100.0,,,,,,,,,
4735,0.0,175.4999056,123496,1779545389.751889,,,,,,,,,,
4736,,175.4999056,123496,1779545389.751889,100.0,,,,,,,,,
4742,,175.4999056,123604,1779545390.0029614,100.0,,,,,,,,,
4750,,180.5056072,123904,1779545391.4404583,,0.006150178,,,,,,,,
4751,,180.5056072,123904,1779545391.4404583,,,,,,,-0.018238608,,,
4752,,180.5056072,123904,1779545391.4404583,,,1.322784,,,,,,,
4753,,180.5056072,123904,1779545391.4404583,,,,,,,,-0.008063884,,
4756,,180.5056072,123904,1779545391.4404583,,,,,,,,,,0.19113028
4758,0.0,180.5076073,123924,1779545391.5152483,,,,,,,,,,
4759,,180.5076073,123924,1779545391.51677,100.0,,,,,,,,,
4762,0.0,180.5076073,124292,1779545392.5227947,,,,,,,,,,
4763,,180.5076073,124292,1779545392.5233135,100.0,,,,,,,,,
4771,,180.5081254,124416,1779545393.4729757,,,1.3607457,,,,,,,
4772,,180.5081254,124416,1779545393.4740293,,,,,,,,0.020511834,,
4773,,180.5081254,124416,1779545393.4740293,,,,,,,,,0.0087656565,
4774,,180.5081254,124416,1779545393.4740293,,,,0.033203125,,,,,,
4775,,180.5086452,124416,1779545393.4740293,,,,,,,,,,-1.8878834
4778,,180.5086452,124444,1779545393.5641727,100.0,,,,,,,,,
4779,0.487,180.5086452,124524,1779545393.7760332,,,,,,,,,,
4780,,180.5089947,124524,1779545393.7760332,57.0,,,,,,,,,
4783,0.0,180.5089947,124732,1779545394.3499203,,,,,,,,,,
4784,,180.5089947,124732,1779545394.3499203,100.0,,,,,,,,,
4785,0.0,180.5089947,124848,1779545394.729129,,,,,,,,,,
4789,,185.5129024,124928,1779545395.747977,,,,,,0.00018775614,,,,
4790,,185.5129024,124928,1779545395.747977,,0.0018243531,,,,,,,,
4792,,185.5129024,124928,1779545395.7490022,,,1.2564911,,,,,,,
4794,,185.5129024,124928,1779545395.7490022,,,,,,,,,0.0038369722,
4795,,185.5129024,124928,1779545395.7490022,,,,0.0068359375,,,,,,
4797,,185.5135509,124928,1779545395.7551615,,,,,697.0,,,,,
4799,,185.5135509,125112,1779545396.2602386,100.0,,,,,,,,,
4800,0.0,185.5135509,125136,1779545396.3341477,,,,,,,,,,
4804,0.0,185.5140721,125332,1779545396.8933344,,,,,,,,,,
4806,,185.5140721,125440,1779545398.0031312,,,,,,0.0001875,,,,
4808,,185.5140721,125440,1779545398.0031312,,,,,,,-0.013226659,,,
4809,,185.5140721,125440,1779545398.0038981,,,1.2317019,,,,,,,
4810,,185.5140721,125440,1779545398.0038981,,,,,,,,0.0077265697,,
4812,,185.5140721,125440,1779545398.0038981,,,,0.046875,,,,,,
4816,,185.5146196,125516,1779545398.224485,100.0,,,,,,,,,
4818,,185.5146196,125540,1779545398.310413,100.0,,,,,,,,,
4819,0.0,185.5146196,125656,1779545398.639249,,,,,,,,,,
4821,0.0,185.5146196,125736,1779545398.8808334,,,,,,,,,,
4822,,185.5146196,125736,1779545398.8808334,100.0,,,,,,,,,
4823,0.613,185.5146196,125912,1779545399.315952,,,,,,,,,,
4824,,185.5146196,125912,1779545399.315952,43.0,,,,,,,,,
4826,,185.5146196,125920,1779545399.341479,100.0,,,,,,,,,
4829,,185.5146196,125952,1779545399.9702458,,,,,,0.00018724386,,,,
4831,,185.5151201,125952,1779545399.9702458,,,,,,,-0.0036577582,,,
4835,,185.5151201,125952,1779545399.9714918,,,,0.009277344,,,,,,
4838,0.0,185.5151201,126060,1779545400.235559,,,,,,,,,,
4839,,185.5178007,126060,1779545400.235559,100.0,,,,,,,,,
4841,,190.5241266,126316,1779545400.7816322,100.0,,,,,,,,,
4843,,190.5241266,126324,1779545400.7976177,100.0,,,,,,,,,
4845,,190.5246595,126348,1779545400.835363,100.0,,,,,,,,,
4851,,190.5246595,126464,1779545401.7856064,,,1.2915472,,,,,,,
4852,,190.5246595,126464,1779545401.7856064,,,,,,,,0.00064483844,,
4860,,190.5246595,126728,1779545402.3682086,100.0,,,,,,,,,
4861,0.0,190.5246595,126752,1779545402.42463,,,,,,,,,,
4862,,190.5246595,126752,1779545402.425655,100.0,,,,,,,,,
4870,,190.5246595,126976,1779545403.4747093,,,,,,,,,0.0019802996,
4875,,190.5246595,127124,1779545403.77686,100.0,,,,,,,,,
4878,0.0,190.5258423,127156,1779545403.8329413,,,,,,,,,,
4879,,190.5258423,127156,1779545403.8329413,100.0,,,,,,,,,
4886,,190.5258423,127488,1779545405.0432823,,,,,,,,-0.0036709718,,
4888,,190.5258423,127488,1779545405.0447764,,,,0.010253906,,,,,,
4890,,190.5263214,127488,1779545405.050482,,,,,676.0,,,,,
4893,0.0,190.5263214,127536,1779545405.1894226,,,,,,,,,,
4894,,190.5263214,127536,1779545405.1894226,100.0,,,,,,,,,
4896,,190.5263214,127552,1779545405.2355032,98.0,,,,,,,,,
4901,0.0,195.5313057,127940,1779545405.9606025,,,,,,,,,,
4902,,195.5313057,127940,1779545405.9606025,100.0,,,,,,,,,
4903,0.0,195.5313057,127956,1779545406.0030146,,,,,,,,,,
4906,,195.5313057,128000,1779545406.7117949,,0.000106715874,,,,,,,,
4909,,195.5322617,128000,1779545406.7117949,,,,,,,,0.001992615,,
4911,,195.5322617,128000,1779545406.7123432,,,,0.00048828125,,,,,,
4913,,195.5322617,128000,1779545406.714873,,,,,673.0,,,,,
4914,0.0,195.5322617,128080,1779545406.8438473,,,,,,,,,,
4916,0.181,195.5322617,128308,1779545407.3250427,,,,,,,,,,
4917,,195.5322617,128308,1779545407.3250427,91.0,,,,,,,,,
4918,0.0,195.5335528,128336,1779545407.3866022,,,,,,,,,,
4919,,195.5335528,128336,1779545407.3866022,100.0,,,,,,,,,
4921,,195.5335528,128360,1779545407.443528,100.0,,,,,,,,,
4923,,195.5335528,128480,1779545407.687856,42.0,,,,,,,,,
4925,,195.5335528,128484,1779545407.6994455,100.0,,,,,,,,,
4927,,195.5335528,128512,1779545408.3200915,,0.003271753,,,,,,,,
4929,,195.5335528,128512,1779545408.3200915,,,1.3463684,,,,,,,
4930,,195.5345673,128512,1779545408.3200915,,,,,,,,0.0083670905,,
4935,0.0,195.5345673,128740,1779545408.7592995,,,,,,,,,,
4937,0.0,195.5345673,128764,1779545408.799177,,,,,,,,,,
4940,,195.5355901,128884,1779545409.0063875,100.0,,,,,,,,,
4942,,195.5355901,128888,1779545409.0206208,100.0,,,,,,,,,
4943,,195.5355901,129024,1779545409.8435652,,,,,,0.00018570697,,,,
4944,,195.5355901,129024,1779545409.8435652,,0.00012540427,,,,,,,,
4946,,195.5355901,129024,1779545409.8435652,,,1.2895283,,,,,,,
4950,,195.5355901,129024,1779545409.8435652,,,,,,,,,,0.59146696
4951,,195.5362442,129024,1779545409.8466835,,,,,667.0,,,,,
4954,0.0,195.5362442,129168,1779545410.1492734,,,,,,,,,,
4957,,200.5402978,129288,1779545410.49469,100.0,,,,,,,,,
4959,,200.5402978,129292,1779545410.5110557,100.0,,,,,,,,,
4962,,200.5402978,129536,1779545411.7100706,,,,,,,0.010817707,,,
4963,,200.5402978,129536,1779545411.7100706,,,1.244644,,,,,,,
4964,,200.5408778,129536,1779545411.7100706,,,,,,,,0.011410194,,
4965,,200.5408778,129536,1779545411.7100706,,,,,,,,,0.0054718205,
4967,,200.5408778,129536,1779545411.7100706,,,,,,,,,,-8.774951
4968,,200.5408778,129536,1779545411.7131057,,,,,664.0,,,,,
4972,,200.5408778,129572,1779545411.7861354,100.0,,,,,,,,,
4974,,200.5412695,129692,1779545412.0449061,100.0,,,,,,,,,
4978,,200.5412695,129952,1779545412.6749973,100.0,,,,,,,,,
4979,0.0,200.5412695,129976,1779545412.715128,,,,,,,,,,
4983,,200.5412695,130048,1779545413.4881542,,,,,,0.00018519467,,,,
4990,,200.5412695,130048,1779545413.4891548,,,,,,,,,,0.23222482
4991,,200.5412695,130048,1779545413.4927967,,,,,660.0,,,,,
4992,0.0,200.5412695,130096,1779545413.6071198,,,,,,,,,,
4994,0.0,200.5412695,130100,1779545413.6214387,,,,,,,,,,
4998,0.0,200.5417802,130420,1779545414.2262113,,,,,,,,,,
4999,,200.5417802,130420,1779545414.2262113,100.0,,,,,,,,,
5000,0.0,200.5417802,130500,1779545414.4099684,,,,,,,,,,
5004,,200.5417802,130560,1779545415.0783117,,,,,,0.00018493853,,,,
5005,,200.5417802,130560,1779545415.0783117,,0.00033426477,,,,,,,,
5007,,200.5417802,130560,1779545415.0790858,,,1.349877,,,,,,,
5009,,200.5417802,130560,1779545415.07972,,,,,,,,,0.012912329,
5011,,200.5417802,130560,1779545415.07972,,,,,,,,,,-0.46873474
5015,0.0,205.544894,130784,1779545415.5993924,,,,,,,,,,
5016,,205.544894,130784,1779545415.5993924,100.0,,,,,,,,,
5018,,205.544894,130824,1779545415.6836,100.0,,,,,,,,,
5019,0.0,205.544894,130908,1779545415.8038704,,,,,,,,,,
5021,0.757,205.544894,130936,1779545415.8470888,,,,,,,,,,
5023,,205.544894,131072,1779545416.7632241,,,,,,0.00018468237,,,,
5024,,205.544894,131072,1779545416.7632241,,0.004487982,,,,,,,,
5030,,205.5458827,131072,1779545416.7642574,,,,,,,,,,0.32174748
5034,0.0,205.5458827,131188,1779545416.9676707,,,,,,,,,,
5035,,205.5458827,131188,1779545416.9676707,100.0,,,,,,,,,
5037,,205.5458827,131312,1779545417.2467322,100.0,,,,,,,,,
5038,0.0,205.5458827,131340,1779545417.3184555,,,,,,,,,,
5040,0.73,205.5458827,131436,1779545417.5383122,,,,,,,,,,
5041,,205.5458827,131436,1779545417.5383122,30.0,,,,,,,,,
5044,,205.5458827,131584,1779545418.4177217,,,,,,0.00018442623,,,,
5046,,205.5466911,131584,1779545418.4177217,,,,,,,-0.002343258,,,
5048,,205.5466911,131584,1779545418.4177217,,,,,,,,0.004401532,,
5050,,205.5466911,131584,1779545418.4187582,,,,0.001953125,,,,,,
5051,,205.5466911,131584,1779545418.4187582,,,,,,,,,,0.25415903
5053,0.0,205.5466911,131592,1779545418.4537375,,,,,,,,,,
5054,,205.5466911,131592,1779545418.4537375,100.0,,,,,,,,,
5055,0.0,205.5466911,131744,1779545418.7527344,,,,,,,,,,
5056,,205.5466911,131744,1779545418.7536292,100.0,,,,,,,,,
5058,,205.5466911,131840,1779545418.897223,100.0,,,,,,,,,
5060,,205.5466911,131904,1779545419.0384214,100.0,,,,,,,,,
5061,0.0,205.5466911,131996,1779545419.2440479,,,,,,,,,,
5062,,205.5466911,131996,1779545419.2440479,100.0,,,,,,,,,
5063,,205.5466911,132096,1779545420.0026927,,,,,,0.00018417009,,,,
5065,,205.5466911,132096,1779545420.003732,,,,,,,-0.012932835,,,
5066,,205.5466911,132096,1779545420.003732,,,1.4345937,,,,,,,
5067,,205.5466911,132096,1779545420.003732,,,,,,,,0.0077699563,,
5069,,205.5475027,132096,1779545420.0043254,,,,0.025878906,,,,,,
5071,,205.5475027,132096,1779545420.0088212,,,,,649.0,,,,,
5074,0.0,210.5531248,132244,1779545420.3726926,,,,,,,,,,
5076,0.0,210.5531248,132308,1779545420.5149004,,,,,,,,,,
5078,0.0,210.5531248,132400,1779545420.7102916,,,,,,,,,,
5080,0.676,210.5531248,132456,1779545420.803172,,,,,,,,,,
5086,,210.5537241,132608,1779545421.7125745,,,,,,,-0.020690246,,,
5089,,210.5537241,132608,1779545421.7125745,,,,,,,,,0.0054240194,
5091,,210.5537241,132608,1779545421.7125745,,,,,,,,,,0.42364997
5093,0.0,210.5537241,132648,1779545421.779452,,,,,,,,,,
5100,,210.5537241,132916,1779545422.321405,13.0,,,,,,,,,
5101,0.0,210.5537241,132956,1779545422.4167874,,,,,,,,,,
5102,,210.5537241,132956,1779545422.4167874,100.0,,,,,,,,,
5104,,210.5543352,133052,1779545422.6197689,100.0,,,,,,,,,
5105,0.361,210.5543352,133092,1779545422.6972437,,,,,,,,,,
5108,,210.5543352,133120,1779545422.7418733,16.0,,,,,,,,,
5109,,210.5543352,133120,1779545423.3221571,,,,,,0.00018365779,,,,
5110,,210.5543352,133120,1779545423.322858,,0.008224637,,,,,,,,
5113,,210.5543352,133120,1779545423.322858,,,,,,,,0.003258057,,
5117,,210.5543352,133120,1779545423.3273163,,,,,644.0,,,,,
5119,,210.5543352,133320,1779545423.747899,100.0,,,,,,,,,
5120,0.0,210.5543352,133360,1779545423.8297777,,,,,,,,,,
5123,,210.5543352,133496,1779545424.1247442,100.0,,,,,,,,,
5125,,210.5543352,133524,1779545424.191413,100.0,,,,,,,,,
5128,,210.5543352,133632,1779545425.0758846,,,,,,,-0.007990205,,,
5130,,210.5550681,133632,1779545425.0758846,,,,,,,,0.0023333775,,
5131,,210.5550681,133632,1779545425.0758846,,,,,,,,,0.0012380625,
5133,,210.5550681,133632,1779545425.0758846,,,,,,,,,,-1.1310904
5134,,210.5550681,133632,1779545425.080468,,,,,641.0,,,,,
5136,,215.5587372,133724,1779545425.2970593,100.0,,,,,,,,,
5140,,215.5587372,133900,1779545425.7028656,100.0,,,,,,,,,
5142,,215.5593117,133928,1779545425.7616167,100.0,,,,,,,,,
5143,0.0,215.5593117,134128,1779545426.176202,,,,,,,,,,
5145,,215.5593117,134144,1779545426.8470457,,,,,,0.00018314549,,,,
5148,,215.5593117,134144,1779545426.8482807,,,1.4673756,,,,,,,
5150,,215.5593117,134144,1779545426.8482807,,,,,,,,,0.015790492,
5152,,215.5593117,134144,1779545426.8482807,,,,,,,,,,-0.90173817
5153,,215.5593117,134144,1779545426.8513944,,,,,638.0,,,,,
5155,,215.5596546,134168,1779545426.9056349,100.0,,,,,,,,,
5156,0.847,215.5596546,134240,1779545427.0820196,,,,,,,,,,
5158,0.0,215.5596546,134304,1779545427.2487366,,,,,,,,,,
5159,,215.5596546,134304,1779545427.2487366,100.0,,,,,,,,,
5161,,215.5596546,134332,1779545427.33267,100.0,,,,,,,,,
5164,0.0,215.5596546,134644,1779545427.9690304,,,,,,,,,,
5165,,215.5596546,134644,1779545427.9697232,100.0,,,,,,,,,
5167,,215.5596546,134656,1779545428.7317274,,0.0056550163,,,,,,,,
5168,,215.5596546,134656,1779545428.7323709,,,,,,,-0.024466518,,,
5170,,215.5596546,134656,1779545428.7323709,,,,,,,,-0.0026965244,,
5172,,215.5596546,134656,1779545428.7323709,,,,0.0043945312,,,,,,
5173,,215.5596546,134656,1779545428.7323709,,,,,,,,,,0.33450592
5177,0.0,215.5615121,134736,1779545428.887039,,,,,,,,,,
5179,0.0,215.562342,134936,1779545429.316754,,,,,,,,,,
5180,,215.562342,134936,1779545429.316754,100.0,,,,,,,,,
5181,0.0,215.562342,135048,1779545429.5626593,,,,,,,,,,
5182,,215.562342,135048,1779545429.5626593,100.0,,,,,,,,,
5183,0.0,215.562342,135112,1779545429.6973236,,,,,,,,,,
5186,,215.562342,135140,1779545429.7407174,100.0,,,,,,,,,
5190,,220.5670417,135168,1779545430.3619971,,,1.4716446,,,,,,,
5191,,220.5670417,135168,1779545430.3619971,,,,,,,,0.00048241392,,
5193,,220.5673489,135168,1779545430.3619971,,,,0.001953125,,,,,,
5194,,220.5673489,135168,1779545430.3619971,,,,,,,,,,-3.1300817
5195,,220.5673489,135168,1779545430.3666937,,,,,632.0,,,,,
5196,0.0,220.5673489,135340,1779545430.7119415,,,,,,,,,,
5199,,220.5673489,135452,1779545430.8837254,100.0,,,,,,,,,
5200,0.0,220.5673489,135516,1779545431.0229762,,,,,,,,,,
5201,,220.5673489,135516,1779545431.0233703,100.0,,,,,,,,,
5202,0.0,220.5673489,135544,1779545431.0956526,,,,,,,,,,
5203,,220.5685421,135544,1779545431.0956526,100.0,,,,,,,,,
5204,0.964,220.5685421,135564,1779545431.144662,,,,,,,,,,
5205,,220.5685421,135564,1779545431.144662,4.0,,,,,,,,,
5206,0.532,220.5685421,135664,1779545431.3631954,,,,,,,,,,
5207,,220.5685421,135664,1779545431.3631954,52.0,,,,,,,,,
5208,,220.5685421,135680,1779545431.910781,,,,,,0.00018237704,,,,
5210,,220.5685421,135680,1779545431.910781,,,,,,,-0.010695316,,,
5211,,220.5685421,135680,1779545431.910781,,,1.5007441,,,,,,,
5212,,220.5685421,135680,1779545431.910781,,,,,,,,0.003402478,,
5213,,220.5685421,135680,1779545431.9117708,,,,,,,,,0.0028673946,
5215,,220.5695655,135680,1779545431.9121075,,,,,,,,,,0.308995
5216,,220.5695655,135680,1779545431.9164977,,,,,630.0,,,,,
5218,,220.5695655,135744,1779545432.0767028,100.0,,,,,,,,,
5222,,220.5695655,135968,1779545432.5690722,100.0,,,,,,,,,
5224,,220.5695655,136068,1779545432.7557614,100.0,,,,,,,,,
5226,,220.5695655,136148,1779545432.8685308,100.0,,,,,,,,,
5227,,220.5695655,136192,1779545433.6610587,,,,,,0.0001821209,,,,
5229,,220.5695655,136192,1779545433.6610587,,,,,,,-0.010235652,,,
5231,,220.5695655,136192,1779545433.6610587,,,,,,,,0.0067024576,,
5233,,220.5705873,136192,1779545433.6610587,,,,0.016113281,,,,,,
5234,,220.5705873,136192,1779545433.6610587,,,,,,,,,,-2.9126916
5237,,220.5705873,136324,1779545433.8819065,100.0,,,,,,,,,
5239,,220.5705873,136372,1779545433.9782355,100.0,,,,,,,,,
5240,0.0,220.5705873,136472,1779545434.192588,,,,,,,,,,
5241,,220.5705873,136472,1779545434.192588,100.0,,,,,,,,,
5242,0.0,220.5705873,136552,1779545434.3752213,,,,,,,,,,
5248,,220.5717513,136704,1779545435.2010217,,,,,,,,-0.00684313,,
5249,,220.5717513,136704,1779545435.2010217,,,,,,,,,0.008454214,
5250,,220.5721793,136704,1779545435.2010217,,,,0.033203125,,,,,,
5253,0.0,220.5721793,136728,1779545435.2706783,,,,,,,,,,
5254,,220.5721793,136728,1779545435.2706783,100.0,,,,,,,,,
5255,0.0,225.5757026,136776,1779545435.3800073,,,,,,,,,,
5258,,225.5757026,136876,1779545435.6001887,100.0,,,,,,,,,
5259,0.0,225.5757026,136956,1779545435.7385907,,,,,,,,,,
5260,,225.5757026,136956,1779545435.7385907,100.0,,,,,,,,,
5261,0.0,225.5761061,137132,1779545436.0352077,,,,,,,,,,
5262,,225.5761061,137132,1779545436.0352077,100.0,,,,,,,,,
5264,,225.5761061,137180,1779545436.149479,100.0,,,,,,,,,
5265,,225.5761061,137216,1779545436.8124986,,,,,,0.0001816086,,,,
5266,,225.5761061,137216,1779545436.8124986,,0.00015872416,,,,,,,,
5267,,225.5766764,137216,1779545436.8124986,,,,,,,-0.002057884,,,
5268,,225.5766764,137216,1779545436.8124986,,,1.624716,,,,,,,
5272,,225.5766764,137216,1779545436.8124986,,,,,,,,,,-2.9259746
5273,,225.5766764,137216,1779545436.8159258,,,,,623.0,,,,,
5274,0.0,225.5766764,137280,1779545436.9296467,,,,,,,,,,
5277,,225.5772324,137360,1779545437.1092675,100.0,,,,,,,,,
5281,,225.5772324,137536,1779545437.4883084,100.0,,,,,,,,,
5284,0.271,225.5772324,137608,1779545437.6576915,,,,,,,,,,
5285,,225.5772324,137608,1779545437.6576915,81.0,,,,,,,,,
5286,0.937,225.5772324,137616,1779545437.6798468,,,,,,,,,,
5287,,225.5772324,137616,1779545437.6798468,7.0,,,,,,,,,
5294,,225.5772324,137728,1779545438.4656355,,,,0.0034179688,,,,,,
5296,,225.5772324,137728,1779545438.4694471,,,,,620.0,,,,,
5297,0.0,225.5780771,137820,1779545438.664974,,,,,,,,,,
5299,0.0,225.5780771,137940,1779545438.8470283,,,,,,,,,,
5301,0.0,225.5780771,138012,1779545438.9858723,,,,,,,,,,
5302,,225.5780771,138012,1779545438.9858723,100.0,,,,,,,,,
5304,,225.5780771,138020,1779545439.0085804,100.0,,,,,,,,,
5305,0.0,225.5780771,138224,1779545439.4430435,,,,,,,,,,
5309,,225.5780771,138240,1779545440.237684,,,,,,,-0.01052393,,,
5313,,225.5785985,138240,1779545440.237684,,,,0.07763672,,,,,,
5315,,225.5785985,138240,1779545440.2417078,,,,,618.0,,,,,
5318,0.0,230.5828689,138344,1779545440.5126133,,,,,,,,,,
5319,,230.5828689,138344,1779545440.5126133,100.0,,,,,,,,,
5322,0.0,230.5828689,138424,1779545440.7813873,,,,,,,,,,
5327,,230.5836051,138748,1779545441.6993673,100.0,,,,,,,,,
5329,,230.5836051,138752,1779545442.3856242,,0.0029577108,,,,,,,,
5331,,230.5836051,138752,1779545442.3856242,,,1.6761742,,,,,,,
5332,,230.5836051,138752,1779545442.3861485,,,,,,,,0.0014395369,,
5333,,230.5836051,138752,1779545442.3861485,,,,,,,,,0.0024923203,
5334,,230.5836051,138752,1779545442.3861485,,,,0.00390625,,,,,,
5335,,230.5836051,138752,1779545442.3861485,,,,,,,,,,0.28009576
5336,,230.5836051,138752,1779545442.3908648,,,,,614.0,,,,,
5337,0.0,230.5841444,138780,1779545442.4751334,,,,,,,,,,
5340,,230.5841444,138828,1779545442.6088645,100.0,,,,,,,,,
5342,,230.5841444,139104,1779545443.2226434,100.0,,,,,,,,,
5343,0.37,230.5841444,139112,1779545443.250984,,,,,,,,,,
5346,,230.5841444,139152,1779545443.3643522,100.0,,,,,,,,,
5348,,230.5841444,139184,1779545443.4499538,100.0,,,,,,,,,
5349,,230.5841444,139264,1779545444.1961505,,,,,,0.00018058401,,,,
5350,,230.5841444,139264,1779545444.1961505,,0.0010372499,,,,,,,,
5352,,230.5841444,139264,1779545444.1961505,,,1.6637098,,,,,,,
5355,,230.5841444,139264,1779545444.19717,,,,0.0,,,,,,
5356,,230.5841444,139264,1779545444.19717,,,,,,,,,,0.20057774
5357,,230.5849042,139264,1779545444.2004325,,,,,612.0,,,,,
5358,0.0,230.5849042,139508,1779545444.824658,,,,,,,,,,
5360,0.0,230.5849042,139516,1779545444.846587,,,,,,,,,,
5361,,230.5849042,139516,1779545444.846587,100.0,,,,,,,,,
5367,,230.5852438,139588,1779545445.0515275,100.0,,,,,,,,,
5369,,235.5882921,139776,1779545446.2939286,,0.0036076177,,,,,,,,
5371,,235.5882921,139776,1779545446.2939286,,,1.5963207,,,,,,,
5372,,235.5882921,139776,1779545446.2939286,,,,,,,,0.006202952,,
5373,,235.5882921,139776,1779545446.29549,,,,,,,,,0.0015468574,
5375,,235.5882921,139776,1779545446.29549,,,,,,,,,,0.24495035
5376,,235.5882921,139776,1779545446.2990496,,,,,608.0,,,,,
5379,0.0,235.5882921,139920,1779545446.6272252,,,,,,,,,,
5382,,235.5882921,139988,1779545446.7641687,100.0,,,,,,,,,
5383,0.0,235.5882921,139992,1779545446.7797828,,,,,,,,,,
5384,,235.5889414,139992,1779545446.7797828,100.0,,,,,,,,,
5388,,235.5889414,140288,1779545448.1098533,,,1.592666,,,,,,,
5389,,235.5889414,140288,1779545448.1098533,,,,,,,,0.011350869,,
5390,,235.5889414,140288,1779545448.1098533,,,,,,,,,0.0074806833,
5392,,235.5889414,140288,1779545448.1098533,,,,,,,,,,-3.713759
5393,,235.5889414,140288,1779545448.114191,,,,,606.0,,,,,
5394,0.0,235.5889414,140316,1779545448.1802719,,,,,,,,,,
5395,,235.5889414,140316,1779545448.1802719,100.0,,,,,,,,,
5396,0.0,235.5889414,140324,1779545448.200994,,,,,,,,,,
5397,,235.5889414,140324,1779545448.200994,100.0,,,,,,,,,
5398,0.0,235.5889414,140392,1779545448.3690786,,,,,,,,,,
5399,,235.5889414,140392,1779545448.3696032,100.0,,,,,,,,,
5400,0.0,235.5889414,140396,1779545448.3855984,,,,,,,,,,
5401,,235.5889414,140396,1779545448.3855984,100.0,,,,,,,,,
5403,,235.5889414,140468,1779545448.561264,37.0,,,,,,,,,
5405,,235.5889414,140692,1779545449.0972483,55.0,,,,,,,,,
5406,0.0,235.5889414,140728,1779545449.16754,,,,,,,,,,
5412,,235.5895835,140800,1779545450.0650966,,,,,,0.00017981557,,,,
5416,,235.5895835,140800,1779545450.0650966,,,,,,,,-0.002698698,,
5419,,235.5895835,140800,1779545450.0661056,,,,,,,,,,0.3569417
5421,0.883,235.5895835,140856,1779545450.220146,,,,,,,,,,
5423,0.379,240.5929606,141076,1779545450.6916034,,,,,,,,,,
5426,,240.5929606,141096,1779545450.7396314,100.0,,,,,,,,,
5427,0.0,240.5929606,141132,1779545450.817548,,,,,,,,,,
5428,,240.5929606,141132,1779545450.817548,100.0,,,,,,,,,
5431,,240.5935633,141312,1779545451.740004,,,,,,0.00017955943,,,,
5434,,240.5935633,141312,1779545451.741025,,,1.57826,,,,,,,
5435,,240.5935633,141312,1779545451.741025,,,,,,,,0.004556055,,
5437,,240.5935633,141312,1779545451.741025,,,,0.0014648438,,,,,,
5438,,240.5935633,141312,1779545451.741025,,,,,,,,,,0.22594196
5439,,240.5935633,141312,1779545451.7445118,,,,,601.0,,,,,
5441,,240.5935633,141480,1779545452.0786886,100.0,,,,,,,,,
5443,,240.5935633,141500,1779545452.1091163,100.0,,,,,,,,,
5444,0.0,240.5935633,141536,1779545452.184674,,,,,,,,,,
5445,,240.5935633,141536,1779545452.184674,100.0,,,,,,,,,
5446,0.0,240.5935633,141664,1779545452.473862,,,,,,,,,,
5448,0.856,240.5935633,141732,1779545452.626009,,,,,,,,,,
5449,,240.5935633,141732,1779545452.626009,16.0,,,,,,,,,
5454,,240.5941032,141824,1779545453.5529082,,,,,,,-0.017445473,,,
5456,,240.5951724,141824,1779545453.5561702,,,,,,,,-0.0015527485,,
5458,,240.5956874,141824,1779545453.5561702,,,,0.0078125,,,,,,
5459,,240.5956874,141824,1779545453.5561702,,,,,,,,,,0.32373017
5462,,240.5960041,141904,1779545453.7562668,100.0,,,,,,,,,
5463,0.0,240.5960041,141940,1779545453.8656747,,,,,,,,,,
5464,,240.5960041,141940,1779545453.8656747,100.0,,,,,,,,,
5465,0.0,240.597827,142136,1779545454.222774,,,,,,,,,,
5467,0.0,240.597827,142200,1779545454.3563287,,,,,,,,,,
5468,,240.5985922,142200,1779545454.3563287,100.0,,,,,,,,,
5469,0.73,240.5985922,142260,1779545454.490852,,,,,,,,,,
5473,0.883,240.5992636,142320,1779545454.6289446,,,,,,,,,,
5481,,240.6012563,142336,1779545455.1735044,,,,0.0126953125,,,,,,
5483,,240.6026662,142336,1779545455.1768029,,,,,596.0,,,,,
5485,,240.6050531,142344,1779545455.1954532,100.0,,,,,,,,,
5486,0.0,245.60739,142604,1779545455.821755,,,,,,,,,,
5491,,245.6079735,142724,1779545456.0593224,100.0,,,,,,,,,
5493,,245.6079735,142748,1779545456.1010003,100.0,,,,,,,,,
5494,,245.6079735,142848,1779545457.0242536,,,,,,0.00017879099,,,,
5497,,245.6079735,142848,1779545457.0242536,,,1.5386928,,,,,,,
5498,,245.6079735,142848,1779545457.0242536,,,,,,,,0.014255233,,
5499,,245.6079735,142848,1779545457.0242536,,,,,,,,,0.004602875,
5500,,245.6079735,142848,1779545457.0242536,,,,0.015625,,,,,,
5503,0.658,245.6085103,142904,1779545457.1660488,,,,,,,,,,
5510,,245.6088753,143128,1779545457.7942693,100.0,,,,,,,,,
5514,,245.6088753,143308,1779545458.2726858,100.0,,,,,,,,,
5516,,245.6088753,143360,1779545459.110983,,0.0028575305,,,,,,,,
5517,,245.6088753,143360,1779545459.110983,,,,,,,-0.0062166676,,,
5520,,245.6088753,143360,1779545459.1115582,,,,,,,,,0.0011305474,
5523,,245.6088753,143360,1779545459.1144996,,,,,591.0,,,,,
5525,,245.6088753,143388,1779545459.193658,100.0,,,,,,,,,
5528,0.0,245.6095454,143556,1779545459.6452951,,,,,,,,,,
5529,,245.6095454,143556,1779545459.646299,100.0,,,,,,,,,
5530,0.0,245.6095454,143712,1779545460.0279648,,,,,,,,,,
5531,,245.6095454,143712,1779545460.0289595,100.0,,,,,,,,,
5533,,245.6095454,143792,1779545460.1544085,100.0,,,,,,,,,
5535,,250.6135879,143872,1779545461.0130002,,0.0003152542,,,,,,,,
5544,,250.6141306,143876,1779545461.0415032,100.0,,,,,,,,,
5545,0.0,250.6141306,143960,1779545461.2199855,,,,,,,,,,
5547,0.811,250.6141306,143964,1779545461.2362015,,,,,,,,,,
5548,,250.6141306,143964,1779545461.2362015,21.0,,,,,,,,,
5551,0.0,250.6141306,144196,1779545461.8075676,,,,,,,,,,
5557,0.0,250.6149174,144368,1779545462.156485,,,,,,,,,,
5559,,250.6149174,144384,1779545462.9569132,,,,,,0.00017802254,,,,
5561,,250.6149174,144384,1779545462.9569132,,,,,,,-0.01252735,,,
5562,,250.6149174,144384,1779545462.9569132,,,1.3235743,,,,,,,
5565,,250.6149174,144384,1779545462.9582741,,,,0.033203125,,,,,,
5566,,250.6149174,144384,1779545462.9582741,,,,,,,,,,0.35648125
5570,0.0,250.6149174,144600,1779545463.4179876,,,,,,,,,,
5573,,250.6149174,144684,1779545463.6303513,100.0,,,,,,,,,
5581,,250.6155344,144896,1779545464.761577,,0.007496345,,,,,,,,
5583,,250.6155344,144896,1779545464.761577,,,1.234649,,,,,,,
5587,,250.6155344,144896,1779545464.762923,,,,,,,,,,0.21564072
5588,,250.6155344,144896,1779545464.7678487,,,,,584.0,,,,,
5592,,250.6155344,145108,1779545465.2396328,100.0,,,,,,,,,
5593,0.0,255.6236267,145172,1779545465.3951719,,,,,,,,,,
5596,,255.6236267,145284,1779545465.6454213,100.0,,,,,,,,,
5598,,255.624178,145408,1779545466.4913032,,0.00284112,,,,,,,,
5599,,255.624178,145408,1779545466.4913032,,,,,,,-0.013889138,,,
5602,,255.624178,145408,1779545466.4913032,,,,,,,,,0.0052189594,
5604,,255.624178,145408,1779545466.4913032,,,,,,,,,,-3.4845557
5607,,255.624178,145492,1779545466.691148,100.0,,,,,,,,,
5608,0.523,255.624178,145500,1779545466.71735,,,,,,,,,,
5610,0.0,255.624178,145512,1779545466.7526934,,,,,,,,,,
5613,,255.624178,145576,1779545466.9048083,100.0,,,,,,,,,
5614,0.0,255.624178,145896,1779545467.5364387,,,,,,,,,,
5616,0.0,255.624178,145904,1779545467.560409,,,,,,,,,,
5617,,255.624178,145904,1779545467.5613172,100.0,,,,,,,,,
5618,0.0,255.624178,145916,1779545467.5925105,,,,,,,,,,
5619,,255.624178,145916,1779545467.5925105,100.0,,,,,,,,,
5620,,255.624178,145920,1779545468.1987638,,,,,,0.0001772541,,,,
5621,,255.624178,145920,1779545468.1987638,,0.0012867918,,,,,,,,
5623,,255.6248004,145920,1779545468.1987638,,,1.3629764,,,,,,,
5624,,255.6248004,145920,1779545468.1987638,,,,,,,,-0.0005197823,,
5625,,255.6248004,145920,1779545468.1987638,,,,,,,,,0.0076432447,
5628,,255.6248004,145920,1779545468.2027652,,,,,580.0,,,,,
5629,0.0,255.6248004,145980,1779545468.3526056,,,,,,,,,,
5631,0.442,255.6248004,146156,1779545468.7669628,,,,,,,,,,
5633,0.0,255.6248004,146300,1779545469.0703876,,,,,,,,,,
5634,,255.6248004,146300,1779545469.0703876,100.0,,,,,,,,,
5640,,255.6248004,146432,1779545469.9889147,,0.0019688897,,,,,,,,
5642,,255.6248004,146432,1779545469.9889147,,,1.3501673,,,,,,,
5644,,255.6248004,146432,1779545469.9889147,,,,,,,,,0.0059718215,
5645,,255.6248004,146432,1779545469.9899151,,,,0.021972656,,,,,,
5647,,255.6248004,146432,1779545469.992929,,,,,578.0,,,,,
5648,0.0,255.6248004,146560,1779545470.235307,,,,,,,,,,
5649,,255.6254531,146560,1779545470.235307,100.0,,,,,,,,,
5651,,260.6299268,146704,1779545470.569067,100.0,,,,,,,,,
5653,,260.6299268,146724,1779545470.6212902,100.0,,,,,,,,,
5655,,260.6299268,146788,1779545470.787818,100.0,,,,,,,,,
5657,,260.6299268,146944,1779545471.988929,,0.001152741,,,,,,,,
5658,,260.6299268,146944,1779545471.988929,,,,,,,-0.036227368,,,
5659,,260.6299268,146944,1779545471.988929,,,1.4742405,,,,,,,
5661,,260.6299268,146944,1779545471.988929,,,,,,,,,0.012968377,
5662,,260.6299268,146944,1779545471.988929,,,,0.05419922,,,,,,
5663,,260.630584,146944,1779545471.989927,,,,,,,,,,-2.2414038
5664,,260.630584,146944,1779545471.992747,,,,,575.0,,,,,
5666,,260.630584,146964,1779545472.0423532,100.0,,,,,,,,,
5670,,260.630584,147108,1779545472.4046483,100.0,,,,,,,,,
5673,0.982,260.630584,147140,1779545472.5022957,,,,,,,,,,
5674,,260.630584,147140,1779545472.5022957,2.0,,,,,,,,,
5680,,260.6310757,147408,1779545473.1261747,100.0,,,,,,,,,
5681,,260.6310757,147456,1779545473.9043858,,,,,,0.00017648566,,,,
5683,,260.6310757,147456,1779545473.9054031,,,,,,,-0.00994309,,,
5684,,260.6310757,147456,1779545473.9054031,,,1.273433,,,,,,,
5685,,260.6310757,147456,1779545473.9054031,,,,,,,,0.0044533517,,
5687,,260.6310757,147456,1779545473.9054031,,,,0.0053710938,,,,,,
5689,,260.6310757,147456,1779545473.9102838,,,,,573.0,,,,,
5691,,260.6310757,147512,1779545474.0597105,100.0,,,,,,,,,
5694,0.0,260.6310757,147596,1779545474.244929,,,,,,,,,,
5697,,260.6318916,147812,1779545474.8387158,100.0,,,,,,,,,
5701,,260.6318916,147916,1779545475.0618737,100.0,,,,,,,,,
5703,,265.6354646,147968,1779545475.9443393,,0.0007961045,,,,,,,,
5704,,265.635978,147968,1779545475.9443393,,,,,,,-0.005679615,,,
5706,,265.635978,147968,1779545475.9443393,,,,,,,,-0.0048424797,,
5707,,265.635978,147968,1779545475.9443393,,,,,,,,,0.0005316464,
5708,,265.635978,147968,1779545475.9443393,,,,0.008300781,,,,,,
5710,,265.635978,147968,1779545475.9490733,,,,,570.0,,,,,
5711,0.0,265.635978,148000,1779545476.0425658,,,,,,,,,,
5712,,265.635978,148000,1779545476.0425658,100.0,,,,,,,,,
5714,,265.635978,148216,1779545476.6015306,100.0,,,,,,,,,
5718,,265.6363304,148276,1779545476.7701826,89.0,,,,,,,,,
5720,,265.6369956,148404,1779545477.0651698,100.0,,,,,,,,,
5721,,265.6369956,148480,1779545478.0661504,,,,,,0.00017597336,,,,
5724,,265.6369956,148480,1779545478.0661504,,,1.2873242,,,,,,,
5727,,265.6369956,148480,1779545478.0661504,,,,0.0078125,,,,,,
5729,,265.6369956,148480,1779545478.0708694,,,,,568.0,,,,,
5733,,265.6369956,148652,1779545478.4823563,100.0,,,,,,,,,
5735,,265.6376425,148680,1779545478.5527797,100.0,,,,,,,,,
5741,,265.6376425,148992,1779545480.0323856,,,1.4097843,,,,,,,
5744,,265.6376425,148992,1779545480.0323856,,,,0.0078125,,,,,,
5746,,265.6376425,148992,1779545480.0365238,,,,,565.0,,,,,
5747,0.0,265.6376425,149024,1779545480.092623,,,,,,,,,,
5751,0.0,265.6376425,149084,1779545480.1903877,,,,,,,,,,
5752,,265.6406385,149084,1779545480.1907618,100.0,,,,,,,,,
5753,0.0,270.6477211,149212,1779545480.4865518,,,,,,,,,,
5754,,270.6477211,149212,1779545480.4865518,100.0,,,,,,,,,
5755,0.0,270.6477211,149428,1779545481.0426033,,,,,,,,,,
5756,,270.6477211,149428,1779545481.0436213,100.0,,,,,,,,,
5757,0.0,270.6485079,149460,1779545481.1001554,,,,,,,,,,
5760,,270.6490724,149476,1779545481.1306322,11.0,,,,,,,,,
5761,0.0,270.6490724,149488,1779545481.1505635,,,,,,,,,,
5763,,270.6490724,149504,1779545481.8076088,,,,,,0.00017546107,,,,
5764,,270.649414,149504,1779545481.8076088,,0.0048114117,,,,,,,,
5765,,270.649414,149504,1779545481.8076088,,,,,,,-0.004737094,,,
5769,,270.649414,149504,1779545481.8076088,,,,0.030273438,,,,,,
5772,0.0,270.649414,149616,1779545482.0376499,,,,,,,,,,
5773,,270.649414,149616,1779545482.0376499,100.0,,,,,,,,,
5775,,270.649414,149632,1779545482.094365,38.0,,,,,,,,,
5776,0.0,270.649414,149864,1779545482.9665277,,,,,,,,,,
5777,,270.649414,149864,1779545482.9665277,100.0,,,,,,,,,
5778,0.0,270.649414,149892,1779545483.0949535,,,,,,,,,,
5785,,270.649414,150016,1779545484.0232823,,,1.2185483,,,,,,,
5790,,270.649414,150016,1779545484.0276115,,,,,561.0,,,,,
5795,0.784,270.6508649,150120,1779545484.1823957,,,,,,,,,,
5796,,270.6508649,150120,1779545484.1823957,24.0,,,,,,,,,
5797,0.784,270.6513301,150136,1779545484.2196717,,,,,,,,,,
5800,,270.6513301,150296,1779545484.6266956,100.0,,,,,,,,,
5801,0.469,270.6513301,150360,1779545484.8145142,,,,,,,,,,
5802,,270.6513301,150360,1779545484.8145142,59.0,,,,,,,,,
5804,,270.6513301,150388,1779545484.8884053,100.0,,,,,,,,,
5805,,275.6548263,150528,1779545486.004784,,,,,,0.00017494877,,,,
5807,,275.6548263,150528,1779545486.004784,,,,,,,0.005525505,,,
5808,,275.6548263,150528,1779545486.004784,,,1.2359219,,,,,,,
5817,,275.6557052,150588,1779545486.1236906,11.0,,,,,,,,,
5818,0.0,275.6557052,150700,1779545486.2936182,,,,,,,,,,
5819,,275.6557052,150700,1779545486.2936182,100.0,,,,,,,,,
5821,,275.6561475,150764,1779545486.4477153,100.0,,,,,,,,,
5822,0.0,275.6561475,150792,1779545486.56245,,,,,,,,,,
5824,0.0,275.6561475,150992,1779545486.9241927,,,,,,,,,,
5830,,275.6566619,151040,1779545487.4672182,,,,,,,,0.022759497,,
5831,,275.6566619,151040,1779545487.4672182,,,,,,,,,0.0052898265,
5833,,275.6566619,151040,1779545487.4679155,,,,,,,,,,0.03775066
5834,,275.6566619,151040,1779545487.4695783,,,,,557.0,,,,,
5835,0.388,275.6566619,151068,1779545487.5322578,,,,,,,,,,
5836,,275.6566619,151068,1779545487.5322578,68.0,,,,,,,,,
5840,,275.6566619,151168,1779545487.6862695,100.0,,,,,,,,,
5841,0.0,275.6566619,151396,1779545488.1251507,,,,,,,,,,
5846,,275.6566619,151508,1779545488.3206942,100.0,,,,,,,,,
5847,,275.6581982,151552,1779545488.8623307,,,,,,0.00017443647,,,,
5848,,275.6581982,151552,1779545488.8623307,,0.0011510459,,,,,,,,
5850,,275.6581982,151552,1779545488.8623307,,,1.1361411,,,,,,,
5852,,275.6581982,151552,1779545488.8623307,,,,,,,,,0.008522543,
5854,,275.6585843,151552,1779545488.8623307,,,,,,,,,,-0.29818404
5855,,275.6585843,151552,1779545488.8669152,,,,,556.0,,,,,
5856,0.0,275.6585843,151572,1779545488.9112895,,,,,,,,,,
5857,,275.6585843,151572,1779545488.9117768,100.0,,,,,,,,,
5859,,275.6585843,151800,1779545489.3040228,100.0,,,,,,,,,
5860,0.0,275.6585843,151876,1779545489.4229822,,,,,,,,,,
5862,0.0,275.6585843,151912,1779545489.4761977,,,,,,,,,,
5863,,275.6585843,151912,1779545489.4761977,100.0,,,,,,,,,
5864,0.0,275.6585843,151976,1779545489.568792,,,,,,,,,,
5866,,275.6585843,152064,1779545490.0771384,,,,,,0.00017418033,,,,
5867,,275.6585843,152064,1779545490.0771384,,0.0005485069,,,,,,,,
5868,,275.6585843,152064,1779545490.0771384,,,,,,,-0.01631521,,,
5869,,275.6585843,152064,1779545490.0771384,,,1.2594887,,,,,,,
5874,,275.6585843,152064,1779545490.0812614,,,,,556.0,,,,,
5875,0.0,275.6585843,152204,1779545490.276694,,,,,,,,,,
5876,,275.6597046,152204,1779545490.276694,100.0,,,,,,,,,
5878,,275.6605899,152244,1779545490.3840902,82.0,,,,,,,,,
5879,0.0,280.6700328,152280,1779545490.45655,,,,,,,,,,
5881,0.0,280.6700328,152380,1779545490.800604,,,,,,,,,,
5883,,280.6700328,152576,1779545492.2057495,,,,,,0.00017392419,,,,
5886,,280.6706952,152576,1779545492.2057495,,,1.2461807,,,,,,,
5889,,280.6706952,152576,1779545492.206777,,,,0.014160156,,,,,,
5890,,280.6706952,152576,1779545492.206777,,,,,,,,,,0.30370915
5895,,280.6706952,152648,1779545492.500662,100.0,,,,,,,,,
5901,,280.6712456,152784,1779545492.9503872,100.0,,,,,,,,,
5904,0.0,280.6712456,153088,1779545493.9713426,,,,,,,,,,
5908,,280.6716197,153088,1779545494.7116237,,,,,,,-0.008269684,,,
5909,,280.6716197,153088,1779545494.7116237,,,1.2379727,,,,,,,
5910,,280.6716197,153088,1779545494.7116237,,,,,,,,-0.010307707,,
5913,,280.6716197,153088,1779545494.7116237,,,,,,,,,,0.23046303
5915,0.0,280.6716197,153116,1779545494.7852032,,,,,,,,,,
5916,,280.6716197,153116,1779545494.7852032,100.0,,,,,,,,,
5919,0.0,280.6716197,153188,1779545494.9256623,,,,,,,,,,
5920,,280.6716197,153188,1779545494.9256623,100.0,,,,,,,,,
5921,0.676,280.6716197,153200,1779545494.9507358,,,,,,,,,,
5922,,280.6716197,153200,1779545494.9507358,36.0,,,,,,,,,
5924,,285.680033,153492,1779545495.4362042,100.0,,,,,,,,,
5927,0.0,285.680033,153592,1779545495.6839445,,,,,,,,,,
5928,,285.680033,153592,1779545495.6839445,100.0,,,,,,,,,
5930,,285.6806114,153600,1779545496.165387,,0.008166112,,,,,,,,
5932,,285.6806114,153600,1779545496.165387,,,1.2285142,,,,,,,
5933,,285.6806114,153600,1779545496.165387,,,,,,,,0.0040176176,,
5936,,285.6806114,153600,1779545496.165387,,,,,,,,,,0.30890608
5937,,285.6806114,153600,1779545496.1683192,,,,,549.0,,,,,
5939,,285.6806114,153604,1779545496.180629,100.0,,,,,,,,,
5940,0.0,285.6806114,153896,1779545496.6330738,,,,,,,,,,
5941,,285.6812968,153896,1779545496.6330738,100.0,,,,,,,,,
5942,0.0,285.6812968,153980,1779545496.7746422,,,,,,,,,,
5944,0.0,285.6812968,153996,1779545496.809106,,,,,,,,,,
5945,,285.6812968,153996,1779545496.809106,100.0,,,,,,,,,
5946,0.0,285.6812968,154008,1779545496.8310487,,,,,,,,,,
5947,,285.6812968,154008,1779545496.8310487,100.0,,,,,,,,,
5950,,285.6812968,154112,1779545497.4155462,,,,,,,-0.013074875,,,
5952,,285.6812968,154112,1779545497.4155462,,,,,,,,0.0062738582,,
5953,,285.6819022,154112,1779545497.4155462,,,,,,,,,0.002733156,
5954,,285.6819022,154112,1779545497.4155462,,,,0.021484375,,,,,,
5955,,285.6819022,154112,1779545497.4155462,,,,,,,,,,-3.356164
5956,,285.6819022,154112,1779545497.4185722,,,,,548.0,,,,,
5959,0.0,285.6819022,154384,1779545497.784325,,,,,,,,,,
5960,,285.6819022,154384,1779545497.784325,100.0,,,,,,,,,
5961,0.0,285.6819022,154400,1779545497.8167787,,,,,,,,,,
5965,,285.6829484,154624,1779545499.0924096,,,,,,0.00017289958,,,,
5966,,285.6829484,154624,1779545499.0924096,,0.0003771933,,,,,,,,
5968,,285.6829484,154624,1779545499.092875,,,1.3020349,,,,,,,
5969,,285.6829484,154624,1779545499.092875,,,,,,,,0.023771156,,
5971,,285.6829484,154624,1779545499.092875,,,,0.029785156,,,,,,
5972,,285.6829484,154624,1779545499.092875,,,,,,,,,,-3.5304632
5975,,285.6840337,154704,1779545499.318154,100.0,,,,,,,,,
5977,,285.6840337,154788,1779545499.5364444,100.0,,,,,,,,,
5978,0.0,285.6840337,154804,1779545499.5809748,,,,,,,,,,
5979,,285.6840337,154804,1779545499.5812953,100.0,,,,,,,,,
5980,0.0,285.6840337,154816,1779545499.6131477,,,,,,,,,,
5983,,285.6846192,154864,1779545499.716319,14.0,,,,,,,,,
5984,0.379,285.6846192,155068,1779545500.1069498,,,,,,,,,,
5989,,290.690162,155136,1779545501.1774814,,0.004696437,,,,,,,,
5990,,290.690162,155136,1779545501.1774814,,,,,,,-0.019396704,,,
5992,,290.690162,155136,1779545501.1774814,,,,,,,,0.0019146157,,
5994,,290.690162,155136,1779545501.1774814,,,,0.00048828125,,,,,,
5995,,290.690162,155136,1779545501.1774814,,,,,,,,,,0.13082594
5996,,290.690162,155136,1779545501.1817567,,,,,545.0,,,,,
5998,,290.690162,155220,1779545501.330526,100.0,,,,,,,,,
5999,0.0,290.690162,155268,1779545501.4064417,,,,,,,,,,
6000,,290.690162,155268,1779545501.4064417,100.0,,,,,,,,,
6007,,290.6907203,155648,1779545502.6293893,,,,,,0.0001723873,,,,
6009,,290.6907203,155648,1779545502.6293893,,,,,,,-0.011252474,,,
6011,,290.6907203,155648,1779545502.6293893,,,,,,,,0.011574819,,
6014,,290.6907203,155648,1779545502.6293893,,,,,,,,,,-3.9918203
6015,,290.6907203,155648,1779545502.63712,,,,,544.0,,,,,
6018,0.64,290.6907203,155788,1779545503.1254432,,,,,,,,,,
6019,,290.6907203,155788,1779545503.1254432,40.0,,,,,,,,,
6021,,290.6907203,155876,1779545503.3255575,100.0,,,,,,,,,
6022,0.928,290.6917491,155912,1779545503.4164755,,,,,,,,,,
6023,,290.6917491,155912,1779545503.4164755,8.0,,,,,,,,,
6024,0.0,290.6917491,155916,1779545503.4323251,,,,,,,,,,
6026,0.955,290.6922715,155940,1779545503.492066,,,,,,,,,,
6028,0.0,290.6922715,156076,1779545503.8673794,,,,,,,,,,
6031,,290.6922715,156160,1779545504.9346056,,0.005125141,,,,,,,,
6032,,290.6922715,156160,1779545504.9346056,,,,,,,-0.0041766986,,,
6033,,290.6922715,156160,1779545504.9346056,,,1.3253999,,,,,,,
6036,,290.6927902,156160,1779545504.9346056,,,,0.0073242188,,,,,,
6042,,290.6927902,156316,1779545505.3681457,100.0,,,,,,,,,
6043,0.0,295.6981511,156344,1779545505.4626355,,,,,,,,,,
6052,,295.698695,156672,1779545506.9158673,,0.0022511147,,,,,,,,
6054,,295.698695,156672,1779545506.9158673,,,1.3041519,,,,,,,
6057,,295.698695,156672,1779545506.9168773,,,,0.00390625,,,,,,
6059,,295.6993922,156672,1779545506.920174,,,,,539.0,,,,,
6060,0.0,295.6993922,156748,1779545507.1009831,,,,,,,,,,
6063,,295.6993922,156884,1779545507.5032783,100.0,,,,,,,,,
6068,0.0,295.6997079,157000,1779545507.849642,,,,,,,,,,
6069,,295.6997079,157000,1779545507.849642,100.0,,,,,,,,,
6070,0.397,295.6997079,157020,1779545507.9099061,,,,,,,,,,
6072,0.793,295.7001605,157116,1779545508.2273004,,,,,,,,,,
6075,,295.7001605,157184,1779545508.9902349,,0.0065749777,,,,,,,,
6076,,295.7001605,157184,1779545508.9911907,,,,,,,-0.011929795,,,
6077,,295.7001605,157184,1779545508.9911907,,,1.3461074,,,,,,,
6078,,295.7001605,157184,1779545508.9911907,,,,,,,,-0.0010342533,,
6079,,295.7006777,157184,1779545508.9911907,,,,,,,,,0.0018274537,
6081,,295.7006777,157184,1779545508.9911907,,,,,,,,,,0.31357014
6082,,295.7006777,157184,1779545508.9937787,,,,,537.0,,,,,
6086,,295.7006777,157388,1779545509.605838,100.0,,,,,,,,,
6087,0.0,295.7006777,157404,1779545509.658726,,,,,,,,,,
6089,0.874,295.7006777,157448,1779545509.7508318,,,,,,,,,,
6091,0.0,295.7014132,157520,1779545509.9863894,,,,,,,,,,
6093,0.64,300.7066794,157684,1779545510.5188792,,,,,,,,,,
6096,,300.7070259,157692,1779545510.5546634,100.0,,,,,,,,,
6098,,300.7070259,157696,1779545511.460761,,0.005066219,,,,,,,,
6101,,300.7070259,157696,1779545511.460761,,,,,,,,-0.011621174,,
6103,,300.7070259,157696,1779545511.4617612,,,,0.017089844,,,,,,
6104,,300.7077049,157696,1779545511.4617612,,,,,,,,,,0.29524267
6106,0.0,300.7077049,157808,1779545511.8127732,,,,,,,,,,
6113,,300.7082232,158088,1779545512.5586865,100.0,,,,,,,,,
6114,0.0,300.7082232,158096,1779545512.5811782,,,,,,,,,,
6115,,300.7082232,158096,1779545512.5811782,100.0,,,,,,,,,
6117,,300.7082232,158124,1779545512.6493852,8.0,,,,,,,,,
6120,,300.714766,158208,1779545513.709798,,,,,,,-0.016121853,,,
6122,,300.714766,158208,1779545513.7104304,,,,,,,,0.013201385,,
6124,,300.714766,158208,1779545513.7104304,,,,0.0126953125,,,,,,
6125,,300.714766,158208,1779545513.711067,,,,,,,,,,0.24103588
6133,0.91,300.7157921,158256,1779545513.9475274,,,,,,,,,,
6134,,300.7165686,158256,1779545513.9475274,10.0,,,,,,,,,
6137,0.0,300.7165686,158620,1779545515.0909493,,,,,,,,,,
6139,0.0,300.7165686,158656,1779545515.2389472,,,,,,,,,,
6142,,300.7165686,158660,1779545515.263739,100.0,,,,,,,,,
6143,,305.7214616,158720,1779545516.458347,,,,,,0.00017085041,,,,
6146,,305.7220974,158720,1779545516.4593554,,,1.2050003,,,,,,,
6147,,305.7220974,158720,1779545516.4603539,,,,,,,,-0.0013173893,,
6150,,305.7220974,158720,1779545516.4603539,,,,,,,,,,0.33973396
6151,,305.7220974,158720,1779545516.4693244,,,,,529.0,,,,,
6152,0.0,305.7220974,158904,1779545517.165376,,,,,,,,,,
6155,,305.7220974,159024,1779545517.6245766,100.0,,,,,,,,,
6161,,305.722739,159204,1779545518.1382186,34.0,,,,,,,,,
6167,,305.722739,159232,1779545519.2206295,,,,,,,,,0.006960521,
6170,,305.722739,159232,1779545519.2271059,,,,,526.0,,,,,
6179,0.0,310.7281678,159712,1779545520.904675,,,,,,,,,,
6180,,310.7281678,159712,1779545520.904675,100.0,,,,,,,,,
6182,,310.7281678,159732,1779545520.9804723,100.0,,,,,,,,,
6183,,310.7281678,159744,1779545521.940184,,,,,,0.00017033811,,,,
6184,,310.7287684,159744,1779545521.9412224,,0.0011231293,,,,,,,,
6186,,310.7287684,159744,1779545521.9412224,,,1.2093962,,,,,,,
6187,,310.7287684,159744,1779545521.9412224,,,,,,,,0.006911183,,
6189,,310.7287684,159744,1779545521.942005,,,,0.036621094,,,,,,
6192,0.0,310.7295553,159832,1779545522.2628677,,,,,,,,,,
6193,,310.7295553,159832,1779545522.2628677,100.0,,,,,,,,,
6195,,310.7295553,159868,1779545522.400586,100.0,,,,,,,,,
6196,0.433,310.7295553,159968,1779545522.7261133,,,,,,,,,,
6200,0.0,310.730087,160236,1779545523.6256318,,,,,,,,,,
6201,,310.730087,160236,1779545523.6256318,100.0,,,,,,,,,
6202,,310.730087,160256,1779545524.6104074,,,,,,0.00017008197,,,,
6205,,310.7304657,160256,1779545524.6104074,,,1.3457344,,,,,,,
6206,,310.7304657,160256,1779545524.6104074,,,,,,,,-0.0032282742,,
6207,,310.7304657,160256,1779545524.6119325,,,,,,,,,0.0021503693,
6208,,310.7307864,160256,1779545524.6122534,,,,0.0048828125,,,,,,
6211,0.0,310.7307864,160272,1779545524.6880882,,,,,,,,,,
6212,,310.7307864,160272,1779545524.6880882,100.0,,,,,,,,,
6214,,310.7307864,160372,1779545524.9774354,100.0,,,,,,,,,
6216,,315.7354647,160540,1779545525.5242224,100.0,,,,,,,,,
6218,,315.7354647,160640,1779545525.8306289,100.0,,,,,,,,,
6219,0.0,315.7354647,160676,1779545525.9407434,,,,,,,,,,
6221,,315.7354647,160768,1779545527.000185,,,,,,0.00016982581,,,,
6225,,315.7360197,160768,1779545527.000185,,,,,,,,0.0041360287,,
6231,,315.7363244,160776,1779545527.0516882,100.0,,,,,,,,,
6232,0.0,315.7363244,160944,1779545527.6404862,,,,,,,,,,
6236,0.0,315.7363244,161080,1779545528.0564272,,,,,,,,,,
6240,0.865,315.7368207,161144,1779545528.2174642,,,,,,,,,,
6241,,315.7368207,161144,1779545528.2174642,15.0,,,,,,,,,
6243,,315.7371811,161180,1779545528.3270135,100.0,,,,,,,,,
6245,,315.7371811,161228,1779545528.4535933,70.0,,,,,,,,,
6248,,315.7371811,161280,1779545529.416629,,,,,,,-0.0010744482,,,
6249,,315.7376988,161280,1779545529.417654,,,1.3520454,,,,,,,
6255,0.586,315.7382431,161416,1779545529.8309896,,,,,,,,,,
6257,0.0,315.7382431,161508,1779545530.0806785,,,,,,,,,,
6258,,315.7382431,161508,1779545530.0806785,100.0,,,,,,,,,
6259,0.964,315.7382431,161528,1779545530.1437395,,,,,,,,,,
6261,0.0,315.7382431,161548,1779545530.2010942,,,,,,,,,,
6265,0.73,320.7500322,161652,1779545530.554342,,,,,,,,,,
6268,,320.7510187,161680,1779545530.6480591,6.0,,,,,,,,,
6269,,320.7521949,161792,1779545531.925857,,,,,,0.00016931353,,,,
6270,,320.7521949,161792,1779545531.9279003,,0.0061325193,,,,,,,,
6273,,320.7521949,161792,1779545531.9279003,,,,,,,,0.019353718,,
6276,,320.7527159,161792,1779545531.9279003,,,,,,,,,,0.28440803
6280,0.0,320.7527159,161952,1779545532.4861088,,,,,,,,,,
6281,,320.7537954,161952,1779545532.4861088,100.0,,,,,,,,,
6282,0.0,320.7537954,161988,1779545532.6010933,,,,,,,,,,
6283,,320.7537954,161988,1779545532.6010933,100.0,,,,,,,,,
6284,0.0,320.7537954,162084,1779545532.8891702,,,,,,,,,,
6289,,320.7537954,162304,1779545534.3384578,,0.00089128275,,,,,,,,
6291,,320.7537954,162304,1779545534.3384578,,,1.348742,,,,,,,
6293,,320.7543116,162304,1779545534.3384578,,,,,,,,,0.0011082897,
6294,,320.7543116,162304,1779545534.3384578,,,,0.00048828125,,,,,,
6295,,320.7543116,162304,1779545534.3404841,,,,,,,,,,-1.6155059
6297,0.0,320.7546432,162356,1779545534.5306823,,,,,,,,,,
6305,0.0,325.7581024,162760,1779545535.6379666,,,,,,,,,,
6306,,325.7581024,162760,1779545535.6379666,100.0,,,,,,,,,
6307,0.0,325.7581024,162796,1779545535.736452,,,,,,,,,,
6309,,325.7581024,162816,1779545536.6143985,,,,,,0.00016880123,,,,
6310,,325.7581024,162816,1779545536.6176617,,0.0003988996,,,,,,,,
6312,,325.7581024,162816,1779545536.6176617,,,1.302004,,,,,,,
6315,,325.7581024,162816,1779545536.6176617,,,,0.022460938,,,,,,
6316,,325.7581024,162816,1779545536.6176617,,,,,,,,,,-3.944065
6317,,325.7581024,162816,1779545536.621819,,,,,508.0,,,,,
6318,0.0,325.758836,162892,1779545536.823038,,,,,,,,,,
6322,0.0,325.758836,163164,1779545537.5924892,,,,,,,,,,
6327,,325.758836,163200,1779545537.7071128,100.0,,,,,,,,,
6328,0.0,325.758836,163296,1779545537.986154,,,,,,,,,,
6329,,325.758836,163296,1779545537.986154,100.0,,,,,,,,,
6334,,325.7595524,163328,1779545538.9819562,,,,,,,,-0.0062544467,,
6335,,325.7595524,163328,1779545538.9819562,,,,,,,,,0.0017610523,
6337,,325.7595524,163328,1779545538.9819562,,,,,,,,,,0.35887104
6340,,325.7595524,163340,1779545539.0352805,10.0,,,,,,,,,
6341,0.0,325.7595524,163436,1779545539.3281775,,,,,,,,,,
6342,,325.7595524,163436,1779545539.3281775,100.0,,,,,,,,,
6343,0.0,325.7595524,163600,1779545539.8500488,,,,,,,,,,
6344,,325.7595524,163600,1779545539.8500488,100.0,,,,,,,,,
6348,,325.7603614,163744,1779545540.2815201,100.0,,,,,,,,,
6349,0.991,325.7603614,163752,1779545540.3104982,,,,,,,,,,
6351,0.0,330.7669898,163840,1779545540.5682049,,,,,,,,,,
6357,,330.7673539,163840,1779545541.4344594,,,,,,,,-0.0037531182,,
6362,0.0,330.7681148,164004,1779545541.9101799,,,,,,,,,,
6364,0.0,330.7681148,164008,1779545541.9299467,,,,,,,,,,
6370,0.28,330.768546,164332,1779545542.8832533,,,,,,,,,,
6371,,330.768546,164332,1779545542.8832533,80.0,,,,,,,,,
6375,,330.768546,164352,1779545543.6822886,,,1.3672047,,,,,,,
6377,,330.768546,164352,1779545543.6830604,,,,,,,,,0.0021615801,
6378,,330.7690875,164352,1779545543.6830604,,,,0.0107421875,,,,,,
6380,,330.7695554,164352,1779545543.688424,,,,,502.0,,,,,
6382,,330.7695554,164408,1779545543.851776,100.0,,,,,,,,,
6383,0.0,330.7695554,164560,1779545544.1726444,,,,,,,,,,
6385,0.0,330.7695554,164648,1779545544.3692846,,,,,,,,,,
6386,,330.7695554,164648,1779545544.3692846,100.0,,,,,,,,,
6387,0.0,330.7695554,164736,1779545544.5842767,,,,,,,,,,
6388,,330.7695554,164736,1779545544.5842767,100.0,,,,,,,,,
6395,,335.7744753,164864,1779545545.6557074,,,,,,,,0.0052205697,,
6396,,335.7744753,164864,1779545545.6557074,,,,,,,,,0.0033686399,
6399,,335.7744753,164864,1779545545.659939,,,,,501.0,,,,,
6401,,335.7744753,164964,1779545545.9650621,100.0,,,,,,,,,
6402,0.577,335.7744753,165004,1779545546.0856688,,,,,,,,,,
6405,,335.7744753,165052,1779545546.2474475,100.0,,,,,,,,,
6408,0.0,335.7751153,165140,1779545546.5873578,,,,,,,,,,
6411,,335.7751153,165344,1779545547.221358,84.0,,,,,,,,,
6412,0.0,335.7751153,165368,1779545547.3011286,,,,,,,,,,
6414,,335.7751153,165376,1779545548.1439834,,,,,,0.0001675205,,,,
6415,,335.7751153,165376,1779545548.1439834,,0.0050947443,,,,,,,,
6416,,335.7751153,165376,1779545548.1439834,,,,,,,0.0017566197,,,
6417,,335.7751153,165376,1779545548.1447937,,,1.3606633,,,,,,,
6422,,335.7751153,165376,1779545548.1503959,,,,,498.0,,,,,
6423,0.0,335.7751153,165500,1779545548.5253599,,,,,,,,,,
6424,,335.7751153,165500,1779545548.5253599,100.0,,,,,,,,,
6426,,335.7751153,165544,1779545548.6543858,100.0,,,,,,,,,
6430,,335.7751153,165748,1779545549.2209892,100.0,,,,,,,,,
6431,0.0,335.7751153,165772,1779545549.2889695,,,,,,,,,,
6432,,335.7751153,165772,1779545549.2889695,100.0,,,,,,,,,
6438,,335.7751153,165888,1779545550.3844068,,,,,,,,,0.008086681,
6439,,335.7751153,165888,1779545550.3844068,,,,0.051757812,,,,,,
6440,,335.7751153,165888,1779545550.3844068,,,,,,,,,,0.35473835
6442,0.0,335.7751153,165904,1779545550.4504535,,,,,,,,,,
6445,,340.7799985,166116,1779545551.0017085,100.0,,,,,,,,,
6446,0.0,340.7799985,166152,1779545551.1091955,,,,,,,,,,
6447,,340.7799985,166152,1779545551.1091955,100.0,,,,,,,,,
6448,0.0,340.7799985,166176,1779545551.1844156,,,,,,,,,,
6450,0.838,340.7799985,166252,1779545551.4012003,,,,,,,,,,
6453,,340.7807223,166272,1779545551.456008,38.0,,,,,,,,,
6454,0.0,340.7807223,166308,1779545551.5511253,,,,,,,,,,
6455,,340.7807223,166308,1779545551.5511253,100.0,,,,,,,,,
6459,,340.7841358,166400,1779545552.5492487,,,1.3798015,,,,,,,
6463,,340.7841358,166400,1779545552.5492487,,,,,,,,,,0.31430936
6465,0.622,340.7851962,166480,1779545552.7642605,,,,,,,,,,
6468,,340.7851962,166556,1779545552.9710333,100.0,,,,,,,,,
6469,0.0,340.7851962,166656,1779545553.2425299,,,,,,,,,,
6470,,340.7851962,166656,1779545553.2425299,100.0,,,,,,,,,
6471,0.0,340.7851962,166676,1779545553.3143754,,,,,,,,,,
6473,0.703,340.7851962,166792,1779545553.662832,,,,,,,,,,
6474,,340.7851962,166792,1779545553.662832,33.0,,,,,,,,,
6477,,340.7862511,166912,1779545554.7351563,,,,,,0.00016675206,,,,
6478,,340.7862511,166912,1779545554.7351563,,0.0053882394,,,,,,,,
6480,,340.7862511,166912,1779545554.7351563,,,1.3953058,,,,,,,
6484,,340.7868355,166912,1779545554.7392669,,,,,,,,,,0.35080338
6486,0.0,340.7873887,166960,1779545554.8810537,,,,,,,,,,
6490,0.0,340.7873887,167196,1779545555.5038235,,,,,,,,,,
6492,0.0,345.7992061,167288,1779545555.744277,,,,,,,,,,
6494,0.0,345.7992061,167364,1779545555.944018,,,,,,,,,,
6495,,345.7992061,167364,1779545555.944018,100.0,,,,,,,,,
6496,,345.7992061,167424,1779545556.9103193,,,,,,0.0001664959,,,,
6505,0.0,345.7998439,167484,1779545557.0989275,,,,,,,,,,
6507,0.0,345.8004744,167600,1779545557.4219098,,,,,,,,,,
6510,,345.8004744,167692,1779545557.7053668,100.0,,,,,,,,,
6511,0.0,345.8004744,167768,1779545557.9073477,,,,,,,,,,
6513,0.0,345.8004744,167888,1779545558.2226229,,,,,,,,,,
6514,,345.8004744,167888,1779545558.2226229,100.0,,,,,,,,,
6515,,345.8004744,167936,1779545559.0871081,,,,,,0.00016623976,,,,
6518,,345.8004744,167936,1779545559.0871081,,,1.32331,,,,,,,
6520,,345.8004744,167936,1779545559.0871081,,,,,,,,,0.0071616494,
6522,,345.8004744,167936,1779545559.0871081,,,,,,,,,,-2.0958061
6525,,345.8004744,168004,1779545559.2782362,100.0,,,,,,,,,
6526,0.0,345.8004744,168096,1779545559.5205243,,,,,,,,,,
6528,0.0,345.8012162,168172,1779545559.7110896,,,,,,,,,,
6530,0.0,345.8012162,168292,1779545560.0574882,,,,,,,,,,
6532,0.0,345.8012162,168408,1779545560.3527231,,,,,,,,,,
6534,,350.8076336,168448,1779545561.1601815,,,,,,0.00016598361,,,,
6535,,350.8076336,168448,1779545561.161073,,0.0004524794,,,,,,,,
6536,,350.8076336,168448,1779545561.161073,,,,,,,-0.0074878344,,,
6537,,350.8076336,168448,1779545561.161073,,,1.3596132,,,,,,,
6538,,350.8076336,168448,1779545561.161073,,,,,,,,-0.010974532,,
6539,,350.8135993,168448,1779545561.161073,,,,,,,,,0.003214077,
6542,,350.8135993,168448,1779545561.1670616,,,,,488.0,,,,,
6543,0.0,350.8146377,168500,1779545561.2886615,,,,,,,,,,
6544,,350.8146377,168500,1779545561.2886615,100.0,,,,,,,,,
6545,0.0,350.8146377,168576,1779545561.488256,,,,,,,,,,
6551,0.0,350.8146377,168904,1779545562.4380093,,,,,,,,,,
6552,,350.8146377,168904,1779545562.4380093,100.0,,,,,,,,,
6555,,350.815342,168960,1779545563.4486253,,,,,,,-0.016087454,,,
6556,,350.815342,168960,1779545563.4486253,,,1.2522576,,,,,,,
6557,,350.815342,168960,1779545563.4486253,,,,,,,,0.0045608664,,
6558,,350.815342,168960,1779545563.4486253,,,,,,,,,0.0015299143,
6559,,350.815342,168960,1779545563.4486253,,,,0.0053710938,,,,,,
6562,0.0,350.815342,168980,1779545563.517386,,,,,,,,,,
6565,,350.815888,169096,1779545563.8296978,47.0,,,,,,,,,
6568,0.0,350.815888,169216,1779545564.19217,,,,,,,,,,
6569,,350.815888,169216,1779545564.19217,100.0,,,,,,,,,
6570,0.0,350.815888,169384,1779545564.6801805,,,,,,,,,,
6575,,355.8182501,169472,1779545565.6391742,,,1.342711,,,,,,,
6576,,355.8188287,169472,1779545565.6391742,,,,,,,,-0.0072932513,,
6578,,355.8188287,169472,1779545565.6391742,,,,0.009765625,,,,,,
6579,,355.8188287,169472,1779545565.6391742,,,,,,,,,,0.30219382
6580,,355.8188287,169472,1779545565.6432314,,,,,485.0,,,,,
6582,,355.8188287,169500,1779545565.7207215,100.0,,,,,,,,,
6583,0.0,355.8188287,169504,1779545565.7381647,,,,,,,,,,
6584,,355.8188287,169504,1779545565.7381647,100.0,,,,,,,,,
6585,0.0,355.8192113,169620,1779545565.9910674,,,,,,,,,,
6586,,355.8192113,169620,1779545565.9910674,100.0,,,,,,,,,
6588,,355.8192113,169788,1779545566.3394847,100.0,,,,,,,,,
6589,0.0,355.8192113,169904,1779545566.6579332,,,,,,,,,,
6590,,355.8192113,169904,1779545566.6579332,100.0,,,,,,,,,
6595,,355.8197233,169984,1779545567.601335,,,,,,,-0.01288504,,,
6597,,355.8197233,169984,1779545567.602098,,,,,,,,0.0028967299,,
6600,,355.8197233,169984,1779545567.602098,,,,,,,,,,-3.7871032
6602,0.0,355.8197233,170024,1779545567.739768,,,,,,,,,,
6603,,355.8197233,170024,1779545567.7408626,100.0,,,,,,,,,
6605,,355.8197233,170032,1779545567.7659316,31.0,,,,,,,,,
6606,0.865,355.8197233,170096,1779545567.9603553,,,,,,,,,,
6609,,355.8204093,170192,1779545568.164591,100.0,,,,,,,,,
6610,0.739,355.8204093,170312,1779545568.4524207,,,,,,,,,,
6611,,355.8204093,170312,1779545568.4524207,29.0,,,,,,,,,
6614,0.0,355.8220007,170428,1779545568.747035,,,,,,,,,,
6619,,355.8230286,170496,1779545569.6482801,,0.011974097,,,,,,,,
6621,,355.8240162,170496,1779545569.6493018,,,1.3743451,,,,,,,
6623,,355.8240162,170496,1779545569.6493018,,,,,,,,,0.008130359,
6625,,355.8246979,170496,1779545569.6493018,,,,,,,,,,0.36658055
6626,,355.8246979,170496,1779545569.6532142,,,,,483.0,,,,,
6627,0.0,355.8246979,170500,1779545569.6720016,,,,,,,,,,
6630,,355.8257156,170608,1779545569.9784741,42.0,,,,,,,,,
6633,0.0,355.8260904,170716,1779545570.1876945,,,,,,,,,,
6637,0.397,360.8333419,170988,1779545570.850724,,,,,,,,,,
6638,,360.8333419,170988,1779545570.850724,67.0,,,,,,,,,
6640,,360.8333419,171008,1779545571.6747425,,0.003047841,,,,,,,,
6643,,360.8333419,171008,1779545571.6747425,,,,,,,,0.005662501,,
6644,,360.8333419,171008,1779545571.6747425,,,,,,,,,0.006855406,
6645,,360.8333419,171008,1779545571.6747425,,,,0.040039062,,,,,,
6649,,360.8339701,171012,1779545571.7006063,100.0,,,,,,,,,
6650,0.0,360.8339701,171120,1779545571.9900823,,,,,,,,,,
6651,,360.8339701,171120,1779545571.9912355,100.0,,,,,,,,,
6652,0.0,360.8339701,171308,1779545572.4500985,,,,,,,,,,
6655,,360.8339701,171392,1779545572.662889,100.0,,,,,,,,,
6656,0.0,360.8339701,171416,1779545572.728682,,,,,,,,,,
6659,,360.8339701,171520,1779545573.726979,,0.00040687073,,,,,,,,
6661,,360.8339701,171520,1779545573.726979,,,1.3796933,,,,,,,
6663,,360.8339701,171520,1779545573.726979,,,,,,,,,0.007892564,
6664,,360.8339701,171520,1779545573.7284932,,,,0.040527344,,,,,,
6666,,360.8339701,171520,1779545573.7344353,,,,,480.0,,,,,
6670,,360.8339701,171668,1779545574.1778238,68.0,,,,,,,,,
6672,,360.8339701,171712,1779545574.3200517,100.0,,,,,,,,,
6673,0.0,360.8339701,171820,1779545574.62603,,,,,,,,,,
6676,,360.8339701,171900,1779545574.8533783,19.0,,,,,,,,,
6677,0.0,360.8339701,171928,1779545574.9460237,,,,,,,,,,
6678,,360.8339701,171928,1779545574.9470518,100.0,,,,,,,,,
6680,,360.8339701,172004,1779545575.1841495,18.0,,,,,,,,,
6681,,367.9365557,172032,1779545576.02832,,,,,,0.00016419057,,,,
6684,,367.9373218,172032,1779545576.02832,,,1.2409939,,,,,,,
6685,,367.9373218,172032,1779545576.02832,,,,,,,,0.023278886,,
6687,,367.9373218,172032,1779545576.030405,,,,0.057128906,,,,,,
6688,,367.9373218,172032,1779545576.030405,,,,,,,,,,0.34242022
6691,,367.9373218,172072,1779545576.1768913,100.0,,,,,,,,,
6692,0.0,367.9373218,172116,1779545576.3182747,,,,,,,,,,
6693,,367.9388632,172116,1779545576.3182747,100.0,,,,,,,,,
6694,0.0,367.9388632,172304,1779545576.8763807,,,,,,,,,,
6695,,367.9388632,172304,1779545576.8763807,100.0,,,,,,,,,
6696,0.0,367.9388632,172408,1779545577.1903274,,,,,,,,,,
6699,,367.9388632,172476,1779545577.4001184,100.0,,,,,,,,,
6700,0.0,367.9388632,172520,1779545577.5362947,,,,,,,,,,
6701,,367.9388632,172520,1779545577.5362947,100.0,,,,,,,,,
6704,,367.9388632,172544,1779545578.4289377,,,,,,,-0.007771697,,,
6706,,367.9443765,172544,1779545578.4299684,,,,,,,,0.003594027,,
6707,,367.9443765,172544,1779545578.4299684,,,,,,,,,0.004025366,
6709,,367.9443765,172544,1779545578.4299684,,,,,,,,,,-3.0364294
6711,0.0,367.9443765,172708,1779545578.918639,,,,,,,,,,
6714,,367.9443765,172812,1779545579.216743,100.0,,,,,,,,,
6715,0.0,367.9443765,172880,1779545579.4064057,,,,,,,,,,
6716,,367.9443765,172880,1779545579.4064057,100.0,,,,,,,,,
6717,0.0,367.9443765,172924,1779545579.534082,,,,,,,,,,
6718,,367.9443765,172924,1779545579.534082,100.0,,,,,,,,,
6719,,367.9443765,173056,1779545580.6651459,,,,,,0.00016367828,,,,
6722,,367.9443765,173056,1779545580.6661665,,,1.3853736,,,,,,,
6727,,367.9443765,173056,1779545580.6723258,,,,,475.0,,,,,
6729,,367.9469234,173112,1779545580.8716726,100.0,,,,,,,,,
6733,,367.9469234,173284,1779545581.3496864,100.0,,,,,,,,,
6736,0.0,367.9526529,173328,1779545581.4797554,,,,,,,,,,
6737,,367.9526529,173328,1779545581.4797554,100.0,,,,,,,,,
6741,,367.9526529,173516,1779545581.9923198,100.0,,,,,,,,,
6742,,372.9595102,173568,1779545582.9279068,,,,,,0.00016342213,,,,
6743,,372.9595102,173568,1779545582.9279068,,0.0038878322,,,,,,,,
6746,,372.9595102,173568,1779545582.9279068,,,,,,,,0.002390908,,
6747,,372.9595102,173568,1779545582.9279068,,,,,,,,,0.009575101,
6749,,372.9602676,173568,1779545582.9279068,,,,,,,,,,0.42003024
6751,0.316,372.9602676,173636,1779545583.1353168,,,,,,,,,,
6756,,372.9602676,173740,1779545583.4361646,100.0,,,,,,,,,
6757,0.0,372.9602676,173920,1779545583.9207156,,,,,,,,,,
6759,0.0,372.9602676,174040,1779545584.2046278,,,,,,,,,,
6762,,372.9610665,174080,1779545585.0622418,,0.00046176923,,,,,,,,
6763,,372.9610665,174080,1779545585.0622418,,,,,,,-0.005582448,,,
6766,,372.9613737,174080,1779545585.0632622,,,,,,,,,0.0052489205,
6767,,372.9613737,174080,1779545585.0632622,,,,0.011230469,,,,,,
6772,0.0,372.9617808,174144,1779545585.2843773,,,,,,,,,,
6773,,372.9617808,174144,1779545585.2860293,100.0,,,,,,,,,
6775,,372.9617808,174324,1779545585.7153566,100.0,,,,,,,,,
6776,0.0,372.9617808,174444,1779545585.974245,,,,,,,,,,
6778,0.0,372.9621202,174512,1779545586.0940354,,,,,,,,,,
6780,0.0,372.9621202,174548,1779545586.1592546,,,,,,,,,,
6782,,372.9621202,174592,1779545586.9282203,,,,,,0.00016290984,,,,
6783,,372.9621202,174592,1779545586.9282203,,0.00034809244,,,,,,,,
6786,,372.9621202,174592,1779545586.9292154,,,,,,,,0.01269533,,
6788,,372.9621202,174592,1779545586.929579,,,,0.017089844,,,,,,
6789,,372.9621202,174592,1779545586.929579,,,,,,,,,,-3.2301345
6791,0.0,372.9621202,174728,1779545587.2878304,,,,,,,,,,
6792,,372.9621202,174728,1779545587.2878304,100.0,,,,,,,,,
6794,,372.9628202,174848,1779545587.6300604,100.0,,,,,,,,,
6797,0.0,377.9675228,174952,1779545587.9533167,,,,,,,,,,
6800,,377.9675228,174972,1779545588.0185902,30.0,,,,,,,,,
6802,,377.9675228,175004,1779545588.10971,21.0,,,,,,,,,
6803,0.361,377.9675228,175016,1779545588.151954,,,,,,,,,,
6805,0.883,377.9675228,175072,1779545588.3307552,,,,,,,,,,
6809,,377.968895,175104,1779545589.2598941,,,,,,,-0.026276108,,,
6810,,377.968895,175104,1779545589.2598941,,,1.3961216,,,,,,,
6811,,377.968895,175104,1779545589.2598941,,,,,,,,0.004188439,,
6813,,377.968895,175104,1779545589.2605033,,,,0.022460938,,,,,,
6815,,377.968895,175104,1779545589.2666352,,,,,469.0,,,,,
6819,,377.9694031,175376,1779545590.0532813,100.0,,,,,,,,,
6821,,377.9694031,175408,1779545590.1323388,100.0,,,,,,,,,
6823,,377.9694031,175476,1779545590.3099525,100.0,,,,,,,,,
6826,,377.9694031,175616,1779545591.3193545,,,,,,,-0.013515301,,,
6827,,377.9694031,175616,1779545591.3193545,,,1.3979406,,,,,,,
6828,,377.9697037,175616,1779545591.3203769,,,,,,,,0.012794735,,
6829,,377.9697037,175616,1779545591.3203769,,,,,,,,,0.007891029,
6830,,377.9697037,175616,1779545591.3203769,,,,0.026367188,,,,,,
6832,,377.9697037,175616,1779545591.3235009,,,,,468.0,,,,,
6834,,377.9697037,175760,1779545591.6949954,100.0,,,,,,,,,
6836,,377.9697037,175780,1779545591.7550828,100.0,,,,,,,,,
6837,0.0,377.9697037,175812,1779545591.8426487,,,,,,,,,,
6840,,377.9702115,175828,1779545591.8870592,3.0,,,,,,,,,
6841,0.0,377.9702115,175880,1779545592.0061247,,,,,,,,,,
6844,,382.9797293,176128,1779545593.2169564,,0.002733588,,,,,,,,
6845,,382.9797293,176128,1779545593.2169564,,,,,,,-0.0046182275,,,
6850,,382.9797293,176128,1779545593.2184308,,,,,,,,,,0.45872355
6855,,382.9803964,176184,1779545593.4466498,100.0,,,,,,,,,
6860,0.829,382.9803964,176312,1779545593.89645,,,,,,,,,,
6867,,382.9803964,176456,1779545594.2746084,28.0,,,,,,,,,
6868,0.0,382.9803964,176568,1779545594.5464308,,,,,,,,,,
6869,,382.9803964,176568,1779545594.5474334,100.0,,,,,,,,,
6873,,382.9803964,176640,1779545595.5040638,,0.010729219,,,,,,,,
6874,,382.9860249,176640,1779545595.5040638,,,,,,,-0.01682771,,,
6875,,382.9860249,176640,1779545595.5040638,,,1.3569286,,,,,,,
6879,,382.9867534,176640,1779545595.5056179,,,,,,,,,,0.3715701
6881,0.613,382.9867534,176744,1779545595.831126,,,,,,,,,,
6882,,382.9867534,176744,1779545595.831126,43.0,,,,,,,,,
6885,0.0,382.9867534,176860,1779545596.129048,,,,,,,,,,
6886,,382.9867534,176860,1779545596.129048,100.0,,,,,,,,,
6894,,382.9867534,177152,1779545597.5540218,,,1.3563206,,,,,,,
6895,,382.9867534,177152,1779545597.5540218,,,,,,,,0.0021985732,,
6898,,382.9874211,177152,1779545597.5540218,,,,,,,,,,0.2627352
6899,,382.9874211,177152,1779545597.5600178,,,,,465.0,,,,,
6900,0.0,387.9913607,177228,1779545597.7823908,,,,,,,,,,
6901,,387.9913607,177228,1779545597.7823908,100.0,,,,,,,,,
6902,0.0,387.9913607,177264,1779545597.8688147,,,,,,,,,,
6904,0.0,387.9913607,177396,1779545598.1552124,,,,,,,,,,
6905,,387.9913607,177396,1779545598.1560433,100.0,,,,,,,,,
6906,0.379,387.9913607,177544,1779545598.5101893,,,,,,,,,,
6910,0.0,387.9913607,177632,1779545598.7615678,,,,,,,,,,
6912,,387.9913607,177664,1779545599.4275029,,,,,,0.00016137295,,,,
6914,,387.9913607,177664,1779545599.4285214,,,,,,,-0.008631378,,,
6915,,387.9913607,177664,1779545599.4285214,,,1.3822069,,,,,,,
6916,,387.9913607,177664,1779545599.4285214,,,,,,,,0.002866079,,
6917,,387.9913607,177664,1779545599.4285214,,,,,,,,,0.004198282,
6918,,387.9913607,177664,1779545599.4285214,,,,0.016601562,,,,,,
6919,,387.9913607,177664,1779545599.4285214,,,,,,,,,,-0.27239478
6920,,387.9913607,177664,1779545599.4337943,,,,,464.0,,,,,
6921,0.0,387.9913607,177800,1779545599.7392745,,,,,,,,,,
6923,0.0,387.9939977,177948,1779545600.0874047,,,,,,,,,,
6924,,387.9939977,177948,1779545600.0874047,100.0,,,,,,,,,
6925,0.0,387.9939977,177956,1779545600.119493,,,,,,,,,,
6928,,387.9939977,178036,1779545600.3521528,100.0,,,,,,,,,
6931,,387.9939977,178176,1779545601.4910643,,,,,,,-0.0019716052,,,
6934,,387.9939977,178176,1779545601.491721,,,,,,,,,0.008631675,
6935,,387.9939977,178176,1779545601.491721,,,,0.030273438,,,,,,
6936,,387.9939977,178176,1779545601.491721,,,,,,,,,,-3.9952621
6939,,387.9939977,178204,1779545601.6039908,100.0,,,,,,,,,
6943,,387.9939977,178352,1779545601.9845808,100.0,,,,,,,,,
6944,0.0,387.9939977,178440,1779545602.1139183,,,,,,,,,,
6946,0.0,387.9939977,178608,1779545602.4193377,,,,,,,,,,
6947,,387.9939977,178608,1779545602.4193377,100.0,,,,,,,,,
6950,,392.9984538,178688,1779545603.0339735,,,,,,,-0.009527784,,,
6954,,392.9984538,178688,1779545603.0339735,,,,0.0043945312,,,,,,
6955,,392.9984538,178688,1779545603.0339735,,,,,,,,,,-0.7131901
6958,,392.9984538,178712,1779545603.1161733,25.0,,,,,,,,,
6961,0.0,392.9984538,178756,1779545603.2138216,,,,,,,,,,
6964,,392.9991562,178844,1779545603.334089,100.0,,,,,,,,,
6965,0.0,392.9991562,179116,1779545603.685265,,,,,,,,,,
6966,,392.9991562,179116,1779545603.685265,100.0,,,,,,,,,
6968,,392.9991562,179148,1779545603.7284439,100.0,,,,,,,,,
6971,0.865,392.9991562,179180,1779545603.8029091,,,,,,,,,,
6973,,392.9991562,179200,1779545604.247857,,,,,,0.00016060451,,,,
6975,,392.9991562,179200,1779545604.2488317,,,,,,,-0.004187759,,,
6979,,392.9996927,179200,1779545604.2488317,,,,0.040039062,,,,,,
6980,,392.9996927,179200,1779545604.2488317,,,,,,,,,,0.5344913
6982,0.82,392.9996927,179232,1779545604.3288505,,,,,,,,,,
6984,0.0,392.9996927,179248,1779545604.368406,,,,,,,,,,
6985,,392.9996927,179248,1779545604.368406,100.0,,,,,,,,,
6987,,392.9996927,179564,1779545604.8627768,100.0,,,,,,,,,
6988,0.0,393.0000533,179584,1779545604.9056337,,,,,,,,,,
6989,,393.0000533,179584,1779545604.9056337,100.0,,,,,,,,,
6990,0.0,393.0000533,179636,1779545605.0603993,,,,,,,,,,
6994,0.874,393.0000533,179696,1779545605.291167,,,,,,,,,,
7002,,393.0000533,179712,1779545606.159505,,,,0.009765625,,,,,,
7003,,393.0000533,179712,1779545606.159505,,,,,,,,,,0.26348788
7004,,393.0000533,179712,1779545606.1650975,,,,,461.0,,,,,
7005,0.0,393.0008176,179968,1779545606.8128705,,,,,,,,,,
7007,0.0,393.0008176,179988,1779545606.869419,,,,,,,,,,
7009,0.0,393.0008176,180056,1779545607.0590215,,,,,,,,,,
7010,,393.0008176,180056,1779545607.0600193,100.0,,,,,,,,,
7011,0.0,393.0008176,180100,1779545607.1919014,,,,,,,,,,
7013,,398.0036709,180224,1779545608.172415,,,,,,0.00016009221,,,,
7017,,398.0042638,180224,1779545608.172415,,,,,,,,0.00280583,,
7018,,398.0042638,180224,1779545608.172415,,,,,,,,,0.0062774704,
7022,0.622,398.0042638,180228,1779545608.1878464,,,,,,,,,,
7023,,398.0042638,180228,1779545608.1878464,42.0,,,,,,,,,
7025,,398.0042638,180312,1779545608.4071336,52.0,,,,,,,,,
7026,0.0,398.0042638,180372,1779545608.5632339,,,,,,,,,,
7029,,398.0042638,180392,1779545608.6179218,100.0,,,,,,,,,
7037,,398.0049842,180632,1779545609.127983,100.0,,,,,,,,,
7039,,398.0049842,180736,1779545610.0543437,,0.011018606,,,,,,,,
7040,,398.0049842,180736,1779545610.0543437,,,,,,,-0.010210263,,,
7041,,398.0049842,180736,1779545610.0543437,,,1.4068483,,,,,,,
7042,,398.0049842,180736,1779545610.0543437,,,,,,,,-0.009614278,,
7048,,398.0049842,180800,1779545610.1959612,100.0,,,,,,,,,
7051,0.0,398.0049842,180840,1779545610.3015583,,,,,,,,,,
7052,,398.0049842,180840,1779545610.3015583,100.0,,,,,,,,,
7055,0.0,398.0049842,181036,1779545610.7314248,,,,,,,,,,
7056,,398.0055094,181036,1779545610.7324286,100.0,,,,,,,,,
7058,,398.0055094,181236,1779545611.1139624,100.0,,,,,,,,,
7059,0.0,398.0055094,181244,1779545611.1291807,,,,,,,,,,
7060,,398.0055094,181244,1779545611.1291807,100.0,,,,,,,,,
7061,,398.0055094,181248,1779545611.7519436,,,,,,0.00015957991,,,,
7062,,398.0055094,181248,1779545611.7519436,,0.002233272,,,,,,,,
7064,,398.0055094,181248,1779545611.7529364,,,1.4618,,,,,,,
7066,,398.0055094,181248,1779545611.7529364,,,,,,,,,0.0010646116,
7067,,398.0055094,181248,1779545611.7529364,,,,0.0009765625,,,,,,
7070,0.0,398.0055094,181388,1779545612.0438907,,,,,,,,,,
7072,0.0,398.0055094,181440,1779545612.1277478,,,,,,,,,,
7073,,398.0055094,181440,1779545612.1277478,100.0,,,,,,,,,
7075,,398.0055094,181640,1779545612.5452077,100.0,,,,,,,,,
7077,,398.0072775,181648,1779545612.566341,100.0,,,,,,,,,
7081,,403.0164587,181760,1779545613.4256706,,,1.3710724,,,,,,,
7082,,403.0164587,181760,1779545613.4256706,,,,,,,,0.043544553,,
7083,,403.0164587,181760,1779545613.42667,,,,,,,,,0.010935403,
7087,0.0,403.0172139,181792,1779545613.5387473,,,,,,,,,,
7089,0.0,403.0172139,181844,1779545613.6922603,,,,,,,,,,
7090,,403.0172139,181844,1779545613.6922603,100.0,,,,,,,,,
7091,0.0,403.0172139,182044,1779545614.0761206,,,,,,,,,,
7094,,403.0172139,182048,1779545614.0874455,99.0,,,,,,,,,
7096,,403.0172139,182184,1779545614.4474764,34.0,,,,,,,,,
7097,0.0,403.0172139,182196,1779545614.488103,,,,,,,,,,
7098,,403.0172139,182196,1779545614.488103,100.0,,,,,,,,,
7102,,403.0172139,182252,1779545614.6190562,16.0,,,,,,,,,
7112,0.469,403.0178925,182288,1779545615.3259008,,,,,,,,,,
7113,,403.0178925,182288,1779545615.3259008,59.0,,,,,,,,,
7114,0.838,403.0178925,182324,1779545615.4107203,,,,,,,,,,
7119,,403.0178925,182656,1779545616.122321,100.0,,,,,,,,,
7121,,403.0178925,182692,1779545616.1819777,100.0,,,,,,,,,
7125,,403.0186155,182784,1779545617.048418,,0.002906465,,,,,,,,
7128,,403.0186155,182784,1779545617.048418,,,,,,,,-0.0010723127,,
7129,,403.0186155,182784,1779545617.048418,,,,,,,,,0.004232005,
7131,,403.0186155,182784,1779545617.048418,,,,,,,,,,0.20032436
7132,,403.0186155,182784,1779545617.0511153,,,,,456.0,,,,,
7136,,403.0186155,183004,1779545617.480372,100.0,,,,,,,,,
7137,0.0,403.0186155,183060,1779545617.6062565,,,,,,,,,,
7140,,403.0186155,183096,1779545617.6891172,100.0,,,,,,,,,
7144,,408.0222816,183296,1779545618.6140666,,0.0020772824,,,,,,,,
7149,,408.0222816,183296,1779545618.6150784,,,,0.0078125,,,,,,
7151,,408.0222816,183296,1779545618.6189744,,,,,456.0,,,,,
7152,0.0,408.0222816,183408,1779545618.8877463,,,,,,,,,,
7154,0.0,408.0229702,183464,1779545619.0195758,,,,,,,,,,
7155,,408.0229702,183464,1779545619.021113,100.0,,,,,,,,,
7158,0.0,408.0229702,183628,1779545619.3075075,,,,,,,,,,
7159,,408.0229702,183628,1779545619.3075075,100.0,,,,,,,,,
7160,0.496,408.0229702,183636,1779545619.3298478,,,,,,,,,,
7161,,408.0229702,183636,1779545619.3298478,56.0,,,,,,,,,
7162,,408.0229702,183808,1779545620.322381,,,,,,0.00015829918,,,,
7164,,408.0229702,183808,1779545620.323405,,,,,,,-0.010601434,,,
7166,,408.0229702,183808,1779545620.323405,,,,,,,,0.007935897,,
7168,,408.0229702,183808,1779545620.3239193,,,,0.017089844,,,,,,
7173,0.0,408.0236798,183904,1779545620.6083488,,,,,,,,,,
7174,,408.0236798,183904,1779545620.6093636,100.0,,,,,,,,,
7176,,408.0236798,184032,1779545620.968073,100.0,,,,,,,,,
7184,,408.0236798,184308,1779545621.6683784,100.0,,,,,,,,,
7186,,408.0236798,184320,1779545622.4407027,,0.00036209263,,,,,,,,
7188,,408.0236798,184320,1779545622.4412224,,,1.2345612,,,,,,,
7190,,408.0236798,184320,1779545622.4412224,,,,,,,,,0.0074218875,
7193,,408.0244655,184320,1779545622.4461098,,,,,454.0,,,,,
7194,0.0,413.0291397,184444,1779545622.822649,,,,,,,,,,
7196,0.0,413.0291397,184468,1779545622.8900473,,,,,,,,,,
7198,0.91,413.0291397,184488,1779545622.9468427,,,,,,,,,,
7200,0.829,413.0291397,184568,1779545623.1164038,,,,,,,,,,
7202,0.0,413.0296935,184676,1779545623.4266388,,,,,,,,,,
7205,,413.0296935,184712,1779545623.521945,100.0,,,,,,,,,
7206,,413.0296935,184832,1779545624.45396,,,,,,0.00015778688,,,,
7207,,413.0296935,184832,1779545624.45396,,0.005375864,,,,,,,,
7208,,413.0296935,184832,1779545624.45396,,,,,,,-0.019996839,,,
7210,,413.0296935,184832,1779545624.4545135,,,,,,,,0.016968384,,
7212,,413.0296935,184832,1779545624.4545135,,,,0.036132812,,,,,,
7213,,413.0296935,184832,1779545624.4545135,,,,,,,,,,0.3749656
7214,,413.0296935,184832,1779545624.4604445,,,,,453.0,,,,,
7220,,413.0296935,184972,1779545624.8818583,100.0,,,,,,,,,
7221,0.0,413.0296935,185080,1779545625.1029403,,,,,,,,,,
7225,0.0,413.0296935,185276,1779545625.6547534,,,,,,,,,,
7226,,413.0307146,185276,1779545625.6554756,100.0,,,,,,,,,
7227,,413.0307146,185344,1779545626.5287447,,,,,,0.00015753074,,,,
7229,,413.0307146,185344,1779545626.529751,,,,,,,-0.0045330003,,,
7234,,413.031476,185344,1779545626.5302706,,,,,,,,,,0.56680983
7235,,413.031476,185344,1779545626.5349765,,,,,452.0,,,,,
7236,0.0,413.031476,185376,1779545626.6344585,,,,,,,,,,
7238,0.721,413.031476,185404,1779545626.7113698,,,,,,,,,,
7239,,413.031476,185404,1779545626.7113698,31.0,,,,,,,,,
7240,0.0,413.0318881,185484,1779545626.9331758,,,,,,,,,,
7241,,413.0318881,185484,1779545626.9331758,100.0,,,,,,,,,
7242,0.0,413.0318881,185664,1779545627.3314636,,,,,,,,,,
7244,0.0,413.0318881,185780,1779545627.5980988,,,,,,,,,,
7245,,413.0318881,185780,1779545627.5980988,100.0,,,,,,,,,
7246,0.0,413.0318881,185808,1779545627.6653821,,,,,,,,,,
7247,,413.0318881,185808,1779545627.6653821,100.0,,,,,,,,,
7248,,418.0345759,185856,1779545628.3965657,,,,,,0.0001572746,,,,
7249,,418.0345759,185856,1779545628.397563,,0.003035454,,,,,,,,
7251,,418.0345759,185856,1779545628.3985655,,,1.3302703,,,,,,,
7253,,418.0345759,185856,1779545628.3985655,,,,,,,,,0.0010212688,
7254,,418.0345759,185856,1779545628.3985655,,,,0.0,,,,,,
7256,,418.0345759,185856,1779545628.4024594,,,,,451.0,,,,,
7257,0.0,418.0345759,185888,1779545628.484094,,,,,,,,,,
7260,,418.0356176,186068,1779545628.9067369,100.0,,,,,,,,,
7263,0.0,418.0356176,186212,1779545629.1501431,,,,,,,,,,
7264,,418.0356176,186212,1779545629.1501431,100.0,,,,,,,,,
7265,0.0,418.0356176,186292,1779545629.3239124,,,,,,,,,,
7267,0.874,418.0363529,186352,1779545629.4696348,,,,,,,,,,
7268,,418.0363529,186352,1779545629.4696348,14.0,,,,,,,,,
7269,,418.0363529,186368,1779545630.0810485,,,,,,0.00015701844,,,,
7274,,418.0363529,186368,1779545630.0810485,,,,,,,,,0.015207739,
7275,,418.0363529,186368,1779545630.0810485,,,,0.04638672,,,,,,
7277,,418.0363529,186368,1779545630.0838006,,,,,450.0,,,,,
7278,0.0,418.0363529,186472,1779545630.2646086,,,,,,,,,,
7279,,418.0363529,186472,1779545630.2649107,100.0,,,,,,,,,
7280,0.325,418.0363529,186488,1779545630.3022635,,,,,,,,,,
7285,,418.0363529,186588,1779545630.5357568,11.0,,,,,,,,,
7286,0.0,418.0363529,186616,1779545630.6010275,,,,,,,,,,
7290,0.739,418.0363529,186876,1779545631.0869763,,,,,,,,,,
7291,,418.0363529,186876,1779545631.0869763,29.0,,,,,,,,,
7292,,418.0363529,186880,1779545631.6762245,,,,,,0.0001567623,,,,
7293,,418.0373761,186880,1779545631.67775,,0.0046017417,,,,,,,,
7295,,418.0373761,186880,1779545631.67775,,,1.3587592,,,,,,,
7296,,418.0373761,186880,1779545631.67775,,,,,,,,0.008362263,,
7298,,418.0373761,186880,1779545631.67775,,,,0.041503906,,,,,,
7299,,418.0373761,186880,1779545631.678774,,,,,,,,,,0.3873577
7301,0.0,418.0373761,186892,1779545631.7232633,,,,,,,,,,
7304,,418.0373761,186992,1779545631.95571,100.0,,,,,,,,,
7308,,418.0373761,187280,1779545632.5022464,100.0,,,,,,,,,
7309,0.0,418.0373761,187296,1779545632.542405,,,,,,,,,,
7310,,418.0373761,187296,1779545632.542405,100.0,,,,,,,,,
7313,,423.0443904,187392,1779545633.3782148,,,,,,,-0.008708991,,,
7315,,423.045092,187392,1779545633.3782148,,,,,,,,0.006759513,,
7323,,423.0462443,187424,1779545633.4689665,100.0,,,,,,,,,
7324,0.217,423.0462443,187648,1779545633.9677777,,,,,,,,,,
7325,,423.0462443,187648,1779545633.9677777,87.0,,,,,,,,,
7326,0.0,423.0469298,187684,1779545634.0339084,,,,,,,,,,
7328,0.91,423.0469298,187728,1779545634.1089797,,,,,,,,,,
7329,,423.0469298,187728,1779545634.1089797,10.0,,,,,,,,,
7330,0.0,423.0469298,187800,1779545634.2603233,,,,,,,,,,
7332,0.64,423.0469298,187812,1779545634.2916403,,,,,,,,,,
7333,,423.0476933,187812,1779545634.2916403,40.0,,,,,,,,,
7336,0.838,423.0476933,187888,1779545634.4514081,,,,,,,,,,
7338,,423.0476933,187904,1779545635.0557144,,,,,,0.00015625,,,,
7340,,423.0494717,187904,1779545635.0557144,,,,,,,-0.009765256,,,
7342,,423.050201,187904,1779545635.0557144,,,,,,,,0.0037663756,,
7344,,423.050201,187904,1779545635.0567153,,,,0.0024414062,,,,,,
7345,,423.050201,187904,1779545635.0567153,,,,,,,,,,0.2786659
7347,0.0,423.0529911,188132,1779545635.5389588,,,,,,,,,,
7348,,423.0529911,188132,1779545635.5399587,100.0,,,,,,,,,
7349,0.0,423.0529911,188204,1779545635.7054317,,,,,,,,,,
7352,,423.0529911,188220,1779545635.7463877,21.0,,,,,,,,,
7355,0.0,423.0529911,188292,1779545635.9177685,,,,,,,,,,
7357,0.703,423.0535046,188368,1779545636.0625641,,,,,,,,,,
7358,,423.0535046,188368,1779545636.0625641,33.0,,,,,,,,,
7359,,423.0535046,188416,1779545636.8537967,,,,,,0.00015599385,,,,
7360,,423.0535046,188416,1779545636.8548164,,0.0039783767,,,,,,,,
7361,,423.0535046,188416,1779545636.8558168,,,,,,,-0.0069979206,,,
7364,,423.0535046,188416,1779545636.8558168,,,,,,,,,0.0026998618,
7365,,423.0535046,188416,1779545636.8561392,,,,0.008300781,,,,,,
7366,,423.0535046,188416,1779545636.8561392,,,,,,,,,,0.3832127
7367,,423.0535046,188416,1779545636.8616269,,,,,448.0,,,,,
7370,0.0,423.0535046,188608,1779545637.2547436,,,,,,,,,,
7373,,423.054102,188624,1779545637.3077803,100.0,,,,,,,,,
7378,,428.0582681,188928,1779545638.7272515,,,,,,0.00015573771,,,,
7379,,428.0582681,188928,1779545638.7272515,,0.00447558,,,,,,,,
7381,,428.0582681,188928,1779545638.7277799,,,1.4902403,,,,,,,
7383,,428.0582681,188928,1779545638.7277799,,,,,,,,,0.0023296722,
7384,,428.0582681,188928,1779545638.7277799,,,,0.0078125,,,,,,
7386,,428.0582681,188928,1779545638.732434,,,,,447.0,,,,,
7387,0.0,428.0590546,189012,1779545638.9323244,,,,,,,,,,
7389,0.0,428.0590546,189028,1779545638.9739697,,,,,,,,,,
7390,,428.0590546,189028,1779545638.9739697,100.0,,,,,,,,,
7391,0.0,428.0590546,189036,1779545638.9981086,,,,,,,,,,
7397,0.0,428.0597357,189432,1779545639.983902,,,,,,,,,,
7399,0.0,428.0597357,189440,1779545640.0023189,,,,,,,,,,
7400,,428.0597357,189440,1779545640.0023189,100.0,,,,,,,,,
7403,,428.0597357,189440,1779545640.752212,,,,,,,-0.029214207,,,
7404,,428.0597357,189440,1779545640.752212,,,1.5242864,,,,,,,
7406,,428.0597357,189440,1779545640.752212,,,,,,,,,0.008373991,
7407,,428.0597357,189440,1779545640.752212,,,,0.024902344,,,,,,
7410,0.0,428.060188,189512,1779545640.9437675,,,,,,,,,,
7411,,428.060188,189512,1779545640.9450274,100.0,,,,,,,,,
7412,0.0,428.060188,189820,1779545641.6174626,,,,,,,,,,
7413,,428.060188,189820,1779545641.6191907,100.0,,,,,,,,,
7415,,428.060188,189836,1779545641.6704645,100.0,,,,,,,,,
7416,0.0,428.060188,189844,1779545641.693439,,,,,,,,,,
7417,,428.060188,189844,1779545641.693439,100.0,,,,,,,,,
7419,,428.060188,189916,1779545641.8622482,100.0,,,,,,,,,
7422,,428.060188,189952,1779545642.5509138,,,,,,,-0.015801787,,,
7423,,428.060188,189952,1779545642.5509138,,,1.5281305,,,,,,,
7425,,428.060188,189952,1779545642.5509138,,,,,,,,,0.0024552094,
7428,,428.060188,189952,1779545642.5546706,,,,,446.0,,,,,
7429,0.0,433.0652228,190224,1779545643.2778816,,,,,,,,,,
7430,,433.0663642,190224,1779545643.2778816,100.0,,,,,,,,,
7431,0.0,433.0663642,190240,1779545643.3228946,,,,,,,,,,
7433,0.0,433.0663642,190248,1779545643.3453045,,,,,,,,,,
7434,,433.0663642,190248,1779545643.3457363,100.0,,,,,,,,,
7435,0.0,433.0663642,190320,1779545643.5451007,,,,,,,,,,
7436,,433.0663642,190320,1779545643.5460987,100.0,,,,,,,,,
7437,0.595,433.0668753,190408,1779545643.8368013,,,,,,,,,,
7440,,433.0668753,190464,1779545645.06128,,0.0016090302,,,,,,,,
7441,,433.0668753,190464,1779545645.0621367,,,,,,,-0.01872424,,,
7444,,433.0678959,190464,1779545645.0621367,,,,,,,,,0.0048462832,
7445,,433.0678959,190464,1779545645.0621367,,,,0.020019531,,,,,,
7450,0.577,433.0685921,190512,1779545645.251115,,,,,,,,,,
7451,,433.0685921,190512,1779545645.2517881,47.0,,,,,,,,,
7454,0.0,433.0685921,190652,1779545645.7204175,,,,,,,,,,
7457,,433.0701322,190888,1779545646.1739445,100.0,,,,,,,,,
7458,0.0,433.0701322,190916,1779545646.2182755,,,,,,,,,,
7459,,433.0706465,190916,1779545646.2185802,100.0,,,,,,,,,
7463,,433.0706465,190976,1779545646.731031,,0.005261376,,,,,,,,
7464,,433.0706465,190976,1779545646.731031,,,,,,,-0.02537777,,,
7468,,433.0714646,190976,1779545646.731031,,,,0.015625,,,,,,
7470,,433.0714646,190976,1779545646.7341957,,,,,444.0,,,,,
7472,,433.0779074,191048,1779545646.8483965,100.0,,,,,,,,,
7478,,433.0799037,191336,1779545647.2764919,100.0,,,,,,,,,
7479,0.0,433.0799037,191452,1779545647.4459574,,,,,,,,,,
7481,,438.0833404,191488,1779545648.3354392,,,,,,0.00015445697,,,,
7482,,438.0833404,191488,1779545648.3354392,,0.0003140139,,,,,,,,
7483,,438.0833404,191488,1779545648.3354392,,,,,,,-0.0013700398,,,
7488,,438.0833404,191488,1779545648.3354392,,,,,,,,,,-1.4392142
7492,0.0,438.084288,191724,1779545649.1331213,,,,,,,,,,
7496,0.0,438.084288,191856,1779545649.5106173,,,,,,,,,,
7498,0.613,438.084288,191872,1779545649.5654278,,,,,,,,,,
7499,,438.084288,191872,1779545649.5654278,43.0,,,,,,,,,
7501,,438.0853571,192000,1779545650.6991043,,0.0030538326,,,,,,,,
7506,,438.0853571,192000,1779545650.6991043,,,,0.0014648438,,,,,,
7509,0.0,438.0853571,192128,1779545651.083774,,,,,,,,,,
7510,,438.0853571,192128,1779545651.083774,100.0,,,,,,,,,
7512,,438.0853571,192144,1779545651.1279328,100.0,,,,,,,,,
7514,,438.0853571,192256,1779545651.4491277,99.0,,,,,,,,,
7515,0.0,438.0853571,192276,1779545651.5156589,,,,,,,,,,
7516,,438.0860764,192276,1779545651.5173922,100.0,,,,,,,,,
7518,,443.0892857,192512,1779545653.0408878,,0.0003156497,,,,,,,,
7520,,443.0892857,192512,1779545653.0408878,,,1.5137837,,,,,,,
7522,,443.0892857,192512,1779545653.0408878,,,,,,,,,0.0043536276,
7523,,443.0892857,192512,1779545653.0408878,,,,0.021972656,,,,,,
7526,0.0,443.0892857,192532,1779545653.1117907,,,,,,,,,,
7528,0.0,443.0892857,192548,1779545653.151189,,,,,,,,,,
7533,,443.0920541,192680,1779545653.476667,100.0,,,,,,,,,
7535,,443.0920541,192936,1779545654.0599978,100.0,,,,,,,,,
7536,0.0,443.0920541,192952,1779545654.088502,,,,,,,,,,
7537,,443.0920541,192952,1779545654.088502,100.0,,,,,,,,,
7538,,443.0920541,193024,1779545655.2058163,,,,,,0.00015368852,,,,
7539,,443.0920541,193024,1779545655.2058163,,0.00015364226,,,,,,,,
7543,,443.0920541,193024,1779545655.2058163,,,,,,,,,0.0060719117,
7547,0.0,443.0920541,193064,1779545655.2840014,,,,,,,,,,
7550,,443.0927373,193084,1779545655.3140535,100.0,,,,,,,,,
7552,,443.0927373,193252,1779545655.5835788,74.0,,,,,,,,,
7553,0.0,443.0927373,193340,1779545655.7284925,,,,,,,,,,
7555,0.0,443.0927373,193468,1779545656.022711,,,,,,,,,,
7556,,443.0927373,193468,1779545656.022711,100.0,,,,,,,,,
7557,0.0,443.0927373,193488,1779545656.0539489,,,,,,,,,,
7558,,443.0927373,193488,1779545656.0539489,100.0,,,,,,,,,
7559,,443.0927373,193536,1779545656.5383353,,,,,,0.00015343238,,,,
7560,,443.0927373,193536,1779545656.5383353,,0.0010876236,,,,,,,,
7561,,443.0927373,193536,1779545656.5383353,,,,,,,-0.005594449,,,
7563,,443.0927373,193536,1779545656.5383353,,,,,,,,0.0016038651,,
7566,,443.0927373,193536,1779545656.539504,,,,,,,,,,0.34294516
7567,,443.0927373,193536,1779545656.5412369,,,,,439.0,,,,,
7570,0.0,443.0927373,193744,1779545656.9591584,,,,,,,,,,
7572,0.0,443.0927373,193872,1779545657.1783428,,,,,,,,,,
7574,0.0,443.0927373,193892,1779545657.209818,,,,,,,,,,
7575,,443.0927373,193892,1779545657.209818,100.0,,,,,,,,,
7578,,448.0948662,194048,1779545658.0614696,,,,,,,-0.024584703,,,
7584,,448.095934,194048,1779545658.0652647,,,,,439.0,,,,,
7586,,448.0971739,194060,1779545658.0859115,100.0,,,,,,,,,
7587,0.0,448.0971739,194148,1779545658.2502282,,,,,,,,,,
7589,0.0,448.0971739,194276,1779545658.626086,,,,,,,,,,
7590,,448.0971739,194276,1779545658.626086,100.0,,,,,,,,,
7591,0.0,448.0975182,194296,1779545658.695803,,,,,,,,,,
7592,,448.0975182,194296,1779545658.695803,100.0,,,,,,,,,
7595,0.0,448.0975182,194464,1779545658.9979055,,,,,,,,,,
7599,,448.0975182,194560,1779545659.5393515,,,,,,0.00015292008,,,,
7600,,448.0975182,194560,1779545659.5393515,,0.0018293121,,,,,,,,
7602,,448.0982886,194560,1779545659.5393515,,,1.50906,,,,,,,
7605,,448.0982886,194560,1779545659.5393515,,,,0.0087890625,,,,,,
7606,,448.0982886,194560,1779545659.5393515,,,,,,,,,,0.44655538
7608,0.0,448.0982886,194700,1779545659.739588,,,,,,,,,,
7611,,448.0982886,194804,1779545659.8946154,100.0,,,,,,,,,
7612,0.0,448.0982886,194868,1779545659.9840007,,,,,,,,,,
7613,,448.0982886,194868,1779545659.9840007,100.0,,,,,,,,,
7614,0.0,448.0982886,194956,1779545660.1037433,,,,,,,,,,
7615,,448.0982886,194956,1779545660.1037433,100.0,,,,,,,,,
7617,,448.0982886,195072,1779545660.683798,,0.00013324947,,,,,,,,
7618,,448.0990873,195072,1779545660.683798,,,,,,,-0.010969522,,,
7619,,448.0990873,195072,1779545660.683798,,,1.5963186,,,,,,,
7620,,448.0990873,195072,1779545660.683798,,,,,,,,0.004719698,,
7621,,448.0990873,195072,1779545660.683798,,,,,,,,,0.0031794482,
7626,,448.0990873,195104,1779545660.734339,100.0,,,,,,,,,
7627,0.406,448.0990873,195136,1779545660.7961833,,,,,,,,,,
7629,0.0,448.0998852,195208,1779545660.920095,,,,,,,,,,
7631,0.0,448.0998852,195360,1779545661.144111,,,,,,,,,,
7634,,448.0998852,195508,1779545661.3440976,100.0,,,,,,,,,
7637,,448.0998852,195584,1779545662.0640473,,,,,,0.00015240778,,,,
7638,,448.0998852,195584,1779545662.0640473,,0.00072510546,,,,,,,,
7639,,448.0998852,195584,1779545662.0640473,,,,,,,-0.005340684,,,
7641,,448.1006429,195584,1779545662.0640473,,,,,,,,0.03385486,,
7644,,448.1006429,195584,1779545662.0640473,,,,,,,,,,0.5416547
7646,0.0,448.1009661,195612,1779545662.1168125,,,,,,,,,,
7647,,448.1009661,195612,1779545662.1168125,100.0,,,,,,,,,
7649,,448.1009661,195764,1779545662.317005,100.0,,,,,,,,,
7650,0.0,448.1009661,195912,1779545662.5238955,,,,,,,,,,
7652,0.0,448.1009661,195944,1779545662.5696573,,,,,,,,,,
7654,0.0,448.1009661,196016,1779545662.6737604,,,,,,,,,,
7655,,448.1009661,196016,1779545662.6737604,100.0,,,,,,,,,
7656,,453.106591,196096,1779545663.1989655,,,,,,0.00015215164,,,,
7658,,453.108681,196096,1779545663.1989655,,,,,,,-0.01670451,,,
7659,,453.108681,196096,1779545663.1989655,,,1.6276109,,,,,,,
7661,,453.108681,196096,1779545663.1989655,,,,,,,,,0.0077628638,
7662,,453.108681,196096,1779545663.1989655,,,,0.020507812,,,,,,
7667,0.451,453.1094231,196160,1779545663.2976623,,,,,,,,,,
7669,0.0,453.1094231,196168,1779545663.3179176,,,,,,,,,,
7670,,453.1094231,196168,1779545663.3179176,100.0,,,,,,,,,
7671,0.658,453.1094231,196300,1779545663.4939253,,,,,,,,,,
7672,,453.1094231,196300,1779545663.4939253,38.0,,,,,,,,,
7674,,453.1094231,196336,1779545663.5476313,43.0,,,,,,,,,
7675,0.0,453.1094231,196420,1779545663.6707218,,,,,,,,,,
7676,,453.1094231,196420,1779545663.6707218,100.0,,,,,,,,,
7681,,453.1101638,196608,1779545664.3785524,,,,,,,-0.0062460676,,,
7684,,453.1101638,196608,1779545664.3785524,,,,,,,,,0.0023911716,
7686,,453.1108446,196608,1779545664.3785524,,,,,,,,,,0.51841426
7689,,453.1108446,196704,1779545664.5195134,100.0,,,,,,,,,
7690,0.0,453.1113567,196740,1779545664.5739052,,,,,,,,,,
7691,,453.1113567,196740,1779545664.5739052,100.0,,,,,,,,,
7696,0.0,453.1113567,197108,1779545665.0897124,,,,,,,,,,
7702,,453.1117477,197120,1779545665.5319386,,,,,,,,0.0067929076,,
7703,,453.112261,197120,1779545665.5319386,,,,,,,,,0.014111241,
7705,,453.112261,197120,1779545665.5319386,,,,,,,,,,0.04741454
7707,0.0,453.112261,197144,1779545665.57919,,,,,,,,,,
7708,,453.112261,197144,1779545665.57919,100.0,,,,,,,,,
7709,0.0,453.112261,197228,1779545665.7281873,,,,,,,,,,
7710,,453.1127751,197228,1779545665.7281873,100.0,,,,,,,,,
7713,0.793,453.1127751,197240,1779545665.755305,,,,,,,,,,
7717,0.982,453.1127751,197524,1779545666.2051747,,,,,,,,,,
7719,0.0,453.1127751,197632,1779545666.3740277,,,,,,,,,,
7720,,453.1132888,197632,1779545666.3740277,100.0,,,,,,,,,
7722,,453.1132888,197632,1779545666.8492491,,0.0036443044,,,,,,,,
7724,,453.1136822,197632,1779545666.8492491,,,1.4653153,,,,,,,
7726,,453.1136822,197632,1779545666.8492491,,,,,,,,,0.008260146,
7727,,453.1136822,197632,1779545666.8492491,,,,0.037109375,,,,,,
7728,,453.1136822,197632,1779545666.8492491,,,,,,,,,,0.40769082
7731,,453.1136822,197644,1779545666.8890152,100.0,,,,,,,,,
7734,0.613,453.1141942,197820,1779545667.1637394,,,,,,,,,,
7737,,453.1141942,197928,1779545667.3238304,100.0,,,,,,,,,
7739,,453.1141942,198036,1779545667.5125601,100.0,,,,,,,,,
7740,0.0,453.1141942,198048,1779545667.543658,,,,,,,,,,
7741,,453.1141942,198048,1779545667.543658,100.0,,,,,,,,,
7742,,458.1169828,198144,1779545668.4037864,,,,,,0.00015112705,,,,
7751,0.0,458.1177981,198224,1779545668.5435724,,,,,,,,,,
7755,0.0,458.1177981,198440,1779545668.887158,,,,,,,,,,
7757,0.0,458.1177981,198452,1779545668.9067903,,,,,,,,,,
7760,,458.1177981,198628,1779545669.1848876,100.0,,,,,,,,,
7761,,458.1177981,198656,1779545669.6670313,,,,,,0.0001508709,,,,
7762,,458.1177981,198656,1779545669.6670313,,0.00029694982,,,,,,,,
7763,,458.1177981,198656,1779545669.6670313,,,,,,,-0.014681656,,,
7764,,458.1177981,198656,1779545669.6670313,,,1.4474992,,,,,,,
7765,,458.1177981,198656,1779545669.6670313,,,,,,,,0.0013225814,,
7771,,458.1177981,198736,1779545669.7799573,100.0,,,,,,,,,
7776,0.262,458.1183908,198960,1779545670.1178699,,,,,,,,,,
7777,,458.1183908,198960,1779545670.1178699,82.0,,,,,,,,,
7778,0.595,458.1183908,199028,1779545670.2187948,,,,,,,,,,
7779,,458.1183908,199028,1779545670.2187948,45.0,,,,,,,,,
7784,,458.1183908,199168,1779545670.8641214,,,,,,,-0.006926285,,,
7785,,458.1183908,199168,1779545670.8641214,,,1.4945939,,,,,,,
7789,,458.1183908,199168,1779545670.8641214,,,,,,,,,,0.0917393
7792,,458.1183908,199204,1779545670.9398303,15.0,,,,,,,,,
7793,0.0,458.1183908,199260,1779545671.026759,,,,,,,,,,
7794,,458.1187321,199260,1779545671.026759,100.0,,,,,,,,,
7795,0.0,458.1187321,199364,1779545671.225009,,,,,,,,,,
7797,0.55,458.1187321,199408,1779545671.3004403,,,,,,,,,,
7799,0.0,458.1187321,199432,1779545671.3360546,,,,,,,,,,
7800,,458.1187321,199432,1779545671.3420284,100.0,,,,,,,,,
7802,,458.1187321,199664,1779545671.695951,100.0,,,,,,,,,
7803,,458.1187321,199680,1779545672.1656842,,,,,,0.00015035861,,,,
7806,,458.1187321,199680,1779545672.1656842,,,1.4427015,,,,,,,
7807,,458.1187321,199680,1779545672.1656842,,,,,,,,0.009499203,,
7809,,458.1187321,199680,1779545672.1656842,,,,0.012207031,,,,,,
7810,,458.1187321,199680,1779545672.1656842,,,,,,,,,,0.28362465
7814,0.0,458.1187321,199768,1779545672.2987852,,,,,,,,,,
7816,0.0,458.1187321,199812,1779545672.3600585,,,,,,,,,,
7817,,458.1187321,199812,1779545672.3600585,100.0,,,,,,,,,
7823,,463.122958,200172,1779545672.8835764,100.0,,,,,,,,,
7824,,463.122958,200192,1779545673.385089,,,,,,0.00015010245,,,,
7828,,463.122958,200192,1779545673.385089,,,,,,,,0.0052968785,,
7831,,463.1236456,200192,1779545673.385089,,,,,,,,,,0.33542103
7832,,463.1236456,200192,1779545673.389187,,,,,438.0,,,,,
7833,0.0,463.1236456,200216,1779545673.4389672,,,,,,,,,,
7835,0.0,463.1236456,200240,1779545673.474001,,,,,,,,,,
7837,0.604,463.1236456,200352,1779545673.6280398,,,,,,,,,,
7838,,463.1236456,200352,1779545673.6337104,44.0,,,,,,,,,
7841,0.0,463.1236456,200620,1779545674.0132205,,,,,,,,,,
7842,,463.1236456,200620,1779545674.0132205,100.0,,,,,,,,,
7843,0.0,463.1236456,200644,1779545674.0479898,,,,,,,,,,
7844,,463.1236456,200644,1779545674.0479898,100.0,,,,,,,,,
7848,,463.1236456,200704,1779545674.5399797,,0.0047882963,,,,,,,,
7850,,463.1236456,200704,1779545674.5399797,,,1.4600513,,,,,,,
7851,,463.1236456,200704,1779545674.5399797,,,,,,,,0.028679317,,
7852,,463.1236456,200704,1779545674.5399797,,,,,,,,,0.010432206,
7853,,463.1236456,200704,1779545674.5399797,,,,0.034179688,,,,,,
7854,,463.1236456,200704,1779545674.5399797,,,,,,,,,,0.40608186
7855,,463.1236456,200704,1779545674.5454702,,,,,438.0,,,,,
7857,,463.1243742,200756,1779545674.6239035,100.0,,,,,,,,,
7858,0.0,463.1243742,200944,1779545674.8782117,,,,,,,,,,
7863,,463.1243742,201068,1779545675.0651295,100.0,,,,,,,,,
7867,,463.1243742,201216,1779545675.7038827,,0.00078852935,,,,,,,,
7869,,463.1243742,201216,1779545675.7038827,,,1.4112693,,,,,,,
7871,,463.1243742,201216,1779545675.7038827,,,,,,,,,0.0032405215,
7873,,463.1243742,201216,1779545675.7054718,,,,,,,,,,-3.9601398
7874,,463.1243742,201216,1779545675.7090728,,,,,438.0,,,,,
7875,0.217,463.1243742,201296,1779545675.8387623,,,,,,,,,,
7877,0.0,463.1243742,201428,1779545676.0108178,,,,,,,,,,
7882,,463.1243742,201484,1779545676.0934336,13.0,,,,,,,,,
7883,0.0,463.1243742,201564,1779545676.2039633,,,,,,,,,,
7885,0.0,463.1243742,201700,1779545676.4075723,,,,,,,,,,
7886,,463.1243742,201700,1779545676.4075723,100.0,,,,,,,,,
7890,,463.1256855,201728,1779545677.128611,,,1.2742156,,,,,,,
7892,,463.1256855,201728,1779545677.128611,,,,,,,,,0.013771787,
7894,,463.1256855,201728,1779545677.129674,,,,,,,,,,0.28757614
7896,0.748,463.1256855,201816,1779545677.283771,,,,,,,,,,
7897,,463.1256855,201816,1779545677.283771,28.0,,,,,,,,,
7898,0.0,463.1256855,201876,1779545677.3793511,,,,,,,,,,
7900,0.0,463.1256855,201888,1779545677.398424,,,,,,,,,,
7901,,463.1263272,201888,1779545677.398424,100.0,,,,,,,,,
7904,0.253,468.1350779,202152,1779545677.9436033,,,,,,,,,,
7905,,468.1350779,202152,1779545677.9436033,83.0,,,,,,,,,
7907,,468.1350779,202240,1779545678.5549943,,0.0033719349,,,,,,,,
7908,,468.1363049,202240,1779545678.5549943,,,,,,,-0.009015376,,,
7909,,468.1363049,202240,1779545678.5549943,,,1.2993158,,,,,,,
7912,,468.1363049,202240,1779545678.5549943,,,,0.008300781,,,,,,
7913,,468.1363049,202240,1779545678.5549943,,,,,,,,,,0.28543794
7914,,468.1363049,202240,1779545678.559205,,,,,437.0,,,,,
7915,0.0,468.1363049,202280,1779545678.6493397,,,,,,,,,,
7917,0.0,468.1363049,202292,1779545678.675588,,,,,,,,,,
7921,0.0,468.1363049,202372,1779545678.8867967,,,,,,,,,,
7924,,468.1363049,202556,1779545679.1446664,100.0,,,,,,,,,
7926,,468.1363049,202696,1779545679.3322911,34.0,,,,,,,,,
7930,,468.1371629,202752,1779545679.8580866,,0.0038476442,,,,,,,,
7932,,468.1378816,202752,1779545679.8580866,,,1.2710109,,,,,,,
7933,,468.1378816,202752,1779545679.8580866,,,,,,,,0.0026838044,,
7939,,468.1378816,202760,1779545679.8790038,100.0,,,,,,,,,
7941,,468.1378816,202776,1779545679.9172847,100.0,,,,,,,,,
7943,,468.1378816,203100,1779545680.4464157,100.0,,,,,,,,,
7945,,468.1383993,203100,1779545680.4497077,100.0,,,,,,,,,
7946,0.0,468.1383993,203164,1779545680.556659,,,,,,,,,,
7947,,468.1383993,203164,1779545680.5599673,100.0,,,,,,,,,
7948,0.0,468.1383993,203180,1779545680.6038136,,,,,,,,,,
7950,,468.1383993,203264,1779545681.4407759,,,,,,0.00014856557,,,,
7951,,468.1383993,203264,1779545681.4407759,,0.0008689199,,,,,,,,
7953,,468.1383993,203264,1779545681.4414253,,,1.3998605,,,,,,,
7954,,468.1383993,203264,1779545681.4414253,,,,,,,,-0.0035329796,,
7955,,468.1383993,203264,1779545681.4414253,,,,,,,,,0.01085708,
7957,,468.1383993,203264,1779545681.4414253,,,,,,,,,,-1.2265677
7962,,468.139444,203504,1779545682.1899328,100.0,,,,,,,,,
7963,0.0,468.139444,203568,1779545682.3839507,,,,,,,,,,
7965,0.0,468.139444,203584,1779545682.4347456,,,,,,,,,,
7966,,468.139444,203584,1779545682.4347456,100.0,,,,,,,,,
7967,,473.142022,203776,1779545683.7240167,,,,,,0.00014830942,,,,
7971,,473.142806,203776,1779545683.7240167,,,,,,,,-0.0014217282,,
7972,,473.142806,203776,1779545683.7240167,,,,,,,,,0.0018620864,
7973,,473.142806,203776,1779545683.7246199,,,,0.016113281,,,,,,
7975,,473.142806,203776,1779545683.7270768,,,,,436.0,,,,,
7988,,473.1433611,204288,1779545685.2458553,,,,,,,-0.017021928,,,
7992,,473.1433611,204288,1779545685.2466292,,,,0.03857422,,,,,,
7994,,473.1433611,204288,1779545685.2501345,,,,,435.0,,,,,
7996,,473.1433611,204312,1779545685.2942731,100.0,,,,,,,,,
7999,0.0,473.1433611,204388,1779545685.4250414,,,,,,,,,,
8002,,473.1433611,204392,1779545685.4340026,100.0,,,,,,,,,
8003,0.0,473.1433611,204716,1779545685.9081826,,,,,,,,,,
8004,,473.1433611,204716,1779545685.9081826,100.0,,,,,,,,,
8007,0.0,473.1433611,204780,1779545686.0015442,,,,,,,,,,
8008,,473.1462963,204780,1779545686.0015442,100.0,,,,,,,,,
8009,0.0,473.1462963,204796,1779545686.0275254,,,,,,,,,,
8013,,473.1462963,204800,1779545686.4742243,,,,,,,-0.01874055,,,
8014,,473.1462963,204800,1779545686.4742243,,,1.4558961,,,,,,,
8018,,473.1462963,204800,1779545686.4752266,,,,,,,,,,-0.68932116
8022,0.829,473.1482235,204844,1779545686.5528896,,,,,,,,,,
8023,,473.1482235,204844,1779545686.5528896,19.0,,,,,,,,,
8027,,473.1562361,205184,1779545687.0871043,100.0,,,,,,,,,
8029,,473.1568431,205208,1779545687.128354,100.0,,,,,,,,,
8031,,473.1568431,205240,1779545687.190701,29.0,,,,,,,,,
8032,0.0,473.1568431,205248,1779545687.2244306,,,,,,,,,,
8033,,473.1571516,205248,1779545687.2248707,100.0,,,,,,,,,
8035,,478.1560221,205312,1779545687.9537642,,0.003114502,,,,,,,,
8036,,478.1560221,205312,1779545687.9537642,,,,,,,-0.011392444,,,
8042,,478.1570407,205312,1779545687.958692,,,,,435.0,,,,,
8043,0.0,478.1570407,205588,1779545688.3773212,,,,,,,,,,
8045,0.0,478.1570407,205612,1779545688.411684,,,,,,,,,,
8048,,478.1570407,205644,1779545688.457845,100.0,,,,,,,,,
8050,,478.1570407,205652,1779545688.4723918,100.0,,,,,,,,,
8052,,478.1570407,205824,1779545689.1554606,,0.0008858547,,,,,,,,
8055,,478.1594279,205824,1779545689.1554606,,,,,,,,-0.003745919,,
8059,,478.1594279,205824,1779545689.1587217,,,,,435.0,,,,,
8060,0.0,478.1594279,205992,1779545689.4201462,,,,,,,,,,
8064,0.0,478.1594279,206048,1779545689.5119603,,,,,,,,,,
8066,0.0,478.1594279,206056,1779545689.527729,,,,,,,,,,
8067,,478.1604402,206056,1779545689.5283027,100.0,,,,,,,,,
8073,,478.1604402,206336,1779545690.360961,,,1.389883,,,,,,,
8074,,478.1604402,206336,1779545690.360961,,,,,,,,0.0013826406,,
8075,,478.1604402,206336,1779545690.360961,,,,,,,,,0.00804574,
8079,0.0,478.161207,206396,1779545690.449711,,,,,,,,,,
8081,0.0,478.161207,206420,1779545690.486118,,,,,,,,,,
8083,0.0,478.161207,206460,1779545690.5437064,,,,,,,,,,
8084,,478.161207,206460,1779545690.5437064,100.0,,,,,,,,,
8085,0.604,478.161207,206600,1779545690.7422965,,,,,,,,,,
8086,,478.161207,206600,1779545690.7422965,44.0,,,,,,,,,
8088,,478.161207,206616,1779545690.7690032,80.0,,,,,,,,,
8090,,478.161207,206800,1779545691.058048,100.0,,,,,,,,,
8091,,478.161207,206848,1779545691.5611062,,,,,,0.00014677254,,,,
8092,,478.161207,206848,1779545691.5611062,,0.0027114183,,,,,,,,
8093,,478.161207,206848,1779545691.5611062,,,,,,,-0.022267692,,,
8095,,478.161207,206848,1779545691.5611062,,,,,,,,0.028886268,,
8096,,478.161207,206848,1779545691.5611062,,,,,,,,,0.008146381,
8101,,478.1622219,206864,1779545691.5942035,100.0,,,,,,,,,
8105,,478.1622219,207004,1779545691.7914522,100.0,,,,,,,,,
8106,0.0,478.1622219,207020,1779545691.8188012,,,,,,,,,,
8107,,478.1622219,207020,1779545691.8188012,100.0,,,,,,,,,
8108,0.91,478.1622219,207048,1779545691.8652267,,,,,,,,,,
8109,,478.1622219,207048,1779545691.8652267,10.0,,,,,,,,,
8111,,478.1622219,207120,1779545691.9801013,17.0,,,,,,,,,
8112,0.0,478.1627689,207268,1779545692.1900828,,,,,,,,,,
8114,,483.1683734,207360,1779545692.9342067,,,,,,0.0001465164,,,,
8118,,483.1683734,207360,1779545692.935233,,,,,,,,0.006264969,,
8119,,483.1683734,207360,1779545692.935233,,,,,,,,,0.010321285,
8123,0.0,483.1683734,207384,1779545693.0604937,,,,,,,,,,
8129,0.0,483.1691134,207672,1779545693.9008014,,,,,,,,,,
8133,0.0,483.1691134,207828,1779545694.30995,,,,,,,,,,
8135,,483.1691134,207872,1779545695.019072,,,,,,0.00014626025,,,,
8136,,483.1691134,207872,1779545695.019072,,0.0007495346,,,,,,,,
8137,,483.1691134,207872,1779545695.019072,,,,,,,-0.009248474,,,
8139,,483.1691134,207872,1779545695.019072,,,,,,,,0.008126922,,
8143,,483.1695645,207872,1779545695.022488,,,,,434.0,,,,,
8144,0.487,483.1695645,207904,1779545695.0720818,,,,,,,,,,
8145,,483.1695645,207904,1779545695.0720818,57.0,,,,,,,,,
8147,,483.1695645,207928,1779545695.1127112,100.0,,,,,,,,,
8148,0.802,483.1695645,208020,1779545695.2904074,,,,,,,,,,
8149,,483.1695645,208020,1779545695.2904074,22.0,,,,,,,,,
8150,0.0,483.1695645,208192,1779545695.6904552,,,,,,,,,,
8151,,483.1695645,208192,1779545695.6904552,100.0,,,,,,,,,
8152,0.0,483.1695645,208232,1779545695.7895873,,,,,,,,,,
8153,,483.1695645,208232,1779545695.7895873,100.0,,,,,,,,,
8158,,483.1700782,208384,1779545696.749097,,,,,,0.0001460041,,,,
8160,,483.1700782,208384,1779545696.750117,,,,,,,-0.003726095,,,
8163,,483.1700782,208384,1779545696.750117,,,,,,,,,0.0036324244,
8166,,483.1707842,208384,1779545696.7548923,,,,,434.0,,,,,
8167,0.0,483.1707842,208424,1779545696.8720644,,,,,,,,,,
8174,,483.1707842,208540,1779545697.1098547,44.0,,,,,,,,,
8175,0.0,483.1707842,208636,1779545697.2567015,,,,,,,,,,
8178,,483.1720079,208752,1779545697.5810475,52.0,,,,,,,,,
8180,,483.1720079,208828,1779545697.7920263,100.0,,,,,,,,,
8183,,488.18126,208896,1779545698.5637646,,,,,,,-0.012925532,,,
8186,,488.18126,208896,1779545698.5637646,,,,,,,,,0.0043870825,
8188,,488.18126,208896,1779545698.5637646,,,,,,,,,,0.46269947
8189,,488.1817116,208896,1779545698.5693288,,,,,433.0,,,,,
8191,,488.1817116,208920,1779545698.6353278,100.0,,,,,,,,,
8192,0.586,488.1817116,208940,1779545698.6837742,,,,,,,,,,
8194,0.0,488.1817116,209040,1779545698.9127421,,,,,,,,,,
8195,,488.1817116,209040,1779545698.9127421,100.0,,,,,,,,,
8196,0.622,488.1817116,209112,1779545699.0419197,,,,,,,,,,
8197,,488.1817116,209112,1779545699.0419197,42.0,,,,,,,,,
8198,0.784,488.1817116,209140,1779545699.086874,,,,,,,,,,
8202,0.0,488.1817116,209324,1779545699.452336,,,,,,,,,,
8204,0.352,488.1817116,209404,1779545699.6253123,,,,,,,,,,
8205,,488.1817116,209404,1779545699.6253123,72.0,,,,,,,,,
8206,,488.1817116,209408,1779545700.2193384,,,,,,0.00014549181,,,,
8207,,488.1817116,209408,1779545700.220381,,0.006646323,,,,,,,,
8209,,488.1817116,209408,1779545700.220381,,,1.2349743,,,,,,,
8212,,488.1817116,209408,1779545700.220381,,,,0.022949219,,,,,,
8213,,488.1817116,209408,1779545700.220381,,,,,,,,,,0.29760933
8214,,488.1824256,209408,1779545700.2239814,,,,,433.0,,,,,
8215,0.0,488.1824256,209544,1779545700.5264559,,,,,,,,,,
8217,0.0,488.1824256,209636,1779545700.730782,,,,,,,,,,
8219,0.307,488.1824256,209716,1779545700.90857,,,,,,,,,,
8220,,488.1824256,209716,1779545700.90857,77.0,,,,,,,,,
8223,0.919,488.1824256,209756,1779545700.9972603,,,,,,,,,,
8225,0.775,488.1824256,209832,1779545701.102879,,,,,,,,,,
8228,,488.1824256,209920,1779545701.9108098,,0.0034738986,,,,,,,,
8229,,488.1828004,209920,1779545701.9108098,,,,,,,-0.015405183,,,
8230,,488.1828004,209920,1779545701.9108098,,,1.089206,,,,,,,
8231,,488.1828004,209920,1779545701.9108098,,,,,,,,-0.0008084988,,
8235,,488.1835651,209920,1779545701.9165053,,,,,432.0,,,,,
8238,0.0,488.1835651,210040,1779545702.304656,,,,,,,,,,
8240,0.0,488.1835651,210160,1779545702.6138077,,,,,,,,,,
8246,0.0,493.1858841,210352,1779545703.056808,,,,,,,,,,
8249,,493.186553,210432,1779545703.9620457,,0.002457872,,,,,,,,
8250,,493.186553,210432,1779545703.9620457,,,,,,,-0.011259282,,,
8251,,493.186553,210432,1779545703.9620457,,,1.1610366,,,,,,,
8253,,493.186553,210432,1779545703.9620457,,,,,,,,,0.0024386896,
8255,,493.186553,210432,1779545703.9620457,,,,,,,,,,0.33632034
8256,,493.187566,210432,1779545703.967792,,,,,431.0,,,,,
8259,0.0,493.187566,210580,1779545704.270883,,,,,,,,,,
8260,,493.187566,210580,1779545704.270883,100.0,,,,,,,,,
8262,,493.1881523,210640,1779545704.4008,100.0,,,,,,,,,
8263,0.37,493.1881523,210728,1779545704.5919456,,,,,,,,,,
8264,,493.1881523,210728,1779545704.5919456,70.0,,,,,,,,,
8266,,493.1881523,210756,1779545704.6560123,100.0,,,,,,,,,
8267,,493.1881523,210944,1779545705.5944588,,,,,,0.00014472337,,,,
8269,,493.1881523,210944,1779545705.5954576,,,,,,,-0.014526777,,,
8270,,493.1881523,210944,1779545705.5954576,,,1.2687545,,,,,,,
8271,,493.1881523,210944,1779545705.5954576,,,,,,,,0.0029789796,,
8274,,493.1881523,210944,1779545705.596555,,,,,,,,,,-0.30188227
8275,,493.1881523,210944,1779545705.600615,,,,,431.0,,,,,
8276,0.0,493.1881523,210984,1779545705.6917412,,,,,,,,,,
8278,0.397,493.1881523,211000,1779545705.7323763,,,,,,,,,,
8279,,493.1881523,211000,1779545705.7323763,67.0,,,,,,,,,
8282,0.712,493.1881523,211116,1779545705.9956403,,,,,,,,,,
8284,0.0,493.1881523,211160,1779545706.0650287,,,,,,,,,,
8286,0.577,493.1891702,211192,1779545706.1679144,,,,,,,,,,
8287,,493.1891702,211192,1779545706.1679144,47.0,,,,,,,,,
8289,,493.1891702,211400,1779545706.7399242,51.0,,,,,,,,,
8294,,493.1896863,211456,1779545707.4822795,,,,,,0.00014446721,,,,
8295,,493.1896863,211456,1779545707.4822795,,0.005185964,,,,,,,,
8302,,493.1896863,211456,1779545707.486518,,,,,430.0,,,,,
8305,0.0,493.1901837,211520,1779545707.659472,,,,,,,,,,
8307,0.0,493.1901837,211564,1779545707.760253,,,,,,,,,,
8311,0.0,498.19907,211816,1779545708.4062784,,,,,,,,,,
8315,0.0,498.1996075,211924,1779545708.7934837,,,,,,,,,,
8317,0.766,498.1996075,211924,1779545708.7971914,,,,,,,,,,
8318,,498.1996075,211924,1779545708.7971914,26.0,,,,,,,,,
8320,,498.1996075,211968,1779545709.5504,,0.006344257,,,,,,,,
8321,,498.1996075,211968,1779545709.5504,,,,,,,-0.006570899,,,
8322,,498.1996075,211968,1779545709.5504,,,1.1715302,,,,,,,
8327,,498.2002561,211968,1779545709.560058,,,,,430.0,,,,,
8328,0.0,498.2002561,212008,1779545709.633803,,,,,,,,,,
8329,,498.2002561,212008,1779545709.634913,100.0,,,,,,,,,
8330,0.658,498.2002561,212164,1779545709.9764893,,,,,,,,,,
8331,,498.2002561,212164,1779545709.9764893,38.0,,,,,,,,,
8332,0.0,498.2002561,212320,1779545710.408467,,,,,,,,,,
8334,0.0,498.2002561,212328,1779545710.4375923,,,,,,,,,,
8335,,498.2002561,212328,1779545710.4401395,100.0,,,,,,,,,
8336,0.0,498.2006534,212328,1779545710.4416947,,,,,,,,,,
8339,,498.2006534,212348,1779545710.5059235,4.0,,,,,,,,,
8343,,498.2011643,212480,1779545711.671695,,,1.2795826,,,,,,,
8346,,498.2011643,212480,1779545711.671695,,,,0.07373047,,,,,,
8347,,498.2011643,212480,1779545711.671695,,,,,,,,,,0.32261062
8349,0.0,498.2011643,212568,1779545711.9452868,,,,,,,,,,
8350,,498.2011643,212568,1779545711.9452868,100.0,,,,,,,,,
8352,,498.2011643,212724,1779545712.3539531,100.0,,,,,,,,,
8353,0.0,498.2011643,212732,1779545712.3827002,,,,,,,,,,
8354,,498.2011643,212732,1779545712.3827002,100.0,,,,,,,,,
8356,,498.2011643,212752,1779545712.4376495,100.0,,,,,,,,,
8357,0.937,498.2011643,212784,1779545712.5207753,,,,,,,,,,
8359,0.838,498.2011643,212860,1779545712.7373424,,,,,,,,,,
8361,0.631,498.2011643,212900,1779545712.8534284,,,,,,,,,,
8362,,498.2011643,212900,1779545712.8534284,41.0,,,,,,,,,
8365,,503.2078433,212992,1779545713.9624348,,,,,,0.00014369877,,,,
8370,,503.2093908,212992,1779545713.9634385,,,,,,,,,0.0025130943,
8371,,503.2093908,212992,1779545713.9634385,,,,0.0048828125,,,,,,
8372,,503.2093908,212992,1779545713.9634385,,,,,,,,,,0.38450378
8373,,503.2093908,212992,1779545713.9674475,,,,,428.0,,,,,
8374,0.235,503.2093908,213068,1779545714.1273987,,,,,,,,,,
8377,,503.2093908,213264,1779545714.566622,100.0,,,,,,,,,
8378,0.0,503.2093908,213304,1779545714.6371422,,,,,,,,,,
8381,,503.2101542,213376,1779545714.7999804,100.0,,,,,,,,,
8388,,503.2108828,213504,1779545715.87232,,,,,,,,-0.0030114995,,
8389,,503.2108828,213504,1779545715.8730156,,,,,,,,,0.0067274217,
8390,,503.2108828,213504,1779545715.8730156,,,,0.024414062,,,,,,
8391,,503.2108828,213504,1779545715.8730156,,,,,,,,,,-1.1033564
8393,0.0,503.2108828,213668,1779545716.3528018,,,,,,,,,,
8397,0.0,503.2108828,213780,1779545716.6102645,,,,,,,,,,
8398,,503.2108828,213780,1779545716.610642,100.0,,,,,,,,,
8401,0.0,503.2108828,213876,1779545716.8660185,,,,,,,,,,
8403,,508.2175781,214016,1779545718.35174,,,,,,0.00014318648,,,,
8404,,508.2175781,214016,1779545718.3520582,,0.0021504452,,,,,,,,
8406,,508.2175781,214016,1779545718.3520582,,,1.3199534,,,,,,,
8413,,508.2175781,214072,1779545718.5748148,58.0,,,,,,,,,
8416,0.0,508.220823,214112,1779545718.7228317,,,,,,,,,,
8418,0.0,508.220823,214280,1779545719.1040444,,,,,,,,,,
8420,0.0,508.220823,214476,1779545719.6103761,,,,,,,,,,
8421,,508.220823,214476,1779545719.6103761,100.0,,,,,,,,,
8422,0.0,508.220823,214476,1779545719.6129222,,,,,,,,,,
8423,,508.220823,214476,1779545719.6129222,100.0,,,,,,,,,
8424,0.0,508.2236617,214516,1779545719.75253,,,,,,,,,,
8425,,508.2236617,214516,1779545719.75253,100.0,,,,,,,,,
8427,,508.2236617,214528,1779545720.3743596,,0.0020170603,,,,,,,,
8430,,508.2246642,214528,1779545720.3749397,,,,,,,,-0.0013162708,,
8431,,508.2246642,214528,1779545720.3749397,,,,,,,,,0.0037883925,
8432,,508.2246642,214528,1779545720.3749397,,,,0.0068359375,,,,,,
8433,,508.2246642,214528,1779545720.3749397,,,,,,,,,,0.086081624
8434,,508.2246642,214528,1779545720.3759468,,,,,425.0,,,,,
8435,0.0,508.2246642,214684,1779545720.7074053,,,,,,,,,,
8439,0.0,508.2246642,214880,1779545721.1341767,,,,,,,,,,
8440,,508.2246642,214880,1779545721.1341767,100.0,,,,,,,,,
8447,,508.2246642,215040,1779545721.994467,,,,,,,-0.01652515,,,
8448,,508.2246642,215040,1779545721.994467,,,1.4869654,,,,,,,
8449,,508.2255703,215040,1779545721.994467,,,,,,,,0.01098751,,
8451,,508.2255703,215040,1779545721.994467,,,,0.029785156,,,,,,
8452,,508.2255703,215040,1779545721.9954774,,,,,,,,,,0.23273045
8456,0.0,508.2255703,215284,1779545722.4701848,,,,,,,,,,
8457,,508.2255703,215284,1779545722.4716985,100.0,,,,,,,,,
8460,0.865,508.2255703,215348,1779545722.61605,,,,,,,,,,
8461,,508.2255703,215348,1779545722.61605,15.0,,,,,,,,,
8463,,508.2255703,215380,1779545722.7012434,100.0,,,,,,,,,
8466,0.0,513.2299943,215492,1779545723.0023935,,,,,,,,,,
8467,,513.2309593,215492,1779545723.0023935,100.0,,,,,,,,,
8469,,513.2309593,215552,1779545723.7025018,,0.0051204185,,,,,,,,
8470,,513.2309593,215552,1779545723.7025018,,,,,,,-0.02591896,,,
8474,,513.2309593,215552,1779545723.7025018,,,,0.010253906,,,,,,
8475,,513.2309593,215552,1779545723.703517,,,,,,,,,,0.4788801
8482,,513.2315227,215800,1779545724.2343843,100.0,,,,,,,,,
8484,,513.2318661,215808,1779545724.261094,19.0,,,,,,,,,
8485,0.919,513.2318661,215848,1779545724.367931,,,,,,,,,,
8486,,513.2318661,215848,1779545724.367931,9.0,,,,,,,,,
8491,,513.2318661,216064,1779545725.6482103,,,,,,0.00014216188,,,,
8492,,513.2318661,216064,1779545725.6482103,,0.006517682,,,,,,,,
8494,,513.2318661,216064,1779545725.6492252,,,1.5143745,,,,,,,
8495,,513.2318661,216064,1779545725.6492252,,,,,,,,-0.0020317454,,
8499,,513.2318661,216064,1779545725.654176,,,,,424.0,,,,,
8502,0.0,513.2318661,216156,1779545725.8838835,,,,,,,,,,
8505,,513.2325085,216252,1779545726.1822035,100.0,,,,,,,,,
8509,,513.2325085,216360,1779545726.5321674,14.0,,,,,,,,,
8510,0.0,513.2325085,216512,1779545726.8974714,,,,,,,,,,
8511,,513.2325085,216512,1779545726.8974714,100.0,,,,,,,,,
8514,,513.2325085,216576,1779545727.5818467,,,,,,0.00014190574,,,,
8515,,513.2325085,216576,1779545727.582783,,0.0024901365,,,,,,,,
8522,,513.2325085,216576,1779545727.5861168,,,,,423.0,,,,,
8524,,513.2325085,216656,1779545727.7212532,100.0,,,,,,,,,
8528,,518.236331,216832,1779545728.0414026,16.0,,,,,,,,,
8530,,518.236331,216916,1779545728.2087607,100.0,,,,,,,,,
8531,0.0,518.236331,216964,1779545728.2950215,,,,,,,,,,
8532,,518.236331,216964,1779545728.2950215,100.0,,,,,,,,,
8533,0.874,518.236331,217024,1779545728.3973284,,,,,,,,,,
8534,,518.236331,217024,1779545728.3976867,14.0,,,,,,,,,
8535,0.0,518.236331,217060,1779545728.453466,,,,,,,,,,
8536,,518.236331,217060,1779545728.453466,100.0,,,,,,,,,
8537,,518.236331,217088,1779545728.9389522,,,,,,0.0001416496,,,,
8540,,518.2371029,217088,1779545728.9389522,,,1.542038,,,,,,,
8541,,518.2371029,217088,1779545728.9389522,,,,,,,,0.020467468,,
8544,,518.2371029,217088,1779545728.9389522,,,,,,,,,,0.35930908
8545,,518.2371029,217088,1779545728.9426625,,,,,423.0,,,,,
8547,,518.2371029,217236,1779545729.232666,100.0,,,,,,,,,
8550,0.0,518.2371029,217428,1779545729.5841448,,,,,,,,,,
8551,,518.2371029,217428,1779545729.58515,100.0,,,,,,,,,
8553,,518.2371029,217464,1779545729.6415405,100.0,,,,,,,,,
8555,,518.2371029,217600,1779545730.3226295,,0.0005872533,,,,,,,,
8560,,518.2371029,217600,1779545730.3226295,,,,0.011230469,,,,,,
8564,,518.2371029,217640,1779545730.3908665,100.0,,,,,,,,,
8568,,518.2371029,217724,1779545730.5253217,100.0,,,,,,,,,
8569,0.0,518.2371029,217832,1779545730.688661,,,,,,,,,,
8573,0.0,518.2371029,218056,1779545731.295114,,,,,,,,,,
8579,,518.2378097,218112,1779545731.8576975,,,,,,,,0.003757529,,
8583,,518.2378097,218112,1779545731.8622644,,,,,423.0,,,,,
8584,0.0,518.2378097,218128,1779545731.9027762,,,,,,,,,,
8589,,518.2378097,218236,1779545732.0897377,100.0,,,,,,,,,
8590,0.955,518.2378097,218260,1779545732.132359,,,,,,,,,,
8591,,518.2378097,218260,1779545732.132359,5.0,,,,,,,,,
8592,0.0,518.2378097,218272,1779545732.1554492,,,,,,,,,,
8593,,518.2378097,218272,1779545732.1554492,100.0,,,,,,,,,
8595,,518.2378097,218524,1779545732.530977,65.0,,,,,,,,,
8597,,518.2378097,218532,1779545732.5481133,100.0,,,,,,,,,
8600,,523.2411211,218624,1779545733.182174,,,,,,0.00014088115,,,,
8604,,523.2411211,218624,1779545733.182174,,,,,,,,0.0013391329,,
8607,,523.2421924,218624,1779545733.182174,,,,,,,,,,0.45801294
8609,0.0,523.2421924,218676,1779545733.2963886,,,,,,,,,,
8610,,523.2421924,218676,1779545733.2963886,100.0,,,,,,,,,
8612,,523.2421924,218792,1779545733.5140173,28.0,,,,,,,,,
8614,,523.2421924,218928,1779545733.7730484,100.0,,,,,,,,,
8615,0.0,523.2421924,218936,1779545733.797731,,,,,,,,,,
8617,0.0,523.2421924,218980,1779545733.9123943,,,,,,,,,,
8619,0.766,523.2421924,219036,1779545734.045531,,,,,,,,,,
8621,,523.2429229,219136,1779545734.9463146,,,,,,0.000140625,,,,
8622,,523.2429229,219136,1779545734.947321,,0.005323483,,,,,,,,
8625,,523.2429229,219136,1779545734.9487898,,,,,,,,0.014452064,,
8627,,523.2429229,219136,1779545734.9487898,,,,0.0068359375,,,,,,
8629,,523.2429229,219136,1779545734.9562962,,,,,422.0,,,,,
8631,,523.2429229,219196,1779545735.1627672,100.0,,,,,,,,,
8632,0.0,523.2429229,219340,1779545735.642981,,,,,,,,,,
8633,,523.2429229,219340,1779545735.642981,100.0,,,,,,,,,
8634,0.0,523.2429229,219384,1779545735.7523427,,,,,,,,,,
8636,0.478,523.2429229,219432,1779545735.8590336,,,,,,,,,,
8637,,523.2429229,219432,1779545735.8590336,58.0,,,,,,,,,
8640,0.757,523.2429229,219452,1779545735.9037633,,,,,,,,,,
8643,,523.2429229,219648,1779545736.9590867,,0.005150172,,,,,,,,
8645,,523.2436737,219648,1779545736.9590867,,,1.3374604,,,,,,,
8646,,523.2436737,219648,1779545736.9590867,,,,,,,,-0.0009435378,,
8647,,523.2436737,219648,1779545736.9590867,,,,,,,,,0.0006756922,
8649,,523.2436737,219648,1779545736.9600914,,,,,,,,,,0.11920357
8653,0.0,523.2436737,219836,1779545737.3872335,,,,,,,,,,
8655,0.0,523.2436737,219844,1779545737.4100957,,,,,,,,,,
8657,0.0,523.2436737,219856,1779545737.4394877,,,,,,,,,,
8660,,528.2494271,220160,1779545738.9923978,,0.00052983064,,,,,,,,
8661,,528.2494271,220160,1779545738.9923978,,,,,,,-0.007798914,,,
8662,,528.2494271,220160,1779545738.9939134,,,1.2674512,,,,,,,
8663,,528.2494271,220160,1779545738.9939134,,,,,,,,-0.004631914,,
8666,,528.2494271,220160,1779545738.9939134,,,,,,,,,,-2.4657094
8668,0.0,528.2494271,220192,1779545739.082147,,,,,,,,,,
8669,,528.2494271,220192,1779545739.082147,100.0,,,,,,,,,
8670,0.0,528.2501606,220240,1779545739.1855202,,,,,,,,,,
8672,0.0,528.2501606,220248,1779545739.2056801,,,,,,,,,,
8675,,528.2501606,220260,1779545739.2393706,100.0,,,,,,,,,
8676,0.0,528.2501606,220596,1779545740.009825,,,,,,,,,,
8677,,528.2501606,220596,1779545740.009825,100.0,,,,,,,,,
8680,0.0,528.2501606,220652,1779545740.136948,,,,,,,,,,
8682,0.0,528.2501606,220664,1779545740.167397,,,,,,,,,,
8683,,528.250693,220664,1779545740.167397,100.0,,,,,,,,,
8684,,528.250693,220672,1779545740.6873071,,,,,,0.00013985655,,,,
8686,,528.250693,220672,1779545740.687825,,,,,,,0.0072730295,,,
8687,,528.250693,220672,1779545740.687825,,,1.3796859,,,,,,,
8688,,528.250693,220672,1779545740.687825,,,,,,,,-0.0024584876,,
8691,,528.250693,220672,1779545740.687825,,,,,,,,,,-1.3726745
8692,,528.250693,220672,1779545740.6916027,,,,,421.0,,,,,
8694,,528.2512381,221000,1779545741.4457066,100.0,,,,,,,,,
8696,,528.2515666,221048,1779545741.5334072,100.0,,,,,,,,,
8698,,528.2518713,221056,1779545741.5519493,100.0,,,,,,,,,
8699,0.0,528.2518713,221068,1779545741.5775504,,,,,,,,,,
8700,,528.2518713,221068,1779545741.5775504,100.0,,,,,,,,,
8709,,528.2525531,221184,1779545742.808351,,,,,420.0,,,,,
8710,0.46,533.2559244,221312,1779545743.2570589,,,,,,,,,,
8714,0.0,533.2559244,221452,1779545743.5973737,,,,,,,,,,
8716,0.0,533.2559244,221460,1779545743.6199,,,,,,,,,,
8718,,533.2559244,221696,1779545744.916298,,,,,,0.00013934427,,,,
8720,,533.2559244,221696,1779545744.916298,,,,,,,-0.01060912,,,
8722,,533.2569771,221696,1779545744.9172962,,,,,,,,0.0005524354,,
8723,,533.2569771,221696,1779545744.9172962,,,,,,,,,0.0052161575,
8724,,533.2569771,221696,1779545744.9172962,,,,0.033203125,,,,,,
8727,0.0,533.2576603,221716,1779545744.9822605,,,,,,,,,,
8728,,533.2576603,221716,1779545744.9822605,100.0,,,,,,,,,
8733,0.0,533.2576603,221864,1779545745.387299,,,,,,,,,,
8734,,533.258058,221864,1779545745.3880439,100.0,,,,,,,,,
8735,0.793,533.258058,221960,1779545745.627578,,,,,,,,,,
8736,,533.258058,221960,1779545745.627578,23.0,,,,,,,,,
8737,0.0,533.258058,222120,1779545745.998618,,,,,,,,,,
8739,,533.258058,222208,1779545746.9396124,,,,,,0.00013908811,,,,
8750,0.0,533.2585723,222260,1779545747.07742,,,,,,,,,,
8752,0.874,533.2585723,222272,1779545747.113319,,,,,,,,,,
8754,0.0,533.2585723,222364,1779545747.3549452,,,,,,,,,,
8755,,533.2585723,222364,1779545747.3549452,100.0,,,,,,,,,
8758,0.379,533.2591022,222540,1779545747.7145264,,,,,,,,,,
8763,,538.2652315,222720,1779545748.7011163,,0.0069755074,,,,,,,,
8764,,538.2652315,222720,1779545748.7011163,,,,,,,-0.0035545323,,,
8771,0.19,538.2652315,222728,1779545748.727748,,,,,,,,,,
8772,,538.2652315,222728,1779545748.727748,90.0,,,,,,,,,
8773,0.0,538.26583,222928,1779545749.3194602,,,,,,,,,,
8774,,538.26583,222928,1779545749.3194602,100.0,,,,,,,,,
8777,0.946,538.26583,222956,1779545749.4174538,,,,,,,,,,
8778,,538.26583,222956,1779545749.4174538,6.0,,,,,,,,,
8780,,538.26583,223080,1779545749.6175265,100.0,,,,,,,,,
8781,0.0,538.26583,223132,1779545749.7094636,,,,,,,,,,
8783,0.523,538.26583,223160,1779545749.7819881,,,,,,,,,,
8784,,538.26583,223160,1779545749.7819881,53.0,,,,,,,,,
8786,,538.26583,223232,1779545750.82125,,0.004999115,,,,,,,,
8787,,538.26583,223232,1779545750.82125,,,,,,,-0.008176198,,,
8788,,538.26583,223232,1779545750.82125,,,1.2918867,,,,,,,
8791,,538.26583,223232,1779545750.82125,,,,0.034179688,,,,,,
8796,0.0,538.2668802,223484,1779545751.4467833,,,,,,,,,,
8800,0.0,538.2668802,223564,1779545751.7209861,,,,,,,,,,
8802,,543.2949562,223744,1779545753.140873,,,,,,0.00013831966,,,,
8803,,543.2949562,223744,1779545753.1418955,,0.00231979,,,,,,,,
8805,,543.2949562,223744,1779545753.1418955,,,1.1611551,,,,,,,
8806,,543.2949562,223744,1779545753.1418955,,,,,,,,0.014563813,,
8810,,543.2949562,223744,1779545753.1472325,,,,,417.0,,,,,
8812,,543.2949562,223764,1779545753.229819,100.0,,,,,,,,,
8813,0.0,543.2949562,223888,1779545753.6146293,,,,,,,,,,
8814,,543.2990341,223888,1779545753.6146293,100.0,,,,,,,,,
8815,0.1,543.2990341,223940,1779545753.7936666,,,,,,,,,,
8816,,543.2990341,223940,1779545753.7940764,100.0,,,,,,,,,
8817,0.0,543.2990341,223968,1779545753.8905268,,,,,,,,,,
8819,0.0,543.2990341,224168,1779545754.5114067,,,,,,,,,,
8822,,543.2990341,224256,1779545755.643863,,0.001380133,,,,,,,,
8824,,543.2990341,224256,1779545755.6443822,,,1.2706164,,,,,,,
8825,,543.2990341,224256,1779545755.6443822,,,,,,,,-0.0012147138,,
8827,,543.2990341,224256,1779545755.6443822,,,,0.015136719,,,,,,
8828,,543.2990341,224256,1779545755.6443822,,,,,,,,,,-2.7869422
8830,0.0,543.2990341,224292,1779545755.7892277,,,,,,,,,,
8834,0.991,543.3032236,224352,1779545755.9376059,,,,,,,,,,
8836,0.0,543.3032236,224372,1779545756.009924,,,,,,,,,,
8837,,543.3052745,224372,1779545756.0109222,100.0,,,,,,,,,
8839,,543.3052745,224572,1779545756.6003988,100.0,,,,,,,,,
8840,0.0,543.3052745,224696,1779545756.9540236,,,,,,,,,,
8843,,543.3052745,224756,1779545757.107943,100.0,,,,,,,,,
8845,,548.3016131,224768,1779545758.6036215,,0.0005759134,,,,,,,,
8846,,548.3022072,224768,1779545758.6036215,,,,,,,-0.010867972,,,
8847,,548.3022072,224768,1779545758.6036215,,,1.2158904,,,,,,,
8849,,548.3022072,224768,1779545758.604264,,,,,,,,,0.0034254733,
8851,,548.3022072,224768,1779545758.604264,,,,,,,,,,0.06994796
8855,0.928,548.3022072,224792,1779545758.763866,,,,,,,,,,
8856,,548.3022072,224792,1779545758.7645004,8.0,,,,,,,,,
8860,,548.3028329,224912,1779545759.3026443,33.0,,,,,,,,,
8861,0.0,548.3028329,225100,1779545759.8999877,,,,,,,,,,
8862,,548.3028329,225100,1779545759.8999877,100.0,,,,,,,,,
8863,0.0,548.3028329,225196,1779545760.2615387,,,,,,,,,,
8865,0.0,548.3028329,225252,1779545760.5009222,,,,,,,,,,
8869,,548.3028329,225280,1779545761.4923701,,,,,,,-0.0023261607,,,
8870,,548.3028329,225280,1779545761.4923701,,,1.1438518,,,,,,,
8871,,548.3028329,225280,1779545761.4923701,,,,,,,,0.0001461124,,
8872,,548.3028329,225280,1779545761.4923701,,,,,,,,,0.0038355691,
8873,,548.303461,225280,1779545761.4923701,,,,0.033691406,,,,,,
8875,,548.303461,225280,1779545761.4971797,,,,,413.0,,,,,
8878,0.937,548.303461,225348,1779545761.8071005,,,,,,,,,,
8881,,548.303461,225408,1779545762.006096,52.0,,,,,,,,,
8884,0.0,548.303461,225656,1779545762.8074803,,,,,,,,,,
8886,0.0,553.3071952,225752,1779545763.2311187,,,,,,,,,,
8894,,553.3074991,225792,1779545764.8655596,,,,0.051757812,,,,,,
8895,,553.3074991,225792,1779545764.8655596,,,,,,,,,,0.3925436
8897,0.0,553.3074991,225812,1779545764.947517,,,,,,,,,,
8900,,553.3074991,225904,1779545765.2313359,22.0,,,,,,,,,
8902,,553.3074991,225908,1779545765.2531064,100.0,,,,,,,,,
8904,,553.3074991,226060,1779545765.7524154,100.0,,,,,,,,,
8905,0.0,553.3074991,226156,1779545765.9536624,,,,,,,,,,
8906,,553.3074991,226156,1779545765.9536624,100.0,,,,,,,,,
8911,,553.3080089,226304,1779545766.8737934,,,,,,,,0.015793748,,
8914,,553.3080089,226304,1779545766.8744216,,,,,,,,,,0.39038897
8915,,553.3080089,226304,1779545766.8795977,,,,,411.0,,,,,
8916,0.0,553.3080089,226308,1779545766.8979971,,,,,,,,,,
8919,,553.3080089,226312,1779545766.921729,100.0,,,,,,,,,
8920,0.0,553.3080089,226464,1779545767.38796,,,,,,,,,,
8923,,553.3080089,226560,1779545767.7125993,100.0,,,,,,,,,
8924,0.0,553.3080089,226712,1779545767.997889,,,,,,,,,,
8925,,553.3088675,226712,1779545767.997889,100.0,,,,,,,,,
8926,0.0,553.3088675,226716,1779545768.0103276,,,,,,,,,,
8927,,553.3088675,226716,1779545768.0103276,100.0,,,,,,,,,
8928,,558.3112801,226816,1779545768.6330101,,,,,,0.0001367828,,,,
8932,,558.3112801,226816,1779545768.6330101,,,,,,,,0.018073946,,
8934,,558.3112801,226816,1779545768.6330101,,,,0.024414062,,,,,,
8938,,558.3112801,226820,1779545768.6461475,64.0,,,,,,,,,
8939,0.0,558.3112801,226868,1779545768.7198262,,,,,,,,,,
8943,0.694,558.3112801,227008,1779545768.9173849,,,,,,,,,,
8945,0.0,558.3112801,227116,1779545769.05843,,,,,,,,,,
8946,,558.3112801,227116,1779545769.05843,100.0,,,,,,,,,
8947,0.622,558.3112801,227180,1779545769.1491718,,,,,,,,,,
8950,,558.3112801,227224,1779545769.2078764,100.0,,,,,,,,,
8953,,558.3112801,227328,1779545769.753171,,,,,,,-0.0029148506,,,
8955,,558.3121246,227328,1779545769.753171,,,,,,,,0.0026935767,,
8956,,558.3121246,227328,1779545769.753171,,,,,,,,,0.0007146192,
8959,,558.3121246,227328,1779545769.7573195,,,,,411.0,,,,,
8961,,558.3121246,227376,1779545769.8415241,100.0,,,,,,,,,
8962,0.334,558.3121246,227480,1779545770.0042694,,,,,,,,,,
8963,,558.3121246,227480,1779545770.0042694,74.0,,,,,,,,,
8966,0.0,558.3121246,227628,1779545770.3334138,,,,,,,,,,
8967,,558.3121246,227628,1779545770.3334138,100.0,,,,,,,,,
8969,,558.3121246,227780,1779545770.559212,100.0,,,,,,,,,
8971,,558.3121246,227840,1779545770.6517444,52.0,,,,,,,,,
8973,,558.3121246,227840,1779545771.2773988,,0.0029921774,,,,,,,,
8974,,558.3121246,227840,1779545771.2773988,,,,,,,-0.0073702578,,,
8975,,558.3121246,227840,1779545771.2773988,,,1.3101676,,,,,,,
8976,,558.3121246,227840,1779545771.2773988,,,,,,,,0.024266478,,
8977,,558.3121246,227840,1779545771.2773988,,,,,,,,,0.008688059,
8978,,558.3121246,227840,1779545771.2773988,,,,0.017089844,,,,,,
8979,,558.3121246,227840,1779545771.2773988,,,,,,,,,,0.23286593
8981,0.0,558.3121246,227884,1779545771.3975334,,,,,,,,,,
8982,,558.3121246,227884,1779545771.3975334,100.0,,,,,,,,,
8983,0.0,558.3121246,227924,1779545771.4594767,,,,,,,,,,
8988,,558.3121246,228244,1779545771.9476361,100.0,,,,,,,,,
8990,,558.3121246,228288,1779545772.0213814,100.0,,,,,,,,,
8993,,558.3121246,228352,1779545772.6071956,,,,,,0.00013601435,,,,
8997,,558.3121246,228352,1779545772.6071956,,,,,,,,-0.007191764,,
8999,,558.3121246,228352,1779545772.6071956,,,,0.0625,,,,,,
9002,0.0,558.313216,228588,1779545773.001465,,,,,,,,,,
9007,,563.3157042,228692,1779545773.1728888,100.0,,,,,,,,,
9008,0.0,563.3157042,228732,1779545773.2309797,,,,,,,,,,
9009,,563.3157042,228732,1779545773.2309797,100.0,,,,,,,,,
9011,,563.3157042,228864,1779545773.827536,,0.00017716266,,,,,,,,
9015,,563.3160901,228864,1779545773.827536,,,,,,,,,0.0030987621,
9016,,563.3160901,228864,1779545773.828678,,,,0.0087890625,,,,,,
9017,,563.3160901,228864,1779545773.828678,,,,,,,,,,-0.5000495
9018,,563.3160901,228864,1779545773.8312523,,,,,410.0,,,,,
9019,0.0,563.3160901,228992,1779545774.11928,,,,,,,,,,
9020,,563.3160901,228992,1779545774.11928,100.0,,,,,,,,,
9022,,563.3160901,229052,1779545774.2314587,100.0,,,,,,,,,
9023,0.0,563.3160901,229096,1779545774.3004544,,,,,,,,,,
9025,0.0,563.3160901,229136,1779545774.372629,,,,,,,,,,
9026,,563.3160901,229136,1779545774.372629,100.0,,,,,,,,,
9027,,563.3160901,229376,1779545775.1272438,,,,,,0.00013550205,,,,
9030,,563.3160901,229376,1779545775.1272438,,,1.1384443,,,,,,,
9031,,563.3160901,229376,1779545775.1272438,,,,,,,,-0.010246413,,
9032,,563.3160901,229376,1779545775.1272438,,,,,,,,,0.0027656704,
9034,,563.3160901,229376,1779545775.1272438,,,,,,,,,,-0.9430567
9035,,563.3160901,229376,1779545775.1343074,,,,,410.0,,,,,
9037,,563.3160901,229396,1779545775.167802,100.0,,,,,,,,,
9038,0.0,563.3160901,229456,1779545775.248252,,,,,,,,,,
9041,,563.3160901,229500,1779545775.3173075,100.0,,,,,,,,,
9043,,563.3160901,229540,1779545775.3845365,100.0,,,,,,,,,
9045,,563.3160901,229540,1779545775.3845365,20.0,,,,,,,,,
9046,0.559,563.3160901,229740,1779545775.6875572,,,,,,,,,,
9054,,563.31691,229888,1779545776.5472305,,,,,,,-0.01268857,,,
9056,,563.31691,229888,1779545776.5472305,,,,,,,,0.0059160637,,
9057,,563.31691,229888,1779545776.5472305,,,,,,,,,0.0024082363,
9059,,563.31691,229888,1779545776.5472305,,,,,,,,,,0.42912102
9061,0.0,563.31691,229904,1779545776.580278,,,,,,,,,,
9064,,563.31691,229944,1779545776.6528077,100.0,,,,,,,,,
9065,0.901,563.31691,229992,1779545776.781703,,,,,,,,,,
9067,0.739,563.31691,230024,1779545776.8742137,,,,,,,,,,
9068,,563.31691,230024,1779545776.8742137,29.0,,,,,,,,,
9070,,563.31691,230204,1779545777.17033,100.0,,,,,,,,,
9072,,563.31691,230216,1779545777.1947753,100.0,,,,,,,,,
9073,0.0,563.31691,230396,1779545777.4776058,,,,,,,,,,
9074,,563.31691,230396,1779545777.4776058,100.0,,,,,,,,,
9083,,563.31691,230400,1779545777.9213655,,,,,410.0,,,,,
9085,,563.31691,230428,1779545777.9748917,100.0,,,,,,,,,
9086,0.0,568.3200598,230608,1779545778.3017466,,,,,,,,,,
9088,0.0,568.3200598,230620,1779545778.3317955,,,,,,,,,,
9090,0.865,568.3200598,230672,1779545778.4328265,,,,,,,,,,
9091,,568.3200598,230672,1779545778.4328265,15.0,,,,,,,,,
9093,,568.3200598,230688,1779545778.475756,72.0,,,,,,,,,
9095,,568.3200598,230832,1779545778.727481,100.0,,,,,,,,,
9096,,568.3200598,230912,1779545779.3236065,,,,,,0.00013473361,,,,
9102,,568.3200598,230912,1779545779.3236065,,,,0.0053710938,,,,,,
9103,,568.3200598,230912,1779545779.3236065,,,,,,,,,,0.24838448
9104,,568.3208228,230912,1779545779.327335,,,,,410.0,,,,,
9106,,568.3208228,231024,1779545779.4916778,100.0,,,,,,,,,
9107,0.0,568.3208228,231076,1779545779.5608866,,,,,,,,,,
9108,,568.3208228,231076,1779545779.5608866,100.0,,,,,,,,,
9109,0.0,568.3208228,231092,1779545779.5822542,,,,,,,,,,
9111,0.829,568.3208228,231104,1779545779.6000278,,,,,,,,,,
9113,0.0,568.3208228,231236,1779545779.8254247,,,,,,,,,,
9116,,568.3208228,231424,1779545780.6271193,,0.00370155,,,,,,,,
9119,,568.3208228,231424,1779545780.6271193,,,,,,,,0.0023314208,,
9120,,568.3208228,231424,1779545780.6271193,,,,,,,,,0.0051695458,
9122,,568.3208228,231424,1779545780.6271193,,,,,,,,,,0.31279957
9130,0.0,568.3208228,231640,1779545781.0031626,,,,,,,,,,
9133,,568.3208228,231884,1779545781.6672928,100.0,,,,,,,,,
9134,0.0,568.3208228,231900,1779545781.723751,,,,,,,,,,
9141,,568.3216429,231936,1779545782.388058,,,0.92596483,,,,,,,
9142,,568.3216429,231936,1779545782.388058,,,,,,,,-0.0046445373,,
9143,,568.3216429,231936,1779545782.388058,,,,,,,,,0.0016904897,
9145,,568.3216429,231936,1779545782.388058,,,,,,,,,,0.74436074
9146,,568.3216429,231936,1779545782.394327,,,,,409.0,,,,,
9147,0.0,568.3216429,232044,1779545782.5331469,,,,,,,,,,
9149,0.0,568.3216429,232288,1779545782.8582656,,,,,,,,,,
9153,0.0,568.3216429,232316,1779545782.902256,,,,,,,,,,
9155,0.0,573.326363,232448,1779545783.0832114,,,,,,,,,,
9158,,573.326363,232448,1779545783.531764,,0.00054305285,,,,,,,,
9160,,573.326363,232448,1779545783.531764,,,1.0906361,,,,,,,
9162,,573.326363,232448,1779545783.531764,,,,,,,,,0.01078519,
9163,,573.326363,232448,1779545783.531764,,,,0.041992188,,,,,,
9165,,573.327263,232448,1779545783.536943,,,,,410.0,,,,,
9166,0.973,573.327263,232464,1779545783.5646152,,,,,,,,,,
9167,,573.327263,232464,1779545783.5646152,3.0,,,,,,,,,
9168,0.0,573.327263,232692,1779545783.8726273,,,,,,,,,,
9170,0.0,573.327263,232708,1779545783.8965425,,,,,,,,,,
9173,,573.3277755,232720,1779545783.9117935,100.0,,,,,,,,,
9174,0.748,573.3277755,232824,1779545784.0572855,,,,,,,,,,
9176,0.748,573.3277755,232836,1779545784.0774484,,,,,,,,,,
9177,,573.3277755,232836,1779545784.0774484,28.0,,,,,,,,,
9178,0.0,573.3277755,232868,1779545784.1206818,,,,,,,,,,
9179,,573.3277755,232868,1779545784.1206818,100.0,,,,,,,,,
9182,,573.3277755,232960,1779545784.7173033,,,,,,,-0.009453509,,,
9183,,573.3277755,232960,1779545784.7173033,,,1.0536041,,,,,,,
9188,,573.328855,232960,1779545784.7214386,,,,,410.0,,,,,
9189,0.595,573.328855,233008,1779545784.7987905,,,,,,,,,,
9190,,573.328855,233008,1779545784.7987905,45.0,,,,,,,,,
9191,0.0,573.328855,233096,1779545784.9242613,,,,,,,,,,
9192,,573.328855,233096,1779545784.9242613,100.0,,,,,,,,,
9193,0.901,573.328855,233144,1779545784.9925494,,,,,,,,,,
9196,,573.328855,233240,1779545785.1215756,100.0,,,,,,,,,
9197,0.0,573.328855,233272,1779545785.1693501,,,,,,,,,,
9198,,573.328855,233272,1779545785.1693501,100.0,,,,,,,,,
9208,,573.328855,233472,1779545785.9043126,,,,,,,,,0.003961819,
9210,,573.3302384,233472,1779545785.9043126,,,,,,,,,,0.4422775
9211,,573.3302384,233472,1779545785.907108,,,,,410.0,,,,,
9212,0.0,573.3302384,233548,1779545786.02756,,,,,,,,,,
9213,,573.3302384,233548,1779545786.02756,100.0,,,,,,,,,
9214,0.0,573.3302384,233676,1779545786.230011,,,,,,,,,,
9215,,573.3302384,233676,1779545786.2307017,100.0,,,,,,,,,
9216,0.0,573.3302384,233716,1779545786.2945404,,,,,,,,,,
9220,0.0,573.3302384,233952,1779545786.6587777,,,,,,,,,,
9221,,573.3302384,233952,1779545786.6587777,100.0,,,,,,,,,
9222,,573.3308495,233984,1779545787.1995835,,,,,,0.00013319672,,,,
9228,,573.3308495,233984,1779545787.1995835,,,,0.0063476562,,,,,,
9236,,573.331469,234220,1779545787.6136906,100.0,,,,,,,,,
9238,,573.331469,234356,1779545787.8404312,100.0,,,,,,,,,
9242,,578.3421062,234496,1779545788.8534036,,0.00045344353,,,,,,,,
9243,,578.3421062,234496,1779545788.8540263,,,,,,,-0.010730881,,,
9245,,578.3421062,234496,1779545788.8540263,,,,,,,,0.00016789418,,
9247,,578.3421062,234496,1779545788.8540263,,,,0.012207031,,,,,,
9248,,578.3421062,234496,1779545788.8540263,,,,,,,,,,-1.2723331
9253,,578.3421062,234624,1779545789.037124,100.0,,,,,,,,,
9254,0.0,578.3421062,234760,1779545789.3520896,,,,,,,,,,
9255,,578.3421062,234760,1779545789.3520896,100.0,,,,,,,,,
9256,0.334,578.3421062,234784,1779545789.3916893,,,,,,,,,,
9261,,578.3421062,235008,1779545790.0991871,,0.0009870124,,,,,,,,
9262,,578.3421062,235008,1779545790.0991871,,,,,,,-0.01359367,,,
9263,,578.3427782,235008,1779545790.0991871,,,1.1511422,,,,,,,
9266,,578.3427782,235008,1779545790.0991871,,,,0.038085938,,,,,,
9268,,578.3427782,235008,1779545790.1019049,,,,,409.0,,,,,
9270,,578.3427782,235028,1779545790.135788,100.0,,,,,,,,,
9276,,578.3427782,235332,1779545790.6060905,100.0,,,,,,,,,
9279,,578.3427782,235520,1779545791.272945,,,,,,0.00013242828,,,,
9284,,578.3427782,235520,1779545791.272945,,,,,,,,,0.0035771956,
9285,,578.3427782,235520,1779545791.272945,,,,0.0073242188,,,,,,
9287,,578.3427782,235520,1779545791.276057,,,,,409.0,,,,,
9288,0.0,578.3427782,235568,1779545791.3595126,,,,,,,,,,
9289,,578.3427782,235568,1779545791.3595126,100.0,,,,,,,,,
9290,0.0,578.3427782,235592,1779545791.4012446,,,,,,,,,,
9296,0.154,578.3427782,235948,1779545791.8947833,,,,,,,,,,
9297,,578.3427782,235948,1779545791.8947833,94.0,,,,,,,,,
9298,0.0,578.3427782,235996,1779545791.9938574,,,,,,,,,,
9299,,578.3427782,235996,1779545791.9938574,100.0,,,,,,,,,
9303,,578.3427782,236032,1779545792.56924,,,1.2435235,,,,,,,
9304,,578.3427782,236032,1779545792.56924,,,,,,,,-0.015047818,,
9306,,578.3435487,236032,1779545792.56924,,,,0.01171875,,,,,,
9308,,578.3435487,236032,1779545792.573891,,,,,409.0,,,,,
9309,0.0,578.3435487,236140,1779545792.7225933,,,,,,,,,,
9315,0.0,583.3453585,236400,1779545793.0730119,,,,,,,,,,
9321,,583.3453585,236544,1779545793.708079,,,,,,,-0.014425421,,,
9323,,583.3453585,236544,1779545793.708079,,,,,,,,0.009572124,,
9324,,583.3453585,236544,1779545793.708079,,,,,,,,,0.0051567606,
9330,0.0,583.3453585,236756,1779545794.0741751,,,,,,,,,,
9331,,583.3453585,236756,1779545794.0741751,100.0,,,,,,,,,
9332,0.0,583.3453585,236804,1779545794.1512237,,,,,,,,,,
9333,,583.3453585,236804,1779545794.1512237,100.0,,,,,,,,,
9336,0.0,583.3453585,237048,1779545794.5770948,,,,,,,,,,
9337,,583.3453585,237048,1779545794.5770948,100.0,,,,,,,,,
9338,,583.3453585,237056,1779545795.0374334,,,,,,0.00013165984,,,,
9339,,583.3453585,237056,1779545795.0374334,,0.00013510184,,,,,,,,
9340,,583.3453585,237056,1779545795.0374334,,,,,,,-0.017740099,,,
9342,,583.3453585,237056,1779545795.0374334,,,,,,,,-0.005027896,,
9343,,583.3453585,237056,1779545795.0374334,,,,,,,,,0.0034381477,
9344,,583.3461929,237056,1779545795.0374334,,,,0.0073242188,,,,,,
9346,,583.3461929,237056,1779545795.0406735,,,,,409.0,,,,,
9347,0.0,583.3461929,237160,1779545795.1873786,,,,,,,,,,
9348,,583.3461929,237160,1779545795.1873786,100.0,,,,,,,,,
9350,,583.3461929,237192,1779545795.2400982,60.0,,,,,,,,,
9352,,583.3461929,237208,1779545795.267355,100.0,,,,,,,,,
9355,0.811,583.3461929,237540,1779545795.7934115,,,,,,,,,,
9360,,583.3466639,237568,1779545796.2520905,,0.0031594527,,,,,,,,
9361,,583.3466639,237568,1779545796.2520905,,,,,,,-0.003542006,,,
9362,,583.3466639,237568,1779545796.2520905,,,1.3228227,,,,,,,
9363,,583.3466639,237568,1779545796.2520905,,,,,,,,0.0023702215,,
9366,,583.3466639,237568,1779545796.2520905,,,,,,,,,,0.58599746
9369,,583.3466639,237596,1779545796.3009756,100.0,,,,,,,,,
9370,0.0,583.3466639,237612,1779545796.334367,,,,,,,,,,
9371,,583.3466639,237612,1779545796.334367,100.0,,,,,,,,,
9374,0.964,583.3466639,237964,1779545796.8003223,,,,,,,,,,
9375,,583.3466639,237964,1779545796.8003223,4.0,,,,,,,,,
9376,0.0,583.3466639,237968,1779545796.8096714,,,,,,,,,,
9379,,583.3466639,238000,1779545796.852412,100.0,,,,,,,,,
9381,,583.3466639,238012,1779545796.8672295,2.0,,,,,,,,,
9382,0.0,583.3466639,238016,1779545796.8802378,,,,,,,,,,
9383,,583.3466639,238016,1779545796.8802378,100.0,,,,,,,,,
9384,0.847,583.3466639,238036,1779545796.9146805,,,,,,,,,,
9385,,583.3466639,238036,1779545796.9151034,17.0,,,,,,,,,
9386,0.937,583.3466639,238068,1779545796.9572487,,,,,,,,,,
9390,,583.3466639,238080,1779545797.4263504,,,,,,0.00013114754,,,,
9391,,583.3466639,238080,1779545797.4263504,,0.00701277,,,,,,,,
9394,,583.3466639,238080,1779545797.4274175,,,,,,,,0.0012489678,,
9397,,583.3474696,238080,1779545797.4274175,,,,,,,,,,0.5545939
9398,,583.3474696,238080,1779545797.4306653,,,,,409.0,,,,,
9399,0.964,583.3474696,238096,1779545797.460342,,,,,,,,,,
9400,,583.3474696,238096,1779545797.460342,4.0,,,,,,,,,
9402,,583.3474696,238372,1779545797.8372722,100.0,,,,,,,,,
9407,0.982,583.3474696,238484,1779545797.994591,,,,,,,,,,
9419,,588.3493041,238592,1779545798.809273,,,,,409.0,,,,,
9423,,588.349928,238776,1779545799.1974528,100.0,,,,,,,,,
9424,0.0,588.349928,238820,1779545799.2611985,,,,,,,,,,
9425,,588.349928,238820,1779545799.2611985,100.0,,,,,,,,,
9426,0.0,588.349928,238904,1779545799.3855453,,,,,,,,,,
9427,,588.349928,238904,1779545799.3855453,100.0,,,,,,,,,
9429,,588.349928,238960,1779545799.469279,13.0,,,,,,,,,
9430,0.0,588.349928,239048,1779545799.5919518,,,,,,,,,,
9431,,588.349928,239048,1779545799.5919518,100.0,,,,,,,,,
9433,,588.349928,239104,1779545800.1175287,,0.004814072,,,,,,,,
9434,,588.349928,239104,1779545800.1175287,,,,,,,-0.027904402,,,
9435,,588.349928,239104,1779545800.1175287,,,1.4866012,,,,,,,
9436,,588.349928,239104,1779545800.1175287,,,,,,,,0.009279692,,
9437,,588.349928,239104,1779545800.1175287,,,,,,,,,0.006372386,
9438,,588.349928,239104,1779545800.1175287,,,,0.020019531,,,,,,
9440,,588.349928,239104,1779545800.1250584,,,,,409.0,,,,,
9442,,588.349928,239172,1779545800.2233117,52.0,,,,,,,,,
9444,,588.349928,239180,1779545800.2379766,100.0,,,,,,,,,
9445,0.0,588.349928,239224,1779545800.3082948,,,,,,,,,,
9446,,588.349928,239224,1779545800.3082948,100.0,,,,,,,,,
9447,0.0,588.349928,239452,1779545800.6871662,,,,,,,,,,
9448,,588.349928,239452,1779545800.6871662,100.0,,,,,,,,,
9449,0.19,588.349928,239536,1779545800.8151755,,,,,,,,,,
9455,,588.3505849,239616,1779545801.461177,,,,,,,-0.011971965,,,
9456,,588.3505849,239616,1779545801.461177,,,1.393291,,,,,,,
9457,,588.3505849,239616,1779545801.461177,,,,,,,,0.0015112972,,
9458,,588.3505849,239616,1779545801.461177,,,,,,,,,0.0048965034,
9464,0.0,588.3505849,239856,1779545801.8572652,,,,,,,,,,
9465,,588.3505849,239856,1779545801.8572652,100.0,,,,,,,,,
9467,,588.3505849,239940,1779545801.987196,100.0,,,,,,,,,
9470,0.0,588.3505849,240032,1779545802.1324573,,,,,,,,,,
9471,,588.3505849,240032,1779545802.1324573,100.0,,,,,,,,,
9472,0.784,588.3505849,240040,1779545802.1477203,,,,,,,,,,
9473,,588.3505849,240040,1779545802.1477203,24.0,,,,,,,,,
9475,,588.3505849,240128,1779545802.820617,,0.004560943,,,,,,,,
9479,,588.3513001,240128,1779545802.820617,,,,,,,,,0.001260235,
9482,,588.3513001,240128,1779545802.8294942,,,,,409.0,,,,,
9484,,588.3513001,240260,1779545803.0300584,100.0,,,,,,,,,
9485,0.901,593.3522175,240308,1779545803.101711,,,,,,,,,,
9486,,593.3522175,240308,1779545803.101711,11.0,,,,,,,,,
9487,0.0,593.3522175,240392,1779545803.2169209,,,,,,,,,,
9489,0.0,593.3522175,240436,1779545803.2769535,,,,,,,,,,
9490,,593.3522175,240436,1779545803.2769535,100.0,,,,,,,,,
9493,0.541,593.3529046,240600,1779545803.5572147,,,,,,,,,,
9495,,593.3529046,240640,1779545804.1520033,,,,,,0.0001298668,,,,
9497,,593.3529046,240640,1779545804.1520033,,,,,,,0.005299339,,,
9499,,593.3529046,240640,1779545804.1520033,,,,,,,,0.010870265,,
9501,,593.3532961,240640,1779545804.1520033,,,,0.0,,,,,,
9502,,593.3532961,240640,1779545804.1520033,,,,,,,,,,0.464153
9503,,593.3532961,240640,1779545804.1589224,,,,,409.0,,,,,
9507,,593.3532961,240840,1779545804.439744,100.0,,,,,,,,,
9508,0.109,593.3532961,240844,1779545804.4554288,,,,,,,,,,
9509,,593.3532961,240844,1779545804.4554288,99.0,,,,,,,,,
9510,0.0,593.3532961,241004,1779545804.693518,,,,,,,,,,
9511,,593.3532961,241004,1779545804.693518,100.0,,,,,,,,,
9512,0.0,593.3532961,241116,1779545804.8471348,,,,,,,,,,
9513,,593.3532961,241116,1779545804.8471348,100.0,,,,,,,,,
9518,,593.3532961,241152,1779545805.300776,,,,,,,,0.008957684,,
9520,,593.3532961,241152,1779545805.300776,,,,0.001953125,,,,,,
9522,,593.3532961,241152,1779545805.3094196,,,,,409.0,,,,,
9523,0.0,593.3532961,241244,1779545805.464519,,,,,,,,,,
9528,,593.3532961,241288,1779545805.5511203,42.0,,,,,,,,,
9530,,593.3532961,241408,1779545805.7545733,100.0,,,,,,,,,
9531,0.0,593.3532961,241648,1779545806.1425884,,,,,,,,,,
9532,,593.3532961,241648,1779545806.1425884,100.0,,,,,,,,,
9533,0.0,593.3532961,241652,1779545806.152786,,,,,,,,,,
9535,,593.354104,241664,1779545806.5811398,,,,,,0.0001293545,,,,
9541,,593.354104,241664,1779545806.5811398,,,,0.0,,,,,,
9542,,593.354104,241664,1779545806.5811398,,,,,,,,,,0.34640694
9544,0.0,593.354104,241692,1779545806.6296728,,,,,,,,,,
9547,,593.354104,241812,1779545806.7826486,100.0,,,,,,,,,
9548,0.0,593.354104,242052,1779545807.089901,,,,,,,,,,
9554,,593.354104,242176,1779545807.709154,,,,,,0.00012909836,,,,
9556,,593.354104,242176,1779545807.709154,,,,,,,-0.026498206,,,
9557,,593.354104,242176,1779545807.709154,,,1.3110405,,,,,,,
9558,,593.354104,242176,1779545807.709154,,,,,,,,0.020319043,,
9559,,593.354104,242176,1779545807.709154,,,,,,,,,0.008017471,
9561,,593.354104,242176,1779545807.709154,,,,,,,,,,-4.1268187
9569,0.0,598.3648494,242500,1779545808.155296,,,,,,,,,,
9571,0.676,598.3648494,242608,1779545808.297057,,,,,,,,,,
9572,,598.3660059,242608,1779545808.297057,36.0,,,,,,,,,
9582,,598.3698719,242688,1779545809.1467283,,,,,,,,,0.004858266,
9586,0.469,598.3698719,242740,1779545809.2226026,,,,,,,,,,
9589,,598.3698719,243012,1779545809.8442307,100.0,,,,,,,,,
9590,0.0,598.3703857,243024,1779545809.8880572,,,,,,,,,,
9591,,598.3703857,243024,1779545809.8880572,100.0,,,,,,,,,
9598,,598.3703857,243200,1779545810.7451253,,,,,,0.00012858606,,,,
9599,,598.3703857,243200,1779545810.7451253,,0.002374554,,,,,,,,
9600,,598.3703857,243200,1779545810.7451253,,,,,,,-0.017223185,,,
9605,,598.3703857,243200,1779545810.7451253,,,,,,,,,,0.46431518
9606,,598.3703857,243200,1779545810.7515962,,,,,409.0,,,,,
9607,0.0,598.3703857,243416,1779545811.0384512,,,,,,,,,,
9612,,598.3703857,243548,1779545811.2283764,100.0,,,,,,,,,
9616,,598.3703857,243700,1779545811.5063052,28.0,,,,,,,,,
9618,,598.3703857,243712,1779545812.1739402,,0.0023276855,,,,,,,,
9619,,598.3703857,243712,1779545812.1739402,,,,,,,-0.01213892,,,
9620,,598.3703857,243712,1779545812.1739402,,,1.4629034,,,,,,,
9621,,598.3703857,243712,1779545812.1739402,,,,,,,,0.028593356,,
9622,,598.3714737,243712,1779545812.1739402,,,,,,,,,0.007360813,
9625,,598.3714737,243712,1779545812.1786308,,,,,409.0,,,,,
9626,0.0,598.3714737,243820,1779545812.388623,,,,,,,,,,
9628,0.0,598.3714737,243832,1779545812.409341,,,,,,,,,,
9629,,598.3714737,243832,1779545812.409341,100.0,,,,,,,,,
9630,0.0,598.3714737,243952,1779545812.701104,,,,,,,,,,
9633,,598.3714737,243968,1779545812.7537203,36.0,,,,,,,,,
9634,0.91,598.3714737,243996,1779545812.8435159,,,,,,,,,,
9635,,598.3714737,243996,1779545812.8435159,10.0,,,,,,,,,
9637,,603.3764775,244104,1779545813.162245,100.0,,,,,,,,,
9638,,603.3771484,244224,1779545814.1921062,,,,,,0.00012807376,,,,
9641,,603.3771484,244224,1779545814.1921062,,,1.4842398,,,,,,,
9643,,603.3771484,244224,1779545814.1921062,,,,,,,,,0.006357173,
9645,,603.3771484,244224,1779545814.1921062,,,,,,,,,,0.2869097
9647,0.0,603.3771484,244236,1779545814.218284,,,,,,,,,,
9648,,603.3771484,244236,1779545814.218284,100.0,,,,,,,,,
9649,0.0,603.3771484,244372,1779545814.5958877,,,,,,,,,,
9650,,603.3778371,244372,1779545814.5958877,100.0,,,,,,,,,
9651,0.0,603.3778371,244400,1779545814.6938803,,,,,,,,,,
9652,,603.3778371,244400,1779545814.6938803,100.0,,,,,,,,,
9654,,603.3778371,244508,1779545814.9980578,100.0,,,,,,,,,
9656,,603.3778371,244536,1779545815.0701308,6.0,,,,,,,,,
9657,0.0,603.3778371,244640,1779545815.277707,,,,,,,,,,
9659,0.73,603.3778371,244660,1779545815.3243082,,,,,,,,,,
9660,,603.3778371,244660,1779545815.3243082,30.0,,,,,,,,,
9661,0.982,603.3778371,244672,1779545815.3477361,,,,,,,,,,
9662,,603.3778371,244672,1779545815.3477361,2.0,,,,,,,,,
9668,,603.3785738,244736,1779545815.912761,,,1.2615439,,,,,,,
9670,,603.3785738,244736,1779545815.912761,,,,,,,,,0.002935574,
9671,,603.3785738,244736,1779545815.912761,,,,0.00390625,,,,,,
9672,,603.3785738,244736,1779545815.912761,,,,,,,,,,0.502715
9674,0.0,603.3785738,244776,1779545816.0606055,,,,,,,,,,
9675,,603.3785738,244776,1779545816.0647645,100.0,,,,,,,,,
9676,0.0,603.3785738,244804,1779545816.1359568,,,,,,,,,,
9677,,603.3790013,244804,1779545816.1359568,100.0,,,,,,,,,
9681,,603.3790013,245096,1779545816.7000017,100.0,,,,,,,,,
9683,,603.3790013,245152,1779545816.8192759,13.0,,,,,,,,,
9684,0.0,603.3795155,245180,1779545816.9299161,,,,,,,,,,
9685,,603.3795155,245180,1779545816.9299161,100.0,,,,,,,,,
9688,0.91,603.3795155,245224,1779545817.055449,,,,,,,,,,
9690,,603.3795155,245248,1779545817.7932773,,,,,,0.00012756148,,,,
9692,,603.3795155,245248,1779545817.7932773,,,,,,,-0.01000659,,,
9693,,603.3795155,245248,1779545817.7932773,,,1.3477046,,,,,,,
9694,,603.3795155,245248,1779545817.7932773,,,,,,,,0.018819258,,
9696,,603.3795155,245248,1779545817.7932773,,,,0.0063476562,,,,,,
9698,,603.3802716,245248,1779545817.7989929,,,,,407.0,,,,,
9699,0.757,603.3802716,245336,1779545817.9307,,,,,,,,,,
9700,,603.3802716,245336,1779545817.9307,27.0,,,,,,,,,
9701,0.892,603.3802716,245388,1779545818.0196512,,,,,,,,,,
9703,0.0,608.3852349,245480,1779545818.2712831,,,,,,,,,,
9705,0.0,608.3852349,245556,1779545818.5196433,,,,,,,,,,
9706,,608.3852349,245556,1779545818.520357,100.0,,,,,,,,,
9711,,608.3852349,245760,1779545819.6615121,,,,,,,-0.011518031,,,
9713,,608.3852349,245760,1779545819.6615121,,,,,,,,-0.0018842854,,
9716,,608.3859324,245760,1779545819.6615121,,,,,,,,,,0.55217564
9717,,608.3859324,245760,1779545819.667999,,,,,407.0,,,,,
9718,0.0,608.3859324,245792,1779545819.7220383,,,,,,,,,,
9719,,608.3859324,245792,1779545819.7220383,100.0,,,,,,,,,
9720,0.0,608.3859324,245884,1779545819.9354908,,,,,,,,,,
9724,0.0,608.3862573,246016,1779545820.2182043,,,,,,,,,,
9725,,608.3862573,246016,1779545820.2182043,100.0,,,,,,,,,
9726,0.0,608.3862573,246196,1779545820.5838428,,,,,,,,,,
9728,,608.3862573,246272,1779545821.3002243,,,,,,0.00012704918,,,,
9730,,608.3862573,246272,1779545821.3027344,,,,,,,-0.008376619,,,
9731,,608.3862573,246272,1779545821.3027344,,,1.2510116,,,,,,,
9732,,608.3862573,246272,1779545821.3027344,,,,,,,,0.0009303009,,
9734,,608.3867734,246272,1779545821.303794,,,,0.0078125,,,,,,
9736,,608.3867734,246272,1779545821.3082716,,,,,407.0,,,,,
9737,0.0,608.3867734,246288,1779545821.3607597,,,,,,,,,,
9740,,608.3867734,246364,1779545821.5309253,100.0,,,,,,,,,
9743,0.0,608.3871257,246600,1779545821.9438372,,,,,,,,,,
9745,0.0,608.3876426,246692,1779545822.134568,,,,,,,,,,
9748,,608.3876426,246756,1779545822.276813,38.0,,,,,,,,,
9749,0.0,608.3876426,246768,1779545822.315167,,,,,,,,,,
9751,,608.387955,246784,1779545822.9618568,,,,,,0.00012679303,,,,
9752,,608.387955,246784,1779545822.9618568,,0.0028353168,,,,,,,,
9754,,608.387955,246784,1779545822.9618568,,,1.3150057,,,,,,,
9756,,608.387955,246784,1779545822.9618568,,,,,,,,,0.0018528919,
9757,,608.387955,246784,1779545822.9618568,,,,0.001953125,,,,,,
9760,0.0,608.387955,246824,1779545823.0636694,,,,,,,,,,
9762,0.469,613.3969324,246996,1779545823.417034,,,,,,,,,,
9764,0.0,613.3969324,247096,1779545823.601095,,,,,,,,,,
9766,0.784,613.3975904,247096,1779545823.6021495,,,,,,,,,,
9769,,613.3975904,247172,1779545823.7434468,100.0,,,,,,,,,
9770,0.0,613.3975904,247228,1779545823.833004,,,,,,,,,,
9771,,613.3975904,247228,1779545823.8335612,100.0,,,,,,,,,
9772,,613.3975904,247296,1779545824.4673197,,,,,,0.00012653689,,,,
9774,,613.3975904,247296,1779545824.4673197,,,,,,,-0.016698753,,,
9780,,613.3975904,247296,1779545824.4725478,,,,,406.0,,,,,
9781,0.0,613.3975904,247500,1779545824.8697946,,,,,,,,,,
9783,0.0,613.3982675,247500,1779545824.8745325,,,,,,,,,,
9786,,613.3982675,247576,1779545825.0940363,100.0,,,,,,,,,
9788,,613.3982675,247596,1779545825.1588821,23.0,,,,,,,,,
9789,0.0,613.3982675,247632,1779545825.2653334,,,,,,,,,,
9790,,613.3990373,247632,1779545825.2653334,100.0,,,,,,,,,
9791,,613.3990373,247808,1779545826.1093912,,,,,,0.00012628073,,,,
9792,,613.3990373,247808,1779545826.1093912,,0.0047239256,,,,,,,,
9794,,613.3990373,247808,1779545826.1093912,,,1.1608909,,,,,,,
9800,0.0,613.3990373,247904,1779545826.2936199,,,,,,,,,,
9801,,613.3990373,247904,1779545826.2936199,100.0,,,,,,,,,
9803,,613.3990373,247980,1779545826.4607062,100.0,,,,,,,,,
9804,0.0,613.3990373,248000,1779545826.4993675,,,,,,,,,,
9812,,613.4001822,248320,1779545827.4855871,,,,,,0.00012602459,,,,
9813,,613.4001822,248320,1779545827.4855871,,0.0029175517,,,,,,,,
9818,,613.4001822,248320,1779545827.486067,,,,0.00048828125,,,,,,
9820,,613.4005289,248320,1779545827.4871168,,,,,406.0,,,,,
9821,0.0,613.4005289,248384,1779545827.6286986,,,,,,,,,,
9825,0.0,613.4005289,248544,1779545828.1096702,,,,,,,,,,
9826,,613.4005289,248544,1779545828.1096702,100.0,,,,,,,,,
9835,,618.4061409,248832,1779545829.6692498,,,,,,0.00012576845,,,,
9836,,618.4061409,248832,1779545829.6692498,,0.0040774276,,,,,,,,
9839,,618.4061409,248832,1779545829.6698983,,,,,,,,0.010192537,,
9840,,618.4061409,248832,1779545829.6698983,,,,,,,,,0.011777267,
9844,0.721,618.4061409,248916,1779545829.9225466,,,,,,,,,,
9847,,618.4061409,248940,1779545829.988305,5.0,,,,,,,,,
9848,0.0,618.4061409,248976,1779545830.0660715,,,,,,,,,,
9849,,618.4061409,248976,1779545830.0660715,100.0,,,,,,,,,
9852,0.172,618.4067627,249124,1779545830.4055326,,,,,,,,,,
9854,0.802,618.4067627,249208,1779545830.6937315,,,,,,,,,,
9855,,618.4067627,249208,1779545830.6937315,22.0,,,,,,,,,
9858,0.0,618.4067627,249344,1779545831.0534897,,,,,,,,,,
9862,,618.4067627,249344,1779545831.7427797,,,,,,,-0.004025735,,,
9863,,618.407407,249344,1779545831.7427797,,,1.2440813,,,,,,,
9866,,618.407407,249344,1779545831.7427797,,,,0.00390625,,,,,,
9868,,618.407407,249344,1779545831.7477984,,,,,405.0,,,,,
9869,0.487,618.407407,249356,1779545831.8050213,,,,,,,,,,
9870,,618.407407,249356,1779545831.8058279,57.0,,,,,,,,,
9871,0.0,618.407407,249380,1779545831.890705,,,,,,,,,,
9873,0.694,618.407407,249388,1779545831.9253564,,,,,,,,,,
9877,0.0,618.4079943,249760,1779545832.8324323,,,,,,,,,,
9878,,618.4079943,249760,1779545832.8324323,100.0,,,,,,,,,
9879,0.0,618.4079943,249784,1779545832.9034846,,,,,,,,,,
9880,,618.4079943,249784,1779545832.9034846,100.0,,,,,,,,,
9881,0.0,618.4079943,249792,1779545832.9285705,,,,,,,,,,
9883,,623.4102217,249856,1779545833.7931752,,,,,,0.00012525615,,,,
9884,,623.4102217,249856,1779545833.7931752,,0.0010385566,,,,,,,,
9885,,623.4102217,249856,1779545833.793693,,,,,,,-0.012887399,,,
9887,,623.4102217,249856,1779545833.793693,,,,,,,,-0.003022558,,
9889,,623.4102217,249856,1779545833.793693,,,,0.0029296875,,,,,,
9893,,623.4102217,250148,1779545834.5379758,88.0,,,,,,,,,
9894,0.0,623.4102217,250152,1779545834.5578399,,,,,,,,,,
9895,,623.4102217,250152,1779545834.5578399,100.0,,,,,,,,,
9900,,623.4102217,250368,1779545835.70273,,,,,,0.000125,,,,
9901,,623.4108375,250368,1779545835.703477,,0.0016108298,,,,,,,,
9903,,623.4108375,250368,1779545835.703477,,,1.3997247,,,,,,,
9904,,623.4108375,250368,1779545835.703477,,,,,,,,0.0059460653,,
9905,,623.4108375,250368,1779545835.703477,,,,,,,,,0.0025401888,
9906,,623.4108375,250368,1779545835.703477,,,,0.0043945312,,,,,,
9907,,623.4108375,250368,1779545835.703477,,,,,,,,,,-1.1381581
9909,0.325,623.4108375,250492,1779545836.018145,,,,,,,,,,
9910,,623.4108375,250492,1779545836.018145,75.0,,,,,,,,,
9915,0.0,623.4132928,250568,1779545836.1573641,,,,,,,,,,
9916,,623.4132928,250568,1779545836.1573641,100.0,,,,,,,,,
9917,0.694,623.4132928,250708,1779545836.467228,,,,,,,,,,
9918,,623.4132928,250708,1779545836.467228,34.0,,,,,,,,,
9919,,623.4132928,250880,1779545837.5012968,,,,,,0.00012474385,,,,
9920,,623.4132928,250880,1779545837.5012968,,0.0027208102,,,,,,,,
9923,,623.4132928,250880,1779545837.5012968,,,,,,,,0.0027282508,,
9924,,623.4138086,250880,1779545837.5012968,,,,,,,,,0.0028677075,
9927,,623.4168025,250880,1779545837.506764,,,,,404.0,,,,,
9930,0.0,623.4171288,250956,1779545837.7045426,,,,,,,,,,
9931,,623.4188116,250956,1779545837.7045426,100.0,,,,,,,,,
9932,0.0,623.4188116,250960,1779545837.7246618,,,,,,,,,,
9933,,623.4188116,250960,1779545837.7246618,100.0,,,,,,,,,
9934,0.0,623.4188116,251112,1779545838.0758126,,,,,,,,,,
9935,,623.4201159,251112,1779545838.0758126,100.0,,,,,,,,,
9941,,628.4221334,251360,1779545838.645629,100.0,,,,,,,,,
9952,,628.4226426,251392,1779545839.4568548,,,,,403.0,,,,,
9954,,628.4226426,251600,1779545840.1054413,100.0,,,,,,,,,
9955,0.0,628.4226426,251704,1779545840.343527,,,,,,,,,,
9958,,628.4226426,251764,1779545840.4876554,100.0,,,,,,,,,
9959,0.0,628.4226426,251768,1779545840.507526,,,,,,,,,,
9964,,628.4226426,251904,1779545841.4967546,,,1.2312802,,,,,,,
9965,,628.4226426,251904,1779545841.4967546,,,,,,,,-0.0056341216,,
9966,,628.4226426,251904,1779545841.4967546,,,,,,,,,0.0015394329,
9967,,628.4226426,251904,1779545841.4975343,,,,0.00048828125,,,,,,
9968,,628.4226426,251904,1779545841.4975343,,,,,,,,,,-2.0265877
9969,,628.4226426,251904,1779545841.50286,,,,,403.0,,,,,
9970,0.0,628.4226426,252004,1779545841.7720997,,,,,,,,,,
9971,,628.4226426,252004,1779545841.7720997,100.0,,,,,,,,,
9973,,628.4226426,252108,1779545841.9865577,100.0,,,,,,,,,
9976,0.0,628.4226426,252168,1779545842.0861013,,,,,,,,,,
9978,0.0,628.4233984,252172,1779545842.0939505,,,,,,,,,,
9979,,628.4233984,252172,1779545842.0939505,100.0,,,,,,,,,
9981,,628.4233984,252304,1779545842.3502882,48.0,,,,,,,,,
9983,,633.4263225,252416,1779545843.1852353,,0.003990859,,,,,,,,
9990,,633.4269664,252416,1779545843.1893632,,,,,402.0,,,,,
9991,0.0,633.4269664,252528,1779545843.4414937,,,,,,,,,,
9992,,633.4269664,252528,1779545843.4414937,100.0,,,,,,,,,
9993,0.919,633.4269664,252568,1779545843.564848,,,,,,,,,,
9995,0.0,633.4269664,252572,1779545843.5819926,,,,,,,,,,
10003,0.0,633.4276821,252708,1779545843.9845312,,,,,,,,,,
10004,,633.4276821,252708,1779545843.9845312,100.0,,,,,,,,,
10007,,633.4276821,252928,1779545845.3412106,,,,,,,0.0051955264,,,
10008,,633.4276821,252928,1779545845.3420038,,,1.3323407,,,,,,,
10009,,633.4280498,252928,1779545845.342329,,,,,,,,0.011129287,,
10013,,633.4280498,252928,1779545845.346866,,,,,402.0,,,,,
10014,0.0,633.4280498,252976,1779545845.4838047,,,,,,,,,,
10015,,633.4280498,252976,1779545845.4853473,100.0,,,,,,,,,
10017,,633.4280498,252980,1779545845.5027342,100.0,,,,,,,,,
10020,0.0,633.428563,253112,1779545845.881962,,,,,,,,,,
10023,,633.428563,253296,1779545846.4038012,79.0,,,,,,,,,
10024,0.0,633.428563,253384,1779545846.6577487,,,,,,,,,,
10026,,633.429271,253440,1779545847.6692436,,,,,,0.00012346312,,,,
10027,,633.429271,253440,1779545847.6692436,,0.0014829126,,,,,,,,
10029,,633.429271,253440,1779545847.6692436,,,1.2418921,,,,,,,
10030,,633.429271,253440,1779545847.6692436,,,,,,,,0.006309379,,
10032,,633.429271,253440,1779545847.6692436,,,,0.018554688,,,,,,
10033,,633.4298872,253440,1779545847.6692436,,,,,,,,,,-0.8429152
10034,,633.4298872,253440,1779545847.6739352,,,,,401.0,,,,,
10035,0.0,633.4298872,253468,1779545847.7739465,,,,,,,,,,
10038,,633.4298872,253516,1779545847.9004686,100.0,,,,,,,,,
10039,0.0,638.4390285,253700,1779545848.4074688,,,,,,,,,,
10040,,638.4390285,253700,1779545848.4084728,100.0,,,,,,,,,
10042,,638.4390285,253788,1779545848.6432369,100.0,,,,,,,,,
10043,0.0,638.4390285,253872,1779545848.8718946,,,,,,,,,,
10044,,638.4390285,253872,1779545848.8718946,100.0,,,,,,,,,
10045,0.0,638.4390285,253920,1779545848.9979756,,,,,,,,,,
10047,,638.4390285,253952,1779545849.7785797,,,,,,0.00012320696,,,,
10048,,638.4390285,253952,1779545849.7785797,,0.00023932203,,,,,,,,
10051,,638.4396912,253952,1779545849.7785797,,,,,,,,0.011452423,,
10052,,638.4396912,253952,1779545849.7796996,,,,,,,,,0.003624883,
10053,,638.4396912,253952,1779545849.7796996,,,,0.0078125,,,,,,
10054,,638.4396912,253952,1779545849.7796996,,,,,,,,,,-2.9381337
10055,,638.4396912,253952,1779545849.7859507,,,,,401.0,,,,,
10056,0.0,638.4396912,254104,1779545850.1041446,,,,,,,,,,
10057,,638.4396912,254104,1779545850.1041446,100.0,,,,,,,,,
10058,0.0,638.4396912,254192,1779545850.288689,,,,,,,,,,
10059,,638.4396912,254192,1779545850.2894747,100.0,,,,,,,,,
10060,0.0,638.4396912,254276,1779545850.4939954,,,,,,,,,,
10063,,638.4396912,254324,1779545850.6231804,100.0,,,,,,,,,
10067,,638.4401925,254464,1779545851.6672547,,0.0033356794,,,,,,,,
10069,,638.4407028,254464,1779545851.6672547,,,1.3229117,,,,,,,
10071,,638.441206,254464,1779545851.6672547,,,,,,,,,0.00089353835,
10072,,638.441206,254464,1779545851.6672547,,,,0.0014648438,,,,,,
10075,0.0,638.441206,254508,1779545851.8026478,,,,,,,,,,
10076,,638.441206,254508,1779545851.8026478,100.0,,,,,,,,,
10077,0.973,638.441206,254524,1779545851.8505092,,,,,,,,,,
10082,,638.441206,254680,1779545852.2661233,100.0,,,,,,,,,
10084,,638.441206,254728,1779545852.3998027,100.0,,,,,,,,,
10085,0.0,638.441206,254732,1779545852.4161227,,,,,,,,,,
10086,,638.441206,254732,1779545852.4161227,100.0,,,,,,,,,
10087,,643.4436819,254976,1779545853.786913,,,,,,0.00012269468,,,,
10088,,643.4436819,254976,1779545853.786913,,0.0049161036,,,,,,,,
10089,,643.4440858,254976,1779545853.786913,,,,,,,-0.009505797,,,
10090,,643.4440858,254976,1779545853.786913,,,1.2756432,,,,,,,
10091,,643.4440858,254976,1779545853.7884777,,,,,,,,0.020133507,,
10093,,643.4440858,254976,1779545853.7888458,,,,0.001953125,,,,,,
10097,,643.4440858,255052,1779545854.003807,100.0,,,,,,,,,
10098,0.0,643.4440858,255084,1779545854.08954,,,,,,,,,,
10099,,643.4440858,255084,1779545854.08954,100.0,,,,,,,,,
10104,0.0,643.4447805,255456,1779545855.0555487,,,,,,,,,,
10105,,643.4447805,255456,1779545855.0555487,100.0,,,,,,,,,
10106,0.0,643.4447805,255488,1779545855.1460311,,,,,,,,,,
10107,,643.4447805,255488,1779545855.1460311,100.0,,,,,,,,,
10109,,643.4447805,255488,1779545855.884318,,0.0005862667,,,,,,,,
10110,,643.4447805,255488,1779545855.884318,,,,,,,-0.008578145,,,
10111,,643.4447805,255488,1779545855.884318,,,1.2270608,,,,,,,
10112,,643.4447805,255488,1779545855.884318,,,,,,,,0.0058494266,,
10114,,643.4447805,255488,1779545855.884318,,,,0.0068359375,,,,,,
10117,0.0,643.4447805,255536,1779545856.0265884,,,,,,,,,,
10118,,643.4453098,255536,1779545856.0265884,100.0,,,,,,,,,
10121,0.604,643.4453098,255636,1779545856.2961047,,,,,,,,,,
10123,0.0,643.4453098,255892,1779545856.9577053,,,,,,,,,,
10126,,643.4453098,255940,1779545857.0875738,100.0,,,,,,,,,
10129,,643.4453098,256000,1779545858.0358667,,,,,,0.00012218238,,,,
10134,,643.4453098,256000,1779545858.0358667,,,,,,,,,0.00040441984,
10140,0.0,648.449125,256296,1779545858.9233692,,,,,,,,,,
10142,0.0,648.449125,256344,1779545859.068406,,,,,,,,,,
10145,,648.449125,256348,1779545859.0880306,100.0,,,,,,,,,
10149,,648.5392271,256444,1779545859.3754976,100.0,,,,,,,,,
10150,,648.5392271,256512,1779545860.4435496,,,,,,0.00012192623,,,,
10152,,648.5392271,256512,1779545860.4435496,,,,,,,-0.010628119,,,
10153,,648.5392271,256512,1779545860.4435496,,,1.1990604,,,,,,,
10154,,648.5392271,256512,1779545860.4435496,,,,,,,,-0.006874445,,
10156,,648.5398638,256512,1779545860.4451444,,,,0.00048828125,,,,,,
10157,,648.5398638,256512,1779545860.4451444,,,,,,,,,,0.53988576
10158,,648.5398638,256512,1779545860.451094,,,,,398.0,,,,,
10159,0.0,648.5398638,256748,1779545861.185584,,,,,,,,,,
10160,,648.5398638,256748,1779545861.185584,100.0,,,,,,,,,
10161,0.0,648.5398638,256752,1779545861.1982765,,,,,,,,,,
10162,,648.5398638,256752,1779545861.1982765,100.0,,,,,,,,,
10163,0.0,648.5398638,256764,1779545861.234403,,,,,,,,,,
10164,,648.5398638,256764,1779545861.234403,100.0,,,,,,,,,
10165,0.0,648.5398638,256848,1779545861.4576132,,,,,,,,,,
10166,,648.5398638,256848,1779545861.4585996,100.0,,,,,,,,,
10170,,648.5405839,257024,1779545862.620037,,,1.2547777,,,,,,,
10175,,648.5405839,257024,1779545862.6260824,,,,,397.0,,,,,
10177,,648.5405839,257152,1779545862.9751518,100.0,,,,,,,,,
10179,,648.5405839,257156,1779545862.994854,100.0,,,,,,,,,
10180,0.0,648.5405839,257168,1779545863.0348437,,,,,,,,,,
10183,,648.5450963,257228,1779545863.1899936,18.0,,,,,,,,,
10184,0.82,648.5450963,257240,1779545863.2309527,,,,,,,,,,
10185,,648.5473109,257240,1779545863.2309527,20.0,,,,,,,,,
10191,,653.5569325,257536,1779545864.8772445,,0.006251662,,,,,,,,
10192,,653.5569325,257536,1779545864.8772445,,,,,,,-0.0037774853,,,
10195,,653.5569325,257536,1779545864.8772445,,,,,,,,,0.006995695,
10196,,653.5569325,257536,1779545864.8772445,,,,0.019042969,,,,,,
10197,,653.5569325,257536,1779545864.8772445,,,,,,,,,,0.5701395
10199,0.0,653.5569325,257572,1779545865.0043094,,,,,,,,,,
10200,,653.5569325,257572,1779545865.004819,100.0,,,,,,,,,
10204,,653.5574679,257632,1779545865.18469,100.0,,,,,,,,,
10206,,653.5574679,257656,1779545865.2633123,100.0,,,,,,,,,
10208,,653.5574679,257832,1779545865.7481441,100.0,,,,,,,,,
10209,0.0,653.5574679,258024,1779545866.2488604,,,,,,,,,,
10210,,653.5574679,258024,1779545866.2488604,100.0,,,,,,,,,
10211,0.0,653.5574679,258036,1779545866.2939029,,,,,,,,,,
10212,,653.5578375,258036,1779545866.2939029,100.0,,,,,,,,,
10218,,653.5578375,258048,1779545867.1253107,,,,,,,,,0.0017555468,
10219,,653.5578375,258048,1779545867.1263065,,,,0.001953125,,,,,,
10222,0.0,653.5578375,258060,1779545867.1783562,,,,,,,,,,
10225,,653.5578375,258236,1779545867.6536472,100.0,,,,,,,,,
10226,0.0,653.5578375,258428,1779545868.15736,,,,,,,,,,
10228,0.0,653.5578375,258440,1779545868.1947088,,,,,,,,,,
10230,0.0,653.5578375,258464,1779545868.256982,,,,,,,,,,
10232,0.874,658.5617346,258488,1779545868.3234262,,,,,,,,,,
10234,,658.5617346,258560,1779545869.2695868,,,,,,0.00012090164,,,,
10236,,658.5617346,258560,1779545869.2713573,,,,,,,-0.016134016,,,
10237,,658.5617346,258560,1779545869.2713573,,,1.3406355,,,,,,,
10242,,658.5617346,258560,1779545869.2762125,,,,,396.0,,,,,
10243,0.0,658.5617346,258640,1779545869.4971552,,,,,,,,,,
10244,,658.5639925,258640,1779545869.4971552,100.0,,,,,,,,,
10246,,658.5639925,258844,1779545870.0116665,100.0,,,,,,,,,
10247,0.0,658.5639925,258868,1779545870.0814664,,,,,,,,,,
10248,,658.5639925,258868,1779545870.0819855,100.0,,,,,,,,,
10250,,658.5639925,258892,1779545870.1547616,100.0,,,,,,,,,
10251,0.829,658.5639925,258972,1779545870.3694,,,,,,,,,,
10252,,658.5639925,258972,1779545870.3694,19.0,,,,,,,,,
10253,0.0,658.5639925,259044,1779545870.5697358,,,,,,,,,,
10258,,658.5651641,259072,1779545871.2812037,,,1.3117692,,,,,,,
10263,,658.5656176,259072,1779545871.286071,,,,,395.0,,,,,
10264,0.415,658.5656176,259108,1779545871.3781884,,,,,,,,,,
10266,0.0,658.5660464,259272,1779545871.8164048,,,,,,,,,,
10268,0.955,658.566373,259296,1779545871.8856215,,,,,,,,,,
10269,,658.566373,259296,1779545871.8856215,5.0,,,,,,,,,
10270,0.154,658.566373,259352,1779545872.0455465,,,,,,,,,,
10272,0.0,658.566373,259448,1779545872.2857513,,,,,,,,,,
10274,0.0,658.566373,259512,1779545872.4598725,,,,,,,,,,
10276,0.901,658.566373,259560,1779545872.5987551,,,,,,,,,,
10279,,663.5687685,259584,1779545873.4751346,,0.0037699633,,,,,,,,
10280,,663.5687685,259584,1779545873.4751346,,,,,,,-0.024979245,,,
10281,,663.5687685,259584,1779545873.4771776,,,1.2200476,,,,,,,
10284,,663.5687685,259584,1779545873.4775329,,,,0.03173828,,,,,,
10285,,663.5687685,259584,1779545873.4775329,,,,,,,,,,0.47107065
10289,0.0,663.5695531,259700,1779545873.8164773,,,,,,,,,,
10290,,663.5695531,259700,1779545873.8164773,100.0,,,,,,,,,
10295,0.0,663.5695531,259852,1779545874.2485673,,,,,,,,,,
10296,,663.5695531,259852,1779545874.249277,100.0,,,,,,,,,
10300,,663.5695531,260096,1779545875.724706,,0.005184641,,,,,,,,
10301,,663.5695531,260096,1779545875.724706,,,,,,,-0.008799406,,,
10302,,663.5695531,260096,1779545875.724706,,,1.0261227,,,,,,,
10303,,663.5731347,260096,1779545875.7253203,,,,,,,,0.0056212544,,
10305,,663.5741473,260096,1779545875.7253203,,,,0.0063476562,,,,,,
10306,,663.5741473,260096,1779545875.7253203,,,,,,,,,,0.45503992
10309,,663.5741473,260160,1779545875.9222984,100.0,,,,,,,,,
10317,,663.5755579,260388,1779545876.6158686,28.0,,,,,,,,,
10318,0.0,663.5755579,260476,1779545876.879581,,,,,,,,,,
10319,,663.5755579,260476,1779545876.879581,100.0,,,,,,,,,
10322,0.0,663.5763479,260564,1779545877.1530118,,,,,,,,,,
10325,,663.5763479,260580,1779545877.2115092,21.0,,,,,,,,,
10328,,663.5763479,260608,1779545878.2296872,,,,,,0.00011987705,,,,
10329,,663.5763479,260608,1779545878.2317173,,0.014790134,,,,,,,,
10330,,663.5763479,260608,1779545878.2317173,,,,,,,-0.0049159154,,,
10332,,663.5770917,260608,1779545878.2317173,,,,,,,,0.001696758,,
10334,,663.5770917,260608,1779545878.2317173,,,,0.0024414062,,,,,,
10335,,663.5770917,260608,1779545878.2317173,,,,,,,,,,0.40462893
10336,,663.5770917,260608,1779545878.2393756,,,,,393.0,,,,,
10338,,668.5860187,260792,1779545878.812592,100.0,,,,,,,,,
10342,,668.5868953,260984,1779545879.357613,100.0,,,,,,,,,
10343,0.0,668.5868953,261012,1779545879.4453144,,,,,,,,,,
10347,,668.5868953,261120,1779545880.6035724,,,,,,,-0.013449419,,,
10349,,668.5868953,261120,1779545880.6035724,,,,,,,,0.00016481522,,
10351,,668.5868953,261120,1779545880.6042657,,,,0.020507812,,,,,,
10352,,668.5868953,261120,1779545880.6042657,,,,,,,,,,-2.7720253
10353,,668.5868953,261120,1779545880.6104512,,,,,393.0,,,,,
10355,,668.5868953,261196,1779545880.8191283,100.0,,,,,,,,,
10357,,668.5868953,261372,1779545881.295343,100.0,,,,,,,,,
10359,,668.5876399,261388,1779545881.3468666,100.0,,,,,,,,,
10360,0.0,668.5876399,261416,1779545881.431656,,,,,,,,,,
10361,,668.5876399,261416,1779545881.431656,100.0,,,,,,,,,
10364,0.0,668.5876399,261600,1779545881.8920846,,,,,,,,,,
10368,,668.5876399,261632,1779545882.8154323,,,,,,0.000119364755,,,,
10372,,668.588343,261632,1779545882.8174453,,,,,,,,-0.0085633695,,
10375,,668.588343,261632,1779545882.8174453,,,,,,,,,,0.6013162
10376,,668.588343,261632,1779545882.8210087,,,,,392.0,,,,,
10378,,668.588343,261792,1779545883.2673955,100.0,,,,,,,,,
10380,,673.5914066,261820,1779545883.3506234,100.0,,,,,,,,,
10382,,673.5914066,261824,1779545883.3712053,100.0,,,,,,,,,
10384,,673.5914066,262020,1779545884.2635174,100.0,,,,,,,,,
10389,,673.5914066,262144,1779545885.567067,,,,,,,,0.0047916733,,
10391,,673.5914066,262144,1779545885.567067,,,,0.023925781,,,,,,
10394,0.0,673.5914066,262196,1779545885.7416525,,,,,,,,,,
10395,,673.5914066,262196,1779545885.7416525,100.0,,,,,,,,,
10396,0.0,673.5914066,262224,1779545885.8212638,,,,,,,,,,
10398,0.0,673.5914066,262228,1779545885.834535,,,,,,,,,,
10400,0.964,673.5914066,262248,1779545885.8724828,,,,,,,,,,
10401,,673.5921452,262248,1779545885.8724828,4.0,,,,,,,,,
10402,0.0,673.5921452,262424,1779545886.3697212,,,,,,,,,,
10403,,673.5921452,262424,1779545886.3703403,100.0,,,,,,,,,
10404,0.406,673.5921452,262464,1779545886.4418886,,,,,,,,,,
10406,0.0,673.5921452,262628,1779545886.6774318,,,,,,,,,,
10407,,673.5921452,262628,1779545886.6774318,100.0,,,,,,,,,
10410,0.955,673.5921452,262652,1779545886.7117343,,,,,,,,,,
10411,,673.5921452,262652,1779545886.712292,5.0,,,,,,,,,
10412,,673.5921452,262656,1779545887.1267936,,,,,,0.00011885246,,,,
10413,,673.5921452,262656,1779545887.1271021,,0.004745756,,,,,,,,
10416,,673.5924647,262656,1779545887.1271021,,,,,,,,0.005059922,,
10419,,673.5924647,262656,1779545887.1271021,,,,,,,,,,0.5993018
10420,,673.5924647,262656,1779545887.1295288,,,,,391.0,,,,,
10422,,673.5924647,262712,1779545887.2088401,14.0,,,,,,,,,
10423,0.0,673.5924647,262828,1779545887.3837373,,,,,,,,,,
10427,0.874,673.5924647,262888,1779545887.64421,,,,,,,,,,
10430,,673.5929728,263056,1779545887.9203877,100.0,,,,,,,,,
10431,0.0,673.5929728,263116,1779545888.035535,,,,,,,,,,
10432,,673.5929728,263116,1779545888.035535,100.0,,,,,,,,,
10433,,678.5980171,263168,1779545888.8098865,,,,,,0.00011859631,,,,
10435,,678.5980171,263168,1779545888.8110304,,,,,,,-0.017215151,,,
10436,,678.5980171,263168,1779545888.8110304,,,1.2076076,,,,,,,
10439,,678.5980171,263168,1779545888.8110304,,,,0.001953125,,,,,,
10440,,678.5980171,263168,1779545888.8110304,,,,,,,,,,0.4942119
10442,0.595,678.5980171,263240,1779545888.935098,,,,,,,,,,
10443,,678.5980171,263240,1779545888.935098,45.0,,,,,,,,,
10444,0.0,678.5980171,263272,1779545889.0116894,,,,,,,,,,
10445,,678.5990185,263272,1779545889.0116894,100.0,,,,,,,,,
10447,,678.5990185,263292,1779545889.0616684,100.0,,,,,,,,,
10449,,678.5990185,263292,1779545889.0642047,43.0,,,,,,,,,
10450,0.91,678.5994367,263316,1779545889.113077,,,,,,,,,,
10453,,678.5994367,263340,1779545889.1608074,24.0,,,,,,,,,
10455,,678.5994367,263624,1779545889.6234348,70.0,,,,,,,,,
10457,,678.5999518,263680,1779545890.124176,,0.0094297435,,,,,,,,
10458,,678.5999518,263680,1779545890.124176,,,,,,,-0.006966984,,,
10459,,678.5999518,263680,1779545890.124176,,,1.1202607,,,,,,,
10462,,678.5999518,263680,1779545890.1251752,,,,0.00390625,,,,,,
10464,,678.5999518,263680,1779545890.1283925,,,,,391.0,,,,,
10466,,678.6025585,263696,1779545890.158266,100.0,,,,,,,,,
10467,0.0,678.6030988,263696,1779545890.1592617,,,,,,,,,,
10468,,678.6030988,263696,1779545890.1592617,100.0,,,,,,,,,
10469,0.0,678.6030988,263720,1779545890.1957755,,,,,,,,,,
10470,,678.6030988,263720,1779545890.1957755,100.0,,,,,,,,,
10472,,678.6036408,264028,1779545890.781938,100.0,,,,,,,,,
10473,0.0,678.6036408,264100,1779545890.967175,,,,,,,,,,
10474,,678.6036408,264100,1779545890.967175,100.0,,,,,,,,,
10475,0.0,678.6036408,264100,1779545890.9696531,,,,,,,,,,
10480,,678.6085752,264192,1779545891.822485,,0.0012425594,,,,,,,,
10485,,678.6094515,264192,1779545891.8230011,,,,0.022460938,,,,,,
10488,0.577,678.6098088,264292,1779545892.1186364,,,,,,,,,,
10491,,678.6123458,264324,1779545892.1833305,49.0,,,,,,,,,
10498,0.0,678.6123458,264696,1779545892.8891208,,,,,,,,,,
10501,,683.6099425,264704,1779545893.5489979,,0.007650347,,,,,,,,
10503,,683.6099425,264704,1779545893.5499976,,,1.2121809,,,,,,,
10504,,683.6099425,264704,1779545893.5499976,,,,,,,,-0.005160546,,
10506,,683.6115662,264704,1779545893.5499976,,,,0.00390625,,,,,,
10508,,683.6115662,264704,1779545893.554546,,,,,391.0,,,,,
10509,0.0,683.6115662,264728,1779545893.6361184,,,,,,,,,,
10510,,683.6115662,264728,1779545893.6361184,100.0,,,,,,,,,
10512,,683.6115662,264836,1779545893.9469981,100.0,,,,,,,,,
10514,,683.6115662,264904,1779545894.1533988,43.0,,,,,,,,,
10516,,683.6115662,265020,1779545894.50318,100.0,,,,,,,,,
10517,0.0,683.6115662,265100,1779545894.7596655,,,,,,,,,,
10518,,683.6115662,265100,1779545894.7596655,100.0,,,,,,,,,
10520,,683.6115662,265216,1779545895.780978,,0.0021971215,,,,,,,,
10522,,683.6115662,265216,1779545895.780978,,,1.2240992,,,,,,,
10524,,683.6115662,265216,1779545895.782498,,,,,,,,,0.0017544138,
10525,,683.6115662,265216,1779545895.782498,,,,0.0087890625,,,,,,
10527,,683.6115662,265216,1779545895.786425,,,,,390.0,,,,,
10528,0.0,683.6115662,265240,1779545895.8530912,,,,,,,,,,
10531,,683.6115662,265256,1779545895.8977559,3.0,,,,,,,,,
10533,,683.6115662,265276,1779545895.9502697,4.0,,,,,,,,,
10534,0.0,683.6122354,265308,1779545896.0331192,,,,,,,,,,
10537,,683.6122354,265424,1779545896.2961297,100.0,,,,,,,,,
10540,0.0,683.6122354,265680,1779545896.6673758,,,,,,,,,,
10541,,683.6122354,265680,1779545896.6673758,100.0,,,,,,,,,
10542,0.0,683.6122354,265712,1779545896.7154431,,,,,,,,,,
10550,,683.6122354,265728,1779545897.3099391,,,,0.0009765625,,,,,,
10552,,683.6122354,265728,1779545897.31745,,,,,390.0,,,,,
10553,0.0,683.6122354,265828,1779545897.541555,,,,,,,,,,
10554,,683.6122354,265828,1779545897.541555,100.0,,,,,,,,,
10555,0.0,683.6122354,265908,1779545897.6793683,,,,,,,,,,
10559,0.0,683.6122354,266116,1779545897.9698484,,,,,,,,,,
10563,0.0,683.6122354,266232,1779545898.1316087,,,,,,,,,,
10564,,683.6129831,266232,1779545898.1316087,100.0,,,,,,,,,
10565,,688.6155824,266240,1779545898.6680946,,,,,,0.000117059426,,,,
10568,,688.6155824,266240,1779545898.6680946,,,1.3376411,,,,,,,
10570,,688.6161469,266240,1779545898.6680946,,,,,,,,,0.0017567333,
10571,,688.6161469,266240,1779545898.6680946,,,,0.0087890625,,,,,,
10572,,688.6164733,266240,1779545898.6680946,,,,,,,,,,0.10242909
10573,,688.6164733,266240,1779545898.6717641,,,,,390.0,,,,,
10576,0.0,688.6164733,266520,1779545899.1137161,,,,,,,,,,
10577,,688.6164733,266520,1779545899.1137161,100.0,,,,,,,,,
10578,0.0,688.6164733,266580,1779545899.1988337,,,,,,,,,,
10580,0.82,688.6164733,266604,1779545899.2350814,,,,,,,,,,
10581,,688.6164733,266604,1779545899.2350814,20.0,,,,,,,,,
10588,,688.6172288,266752,1779545900.027207,,,,,,,-0.009147293,,,
10589,,688.6172288,266752,1779545900.027207,,,1.374432,,,,,,,
10590,,688.6172288,266752,1779545900.027207,,,,,,,,0.007163644,,
10592,,688.6172288,266752,1779545900.027207,,,,0.0048828125,,,,,,
10596,,688.6172288,266968,1779545900.407956,67.0,,,,,,,,,
10597,0.0,688.6172288,266984,1779545900.4353514,,,,,,,,,,
10598,,688.6172288,266984,1779545900.4353514,100.0,,,,,,,,,
10605,,688.6180271,267264,1779545901.4250047,,,,,,0.00011654713,,,,
10606,,688.6180271,267264,1779545901.4260082,,0.003258055,,,,,,,,
10614,0.0,688.6185641,267372,1779545901.5859983,,,,,,,,,,
10616,0.0,688.6185641,267388,1779545901.6160152,,,,,,,,,,
10618,0.0,688.6185641,267412,1779545901.6520069,,,,,,,,,,
10619,,688.6185641,267412,1779545901.6520069,100.0,,,,,,,,,
10625,,688.6185641,267776,1779545902.1759832,100.0,,,,,,,,,
10626,,688.6185641,267776,1779545902.578358,,,,,,0.00011629098,,,,
10627,,688.6185641,267776,1779545902.578358,,0.0010600404,,,,,,,,
10628,,688.6185641,267776,1779545902.578358,,,,,,,-0.0062243864,,,
10632,,688.6185641,267776,1779545902.578358,,,,0.0,,,,,,
10635,0.0,688.6193693,267792,1779545902.6101053,,,,,,,,,,
10636,,688.6193693,267792,1779545902.6111047,100.0,,,,,,,,,
10637,0.964,688.6193693,267812,1779545902.6454358,,,,,,,,,,
10639,0.919,688.6193693,267816,1779545902.6533008,,,,,,,,,,
10640,,688.6193693,267816,1779545902.6533008,9.0,,,,,,,,,
10643,0.0,688.6193693,267952,1779545902.8922904,,,,,,,,,,
10649,0.0,693.6259399,268220,1779545903.4842691,,,,,,,,,,
10661,,693.6267055,268356,1779545904.1619918,100.0,,,,,,,,,
10662,0.0,693.6267055,268620,1779545904.5334795,,,,,,,,,,
10666,0.0,693.627135,268624,1779545904.5437353,,,,,,,,,,
10668,0.739,693.627135,268744,1779545904.7425804,,,,,,,,,,
10669,,693.627135,268744,1779545904.7425804,29.0,,,,,,,,,
10673,,693.627135,268800,1779545905.3075228,,0.0026454984,,,,,,,,
10675,,693.627135,268800,1779545905.3075228,,,1.0731997,,,,,,,
10677,,693.627135,268800,1779545905.3075228,,,,,,,,,0.0008649519,
10678,,693.627135,268800,1779545905.3075228,,,,0.0,,,,,,
10680,,693.627135,268800,1779545905.3110309,,,,,390.0,,,,,
10681,0.0,693.627135,269024,1779545905.6805758,,,,,,,,,,
10685,0.0,693.627135,269148,1779545905.9317763,,,,,,,,,,
10688,,693.6281728,269164,1779545905.9798603,100.0,,,,,,,,,
10689,0.937,693.6281728,269196,1779545906.0456593,,,,,,,,,,
10691,,693.6281728,269312,1779545906.8285198,,,,,,0.00011552254,,,,
10692,,693.6281728,269312,1779545906.8285198,,0.0004043216,,,,,,,,
10695,,693.6281728,269312,1779545906.8285198,,,,,,,,-0.0017205374,,
10697,,693.6281728,269312,1779545906.8300502,,,,0.0009765625,,,,,,
10700,0.0,693.628716,269428,1779545907.062975,,,,,,,,,,
10702,0.0,693.628716,269432,1779545907.0779345,,,,,,,,,,
10705,,693.628716,269552,1779545907.294711,100.0,,,,,,,,,
10707,,693.628716,269600,1779545907.4115489,100.0,,,,,,,,,
10708,,698.6346586,269824,1779545908.7916136,,,,,,0.00011526639,,,,
10710,,698.6346586,269824,1779545908.7916136,,,,,,,-0.011618637,,,
10713,,698.6346586,269824,1779545908.7916136,,,,,,,,,0.009887039,
10715,,698.6352713,269824,1779545908.7916136,,,,,,,,,,-0.7265754
10717,0.0,698.6352713,269832,1779545908.8301494,,,,,,,,,,
10719,0.0,698.6352713,269836,1779545908.8448029,,,,,,,,,,
10722,,698.6352713,269956,1779545909.1270034,100.0,,,,,,,,,
10723,0.0,698.6352713,270004,1779545909.2440403,,,,,,,,,,
10724,,698.6352713,270004,1779545909.2450345,100.0,,,,,,,,,
10725,0.28,698.6352713,270156,1779545909.5833018,,,,,,,,,,
10726,,698.6352713,270156,1779545909.5833018,80.0,,,,,,,,,
10727,0.0,698.6352713,270240,1779545909.7742522,,,,,,,,,,
10729,,698.6352713,270336,1779545910.8282454,,,,,,0.00011501025,,,,
10730,,698.6352713,270336,1779545910.8292356,,0.0016900911,,,,,,,,
10731,,698.6352713,270336,1779545910.8292356,,,,,,,-0.014951685,,,
10732,,698.6359284,270336,1779545910.8292356,,,0.92505896,,,,,,,
10734,,698.6359284,270336,1779545910.8302243,,,,,,,,,0.0028582043,
10739,,698.6359284,270360,1779545910.9396746,100.0,,,,,,,,,
10742,0.0,698.6359284,270560,1779545911.598834,,,,,,,,,,
10743,,698.6359284,270560,1779545911.598834,100.0,,,,,,,,,
10747,,698.6359284,270664,1779545911.8918428,4.0,,,,,,,,,
10748,0.0,698.6359284,270764,1779545912.20106,,,,,,,,,,
10749,,698.6359284,270764,1779545912.20106,100.0,,,,,,,,,
10751,,698.6359284,270812,1779545912.337072,100.0,,,,,,,,,
10753,,698.6359284,270848,1779545913.0248563,,0.0013651962,,,,,,,,
10754,,698.6359284,270848,1779545913.0248563,,,,,,,-0.009527346,,,
10757,,698.6359284,270848,1779545913.0248563,,,,,,,,,0.0014345106,
10758,,698.6359284,270848,1779545913.0248563,,,,0.0053710938,,,,,,
10759,,698.6367451,270848,1779545913.0248563,,,,,,,,,,0.60479015
10761,0.0,698.6367451,270964,1779545913.2419016,,,,,,,,,,
10763,0.0,703.6420587,271068,1779545913.4315708,,,,,,,,,,
10764,,703.6420587,271068,1779545913.4315708,100.0,,,,,,,,,
10765,0.892,703.6420587,271120,1779545913.5376399,,,,,,,,,,
10770,,703.6420587,271216,1779545913.7311933,100.0,,,,,,,,,
10773,,703.6420587,271360,1779545914.7907724,,,,,,,-0.0057989853,,,
10774,,703.6420587,271360,1779545914.7907724,,,0.96648824,,,,,,,
10776,,703.6420587,271360,1779545914.7907724,,,,,,,,,0.0017060465,
10777,,703.6420587,271360,1779545914.7917795,,,,0.0063476562,,,,,,
10778,,703.6420587,271360,1779545914.7917795,,,,,,,,,,0.69191855
10779,,703.6420587,271360,1779545914.798638,,,,,388.0,,,,,
10781,,703.6432003,271368,1779545914.8300292,100.0,,,,,,,,,
10782,0.613,703.6432003,271392,1779545914.907022,,,,,,,,,,
10783,,703.6432003,271392,1779545914.907022,43.0,,,,,,,,,
10784,0.0,703.6432003,271524,1779545915.3523254,,,,,,,,,,
10785,,703.6432003,271524,1779545915.3523254,100.0,,,,,,,,,
10787,,703.6432003,271572,1779545915.519216,100.0,,,,,,,,,
10791,,703.6432003,271796,1779545916.124236,100.0,,,,,,,,,
10798,,703.6432003,271872,1779545916.9528267,,,,0.0053710938,,,,,,
10800,,703.6432003,271872,1779545916.956865,,,,,388.0,,,,,
10807,0.865,703.6439051,272040,1779545917.3070478,,,,,,,,,,
10808,,703.6439051,272040,1779545917.3070478,15.0,,,,,,,,,
10812,,703.6439051,272332,1779545917.9961987,100.0,,,,,,,,,
10813,0.0,703.6439051,272360,1779545918.0463812,,,,,,,,,,
10814,,703.6439051,272360,1779545918.0463812,100.0,,,,,,,,,
10817,,708.6478904,272384,1779545918.5821264,,,,,,,-0.0031617526,,,
10820,,708.6478904,272384,1779545918.5821264,,,,,,,,,0.00963809,
10821,,708.6478904,272384,1779545918.5821264,,,,0.044921875,,,,,,
10822,,708.6478904,272384,1779545918.5821264,,,,,,,,,,0.56218386
10823,,708.6489683,272384,1779545918.5858512,,,,,388.0,,,,,
10824,0.0,708.6489683,272444,1779545918.689657,,,,,,,,,,
10827,,708.6489683,272580,1779545918.9269834,100.0,,,,,,,,,
10828,0.0,708.6489683,272736,1779545919.3344233,,,,,,,,,,
10829,,708.6489683,272736,1779545919.3349497,100.0,,,,,,,,,
10830,0.0,708.6489683,272764,1779545919.393498,,,,,,,,,,
10833,,708.6495047,272848,1779545919.534875,100.0,,,,,,,,,
10834,,708.6495047,272896,1779545920.3078983,,,,,,0.00011372951,,,,
10835,,708.6495047,272896,1779545920.3078983,,0.00027042374,,,,,,,,
10837,,708.6495047,272896,1779545920.3085403,,,1.045208,,,,,,,
10838,,708.6495047,272896,1779545920.3085403,,,,,,,,-0.0016169986,,
10839,,708.6495047,272896,1779545920.3085403,,,,,,,,,0.0017101355,
10842,,708.6505629,272896,1779545920.3117445,,,,,387.0,,,,,
10845,0.0,708.6505629,272984,1779545920.5021105,,,,,,,,,,
10847,0.865,708.6505629,273048,1779545920.7206004,,,,,,,,,,
10851,0.0,708.651013,273252,1779545921.2226999,,,,,,,,,,
10852,,708.651013,273252,1779545921.2226999,100.0,,,,,,,,,
10853,0.802,708.651013,273344,1779545921.4014754,,,,,,,,,,
10857,,708.651013,273408,1779545922.2150574,,,,,,0.00011347336,,,,
10858,,708.651013,273408,1779545922.2150574,,0.0075814654,,,,,,,,
10862,,708.651013,273408,1779545922.215602,,,,,,,,,0.008403309,
10864,,708.651013,273408,1779545922.215602,,,,,,,,,,0.559937
10867,,708.6520575,273452,1779545922.2969759,100.0,,,,,,,,,
10871,,708.6520575,273544,1779545922.444954,100.0,,,,,,,,,
10872,0.0,708.6520575,273748,1779545922.8347971,,,,,,,,,,
10874,0.0,708.6520575,273792,1779545922.987822,,,,,,,,,,
10877,,708.652806,273840,1779545923.1519172,22.0,,,,,,,,,
10878,0.0,708.652806,273876,1779545923.2808373,,,,,,,,,,
10880,,713.6594558,273920,1779545924.2793593,,,,,,0.00011321721,,,,
10881,,713.6594558,273920,1779545924.2803593,,0.0034410579,,,,,,,,
10882,,713.6594558,273920,1779545924.2803593,,,,,,,-0.018715974,,,
10883,,713.6601639,273920,1779545924.2813647,,,0.8853801,,,,,,,
10884,,713.6601639,273920,1779545924.2813647,,,,,,,,0.007075901,,
10885,,713.6601639,273920,1779545924.2813647,,,,,,,,,0.0030782088,
10886,,713.6601639,273920,1779545924.2813647,,,,0.012207031,,,,,,
10887,,713.6601639,273920,1779545924.2813647,,,,,,,,,,0.5846438
10888,,713.6601639,273920,1779545924.288211,,,,,387.0,,,,,
10892,,713.6601639,274196,1779545925.0211494,100.0,,,,,,,,,
10893,0.181,713.6601639,274244,1779545925.1675007,,,,,,,,,,
10894,,713.6601639,274244,1779545925.1685388,91.0,,,,,,,,,
10895,0.0,713.6601639,274244,1779545925.1721013,,,,,,,,,,
10896,,713.6601639,274244,1779545925.1721013,100.0,,,,,,,,,
10899,,713.6601639,274432,1779545926.0408475,,,,,,0.00011296107,,,,
10901,,713.6601639,274432,1779545926.0418508,,,,,,,-0.0022596465,,,
10903,,713.6601639,274432,1779545926.0418508,,,,,,,,-0.0067158397,,
10905,,713.6601639,274432,1779545926.0418508,,,,0.0014648438,,,,,,
10908,0.0,713.6608671,274600,1779545926.577045,,,,,,,,,,
10909,,713.6608671,274600,1779545926.577045,100.0,,,,,,,,,
10910,0.973,713.6608671,274616,1779545926.6288543,,,,,,,,,,
10912,0.0,713.6608671,274648,1779545926.6910844,,,,,,,,,,
10915,,713.6608671,274648,1779545926.6920993,100.0,,,,,,,,,
10916,0.0,713.6608671,274756,1779545926.872218,,,,,,,,,,
10917,,713.6608671,274756,1779545926.872218,100.0,,,,,,,,,
10920,,713.6608671,274944,1779545927.74319,,,,,,,-0.0009895843,,,
10922,,713.6608671,274944,1779545927.74319,,,,,,,,0.0016938783,,
10923,,713.6608671,274944,1779545927.74319,,,,,,,,,0.00076995976,
10924,,713.6608671,274944,1779545927.7436996,,,,0.0009765625,,,,,,
10925,,713.6608671,274944,1779545927.7436996,,,,,,,,,,0.60270536
10928,,713.6608671,275020,1779545927.8613973,100.0,,,,,,,,,
10930,,713.6608671,275052,1779545927.9107585,100.0,,,,,,,,,
10931,0.0,713.6608671,275052,1779545927.9119093,,,,,,,,,,
10933,0.0,713.6608671,275160,1779545928.0669549,,,,,,,,,,
10934,,713.6608671,275160,1779545928.067713,100.0,,,,,,,,,
10936,,718.6651311,275424,1779545928.436731,100.0,,,,,,,,,
10937,0.0,718.6657385,275456,1779545928.5339234,,,,,,,,,,
10939,0.0,718.6662878,275456,1779545928.5358884,,,,,,,,,,
10941,,718.6662878,275456,1779545929.093717,,,,,,0.00011244877,,,,
10942,,718.6662878,275456,1779545929.093717,,0.000105217005,,,,,,,,
10946,,718.6662878,275456,1779545929.093717,,,,,,,,,0.0030443482,
10947,,718.6662878,275456,1779545929.093717,,,,0.0078125,,,,,,
10948,,718.6662878,275456,1779545929.093717,,,,,,,,,,-2.9767358
10949,,718.6662878,275456,1779545929.0980906,,,,,386.0,,,,,
10952,0.0,718.6669705,275828,1779545929.8158162,,,,,,,,,,
10953,,718.6669705,275828,1779545929.8165562,100.0,,,,,,,,,
10954,0.0,718.6669705,275860,1779545929.8614867,,,,,,,,,,
10957,,718.6669705,275860,1779545929.8630326,100.0,,,,,,,,,
10958,0.928,718.6669705,275864,1779545929.877173,,,,,,,,,,
10959,,718.6669705,275864,1779545929.877173,8.0,,,,,,,,,
10962,0.0,718.6669705,275968,1779545930.0323246,,,,,,,,,,
10963,,718.6669705,275968,1779545930.0323246,100.0,,,,,,,,,
10964,,718.6669705,275968,1779545930.66734,,,,,,0.000112192625,,,,
10966,,718.6669705,275968,1779545930.66734,,,,,,,-0.0059209,,,
10971,,718.6669705,275968,1779545930.668373,,,,,,,,,,0.5010117
10974,,718.6669705,276100,1779545931.0384645,41.0,,,,,,,,,
10979,0.0,718.6679975,276372,1779545931.7388265,,,,,,,,,,
10981,,718.6679975,276480,1779545932.478684,,,,,,0.000111936475,,,,
10982,,718.6679975,276480,1779545932.478684,,0.0033919518,,,,,,,,
10983,,718.6679975,276480,1779545932.479011,,,,,,,-0.0051740315,,,
10984,,718.6679975,276480,1779545932.479011,,,0.9023143,,,,,,,
10985,,718.6679975,276480,1779545932.479011,,,,,,,,-0.00057132635,,
10988,,718.6685124,276480,1779545932.479011,,,,,,,,,,0.38424534
10991,,718.6685124,276504,1779545932.5345757,100.0,,,,,,,,,
10993,,718.6685124,276532,1779545932.5910273,6.0,,,,,,,,,
10997,,718.6685124,276672,1779545932.9458714,100.0,,,,,,,,,
10999,,718.6685124,276776,1779545933.2070236,100.0,,,,,,,,,
11000,0.0,723.6776317,276936,1779545933.5083873,,,,,,,,,,
11003,,723.6776317,276992,1779545934.2122889,,0.0018087045,,,,,,,,
11004,,723.6776317,276992,1779545934.2122889,,,,,,,-0.0023150556,,,
11006,,723.6776317,276992,1779545934.2122889,,,,,,,,0.0027657486,,
11008,,723.6776317,276992,1779545934.2132883,,,,0.0,,,,,,
11012,,723.6776317,277000,1779545934.2332413,15.0,,,,,,,,,
11013,0.0,723.6776317,277072,1779545934.3816621,,,,,,,,,,
11014,,723.6776317,277072,1779545934.3816621,100.0,,,,,,,,,
11015,0.0,723.6776317,277076,1779545934.3941512,,,,,,,,,,
11016,,723.6776317,277076,1779545934.3941512,100.0,,,,,,,,,
11018,,723.6776317,277092,1779545934.431047,3.0,,,,,,,,,
11022,,723.6776317,277404,1779545934.962963,100.0,,,,,,,,,
11023,0.0,723.6776317,277476,1779545935.1403103,,,,,,,,,,
11027,,723.6776317,277504,1779545935.8973062,,,,,,0.00011142418,,,,
11028,,723.6776317,277504,1779545935.8973062,,0.0005031127,,,,,,,,
11030,,723.6786522,277504,1779545935.8973062,,,1.240476,,,,,,,
11031,,723.6786522,277504,1779545935.898325,,,,,,,,0.011504344,,
11032,,723.6786522,277504,1779545935.898325,,,,,,,,,0.003975103,
11034,,723.6786522,277504,1779545935.898325,,,,,,,,,,0.47518373
11035,,723.6786522,277504,1779545935.901155,,,,,385.0,,,,,
11038,0.73,723.6786522,277600,1779545936.1458962,,,,,,,,,,
11039,,723.6786522,277600,1779545936.1458962,30.0,,,,,,,,,
11045,,723.6786522,277988,1779545937.323735,100.0,,,,,,,,,
11046,0.0,723.6786522,278004,1779545937.380075,,,,,,,,,,
11049,,723.6786522,278008,1779545937.3976614,100.0,,,,,,,,,
11050,,723.6786522,278016,1779545938.2292864,,,,,,0.00011116803,,,,
11051,,723.6786522,278016,1779545938.2296772,,0.005945297,,,,,,,,
11052,,723.6786522,278016,1779545938.2296772,,,,,,,-0.011403451,,,
11055,,723.6786522,278016,1779545938.2296772,,,,,,,,,0.003969282,
11057,,723.6792855,278016,1779545938.2296772,,,,,,,,,,0.45635676
11058,,723.6792855,278016,1779545938.233956,,,,,385.0,,,,,
11061,0.145,728.6837448,278388,1779545939.0769305,,,,,,,,,,
11066,,728.6837448,278412,1779545939.1381125,100.0,,,,,,,,,
11071,,728.6837448,278528,1779545939.751712,,,,,,,-0.013333749,,,
11072,,728.6837448,278528,1779545939.751712,,,1.0599488,,,,,,,
11074,,728.6837448,278528,1779545939.751712,,,,,,,,,0.0014065984,
11075,,728.6837448,278528,1779545939.751712,,,,0.0009765625,,,,,,
11080,0.0,728.6847678,278796,1779545940.5032804,,,,,,,,,,
11085,,728.6847678,278864,1779545940.6348612,100.0,,,,,,,,,
11087,,728.6852875,279040,1779545941.001247,55.0,,,,,,,,,
11088,,728.6852875,279040,1779545941.5045488,,,,,,0.00011065574,,,,
11090,,728.6852875,279040,1779545941.5045488,,,,,,,-0.016944073,,,
11093,,728.6861277,279040,1779545941.5056808,,,,,,,,,0.0017238148,
11094,,728.6861277,279040,1779545941.5056808,,,,0.001953125,,,,,,
11097,0.721,728.6861277,279168,1779545941.7266853,,,,,,,,,,
11100,,728.6884072,279196,1779545941.772971,100.0,,,,,,,,,
11101,0.0,728.6884072,279200,1779545941.7833414,,,,,,,,,,
11104,,728.6928474,279268,1779545941.894503,100.0,,,,,,,,,
11107,0.802,728.693533,279360,1779545942.0390804,,,,,,,,,,
11108,,728.693533,279360,1779545942.0396237,22.0,,,,,,,,,
11110,,728.693533,279384,1779545942.07854,25.0,,,,,,,,,
11111,0.514,728.693533,279416,1779545942.1457217,,,,,,,,,,
11112,,728.693533,279416,1779545942.1457217,54.0,,,,,,,,,
11113,,728.6946116,279552,1779545943.2941678,,,,,,0.00011039959,,,,
11114,,728.6946116,279552,1779545943.2956889,,0.009426096,,,,,,,,
11116,,728.6951637,279552,1779545943.2956889,,,1.0916663,,,,,,,
11117,,728.6954758,279552,1779545943.2956889,,,,,,,,0.011721115,,
11123,,733.7019142,279604,1779545943.4719696,100.0,,,,,,,,,
11125,,733.7019142,279736,1779545943.8735964,32.0,,,,,,,,,
11126,0.0,733.7019142,279764,1779545943.9617767,,,,,,,,,,
11127,,733.7019142,279764,1779545943.9617767,100.0,,,,,,,,,
11132,0.0,733.7023588,279820,1779545944.1442218,,,,,,,,,,
11133,,733.7028719,279820,1779545944.1442218,100.0,,,,,,,,,
11135,,733.7028719,280064,1779545945.6376462,,0.00495426,,,,,,,,
11136,,733.7028719,280064,1779545945.6376462,,,,,,,-0.010931874,,,
11137,,733.7028719,280064,1779545945.6376462,,,1.1496664,,,,,,,
11140,,733.7028719,280064,1779545945.6376462,,,,0.015625,,,,,,
11141,,733.7035115,280064,1779545945.6376462,,,,,,,,,,0.3769964
11144,,733.7035115,280140,1779545945.8515775,100.0,,,,,,,,,
11145,0.0,733.7040269,280168,1779545945.938852,,,,,,,,,,
11146,,733.7040269,280168,1779545945.938852,100.0,,,,,,,,,
11147,0.0,733.7040269,280208,1779545946.0669384,,,,,,,,,,
11149,0.0,733.7040269,280224,1779545946.1173632,,,,,,,,,,
11150,,733.7040269,280224,1779545946.1183586,100.0,,,,,,,,,
11152,,733.7040269,280432,1779545946.7429612,51.0,,,,,,,,,
11153,0.0,733.7040269,280544,1779545947.0604773,,,,,,,,,,
11158,,733.7040269,280576,1779545947.9078152,,0.0027130235,,,,,,,,
11159,,733.7045629,280576,1779545947.9078152,,,,,,,-0.022668444,,,
11160,,733.7045629,280576,1779545947.9078152,,,1.2104932,,,,,,,
11161,,733.7045629,280576,1779545947.9078152,,,,,,,,0.007708732,,
11164,,733.7045629,280576,1779545947.9078152,,,,,,,,,,0.16188419
11165,,733.7045629,280576,1779545947.91036,,,,,383.0,,,,,
11174,0.874,738.7090018,280896,1779545948.671277,,,,,,,,,,
11175,,738.7090018,280896,1779545948.671277,14.0,,,,,,,,,
11178,0.0,738.7090018,281016,1779545948.987883,,,,,,,,,,
11179,,738.7090018,281016,1779545948.987883,100.0,,,,,,,,,
11182,,738.7100175,281088,1779545949.9377332,,,,,,,0.0013488354,,,
11188,,738.7105308,281088,1779545949.944334,,,,,383.0,,,,,
11190,,738.7105308,281288,1779545950.3822815,100.0,,,,,,,,,
11191,0.0,738.7105308,281300,1779545950.420347,,,,,,,,,,
11193,0.0,738.7105308,281380,1779545950.6439106,,,,,,,,,,
11194,,738.7110642,281380,1779545950.6454341,100.0,,,,,,,,,
11196,,738.7110642,281420,1779545950.7701344,100.0,,,,,,,,,
11197,0.964,738.7110642,281440,1779545950.835821,,,,,,,,,,
11199,,738.7110642,281600,1779545952.198113,,,,,,0.000109375,,,,
11203,,738.7110642,281600,1779545952.1989043,,,,,,,,0.004996583,,
11206,,738.7110642,281600,1779545952.1989043,,,,,,,,,,0.34012175
11207,,738.7110642,281600,1779545952.2034364,,,,,382.0,,,,,
11209,,738.7120817,281624,1779545952.2880397,83.0,,,,,,,,,
11213,,738.7120817,281784,1779545952.8032484,100.0,,,,,,,,,
11214,0.0,738.7120817,281844,1779545952.9913094,,,,,,,,,,
11215,,738.7120817,281844,1779545952.9913094,100.0,,,,,,,,,
11216,0.991,738.7120817,281852,1779545953.0172048,,,,,,,,,,
11218,0.748,738.7120817,281968,1779545953.3425493,,,,,,,,,,
11223,,743.7245681,282108,1779545953.7678692,100.0,,,,,,,,,
11225,,743.7245681,282112,1779545954.4638948,,0.008963825,,,,,,,,
11226,,743.7245681,282112,1779545954.4638948,,,,,,,-0.0053753667,,,
11227,,743.7245681,282112,1779545954.4638948,,,1.1059186,,,,,,,
11229,,743.7245681,282112,1779545954.4648907,,,,,,,,,0.011551793,
11230,,743.7245681,282112,1779545954.4648907,,,,0.055664062,,,,,,
11231,,743.7250299,282112,1779545954.4648907,,,,,,,,,,0.18561691
11232,,743.7250299,282112,1779545954.4695098,,,,,382.0,,,,,
11234,,743.7253799,282188,1779545954.7049696,100.0,,,,,,,,,
11238,,743.7253799,282432,1779545955.2832203,100.0,,,,,,,,,
11239,0.856,743.7253799,282440,1779545955.3119218,,,,,,,,,,
11240,,743.7253799,282440,1779545955.3119218,16.0,,,,,,,,,
11246,,743.7261515,282624,1779545956.4220726,,0.0028296076,,,,,,,,
11248,,743.7261515,282624,1779545956.4225914,,,1.2298374,,,,,,,
11255,,743.7261515,282836,1779545957.021153,100.0,,,,,,,,,
11257,,743.7261515,282844,1779545957.0392635,100.0,,,,,,,,,
11258,0.0,743.7261515,282916,1779545957.1920218,,,,,,,,,,
11260,0.901,743.7261515,282964,1779545957.3467324,,,,,,,,,,
11261,,743.7271753,282964,1779545957.3467324,11.0,,,,,,,,,
11262,0.0,743.7271753,282996,1779545957.4446907,,,,,,,,,,
11264,,743.7271753,283136,1779545958.329064,,,,,,0.00010860656,,,,
11265,,743.7271753,283136,1779545958.3297763,,0.003356826,,,,,,,,
11267,,743.7271753,283136,1779545958.3304036,,,1.2671392,,,,,,,
11268,,743.7278191,283136,1779545958.3304036,,,,,,,,0.0017745607,,
11271,,743.7278191,283136,1779545958.3309925,,,,,,,,,,0.45478278
11272,,743.7278191,283136,1779545958.3355021,,,,,381.0,,,,,
11276,,748.732018,283248,1779545958.6029215,100.0,,,,,,,,,
11277,0.0,748.732018,283368,1779545958.8606665,,,,,,,,,,
11279,0.0,748.732018,283400,1779545958.9338734,,,,,,,,,,
11280,,748.732018,283400,1779545958.9338734,100.0,,,,,,,,,
11284,,748.7325682,283648,1779545959.9865072,,0.00037071074,,,,,,,,
11290,,748.7325682,283648,1779545959.9865072,,,,,,,,,,-2.1112947
11292,0.0,748.7325682,283652,1779545960.0005007,,,,,,,,,,
11293,,748.7325682,283652,1779545960.0005007,100.0,,,,,,,,,
11295,,748.7325682,283772,1779545960.169151,100.0,,,,,,,,,
11298,0.0,748.7325682,284048,1779545960.7838867,,,,,,,,,,
11300,0.0,748.7325682,284056,1779545960.808603,,,,,,,,,,
11304,,748.7332707,284160,1779545961.6028733,,,,,,,-0.017916257,,,
11305,,748.7332707,284160,1779545961.6028733,,,1.2611449,,,,,,,
11306,,748.7332707,284160,1779545961.6028733,,,,,,,,0.0030131526,,
11308,,748.7332707,284160,1779545961.603382,,,,0.0126953125,,,,,,
11309,,748.7332707,284160,1779545961.603382,,,,,,,,,,-2.137391
11310,,748.7332707,284160,1779545961.6065953,,,,,381.0,,,,,
11311,0.0,748.7332707,284176,1779545961.6514354,,,,,,,,,,
11312,,748.7332707,284176,1779545961.6514354,100.0,,,,,,,,,
11313,0.0,748.7332707,284208,1779545961.7313704,,,,,,,,,,
11314,,748.7332707,284208,1779545961.7313704,100.0,,,,,,,,,
11315,0.883,748.7332707,284232,1779545961.7909672,,,,,,,,,,
11317,0.0,748.7332707,284452,1779545962.2964513,,,,,,,,,,
11318,,748.7338124,284452,1779545962.2964513,100.0,,,,,,,,,
11319,0.0,748.7338124,284460,1779545962.3182194,,,,,,,,,,
11320,,748.7338124,284460,1779545962.3182194,100.0,,,,,,,,,
11322,,748.7338124,284612,1779545962.6914055,100.0,,,,,,,,,
11324,,748.7338124,284636,1779545962.7536721,100.0,,,,,,,,,
11327,,748.7338124,284672,1779545963.3541162,,,,,,,-0.013446309,,,
11328,,748.7338124,284672,1779545963.3541162,,,1.2061131,,,,,,,
11329,,748.7338124,284672,1779545963.3541162,,,,,,,,0.011885628,,
11332,,748.7338124,284672,1779545963.3541162,,,,,,,,,,0.30213994
11333,,748.7338124,284672,1779545963.35865,,,,,381.0,,,,,
11334,0.847,748.7338124,284708,1779545963.4490826,,,,,,,,,,
11337,,753.7377408,284800,1779545963.6518981,46.0,,,,,,,,,
11339,,753.7377408,284856,1779545963.7801356,100.0,,,,,,,,,
11345,,753.7385208,285184,1779545964.9987197,,0.0033897744,,,,,,,,
11346,,753.7385208,285184,1779545964.9987197,,,,,,,-0.0044106655,,,
11347,,753.7385208,285184,1779545964.9987197,,,1.1910852,,,,,,,
11349,,753.7385208,285184,1779545964.9987197,,,,,,,,,0.006928336,
11350,,753.7385208,285184,1779545964.9987197,,,,0.026367188,,,,,,
11353,0.0,753.7385208,285204,1779545965.0376937,,,,,,,,,,
11354,,753.7385208,285204,1779545965.0376937,100.0,,,,,,,,,
11355,0.0,753.7385208,285260,1779545965.124841,,,,,,,,,,
11358,,753.7385208,285268,1779545965.1412868,100.0,,,,,,,,,
11360,,753.7385208,285516,1779545965.7198415,100.0,,,,,,,,,
11363,0.0,753.7391277,285664,1779545966.054638,,,,,,,,,,
11364,,753.7391277,285664,1779545966.054638,100.0,,,,,,,,,
11365,0.0,753.7391277,285672,1779545966.073277,,,,,,,,,,
11366,,753.7391277,285672,1779545966.073968,100.0,,,,,,,,,
11367,,753.7391277,285696,1779545966.8497167,,,,,,0.00010732582,,,,
11369,,753.7391277,285696,1779545966.8497167,,,,,,,-0.01588275,,,
11370,,753.7391277,285696,1779545966.8497167,,,1.3536546,,,,,,,
11372,,753.7391277,285696,1779545966.850714,,,,,,,,,0.00296645,
11373,,753.7391277,285696,1779545966.850714,,,,0.0053710938,,,,,,
11374,,753.7391277,285696,1779545966.850714,,,,,,,,,,0.30964714
11377,,753.7397147,285708,1779545966.9010603,24.0,,,,,,,,,
11380,0.0,753.7397147,285920,1779545967.3387554,,,,,,,,,,
11381,,753.7397147,285920,1779545967.3397756,100.0,,,,,,,,,
11384,0.658,753.740067,286076,1779545967.7974422,,,,,,,,,,
11385,,753.740067,286076,1779545967.7974422,38.0,,,,,,,,,
11391,,753.740067,286208,1779545968.0915146,34.0,,,,,,,,,
11392,,758.7459375,286208,1779545968.7650018,,,,,,0.000107069674,,,,
11396,,758.7459375,286208,1779545968.7660148,,,,,,,,0.008196421,,
11405,0.982,758.746546,286492,1779545969.264857,,,,,,,,,,
11407,0.928,758.746546,286528,1779545969.3490608,,,,,,,,,,
11408,,758.746546,286528,1779545969.3490608,8.0,,,,,,,,,
11409,0.0,758.746546,286580,1779545969.4642217,,,,,,,,,,
11412,,758.746546,286612,1779545969.538105,7.0,,,,,,,,,
11413,0.0,758.746546,286612,1779545969.5400898,,,,,,,,,,
11415,0.0,758.746546,286684,1779545969.707069,,,,,,,,,,
11416,,758.746546,286684,1779545969.707069,100.0,,,,,,,,,
11419,,758.746546,286720,1779545970.3606107,,,,,,0.000106813524,,,,
11422,,758.747444,286720,1779545970.3606107,,,1.3039982,,,,,,,
11423,,758.747444,286720,1779545970.3606107,,,,,,,,0.006363256,,
11426,,758.747444,286720,1779545970.3618586,,,,,,,,,,0.5229583
11430,0.469,758.747957,286944,1779545970.8700178,,,,,,,,,,
11432,0.0,758.747957,287016,1779545971.0082595,,,,,,,,,,
11433,,758.747957,287016,1779545971.0082595,100.0,,,,,,,,,
11434,0.0,758.747957,287088,1779545971.1121583,,,,,,,,,,
11436,0.973,758.747957,287104,1779545971.139166,,,,,,,,,,
11439,,758.747957,287228,1779545971.3986366,30.0,,,,,,,,,
11440,,758.747957,287232,1779545972.0773025,,,,,,0.000106557374,,,,
11442,,758.747957,287232,1779545972.0773025,,,,,,,-0.0040859655,,,
11443,,758.747957,287232,1779545972.0782976,,,1.431043,,,,,,,
11446,,758.747957,287232,1779545972.0782976,,,,0.00048828125,,,,,,
11447,,758.747957,287232,1779545972.0782976,,,,,,,,,,0.4978633
11448,,758.747957,287232,1779545972.0810044,,,,,380.0,,,,,
11450,,758.7485072,287336,1779545972.266471,100.0,,,,,,,,,
11453,0.0,758.7485072,287420,1779545972.4704862,,,,,,,,,,
11456,,758.7485072,287632,1779545972.9227428,100.0,,,,,,,,,
11458,,758.7485072,287712,1779545973.051423,19.0,,,,,,,,,
11459,0.0,758.7485072,287740,1779545973.0946739,,,,,,,,,,
11461,,763.7544257,287744,1779545973.7096686,,,,,,0.00010630123,,,,
11462,,763.7544257,287744,1779545973.7096686,,0.0025459994,,,,,,,,
11464,,763.7544257,287744,1779545973.7096686,,,1.328785,,,,,,,
11465,,763.7544257,287744,1779545973.7096686,,,,,,,,0.0024089608,,
11468,,763.7544257,287744,1779545973.7096686,,,,,,,,,,0.42677623
11470,0.0,763.754941,287752,1779545973.7420845,,,,,,,,,,
11475,,763.7554224,288116,1779545974.4539251,100.0,,,,,,,,,
11476,0.0,763.7554224,288144,1779545974.5206203,,,,,,,,,,
11477,,763.7554224,288144,1779545974.5206203,100.0,,,,,,,,,
11478,0.0,763.7554224,288156,1779545974.5559027,,,,,,,,,,
11480,0.0,763.7554224,288228,1779545974.7243507,,,,,,,,,,
11481,,763.7554224,288228,1779545974.7243507,100.0,,,,,,,,,
11482,,763.7554224,288256,1779545975.3114967,,,,,,0.00010604508,,,,
11485,,763.7554224,288256,1779545975.3114967,,,1.1941544,,,,,,,
11490,,763.7559735,288256,1779545975.3165777,,,,,379.0,,,,,
11493,0.0,763.7559735,288548,1779545975.958478,,,,,,,,,,
11496,,763.7559735,288560,1779545975.979024,100.0,,,,,,,,,
11497,0.0,763.7559735,288632,1779545976.0864437,,,,,,,,,,
11500,,763.7559735,288768,1779545976.9742897,,0.00030154368,,,,,,,,
11501,,763.7571104,288768,1779545976.9742897,,,,,,,-0.003720075,,,
11506,,763.7571104,288768,1779545976.9742897,,,,,,,,,,-0.98696494
11507,,763.7571104,288768,1779545976.9768245,,,,,379.0,,,,,
11509,,763.7571104,288924,1779545977.2157364,100.0,,,,,,,,,
11512,0.28,763.7571104,288956,1779545977.2963045,,,,,,,,,,
11514,0.0,763.7571104,288964,1779545977.3271513,,,,,,,,,,
11518,0.784,763.7579466,289052,1779545977.5757034,,,,,,,,,,
11521,,768.7720463,289280,1779545978.915361,,0.0035370085,,,,,,,,
11524,,768.7720463,289280,1779545978.915361,,,,,,,,0.005529646,,
11527,,768.7720463,289280,1779545978.9163806,,,,,,,,,,0.5151168
11528,,768.7720463,289280,1779545978.9218235,,,,,379.0,,,,,
11529,0.0,768.7720463,289328,1779545979.0633936,,,,,,,,,,
11531,0.0,768.7727411,289368,1779545979.1817818,,,,,,,,,,
11533,0.0,768.7727411,289408,1779545979.2745485,,,,,,,,,,
11534,,768.7727411,289408,1779545979.2745485,100.0,,,,,,,,,
11535,0.0,768.7727411,289456,1779545979.3795168,,,,,,,,,,
11537,0.604,768.7727411,289588,1779545979.6908002,,,,,,,,,,
11538,,768.7732592,289588,1779545979.6908002,44.0,,,,,,,,,
11539,0.0,768.7732592,289732,1779545980.0137546,,,,,,,,,,
11542,,768.7732592,289772,1779545980.080796,100.0,,,,,,,,,
11543,,768.7732592,289792,1779545980.8102493,,,,,,0.00010527664,,,,
11544,,768.7732592,289792,1779545980.8102493,,0.0049207546,,,,,,,,
11548,,768.7732592,289792,1779545980.8112476,,,,,,,,,0.0034236629,
11549,,768.7732592,289792,1779545980.8112476,,,,0.017578125,,,,,,
11550,,768.7732592,289792,1779545980.8112476,,,,,,,,,,0.12384391
11551,,768.7732592,289792,1779545980.8157718,,,,,379.0,,,,,
11553,,768.7732592,289808,1779545980.8763323,8.0,,,,,,,,,
11556,0.0,768.7732592,289860,1779545981.033032,,,,,,,,,,
11558,0.829,768.774279,289888,1779545981.093138,,,,,,,,,,
11559,,768.774279,289888,1779545981.093138,19.0,,,,,,,,,
11561,,768.774279,290136,1779545981.749323,100.0,,,,,,,,,
11562,0.982,768.774279,290148,1779545981.7936976,,,,,,,,,,
11564,0.0,768.774279,290236,1779545982.0101922,,,,,,,,,,
11565,,768.774279,290236,1779545982.0101922,100.0,,,,,,,,,
11567,,768.7747949,290264,1779545982.0702667,100.0,,,,,,,,,
11569,,768.7747949,290292,1779545982.1328225,100.0,,,,,,,,,
11573,,768.7751348,290304,1779545982.9316475,,,1.1962595,,,,,,,
11575,,768.7751348,290304,1779545982.9316475,,,,,,,,,0.0011369479,
11581,0.892,768.7751348,290316,1779545982.9702568,,,,,,,,,,
11582,,768.7751348,290316,1779545982.9702568,12.0,,,,,,,,,
11583,0.0,768.77684,290552,1779545983.4985979,,,,,,,,,,
11584,,768.77684,290552,1779545983.4985979,100.0,,,,,,,,,
11585,0.0,773.7815452,290640,1779545983.720405,,,,,,,,,,
11586,,773.7843572,290640,1779545983.7212503,100.0,,,,,,,,,
11587,0.0,773.7861733,290720,1779545983.8929672,,,,,,,,,,
11589,0.0,773.7868457,290720,1779545983.895083,,,,,,,,,,
11590,,773.7868457,290720,1779545983.895083,100.0,,,,,,,,,
11593,,773.7876073,290816,1779545984.6128864,,,,,,0.000104764345,,,,
11594,,773.7876073,290816,1779545984.6128864,,0.0038919067,,,,,,,,
11596,,773.7876073,290816,1779545984.6128864,,,1.2046001,,,,,,,
11605,,773.7881413,291044,1779545985.0365272,100.0,,,,,,,,,
11606,0.208,773.7881413,291092,1779545985.108245,,,,,,,,,,
11607,,773.7881413,291092,1779545985.108245,88.0,,,,,,,,,
11608,0.0,773.7881413,291124,1779545985.154249,,,,,,,,,,
11609,,773.7881413,291124,1779545985.1545615,100.0,,,,,,,,,
11612,,773.7881413,291328,1779545986.124318,,,,,,,0.0036446303,,,
11614,,773.7887133,291328,1779545986.124318,,,,,,,,0.0056087887,,
11615,,773.7887133,291328,1779545986.124318,,,,,,,,,0.0024468587,
11616,,773.7887133,291328,1779545986.124318,,,,0.0048828125,,,,,,
11617,,773.7887133,291328,1779545986.125317,,,,,,,,,,-0.73419046
11618,,773.7887133,291328,1779545986.1278033,,,,,378.0,,,,,
11619,0.0,773.7887133,291360,1779545986.205422,,,,,,,,,,
11621,0.0,773.7887133,291448,1779545986.4157631,,,,,,,,,,
11623,0.901,773.7887133,291496,1779545986.537622,,,,,,,,,,
11624,,773.7892255,291496,1779545986.537622,11.0,,,,,,,,,
11625,0.0,773.7892255,291496,1779545986.5396256,,,,,,,,,,
11627,0.0,773.7892255,291528,1779545986.6247392,,,,,,,,,,
11628,,773.7892255,291528,1779545986.6247392,100.0,,,,,,,,,
11629,0.901,773.7892255,291544,1779545986.663149,,,,,,,,,,
11632,,773.7892255,291688,1779545986.9744759,47.0,,,,,,,,,
11633,0.0,773.7892255,291764,1779545987.0810604,,,,,,,,,,
11634,,773.7892255,291764,1779545987.0816302,100.0,,,,,,,,,
11636,,773.789768,291840,1779545987.877339,,0.006741897,,,,,,,,
11637,,773.789768,291840,1779545987.877339,,,,,,,-0.0014900155,,,
11638,,773.789768,291840,1779545987.877339,,,1.3652755,,,,,,,
11639,,773.789768,291840,1779545987.877339,,,,,,,,0.0062877415,,
11640,,773.789768,291840,1779545987.877339,,,,,,,,,0.0018791696,
11641,,773.789768,291840,1779545987.877339,,,,0.009277344,,,,,,
11642,,773.789768,291840,1779545987.877339,,,,,,,,,,0.5633916
11645,,773.789768,291932,1779545988.08427,100.0,,,,,,,,,
11646,0.0,773.789768,291948,1779545988.113446,,,,,,,,,,
11647,,773.789768,291948,1779545988.113446,100.0,,,,,,,,,
11650,0.0,778.7950787,292168,1779545988.6257427,,,,,,,,,,
11651,,778.7956721,292168,1779545988.6267653,100.0,,,,,,,,,
11656,,778.7956721,292352,1779545989.6958458,,,,,,0.0001039959,,,,
11658,,778.7956721,292352,1779545989.6958458,,,,,,,0.0036429092,,,
11659,,778.7956721,292352,1779545989.6958458,,,1.328093,,,,,,,
11660,,778.7956721,292352,1779545989.6958458,,,,,,,,0.0026126234,,
11661,,778.7956721,292352,1779545989.6968565,,,,,,,,,0.0029965942,
11663,,778.7961582,292352,1779545989.6968565,,,,,,,,,,-2.4262688
11664,,778.7961582,292352,1779545989.6992261,,,,,378.0,,,,,
11665,0.847,778.7961582,292424,1779545989.8728328,,,,,,,,,,
11666,,778.7966751,292424,1779545989.8728328,17.0,,,,,,,,,
11667,0.0,778.7966751,292496,1779545990.0204802,,,,,,,,,,
11668,,778.7966751,292496,1779545990.0204802,100.0,,,,,,,,,
11669,0.0,778.7966751,292572,1779545990.1505125,,,,,,,,,,
11671,0.0,778.7966751,292740,1779545990.4975007,,,,,,,,,,
11672,,778.7966751,292740,1779545990.4975007,100.0,,,,,,,,,
11675,,778.7966751,292864,1779545991.28921,,,,,,0.00010373975,,,,
11678,,778.7972993,292864,1779545991.290213,,,1.2004648,,,,,,,
11688,0.0,778.7972993,293144,1779545991.892891,,,,,,,,,,
11690,0.0,778.7972993,293232,1779545992.0651433,,,,,,,,,,
11693,,778.7972993,293304,1779545992.1736655,100.0,,,,,,,,,
11698,,778.7972993,293376,1779545992.9639447,,,,,,,-0.010690793,,,
11699,,778.7972993,293376,1779545992.9639447,,,1.3936082,,,,,,,
11705,0.0,778.7978774,293380,1779545992.9797223,,,,,,,,,,
11708,,778.7978774,293472,1779545993.1409395,81.0,,,,,,,,,
11710,,783.8005439,293708,1779545993.5956404,100.0,,,,,,,,,
11712,,783.8005439,293720,1779545993.6273293,100.0,,,,,,,,,
11717,,783.8005439,293888,1779545994.6096952,,,,,,0.00010322746,,,,
11718,,783.8005439,293888,1779545994.6096952,,0.000781998,,,,,,,,
11719,,783.8005439,293888,1779545994.6096952,,,,,,,-0.013408337,,,
11721,,783.8005439,293888,1779545994.610694,,,,,,,,0.004116157,,
11724,,783.8005439,293888,1779545994.610694,,,,,,,,,,0.044888675
11726,0.442,783.8005439,294036,1779545994.9573731,,,,,,,,,,
11727,,783.8005439,294036,1779545994.9573731,62.0,,,,,,,,,
11732,0.334,783.801174,294176,1779545995.2086995,,,,,,,,,,
11736,,783.801174,294400,1779545996.3544517,,,,,,,-0.012449896,,,
11737,,783.801174,294400,1779545996.3544517,,,1.3064808,,,,,,,
11738,,783.8017023,294400,1779545996.3544517,,,,,,,,-0.011738506,,
11739,,783.8017023,294400,1779545996.3544517,,,,,,,,,0.011863722,
11742,,783.8017023,294400,1779545996.3585582,,,,,377.0,,,,,
11744,,783.8017023,294440,1779545996.4692993,65.0,,,,,,,,,
11745,0.0,783.8017023,294440,1779545996.4717884,,,,,,,,,,
11747,0.0,783.8017023,294516,1779545996.668938,,,,,,,,,,
11748,,783.8017023,294516,1779545996.6699357,100.0,,,,,,,,,
11753,0.0,783.8017023,294844,1779545997.4152532,,,,,,,,,,
11756,,783.8017023,294912,1779545998.2076788,,0.00033301543,,,,,,,,
11757,,783.8017023,294912,1779545998.2076788,,,,,,,-0.019903243,,,
11758,,783.8017023,294912,1779545998.2076788,,,1.2252016,,,,,,,
11759,,783.80248,294912,1779545998.20896,,,,,,,,-0.0059838966,,
11760,,783.80248,294912,1779545998.20896,,,,,,,,,0.009566914,
11764,0.0,783.80248,294920,1779545998.2461252,,,,,,,,,,
11765,,783.80248,294920,1779545998.2461252,100.0,,,,,,,,,
11767,,783.80248,294932,1779545998.2764504,100.0,,,,,,,,,
11768,0.946,783.80248,294960,1779545998.3497026,,,,,,,,,,
11769,,783.80248,294960,1779545998.3506987,6.0,,,,,,,,,
11771,,788.8133133,295248,1779545998.9869065,100.0,,,,,,,,,
11772,0.0,788.8138757,295248,1779545998.9894004,,,,,,,,,,
11777,,788.8138757,295364,1779545999.171824,100.0,,,,,,,,,
11778,,788.8138757,295424,1779545999.9843771,,,,,,0.00010245902,,,,
11781,,788.8138757,295424,1779545999.9843771,,,1.1878713,,,,,,,
11782,,788.8150034,295424,1779545999.9843771,,,,,,,,-0.004373652,,
11787,0.0,788.8153045,295652,1779546000.4560573,,,,,,,,,,
11788,,788.8153045,295652,1779546000.4560573,100.0,,,,,,,,,
11789,0.0,788.8153045,295652,1779546000.4583795,,,,,,,,,,
11790,,788.8153045,295652,1779546000.4583795,100.0,,,,,,,,,
11792,,788.8153045,295728,1779546000.635271,100.0,,,,,,,,,
11793,0.0,788.8153045,295768,1779546000.7341962,,,,,,,,,,
11794,,788.8156774,295768,1779546000.7348108,100.0,,,,,,,,,
11797,,788.8161934,295936,1779546001.67951,,,,,,0.00010220287,,,,
11798,,788.8161934,295936,1779546001.67951,,0.002339634,,,,,,,,
11799,,788.8161934,295936,1779546001.67951,,,,,,,-0.010613371,,,
11800,,788.8161934,295936,1779546001.6805315,,,1.1185691,,,,,,,
11804,,788.8161934,295936,1779546001.6805315,,,,,,,,,,0.47216862
11805,,788.8161934,295936,1779546001.6840768,,,,,376.0,,,,,
11806,0.0,788.8161934,296056,1779546002.0020678,,,,,,,,,,
11807,,788.8161934,296056,1779546002.0031023,100.0,,,,,,,,,
11809,,788.8169106,296132,1779546002.250015,100.0,,,,,,,,,
11810,0.0,788.8169106,296172,1779546002.378817,,,,,,,,,,
11812,0.0,788.8169106,296212,1779546002.4860988,,,,,,,,,,
11813,,788.8169106,296212,1779546002.4860988,100.0,,,,,,,,,
11814,0.388,788.8195489,296448,1779546003.0842874,,,,,,,,,,
11815,,788.8195489,296448,1779546003.0842874,68.0,,,,,,,,,
11816,,793.8225231,296448,1779546003.8469498,,,,,,0.00010194672,,,,
11825,0.0,793.8231152,296460,1779546003.903096,,,,,,,,,,
11826,,793.8231152,296460,1779546003.903096,100.0,,,,,,,,,
11827,0.0,793.8231152,296536,1779546004.1135814,,,,,,,,,,
11828,,793.8231152,296536,1779546004.1135814,100.0,,,,,,,,,
11834,,793.8231152,296864,1779546004.8529046,100.0,,,,,,,,,
11838,,793.8238925,296940,1779546005.0046127,100.0,,,,,,,,,
11842,,793.8238925,296960,1779546005.6461034,,0.0036534637,,,,,,,,
11848,,793.8238925,296960,1779546005.6467865,,,,,,,,,,0.56281364
11849,,793.8238925,296960,1779546005.6559799,,,,,376.0,,,,,
11856,0.0,793.8238925,297344,1779546006.4304776,,,,,,,,,,
11857,,793.8238925,297344,1779546006.4304776,100.0,,,,,,,,,
11858,0.0,793.8238925,297360,1779546006.4726667,,,,,,,,,,
11859,,793.8244187,297360,1779546006.4726667,100.0,,,,,,,,,
11861,,793.8244187,297424,1779546006.6228123,100.0,,,,,,,,,
11862,,793.8244187,297472,1779546007.376871,,,,,,0.00010143442,,,,
11863,,793.8244187,297472,1779546007.376871,,0.005255876,,,,,,,,
11864,,793.8244187,297472,1779546007.3778932,,,,,,,-0.0062386636,,,
11865,,793.8244187,297472,1779546007.3778932,,,1.2575315,,,,,,,
11866,,793.8244187,297472,1779546007.3778932,,,,,,,,0.0037983963,,
11867,,793.8244187,297472,1779546007.3778932,,,,,,,,,0.0024256343,
11868,,793.8244187,297472,1779546007.3778932,,,,0.011230469,,,,,,
11870,,793.8244187,297472,1779546007.3820956,,,,,376.0,,,,,
11872,,793.8244187,297480,1779546007.4111204,33.0,,,,,,,,,
11873,0.82,793.8244187,297508,1779546007.4872534,,,,,,,,,,
11874,,793.8244187,297508,1779546007.4872534,20.0,,,,,,,,,
11876,,793.8244187,297560,1779546007.6127172,100.0,,,,,,,,,
11879,0.0,793.8244187,297764,1779546008.0653572,,,,,,,,,,
11884,,793.8244187,297884,1779546008.3097374,100.0,,,,,,,,,
11889,,798.8320119,297984,1779546009.3177793,,,,,,,,0.007165375,,
11890,,798.8320119,297984,1779546009.3177793,,,,,,,,,0.0030654594,
11895,,798.832647,298020,1779546009.4300787,100.0,,,,,,,,,
11896,0.0,798.832647,298168,1779546009.8044891,,,,,,,,,,
11899,,798.832647,298228,1779546009.9612877,100.0,,,,,,,,,
11904,,798.832647,298496,1779546011.262623,,,,,,0.00010092213,,,,
11905,,798.832647,298496,1779546011.262623,,0.0007321123,,,,,,,,
11908,,798.8334055,298496,1779546011.263647,,,,,,,,-0.0017103581,,
11909,,798.8334055,298496,1779546011.263647,,,,,,,,,0.0042376113,
11910,,798.8334055,298496,1779546011.263647,,,,0.05908203,,,,,,
11914,,798.8334055,298520,1779546011.3381364,72.0,,,,,,,,,
11917,0.0,798.8334055,298692,1779546011.755243,,,,,,,,,,
11919,0.0,798.8334055,298828,1779546012.0476477,,,,,,,,,,
11920,,798.8334055,298828,1779546012.0476477,100.0,,,,,,,,,
11923,0.0,798.8334055,298976,1779546012.323946,,,,,,,,,,
11925,,798.8334055,299008,1779546013.0592813,,,,,,0.00010066598,,,,
11926,,798.8334055,299008,1779546013.0592813,,0.00020202392,,,,,,,,
11929,,798.8334055,299008,1779546013.0592813,,,,,,,,-0.008583015,,
11932,,798.8334055,299008,1779546013.0597906,,,,,,,,,,0.2613023
11933,,798.8334055,299008,1779546013.0624158,,,,,375.0,,,,,
11935,,798.8334055,299096,1779546013.2228858,100.0,,,,,,,,,
11936,0.0,803.837282,299232,1779546013.5670376,,,,,,,,,,
11938,0.0,803.837282,299328,1779546013.8221202,,,,,,,,,,
11939,,803.837282,299328,1779546013.8221202,100.0,,,,,,,,,
11941,,803.837282,299380,1779546013.9554281,100.0,,,,,,,,,
11942,0.0,803.837282,299500,1779546014.1527922,,,,,,,,,,
11943,,803.837282,299500,1779546014.1527922,100.0,,,,,,,,,
11950,,803.837928,299520,1779546014.8000734,,,,0.0053710938,,,,,,
11951,,803.837928,299520,1779546014.8000734,,,,,,,,,,-1.5993631
11952,,803.837928,299520,1779546014.8049297,,,,,375.0,,,,,
11953,0.0,803.837928,299636,1779546015.0279691,,,,,,,,,,
11955,0.685,803.837928,299644,1779546015.0442114,,,,,,,,,,
11956,,803.837928,299644,1779546015.0442114,35.0,,,,,,,,,
11960,,803.837928,299784,1779546015.3374739,100.0,,,,,,,,,
11961,,803.837928,300032,1779546016.4707713,,,,,,0.00010015369,,,,
11964,,803.837928,300032,1779546016.471556,,,0.96059525,,,,,,,
11965,,803.8385852,300032,1779546016.471556,,,,,,,,-0.0026802514,,
11968,,803.8385852,300032,1779546016.471556,,,,,,,,,,0.5604358
11970,0.0,803.8385852,300040,1779546016.4988334,,,,,,,,,,
11974,0.217,803.8385852,300084,1779546016.6018953,,,,,,,,,,
11979,,803.8385852,300444,1779546017.2505302,100.0,,,,,,,,,
11981,,803.8393466,300452,1779546017.2766633,100.0,,,,,,,,,
11982,0.964,803.8393466,300464,1779546017.308408,,,,,,,,,,
11983,,803.8393466,300464,1779546017.308408,4.0,,,,,,,,,
11985,,803.8393466,300488,1779546017.3622553,100.0,,,,,,,,,
11986,,803.8393466,300544,1779546018.081166,,,,,,9.989754e-05,,,,
11988,,803.8393466,300544,1779546018.081166,,,,,,,-0.0014074966,,,
11989,,803.8393466,300544,1779546018.081166,,,1.1101732,,,,,,,
11990,,803.8393466,300544,1779546018.081166,,,,,,,,-0.004796515,,
11991,,803.8396782,300544,1779546018.0827281,,,,,,,,,0.00089080073,
11992,,803.8396782,300544,1779546018.0827281,,,,0.0,,,,,,
11993,,803.8396782,300544,1779546018.0827281,,,,,,,,,,0.54055476
11994,,803.8396782,300544,1779546018.0865302,,,,,375.0,,,,,
11995,0.0,803.8396782,300592,1779546018.1906972,,,,,,,,,,
11996,,803.8396782,300592,1779546018.1917117,100.0,,,,,,,,,
11997,0.424,808.8450989,300852,1779546018.7610002,,,,,,,,,,
12002,,808.8458802,300868,1779546018.8070436,100.0,,,,,,,,,
12004,,808.8458802,300892,1779546018.8666868,100.0,,,,,,,,,
12012,,808.8464673,301056,1779546019.920161,,,,,,,,,,0.30435836
12014,0.0,808.8464673,301256,1779546020.5068953,,,,,,,,,,
12017,,808.8464673,301260,1779546020.5283191,100.0,,,,,,,,,
12018,0.0,808.847054,301272,1779546020.5706246,,,,,,,,,,
12019,,808.847054,301272,1779546020.5706246,100.0,,,,,,,,,
12022,0.865,808.847054,301320,1779546020.7149363,,,,,,,,,,
12024,0.658,808.847054,301428,1779546020.9989133,,,,,,,,,,
12026,0.631,808.847054,301488,1779546021.1513793,,,,,,,,,,
12034,,808.8476792,301568,1779546021.9499357,,,,0.001953125,,,,,,
12035,,808.8476792,301568,1779546021.9499357,,,,,,,,,,0.48698467
12038,,808.8476792,301664,1779546022.218938,100.0,,,,,,,,,
12040,,808.8476792,301700,1779546022.3196447,100.0,,,,,,,,,
12042,,808.8476792,301832,1779546022.6710076,100.0,,,,,,,,,
12043,0.0,808.8476792,301892,1779546022.8307152,,,,,,,,,,
12046,,808.8476792,301940,1779546022.9605286,59.0,,,,,,,,,
12047,0.757,808.8476792,301944,1779546022.9775941,,,,,,,,,,
12048,,808.8476792,301944,1779546022.9791641,27.0,,,,,,,,,
12053,,813.85143,302080,1779546023.8750744,,,,,,9.91291e-05,,,,
12056,,813.85143,302080,1779546023.8760886,,,1.1389873,,,,,,,
12058,,813.85143,302080,1779546023.8760886,,,,,,,,,0.00299318,
12060,,813.8521751,302080,1779546023.8760886,,,,,,,,,,0.46158898
12063,,813.8521751,302088,1779546023.9144754,4.0,,,,,,,,,
12064,0.0,813.8521751,302344,1779546024.502222,,,,,,,,,,
12067,,813.8521751,302348,1779546024.520676,100.0,,,,,,,,,
12069,,813.8521751,302368,1779546024.58117,100.0,,,,,,,,,
12075,,813.8529228,302592,1779546025.7383366,,,1.1925731,,,,,,,
12078,,813.8529228,302592,1779546025.738921,,,,0.013671875,,,,,,
12082,,813.8529228,302748,1779546026.141998,100.0,,,,,,,,,
12083,0.0,813.8529228,302752,1779546026.159554,,,,,,,,,,
12084,,813.8529228,302752,1779546026.1603487,100.0,,,,,,,,,
12085,0.0,813.8529228,302772,1779546026.2233248,,,,,,,,,,
12086,,813.8534598,302772,1779546026.2239523,100.0,,,,,,,,,
12088,,813.8534598,302896,1779546026.5348883,100.0,,,,,,,,,
12090,,813.8534598,302972,1779546026.7341015,55.0,,,,,,,,,
12095,,813.8534598,303104,1779546027.6699915,,,,,,,-0.0047043934,,,
12098,,813.8540114,303104,1779546027.6699915,,,,,,,,,0.0014508748,
12099,,813.8540114,303104,1779546027.6699915,,,,0.00048828125,,,,,,
12100,,813.8540114,303104,1779546027.6699915,,,,,,,,,,0.4062739
12101,,813.8540114,303104,1779546027.6745486,,,,,373.0,,,,,
12102,0.0,813.8540114,303156,1779546027.8180816,,,,,,,,,,
12103,,813.8540114,303156,1779546027.8180816,100.0,,,,,,,,,
12107,,813.8540114,303376,1779546028.38739,100.0,,,,,,,,,
12108,0.0,813.8540114,303392,1779546028.4313176,,,,,,,,,,
12110,0.0,818.8574066,303560,1779546028.831406,,,,,,,,,,
12111,,818.8574066,303560,1779546028.831406,100.0,,,,,,,,,
12112,0.0,818.8579407,303580,1779546028.8894386,,,,,,,,,,
12114,,818.8579407,303616,1779546029.5137217,,,,,,9.836066e-05,,,,
12115,,818.8579407,303616,1779546029.5143652,,0.00046784378,,,,,,,,
12117,,818.8579407,303616,1779546029.5143652,,,1.0729083,,,,,,,
12118,,818.8579407,303616,1779546029.5143652,,,,,,,,-0.009477002,,
12119,,818.8579407,303616,1779546029.5149446,,,,,,,,,0.002950009,
12122,,818.8579407,303616,1779546029.5195415,,,,,373.0,,,,,
12123,0.0,818.8579407,303780,1779546029.9271014,,,,,,,,,,
12124,,818.8579407,303780,1779546029.9274716,100.0,,,,,,,,,
12125,0.0,818.858506,303796,1779546029.9705687,,,,,,,,,,
12127,0.964,818.858506,303816,1779546030.0269563,,,,,,,,,,
12128,,818.858506,303816,1779546030.0269563,4.0,,,,,,,,,
12130,,818.858506,303964,1779546030.3725107,100.0,,,,,,,,,
12131,0.0,818.858506,303984,1779546030.4360743,,,,,,,,,,
12132,,818.858506,303984,1779546030.4360743,100.0,,,,,,,,,
12133,,818.858506,304128,1779546031.243033,,,,,,9.810451e-05,,,,
12137,,818.858506,304128,1779546031.24405,,,,,,,,0.016547475,,
12139,,818.858506,304128,1779546031.24405,,,,0.0146484375,,,,,,
12140,,818.8591079,304128,1779546031.24405,,,,,,,,,,0.6535947
12143,,818.8591079,304184,1779546031.3859336,100.0,,,,,,,,,
12144,0.0,818.8591079,304220,1779546031.4747849,,,,,,,,,,
12146,0.829,818.8591079,304300,1779546031.6383955,,,,,,,,,,
12151,,818.8591079,304388,1779546031.8400166,100.0,,,,,,,,,
12153,,818.8591079,304436,1779546031.9675336,16.0,,,,,,,,,
12154,0.0,818.8597286,304588,1779546032.2823231,,,,,,,,,,
12156,0.622,818.8597286,304608,1779546032.333061,,,,,,,,,,
12160,,818.8597286,304640,1779546032.7969468,,,,,,,-0.00918629,,,
12166,,818.8597286,304640,1779546032.801221,,,,,373.0,,,,,
12170,,818.8603197,304704,1779546032.9492576,100.0,,,,,,,,,
12171,0.685,818.8603197,304752,1779546033.0565267,,,,,,,,,,
12172,,818.8603197,304752,1779546033.057318,35.0,,,,,,,,,
12176,,818.8603197,304900,1779546033.3956609,26.0,,,,,,,,,
12179,0.406,823.8632944,305020,1779546033.6704159,,,,,,,,,,
12183,0.991,823.8632944,305100,1779546033.8583584,,,,,,,,,,
12186,,823.8632944,305108,1779546033.884601,100.0,,,,,,,,,
12188,,823.8643083,305132,1779546033.9450014,5.0,,,,,,,,,
12189,,823.8643083,305152,1779546034.3759692,,,,,,9.7592216e-05,,,,
12190,,823.8643083,305152,1779546034.3759692,,0.013795639,,,,,,,,
12192,,823.8643083,305152,1779546034.3759692,,,0.9501424,,,,,,,
12194,,823.8643083,305152,1779546034.3769684,,,,,,,,,0.001970828,
12195,,823.8643083,305152,1779546034.3769684,,,,0.0068359375,,,,,,
12196,,823.8643083,305152,1779546034.3769684,,,,,,,,,,0.49494272
12198,0.0,823.8648189,305408,1779546034.9321823,,,,,,,,,,
12201,,823.8648189,305424,1779546034.9707391,100.0,,,,,,,,,
12202,0.0,823.8648189,305504,1779546035.1570578,,,,,,,,,,
12203,,823.8648189,305504,1779546035.1570578,100.0,,,,,,,,,
12204,0.0,823.8648189,305536,1779546035.2266757,,,,,,,,,,
12209,,823.8653526,305664,1779546035.9267588,,,1.054508,,,,,,,
12210,,823.8653526,305664,1779546035.9267588,,,,,,,,-0.0046848133,,
12214,,823.8653526,305664,1779546035.930284,,,,,373.0,,,,,
12217,0.0,823.8653526,305828,1779546036.285268,,,,,,,,,,
12219,0.0,823.8658984,305908,1779546036.4567096,,,,,,,,,,
12220,,823.8658984,305908,1779546036.4567096,100.0,,,,,,,,,
12223,0.0,823.8658984,305940,1779546036.5441294,,,,,,,,,,
12225,,823.8658984,306176,1779546037.466294,,,,,,9.7079916e-05,,,,
12226,,823.8658984,306176,1779546037.466294,,0.0010992212,,,,,,,,
12227,,823.8658984,306176,1779546037.466294,,,,,,,-0.010711998,,,
12228,,823.8681109,306176,1779546037.466294,,,0.9584902,,,,,,,
12229,,823.8681109,306176,1779546037.466294,,,,,,,,0.0021009967,,
12231,,823.8687634,306176,1779546037.466294,,,,0.001953125,,,,,,
12234,0.0,823.8687634,306216,1779546037.573445,,,,,,,,,,
12238,0.982,823.8693393,306244,1779546037.6516495,,,,,,,,,,
12239,,823.8693393,306244,1779546037.6516495,2.0,,,,,,,,,
12240,0.298,823.8693393,306256,1779546037.6880286,,,,,,,,,,
12242,0.0,823.8693393,306320,1779546037.8417284,,,,,,,,,,
12243,,823.8693393,306320,1779546037.8417284,100.0,,,,,,,,,
12244,0.0,823.8699266,306620,1779546038.4258962,,,,,,,,,,
12246,0.0,823.8699266,306648,1779546038.4850533,,,,,,,,,,
12249,,823.8705239,306660,1779546038.5174892,100.0,,,,,,,,,
12256,,828.8782599,306688,1779546038.9632275,,,,0.0024414062,,,,,,
12260,,828.8782599,306724,1779546039.0556679,100.0,,,,,,,,,
12262,,828.8782599,306756,1779546039.13225,7.0,,,,,,,,,
12265,0.757,828.8790123,306976,1779546039.609326,,,,,,,,,,
12267,0.0,828.8790123,307024,1779546039.714291,,,,,,,,,,
12270,,828.8790123,307052,1779546039.789464,100.0,,,,,,,,,
12273,0.874,828.8790123,307124,1779546039.9644396,,,,,,,,,,
12274,,828.8790123,307124,1779546039.9647756,14.0,,,,,,,,,
12275,,828.8790123,307200,1779546040.5688734,,,,,,9.656762e-05,,,,
12276,,828.8790123,307200,1779546040.5688734,,0.007212664,,,,,,,,
12278,,828.8790123,307200,1779546040.5688734,,,0.99935913,,,,,,,
12279,,828.8790123,307200,1779546040.5688734,,,,,,,,-0.00517918,,
12286,0.0,828.8797662,307428,1779546041.1696663,,,,,,,,,,
12291,,828.8797662,307508,1779546041.3639371,12.0,,,,,,,,,
12292,0.0,828.8797662,307528,1779546041.4162672,,,,,,,,,,
12294,0.577,828.8797662,307700,1779546041.913918,,,,,,,,,,
12296,,828.8797662,307712,1779546042.570554,,,,,,9.631147e-05,,,,
12297,,828.8797662,307712,1779546042.570554,,0.0029727782,,,,,,,,
12298,,828.8797662,307712,1779546042.570554,,,,,,,-0.0066124536,,,
12301,,828.8797662,307712,1779546042.5715525,,,,,,,,,0.00079439627,
12304,,828.8797662,307712,1779546042.5750818,,,,,372.0,,,,,
12305,0.0,828.8797662,307784,1779546042.7108479,,,,,,,,,,
12311,0.892,828.8804721,307900,1779546042.9158933,,,,,,,,,,
12312,,828.8804721,307900,1779546042.9164193,12.0,,,,,,,,,
12313,0.0,828.8812656,307932,1779546042.9803932,,,,,,,,,,
12314,,828.8812656,307932,1779546042.9803932,100.0,,,,,,,,,
12315,0.0,828.8812656,308104,1779546043.4895535,,,,,,,,,,
12316,,828.8812656,308104,1779546043.4895535,100.0,,,,,,,,,
12318,,833.8946571,308224,1779546044.6134155,,0.0023615693,,,,,,,,
12319,,833.8946571,308224,1779546044.614401,,,,,,,-0.0167942,,,
12320,,833.8956741,308224,1779546044.614401,,,1.0613921,,,,,,,
12324,,833.8961914,308224,1779546044.614401,,,,,,,,,,0.53839016
12328,0.0,833.8961914,308304,1779546044.9224074,,,,,,,,,,
12329,,833.8961914,308304,1779546044.9224074,100.0,,,,,,,,,
12330,0.532,833.8961914,308316,1779546044.9784288,,,,,,,,,,
12331,,833.8961914,308316,1779546044.9794276,52.0,,,,,,,,,
12335,,833.8961914,308388,1779546045.250517,12.0,,,,,,,,,
12336,0.0,833.8961914,308640,1779546046.0104523,,,,,,,,,,
12339,,833.896895,308708,1779546046.235016,100.0,,,,,,,,,
12341,,833.896895,308720,1779546046.2717164,100.0,,,,,,,,,
12342,,833.896895,308736,1779546047.078548,,,,,,9.579918e-05,,,,
12343,,833.896895,308736,1779546047.080068,,0.006973669,,,,,,,,
12344,,833.896895,308736,1779546047.080068,,,,,,,-0.005245663,,,
12345,,833.896895,308736,1779546047.080068,,,1.0172644,,,,,,,
12347,,833.896895,308736,1779546047.080068,,,,,,,,,0.004910891,
12348,,833.896895,308736,1779546047.0810869,,,,0.022949219,,,,,,
12349,,833.896895,308736,1779546047.0810869,,,,,,,,,,0.42185092
12352,,833.896895,308788,1779546047.2340875,16.0,,,,,,,,,
12355,0.604,833.8975466,308820,1779546047.2925284,,,,,,,,,,
12358,,833.8975466,309112,1779546047.8667812,100.0,,,,,,,,,
12360,,833.8975466,309192,1779546048.024004,100.0,,,,,,,,,
12361,0.0,833.8975466,309196,1779546048.036714,,,,,,,,,,
12362,,833.8975466,309196,1779546048.036714,100.0,,,,,,,,,
12366,,838.8997194,309248,1779546048.6826491,,0.0062732752,,,,,,,,
12370,,838.8997194,309248,1779546048.6831613,,,,,,,,,0.0021285182,
12372,,838.8997194,309248,1779546048.6831613,,,,,,,,,,0.5444029
12373,,838.8997194,309248,1779546048.6872802,,,,,371.0,,,,,
12375,,838.900295,309252,1779546048.702098,34.0,,,,,,,,,
12376,0.532,838.900295,309408,1779546048.9736683,,,,,,,,,,
12377,,838.900295,309408,1779546048.974672,52.0,,,,,,,,,
12379,,838.900295,309424,1779546049.0068507,42.0,,,,,,,,,
12385,,838.900295,309760,1779546050.1590862,,0.0036493898,,,,,,,,
12388,,838.900295,309760,1779546050.1590862,,,,,,,,-0.0072189663,,
12390,,838.900295,309760,1779546050.1601079,,,,0.0087890625,,,,,,
12391,,838.900295,309760,1779546050.1601079,,,,,,,,,,0.4649489
12394,,838.9009459,309812,1779546050.3137758,100.0,,,,,,,,,
12396,,838.9009459,309828,1779546050.3526928,100.0,,,,,,,,,
12399,0.0,838.9009459,310032,1779546050.742921,,,,,,,,,,
12401,0.649,838.9009459,310160,1779546051.1293845,,,,,,,,,,
12402,,838.9009459,310160,1779546051.1305912,39.0,,,,,,,,,
12410,,838.9009459,310272,1779546052.510138,,,0.96552956,,,,,,,
12412,,838.9009459,310272,1779546052.510138,,,,,,,,,0.0007979153,
12414,,838.9009459,310272,1779546052.510138,,,,,,,,,,0.13409334
12416,0.604,838.9009459,310412,1779546053.0000384,,,,,,,,,,
12417,,838.9009459,310412,1779546053.001038,44.0,,,,,,,,,
12418,0.0,838.9009459,310436,1779546053.0695615,,,,,,,,,,
12420,0.937,838.9009459,310444,1779546053.1034536,,,,,,,,,,
12421,,838.9009459,310444,1779546053.1034536,7.0,,,,,,,,,
12426,0.496,838.9015881,310672,1779546053.5804656,,,,,,,,,,
12427,,838.9015881,310672,1779546053.5804656,56.0,,,,,,,,,
12428,0.784,843.904783,310772,1779546053.7972538,,,,,,,,,,
12429,,843.904783,310772,1779546053.7972538,24.0,,,,,,,,,
12432,,843.904783,310784,1779546054.3598938,,,,,,,-0.013870595,,,
12434,,843.904783,310784,1779546054.3605633,,,,,,,,-0.0039915247,,
12436,,843.9055183,310784,1779546054.3605633,,,,0.0048828125,,,,,,
12442,,843.9055183,310968,1779546054.7515724,100.0,,,,,,,,,
12443,0.0,843.9055183,311024,1779546054.8814487,,,,,,,,,,
12446,,843.9055183,311176,1779546055.238858,100.0,,,,,,,,,
12447,0.0,843.9059115,311244,1779546055.4382298,,,,,,,,,,
12449,,843.9059115,311296,1779546056.4021618,,,,,,9.4518444e-05,,,,
12450,,843.9059115,311296,1779546056.4021618,,0.002663443,,,,,,,,
12451,,843.9059115,311296,1779546056.4021618,,,,,,,-0.0032273997,,,
12452,,843.9059115,311296,1779546056.4021618,,,1.0883262,,,,,,,
12453,,843.9059115,311296,1779546056.4021618,,,,,,,,0.006882158,,
12455,,843.9059115,311296,1779546056.4021618,,,,0.009277344,,,,,,
12457,,843.9059115,311296,1779546056.4069004,,,,,370.0,,,,,
12459,,843.9059115,311372,1779546056.5836189,100.0,,,,,,,,,
12461,,843.9059115,311388,1779546056.6230552,90.0,,,,,,,,,
12465,,843.9064334,311648,1779546057.1483293,100.0,,,,,,,,,
12466,0.208,843.9064334,311744,1779546057.288059,,,,,,,,,,
12469,,843.9064334,311752,1779546057.313203,25.0,,,,,,,,,
12470,0.0,843.9064334,311776,1779546057.365349,,,,,,,,,,
12471,,843.9064334,311776,1779546057.365349,100.0,,,,,,,,,
12474,,843.9064334,311808,1779546058.022458,,,,,,,-0.009601086,,,
12476,,843.9064334,311808,1779546058.022458,,,,,,,,0.0032567866,,
12478,,843.9064334,311808,1779546058.022458,,,,0.005859375,,,,,,
12479,,843.9064334,311808,1779546058.022458,,,,,,,,,,0.2892354
12481,0.829,843.9064334,311824,1779546058.067196,,,,,,,,,,
12483,0.0,843.9064334,311984,1779546058.379349,,,,,,,,,,
12484,,843.9064334,311984,1779546058.379349,100.0,,,,,,,,,
12486,,848.9166962,312156,1779546058.725573,100.0,,,,,,,,,
12487,0.0,848.9166962,312180,1779546058.7644424,,,,,,,,,,
12488,,848.9166962,312180,1779546058.7644424,100.0,,,,,,,,,
12490,,848.9166962,312228,1779546058.8392997,100.0,,,,,,,,,
12497,,848.9173286,312320,1779546059.5462458,,,,,,,,-0.0028345343,,
12498,,848.9173286,312320,1779546059.5462458,,,,,,,,,0.0020498056,
12501,,848.9173286,312320,1779546059.5486379,,,,,370.0,,,,,
12502,0.0,848.9173286,312388,1779546059.6502416,,,,,,,,,,
12504,0.973,848.9173286,312404,1779546059.6939468,,,,,,,,,,
12508,0.0,848.9173286,312632,1779546060.094443,,,,,,,,,,
12511,,848.9173286,312708,1779546060.2383902,18.0,,,,,,,,,
12513,,848.9180024,312712,1779546060.2489636,100.0,,,,,,,,,
12514,0.0,848.9180024,312808,1779546060.3912206,,,,,,,,,,
12516,0.784,848.9180024,312812,1779546060.402563,,,,,,,,,,
12523,,848.9180024,312832,1779546060.8811707,,,,,,,,,0.0056460504,
12524,,848.9180024,312832,1779546060.8811707,,,,0.036132812,,,,,,
12525,,848.9180024,312832,1779546060.8811707,,,,,,,,,,0.40714163
12526,,848.9180024,312832,1779546060.8842974,,,,,370.0,,,,,
12532,,848.9185811,313112,1779546061.2811522,100.0,,,,,,,,,
12534,,848.9185811,313216,1779546061.4502935,100.0,,,,,,,,,
12539,,848.9193099,313344,1779546062.2439198,,,,,,,-0.0033446737,,,
12542,,848.9193099,313344,1779546062.2439198,,,,,,,,,0.00546226,
12543,,848.9193099,313344,1779546062.2439198,,,,0.020507812,,,,,,
12546,0.0,848.9193099,313504,1779546062.5135996,,,,,,,,,,
12548,0.0,848.9193099,313516,1779546062.5416813,,,,,,,,,,
12549,,848.9193099,313516,1779546062.5416813,100.0,,,,,,,,,
12550,0.937,848.9193099,313536,1779546062.5938444,,,,,,,,,,
12559,,848.9199564,313640,1779546062.9266732,20.0,,,,,,,,,
12560,0.847,848.9199564,313712,1779546063.1212897,,,,,,,,,,
12562,0.766,848.9199564,313820,1779546063.3733008,,,,,,,,,,
12564,,853.9286496,313856,1779546064.2417884,,,,,,9.323771e-05,,,,
12566,,853.9302478,313856,1779546064.2427883,,,,,,,-0.0014241952,,,
12569,,853.9302478,313856,1779546064.2433085,,,,,,,,,0.0055099726,
12570,,853.9302478,313856,1779546064.2433085,,,,0.016113281,,,,,,
12572,,853.9302478,313856,1779546064.248395,,,,,370.0,,,,,
12573,0.0,853.9302478,313920,1779546064.4541016,,,,,,,,,,
12574,,853.9307701,313920,1779546064.4541016,100.0,,,,,,,,,
12575,0.0,853.9307701,313972,1779546064.60534,,,,,,,,,,
12578,,853.9307701,314024,1779546064.7620223,100.0,,,,,,,,,
12579,0.883,853.9307701,314028,1779546064.780133,,,,,,,,,,
12581,0.0,853.9307701,314224,1779546065.2855084,,,,,,,,,,
12584,,853.9315317,314260,1779546065.3776464,58.0,,,,,,,,,
12585,0.0,853.9315317,314324,1779546065.538453,,,,,,,,,,
12586,,853.9315317,314324,1779546065.539457,100.0,,,,,,,,,
12590,,853.9315317,314368,1779546066.4248583,,,0.91739887,,,,,,,
12591,,853.9315317,314368,1779546066.4248583,,,,,,,,-0.0039919363,,
12592,,853.9315317,314368,1779546066.4248583,,,,,,,,,0.0009102472,
12594,,853.9315317,314368,1779546066.425486,,,,,,,,,,0.4373669
12598,0.0,853.9321051,314628,1779546067.1231563,,,,,,,,,,
12600,0.0,853.9321051,314664,1779546067.2221465,,,,,,,,,,
12601,,853.9321051,314664,1779546067.2221465,100.0,,,,,,,,,
12602,0.0,853.9321051,314728,1779546067.3875024,,,,,,,,,,
12605,,853.9321051,314836,1779546067.7099948,100.0,,,,,,,,,
12606,,853.9321051,314880,1779546068.5653815,,,,,,9.272541e-05,,,,
12608,,853.9324776,314880,1779546068.5653815,,,,,,,-0.024944974,,,
12609,,853.9324776,314880,1779546068.566377,,,0.94741756,,,,,,,
12615,0.0,858.9421179,315032,1779546068.9491909,,,,,,,,,,
12616,,858.9426316,315032,1779546068.9501865,100.0,,,,,,,,,
12619,0.0,858.9426316,315132,1779546069.2528126,,,,,,,,,,
12621,0.0,858.9426316,315240,1779546069.5654342,,,,,,,,,,
12622,,858.9426316,315240,1779546069.565835,100.0,,,,,,,,,
12627,,858.9426316,315392,1779546070.7973535,,,,,,,-0.011670556,,,
12630,,858.9426316,315392,1779546070.7978635,,,,,,,,,0.0020307507,
12631,,858.9426316,315392,1779546070.7978635,,,,0.00390625,,,,,,
12632,,858.9426316,315392,1779546070.7978635,,,,,,,,,,0.49342018
12634,0.0,858.9432569,315436,1779546070.9423447,,,,,,,,,,
12638,0.0,858.9432569,315644,1779546071.5564694,,,,,,,,,,
12639,,858.9432569,315644,1779546071.5564694,100.0,,,,,,,,,
12641,,858.9432569,315652,1779546071.5867107,28.0,,,,,,,,,
12642,0.0,858.9432569,315652,1779546071.5897102,,,,,,,,,,
12643,,858.9432569,315652,1779546071.5897102,100.0,,,,,,,,,
12644,0.82,858.9432569,315736,1779546071.821607,,,,,,,,,,
12648,,858.943795,315904,1779546073.129791,,,,,,9.2213115e-05,,,,
12650,,858.943795,315904,1779546073.1304727,,,,,,,-0.0062368102,,,
12651,,858.943795,315904,1779546073.1304727,,,0.9779518,,,,,,,
12652,,858.943795,315904,1779546073.1304727,,,,,,,,0.009987184,,
12654,,858.943795,315904,1779546073.1312268,,,,0.033203125,,,,,,
12655,,858.943795,315904,1779546073.1312268,,,,,,,,,,0.47374654
12656,,858.943795,315904,1779546073.1363795,,,,,368.0,,,,,
12657,0.316,858.943795,315960,1779546073.3138566,,,,,,,,,,
12659,0.0,858.9444877,316048,1779546073.6203036,,,,,,,,,,
12660,,858.9444877,316048,1779546073.6213057,100.0,,,,,,,,,
12662,,863.9498951,316068,1779546073.6845784,56.0,,,,,,,,,
12666,,863.9498951,316168,1779546073.9887276,6.0,,,,,,,,,
12668,,863.9502625,316228,1779546074.1471465,44.0,,,,,,,,,
12669,0.469,863.9502625,316308,1779546074.3752966,,,,,,,,,,
12671,0.829,863.9502625,316308,1779546074.3783202,,,,,,,,,,
12673,0.937,863.9502625,316340,1779546074.4733112,,,,,,,,,,
12675,0.595,863.9508119,316352,1779546074.5110922,,,,,,,,,,
12683,,863.9508119,316416,1779546075.4714432,,,,,,,,-0.0023874035,,
12685,,863.9513362,316416,1779546075.4714432,,,,0.00048828125,,,,,,
12686,,863.9513362,316416,1779546075.4714432,,,,,,,,,,0.4737677
12689,,863.9513362,316420,1779546075.4989743,13.0,,,,,,,,,
12693,,863.9513362,316712,1779546076.2948172,100.0,,,,,,,,,
12695,,863.9513362,316756,1779546076.4181097,100.0,,,,,,,,,
12699,,863.9519871,316856,1779546076.701344,100.0,,,,,,,,,
12702,,863.9519871,316928,1779546077.6567593,,,,,,9.170082e-05,,,,
12704,,863.9519871,316928,1779546077.6567593,,,,,,,-0.010614771,,,
12707,,863.9519871,316928,1779546077.6567593,,,,,,,,,0.0018774429,
12710,,863.9560821,316928,1779546077.6634252,,,,,368.0,,,,,
12712,,863.9560821,317084,1779546078.0970342,56.0,,,,,,,,,
12713,0.0,863.9567673,317116,1779546078.1719475,,,,,,,,,,
12716,,863.9567673,317132,1779546078.218989,11.0,,,,,,,,,
12718,,863.9567673,317140,1779546078.245176,1.0,,,,,,,,,
12719,0.0,863.9567673,317228,1779546078.4781902,,,,,,,,,,
12720,,863.9567673,317228,1779546078.4781902,100.0,,,,,,,,,
12722,,863.9574804,317296,1779546078.6583383,100.0,,,,,,,,,
12724,,868.9592908,317440,1779546079.7287288,,0.0040611443,,,,,,,,
12725,,868.9597281,317440,1779546079.7287288,,,,,,,-0.011337645,,,
12727,,868.9597281,317440,1779546079.729732,,,,,,,,0.004727859,,
12730,,868.9597281,317440,1779546079.729732,,,,,,,,,,0.40274864
12731,,868.9597281,317440,1779546079.733248,,,,,367.0,,,,,
12732,0.0,868.9597281,317520,1779546079.9285536,,,,,,,,,,
12733,,868.9597281,317520,1779546079.929552,100.0,,,,,,,,,
12734,0.0,868.9597281,317544,1779546079.987943,,,,,,,,,,
12735,,868.9597281,317544,1779546079.987943,100.0,,,,,,,,,
12736,0.0,868.9597281,317632,1779546080.1408784,,,,,,,,,,
12738,0.1,868.9604032,317700,1779546080.292708,,,,,,,,,,
12742,0.0,868.9604032,317948,1779546080.843686,,,,,,,,,,
12743,,868.9604032,317948,1779546080.843686,100.0,,,,,,,,,
12744,,868.9608195,317952,1779546081.5433261,,,,,,9.118852e-05,,,,
12746,,868.9608195,317952,1779546081.5433261,,,,,,,-0.011734221,,,
12748,,868.9608195,317952,1779546081.5433261,,,,,,,,0.0018518595,,
12749,,868.9608195,317952,1779546081.5448558,,,,,,,,,0.005600478,
12750,,868.9608195,317952,1779546081.5448558,,,,0.030273438,,,,,,
12752,,868.9608195,317952,1779546081.5498178,,,,,367.0,,,,,
12753,0.0,868.9608195,318036,1779546081.7704647,,,,,,,,,,
12755,0.0,868.9608195,318104,1779546081.9509282,,,,,,,,,,
12756,,868.9608195,318104,1779546081.9509282,100.0,,,,,,,,,
12757,0.0,868.9608195,318328,1779546082.493948,,,,,,,,,,
12758,,868.9612324,318328,1779546082.493948,100.0,,,,,,,,,
12764,,868.9612324,318464,1779546083.6172497,,0.00047072532,,,,,,,,
12765,,868.9612324,318464,1779546083.6172497,,,,,,,-0.005673405,,,
12766,,868.9612324,318464,1779546083.6172497,,,0.82821834,,,,,,,
12767,,868.9612324,318464,1779546083.6172497,,,,,,,,0.009804004,,
12769,,868.9612324,318464,1779546083.6182687,,,,0.0,,,,,,
12771,,868.9612324,318464,1779546083.6223447,,,,,367.0,,,,,
12772,0.0,873.9648754,318508,1779546083.7462466,,,,,,,,,,
12777,,873.9654028,318756,1779546084.231273,100.0,,,,,,,,,
12779,,873.9654028,318836,1779546084.4350767,19.0,,,,,,,,,
12782,0.0,873.9654028,318912,1779546084.6106138,,,,,,,,,,
12785,,873.9654028,318948,1779546084.6964216,27.0,,,,,,,,,
12789,,873.9654028,318976,1779546085.4075792,,,0.77782243,,,,,,,
12790,,873.9654028,318976,1779546085.4082448,,,,,,,,0.0048965802,,
12792,,873.9654028,318976,1779546085.4082448,,,,0.0073242188,,,,,,
12793,,873.9654028,318976,1779546085.4082448,,,,,,,,,,0.51575327
12794,,873.9654028,318976,1779546085.4137998,,,,,367.0,,,,,
12797,0.0,873.9654028,319136,1779546085.8427975,,,,,,,,,,
12799,0.55,873.9660089,319152,1779546085.886229,,,,,,,,,,
12801,0.0,873.9660089,319248,1779546086.065187,,,,,,,,,,
12802,,873.9660089,319248,1779546086.065187,100.0,,,,,,,,,
12805,,873.9660089,319488,1779546087.7534065,,,,,,,-0.0051657613,,,
12806,,873.9660089,319488,1779546087.7534065,,,0.7550503,,,,,,,
12808,,873.9660089,319488,1779546087.7534065,,,,,,,,,0.0005611875,
12811,,873.9660089,319488,1779546087.758459,,,,,366.0,,,,,
12814,0.0,873.9668043,319512,1779546087.8192174,,,,,,,,,,
12815,,873.9668043,319512,1779546087.8192174,100.0,,,,,,,,,
12816,0.91,873.9668043,319556,1779546087.9107172,,,,,,,,,,
12818,0.0,873.9668043,319556,1779546087.912969,,,,,,,,,,
12819,,873.9668043,319556,1779546087.912969,100.0,,,,,,,,,
12820,0.0,873.9668043,319652,1779546088.1335814,,,,,,,,,,
12821,,873.9668043,319652,1779546088.1335814,100.0,,,,,,,,,
12825,,873.9674843,319896,1779546088.6058726,100.0,,,,,,,,,
12828,0.0,878.9749074,319960,1779546088.7223008,,,,,,,,,,
12830,,878.9749074,320000,1779546089.2888288,,,,,,9.0163936e-05,,,,
12832,,878.9749074,320000,1779546089.2898297,,,,,,,-0.008451022,,,
12833,,878.9749074,320000,1779546089.2898297,,,0.79546213,,,,,,,
12837,,878.9749074,320000,1779546089.2898297,,,,,,,,,,0.50589484
12841,0.0,878.9749074,320300,1779546089.9508991,,,,,,,,,,
12843,0.0,878.9756489,320364,1779546090.089411,,,,,,,,,,
12844,,878.9756489,320364,1779546090.089411,100.0,,,,,,,,,
12847,0.946,878.9756489,320392,1779546090.1673844,,,,,,,,,,
12848,,878.9756489,320392,1779546090.1673844,6.0,,,,,,,,,
12849,0.0,878.9756489,320476,1779546090.3748815,,,,,,,,,,
12850,,878.9756489,320476,1779546090.3748815,100.0,,,,,,,,,
12857,,878.9760454,320512,1779546090.9309778,,,,0.0009765625,,,,,,
12862,0.397,878.9760454,320748,1779546091.4441228,,,,,,,,,,
12864,0.0,878.9760454,320768,1779546091.478227,,,,,,,,,,
12866,0.0,878.9760454,320796,1779546091.5328352,,,,,,,,,,
12869,,878.976559,320928,1779546091.7893858,100.0,,,,,,,,,
12870,0.523,878.976559,321012,1779546092.0375657,,,,,,,,,,
12873,,878.976559,321024,1779546092.921912,,0.0028724426,,,,,,,,
12876,,878.9769495,321024,1779546092.921912,,,,,,,,-0.0035994817,,
12879,,878.9769495,321024,1779546092.9229228,,,,,,,,,,0.120039046
12880,,878.9769495,321024,1779546092.927813,,,,,366.0,,,,,
12881,0.0,878.9769495,321152,1779546093.2006297,,,,,,,,,,
12882,,878.9769495,321152,1779546093.2006297,100.0,,,,,,,,,
12884,,878.9769495,321172,1779546093.252772,100.0,,,,,,,,,
12885,0.811,878.9769495,321260,1779546093.4279628,,,,,,,,,,
12887,0.0,878.9774925,321332,1779546093.5285003,,,,,,,,,,
12888,,878.9774925,321332,1779546093.5285003,100.0,,,,,,,,,
12893,,883.9795976,321536,1779546094.3209572,,,,,,,-0.0019257367,,,
12894,,883.9795976,321536,1779546094.3209572,,,0.8423771,,,,,,,
12895,,883.9795976,321536,1779546094.3209572,,,,,,,,0.001271016,,
12897,,883.9795976,321536,1779546094.3209572,,,,0.0,,,,,,
12903,,883.9803715,321664,1779546094.5927832,100.0,,,,,,,,,
12907,,883.9803715,321820,1779546095.008813,100.0,,,,,,,,,
12917,,883.9814519,322048,1779546095.8618996,,,,,,,,,0.00076964125,
12920,,883.9814519,322048,1779546095.8660958,,,,,366.0,,,,,
12922,,883.9814519,322068,1779546095.9204314,100.0,,,,,,,,,
12923,0.316,883.9834212,322160,1779546096.083223,,,,,,,,,,
12924,,883.9834212,322160,1779546096.083223,76.0,,,,,,,,,
12928,,883.9834212,322236,1779546096.2040923,100.0,,,,,,,,,
12929,0.0,883.9834212,322472,1779546096.6618574,,,,,,,,,,
12930,,883.9834212,322472,1779546096.6618574,100.0,,,,,,,,,
12931,,883.9834212,322560,1779546097.4220626,,,,,,8.88832e-05,,,,
12933,,883.9834212,322560,1779546097.4220626,,,,,,,-0.014314003,,,
12934,,883.9834212,322560,1779546097.4220626,,,0.9155402,,,,,,,
12936,,883.9834212,322560,1779546097.4220626,,,,,,,,,0.0004475559,
12939,,883.9834212,322560,1779546097.4250271,,,,,366.0,,,,,
12940,0.0,883.9834212,322564,1779546097.4354038,,,,,,,,,,
12941,,883.9834212,322564,1779546097.4354038,100.0,,,,,,,,,
12944,0.0,883.9834212,322640,1779546097.5499191,,,,,,,,,,
12948,0.622,883.9839898,322812,1779546097.8908014,,,,,,,,,,
12949,,883.9839898,322812,1779546097.8908014,42.0,,,,,,,,,
12950,0.0,883.9839898,322876,1779546098.009499,,,,,,,,,,
12953,,883.9839898,322896,1779546098.0520687,20.0,,,,,,,,,
12955,,883.9839898,323032,1779546098.267571,100.0,,,,,,,,,
12956,0.0,883.9839898,323052,1779546098.3106098,,,,,,,,,,
12957,,883.9839898,323052,1779546098.3106098,100.0,,,,,,,,,
12959,,888.9877874,323072,1779546098.807835,,0.0054399814,,,,,,,,
12965,,888.9883025,323072,1779546098.807835,,,,,,,,,,0.39480454
12966,,888.9888172,323072,1779546098.8125153,,,,,366.0,,,,,
12967,0.955,888.9888172,323076,1779546098.827057,,,,,,,,,,
12969,0.523,888.9888172,323092,1779546098.860411,,,,,,,,,,
12970,,888.9888172,323092,1779546098.8610146,53.0,,,,,,,,,
12971,0.811,888.9888172,323120,1779546098.9392066,,,,,,,,,,
12972,,888.9888172,323120,1779546098.9392066,21.0,,,,,,,,,
12975,0.721,888.9888172,323248,1779546099.2059987,,,,,,,,,,
12981,0.0,888.9888172,323524,1779546099.542023,,,,,,,,,,
12984,,888.9888172,323584,1779546100.0524867,,0.0049960045,,,,,,,,
12987,,888.9888172,323584,1779546100.0524867,,,,,,,,0.020662898,,
12989,,888.9888172,323584,1779546100.053218,,,,0.017089844,,,,,,
12990,,888.989711,323584,1779546100.053218,,,,,,,,,,0.4054547
12992,0.0,888.989711,323652,1779546100.1412532,,,,,,,,,,
12993,,888.989711,323652,1779546100.1412532,100.0,,,,,,,,,
12996,0.874,888.989711,323712,1779546100.2265413,,,,,,,,,,
12997,,888.989711,323712,1779546100.2265413,14.0,,,,,,,,,
12998,0.703,888.989711,323848,1779546100.4763803,,,,,,,,,,
13001,,888.9900713,323900,1779546100.573311,100.0,,,,,,,,,
13003,,888.9900713,323928,1779546100.6284492,100.0,,,,,,,,,
13004,0.0,888.9900713,324068,1779546100.8426101,,,,,,,,,,
13009,,888.9900713,324096,1779546101.522463,,,0.9251824,,,,,,,
13010,,888.9900713,324096,1779546101.522463,,,,,,,,0.021986771,,
13011,,888.9900713,324096,1779546101.522463,,,,,,,,,0.006397273,
13012,,888.9900713,324096,1779546101.522463,,,,0.0146484375,,,,,,
13014,,888.9900713,324096,1779546101.529318,,,,,366.0,,,,,
13015,0.73,888.9900713,324192,1779546101.7749236,,,,,,,,,,
13018,,888.9907267,324252,1779546101.9209619,100.0,,,,,,,,,
13019,0.946,888.9907267,324280,1779546101.9776857,,,,,,,,,,
13020,,888.9907267,324280,1779546101.9776857,6.0,,,,,,,,,
13021,0.982,888.9907267,324292,1779546102.0008116,,,,,,,,,,
13024,,888.9907267,324304,1779546102.022124,100.0,,,,,,,,,
13025,0.0,888.9907267,324332,1779546102.067774,,,,,,,,,,
13027,0.0,888.9910372,324596,1779546102.4302592,,,,,,,,,,
13028,,888.9910372,324596,1779546102.4302592,100.0,,,,,,,,,
13030,,888.9910372,324608,1779546102.976348,,0.003800618,,,,,,,,
13031,,888.9910372,324608,1779546102.976348,,,,,,,-0.0019624177,,,
13034,,888.9910372,324608,1779546102.976348,,,,,,,,,0.0012503495,
13035,,888.9910372,324608,1779546102.9773512,,,,0.0034179688,,,,,,
13038,0.0,888.9910372,324696,1779546103.127146,,,,,,,,,,
13039,,888.9910372,324696,1779546103.127146,100.0,,,,,,,,,
13041,,888.9910372,324708,1779546103.1570098,100.0,,,,,,,,,
13042,0.0,888.9910372,324736,1779546103.2080317,,,,,,,,,,
13044,0.0,888.9910372,325000,1779546103.6094472,,,,,,,,,,
13045,,888.9910372,325000,1779546103.6094472,100.0,,,,,,,,,
13046,0.0,893.9940225,325100,1779546103.7942195,,,,,,,,,,
13047,,893.9940225,325100,1779546103.7942195,100.0,,,,,,,,,
13049,,893.9940225,325112,1779546103.8302765,100.0,,,,,,,,,
13050,,893.9940225,325120,1779546104.4443018,,,,,,8.760246e-05,,,,
13051,,893.9940225,325120,1779546104.4443018,,0.00054964895,,,,,,,,
13052,,893.9940225,325120,1779546104.4443018,,,,,,,-0.0032712263,,,
13053,,893.9940225,325120,1779546104.4443018,,,0.90927625,,,,,,,
13054,,893.9940225,325120,1779546104.4443018,,,,,,,,0.0016414458,,
13056,,893.9940225,325120,1779546104.4443018,,,,0.020996094,,,,,,
13058,,893.9940225,325120,1779546104.446749,,,,,366.0,,,,,
13060,,893.9940225,325140,1779546104.4879735,100.0,,,,,,,,,
13061,0.73,893.9940225,325236,1779546104.6222327,,,,,,,,,,
13065,0.0,893.9940225,325404,1779546104.8582215,,,,,,,,,,
13067,0.0,893.995043,325504,1779546104.9920983,,,,,,,,,,
13068,,893.995043,325504,1779546104.9920983,100.0,,,,,,,,,
13070,,893.995043,325540,1779546105.0532274,33.0,,,,,,,,,
13071,,893.995043,325632,1779546105.6495757,,,,,,8.7346314e-05,,,,
13072,,893.995043,325632,1779546105.6495757,,0.005652125,,,,,,,,
13073,,893.995043,325632,1779546105.6495757,,,,,,,-0.01642697,,,
13077,,893.9953739,325632,1779546105.6495757,,,,0.020996094,,,,,,
13081,,893.9953739,325640,1779546105.6713257,100.0,,,,,,,,,
13083,,893.9953739,325684,1779546105.7306812,100.0,,,,,,,,,
13084,0.0,893.9953739,325908,1779546106.0100567,,,,,,,,,,
13089,,893.9953739,326044,1779546106.1934469,100.0,,,,,,,,,
13090,0.0,893.9953739,326088,1779546106.2472353,,,,,,,,,,
13091,,893.9953739,326088,1779546106.2472353,100.0,,,,,,,,,
13092,,893.9953739,326144,1779546106.85209,,,,,,8.7090164e-05,,,,
13096,,893.9962734,326144,1779546106.85209,,,,,,,,0.0006256113,,
13097,,893.9962734,326144,1779546106.85209,,,,,,,,,0.0006628623,
13098,,893.9962734,326144,1779546106.85209,,,,0.0009765625,,,,,,
13100,,893.9970254,326144,1779546106.856016,,,,,366.0,,,,,
13101,0.712,893.9970254,326176,1779546106.9205778,,,,,,,,,,
13104,,893.9984252,326312,1779546107.252283,100.0,,,,,,,,,
13106,,893.9984252,326348,1779546107.3658917,100.0,,,,,,,,,
13108,,893.9984252,326492,1779546107.6173272,100.0,,,,,,,,,
13109,0.0,893.9984252,326580,1779546107.7739997,,,,,,,,,,
13110,,893.9984252,326580,1779546107.7739997,100.0,,,,,,,,,
13111,,893.9984252,326656,1779546108.398896,,,,,,8.6834014e-05,,,,
13113,,893.9984252,326656,1779546108.3996465,,,,,,,-0.0013338514,,,
13115,,893.9984252,326656,1779546108.3996465,,,,,,,,-0.0011621024,,
13116,,893.9984252,326656,1779546108.3996465,,,,,,,,,0.0033321772,
13120,0.0,893.9992624,326716,1779546108.5171227,,,,,,,,,,
13128,0.0,899.0022277,326984,1779546108.8776171,,,,,,,,,,
13129,,899.0022277,326984,1779546108.8776171,100.0,,,,,,,,,
13131,,899.0027796,327096,1779546109.0273006,39.0,,,,,,,,,
13134,,899.0027796,327168,1779546109.5582788,,,,,,8.657787e-05,,,,
13136,,899.0027796,327168,1779546109.5582788,,,,,,,-0.016529595,,,
13138,,899.0027796,327168,1779546109.5582788,,,,,,,,0.0020620944,,
13141,,899.0027796,327168,1779546109.5582788,,,,,,,,,,0.45436573
13142,,899.0032031,327168,1779546109.5618742,,,,,366.0,,,,,
13143,0.838,899.0032031,327172,1779546109.574654,,,,,,,,,,
13144,,899.0032031,327172,1779546109.574654,18.0,,,,,,,,,
13145,0.0,899.0032031,327300,1779546109.8023555,,,,,,,,,,
13149,0.0,899.0032031,327388,1779546109.9178057,,,,,,,,,,
13150,,899.0032031,327388,1779546109.9178057,100.0,,,,,,,,,
13151,0.0,899.0032031,327524,1779546110.0850601,,,,,,,,,,
13152,,899.0032031,327524,1779546110.0850601,100.0,,,,,,,,,
13155,,899.0032031,327680,1779546110.7304437,,,,,,,-0.0034895334,,,
13156,,899.0032031,327680,1779546110.7304437,,,0.7942255,,,,,,,
13157,,899.0032031,327680,1779546110.7304437,,,,,,,,-0.0018059239,,
13158,,899.0032031,327680,1779546110.7304437,,,,,,,,,0.0007117195,
13160,,899.0032031,327680,1779546110.7304437,,,,,,,,,,0.2663381
13161,,899.0032031,327680,1779546110.7333477,,,,,366.0,,,,,
13162,0.0,899.0032031,327704,1779546110.7718475,,,,,,,,,,
13163,,899.0032031,327704,1779546110.7718475,100.0,,,,,,,,,
13166,0.0,899.0032031,327792,1779546110.8988624,,,,,,,,,,
13170,0.0,899.0032031,327928,1779546111.073859,,,,,,,,,,
13172,0.748,899.0032031,328044,1779546111.237439,,,,,,,,,,
13173,,899.0032031,328044,1779546111.237439,28.0,,,,,,,,,
13174,0.0,899.0032031,328172,1779546111.4243405,,,,,,,,,,
13176,,899.0039861,328192,1779546111.8269002,,,,,,8.606557e-05,,,,
13177,,899.0039861,328192,1779546111.8269002,,0.006670831,,,,,,,,
13179,,899.0039861,328192,1779546111.8269002,,,0.8445688,,,,,,,
13181,,899.0039861,328192,1779546111.8269002,,,,,,,,,0.0031750035,
13182,,899.0039861,328192,1779546111.8269002,,,,0.021484375,,,,,,
13185,0.0,899.0039861,328196,1779546111.839146,,,,,,,,,,
13186,,899.0039861,328196,1779546111.839146,100.0,,,,,,,,,
13190,,899.0045353,328304,1779546111.9858966,26.0,,,,,,,,,
13192,,899.0045353,328428,1779546112.1651974,36.0,,,,,,,,,
13194,,899.0045353,328448,1779546112.1924813,100.0,,,,,,,,,
13198,,899.0045353,328576,1779546112.3890116,12.0,,,,,,,,,
13199,0.64,899.0045353,328592,1779546112.4167407,,,,,,,,,,
13200,,899.0045353,328592,1779546112.4167407,40.0,,,,,,,,,
13201,,899.0045353,328704,1779546112.956157,,,,,,8.580943e-05,,,,
13202,,899.0045353,328704,1779546112.956157,,0.011455146,,,,,,,,
13203,,899.0045353,328704,1779546112.956157,,,,,,,-0.0135770235,,,
13204,,899.0045353,328704,1779546112.956157,,,0.7782397,,,,,,,
13206,,899.0045353,328704,1779546112.956157,,,,,,,,,0.0009223381,
13208,,899.0045353,328704,1779546112.956157,,,,,,,,,,0.43344003
13209,,899.0045353,328704,1779546112.9594564,,,,,366.0,,,,,
13211,,899.0045353,328708,1779546112.9685256,100.0,,,,,,,,,
13214,0.0,899.0045353,328852,1779546113.1657472,,,,,,,,,,
13215,,899.0045353,328852,1779546113.1657472,100.0,,,,,,,,,
13218,0.0,899.0045353,328996,1779546113.3612273,,,,,,,,,,
13222,0.0,899.0045353,329200,1779546113.6556008,,,,,,,,,,
13223,,899.005323,329200,1779546113.6556008,100.0,,,,,,,,,
13224,,904.007268,329216,1779546114.108607,,,,,,8.555328e-05,,,,
13229,,904.007268,329216,1779546114.1111329,,,,,,,,,0.0013526841,
13231,,904.007268,329216,1779546114.1111329,,,,,,,,,,0.35278308
13232,,904.007268,329216,1779546114.1132295,,,,,366.0,,,,,
13236,,904.007268,329344,1779546114.2898579,61.0,,,,,,,,,
13237,0.0,904.007268,329400,1779546114.3877993,,,,,,,,,,
13238,,904.007268,329400,1779546114.3877993,100.0,,,,,,,,,
13241,0.0,904.007268,329664,1779546114.7097595,,,,,,,,,,
13244,,904.007268,329728,1779546115.1974635,,0.002380919,,,,,,,,
13245,,904.007268,329728,1779546115.1974635,,,,,,,-0.008247463,,,
13247,,904.007268,329728,1779546115.1974635,,,,,,,,-0.0035854802,,
13250,,904.007268,329728,1779546115.1974635,,,,,,,,,,0.3229258
13252,0.0,904.007268,329748,1779546115.2286963,,,,,,,,,,
13253,,904.0081065,329748,1779546115.2286963,100.0,,,,,,,,,
13257,,904.0081065,329808,1779546115.319418,100.0,,,,,,,,,
13258,0.0,904.0081065,330068,1779546115.6908596,,,,,,,,,,
13260,0.0,904.0081065,330152,1779546115.8349996,,,,,,,,,,
13261,,904.0081065,330152,1779546115.8349996,100.0,,,,,,,,,
13263,,904.0081065,330208,1779546115.9142404,100.0,,,,,,,,,
13264,0.0,904.0081065,330212,1779546115.9222658,,,,,,,,,,
13265,,904.0081065,330212,1779546115.9222658,100.0,,,,,,,,,
13267,,904.0081065,330240,1779546116.4179368,,0.0006797378,,,,,,,,
13268,,904.0081065,330240,1779546116.4179368,,,,,,,-0.009748744,,,
13269,,904.0081065,330240,1779546116.4179368,,,0.65099937,,,,,,,
13273,,904.0081065,330240,1779546116.4179368,,,,,,,,,,-0.6454551
13274,,904.0081065,330240,1779546116.4223137,,,,,367.0,,,,,
13277,0.424,904.0081065,330328,1779546116.5746458,,,,,,,,,,
13278,,904.0081065,330328,1779546116.5746458,64.0,,,,,,,,,
13280,,904.0081065,330556,1779546116.933652,100.0,,,,,,,,,
13283,0.0,904.0081065,330684,1779546117.139984,,,,,,,,,,
13288,,904.0086808,330752,1779546117.6842597,,0.0020281787,,,,,,,,
13289,,904.0086808,330752,1779546117.6842597,,,,,,,-0.0042479374,,,
13290,,904.0086808,330752,1779546117.6842597,,,0.72781587,,,,,,,
13291,,904.0086808,330752,1779546117.6842597,,,,,,,,0.009605704,,
13293,,904.0086808,330752,1779546117.6852674,,,,0.018554688,,,,,,
13295,,904.0086808,330752,1779546117.6877942,,,,,367.0,,,,,
13297,,904.0086808,330756,1779546117.6970224,5.0,,,,,,,,,
13298,0.0,904.0086808,330960,1779546117.9782221,,,,,,,,,,
13299,,904.0086808,330960,1779546117.9782221,100.0,,,,,,,,,
13302,0.0,904.0086808,331020,1779546118.0805702,,,,,,,,,,
13303,,904.0086808,331020,1779546118.0805702,100.0,,,,,,,,,
13304,0.0,904.0086808,331088,1779546118.1860714,,,,,,,,,,
13305,,904.0086808,331088,1779546118.1860714,100.0,,,,,,,,,
13306,0.0,904.0086808,331160,1779546118.284933,,,,,,,,,,
13307,,904.0086808,331160,1779546118.2857106,100.0,,,,,,,,,
13309,,904.0086808,331196,1779546118.3407688,8.0,,,,,,,,,
13310,0.874,904.0086808,331256,1779546118.4427803,,,,,,,,,,
13311,,904.0086808,331256,1779546118.4438426,14.0,,,,,,,,,
13315,,909.0112042,331264,1779546118.8423085,,,0.6406114,,,,,,,
13317,,909.0112042,331264,1779546118.8423085,,,,,,,,,0.0040682135,
13318,,909.0112042,331264,1779546118.8423085,,,,0.018554688,,,,,,
13320,,909.0112042,331264,1779546118.845637,,,,,367.0,,,,,
13321,0.0,909.0112042,331400,1779546119.0161426,,,,,,,,,,
13323,0.0,909.0112042,331424,1779546119.050692,,,,,,,,,,
13324,,909.0112042,331424,1779546119.050692,100.0,,,,,,,,,
13326,,909.0112042,331492,1779546119.1392965,100.0,,,,,,,,,
13328,,909.0112042,331588,1779546119.26763,46.0,,,,,,,,,
13330,,909.0112042,331660,1779546119.3762364,100.0,,,,,,,,,
13332,,909.0112042,331776,1779546120.007487,,0.0020563425,,,,,,,,
13335,,909.0117996,331776,1779546120.007487,,,,,,,,0.0038800724,,
13336,,909.0117996,331776,1779546120.007487,,,,,,,,,0.0023299311,
13337,,909.0117996,331776,1779546120.007487,,,,0.0024414062,,,,,,
13338,,909.0117996,331776,1779546120.007487,,,,,,,,,,0.1613251
13340,0.0,909.0117996,331828,1779546120.0926666,,,,,,,,,,
13341,,909.0117996,331828,1779546120.0931776,100.0,,,,,,,,,
13343,,909.0117996,331896,1779546120.1950452,100.0,,,,,,,,,
13344,0.0,909.0117996,331992,1779546120.336918,,,,,,,,,,
13345,,909.0117996,331992,1779546120.336918,100.0,,,,,,,,,
13347,,909.0117996,332064,1779546120.4418585,100.0,,,,,,,,,
13348,0.0,909.0117996,332232,1779546120.6516683,,,,,,,,,,
13349,,909.0117996,332232,1779546120.6516683,100.0,,,,,,,,,
13352,,909.0126066,332288,1779546121.13067,,,,,,8.401639e-05,,,,
13354,,909.0126066,332288,1779546121.1316571,,,,,,,-0.0021602996,,,
13357,,909.0126066,332288,1779546121.1316571,,,,,,,,,0.0017239731,
13359,,909.0126066,332288,1779546121.1316571,,,,,,,,,,0.64090824
13361,0.0,909.0126066,332300,1779546121.159001,,,,,,,,,,
13362,,909.0126066,332300,1779546121.159001,100.0,,,,,,,,,
13365,0.0,909.0126066,332468,1779546121.413415,,,,,,,,,,
13367,0.55,909.0126066,332504,1779546121.480803,,,,,,,,,,
13368,,909.0126066,332504,1779546121.480803,50.0,,,,,,,,,
13369,0.0,909.0126066,332664,1779546121.697669,,,,,,,,,,
13370,,909.0126066,332664,1779546121.697669,100.0,,,,,,,,,
13371,0.0,909.0126066,332800,1779546121.8890722,,,,,,,,,,
13373,,909.01322,332800,1779546122.2903655,,,,,,8.376025e-05,,,,
13375,,909.0137175,332800,1779546122.2903655,,,,,,,-0.014705793,,,
13376,,909.0137175,332800,1779546122.2913997,,,0.5637712,,,,,,,
13379,,909.0146703,332800,1779546122.2913997,,,,0.009277344,,,,,,
13381,,909.015183,332800,1779546122.2950466,,,,,367.0,,,,,
13384,0.0,909.015183,332908,1779546122.4801066,,,,,,,,,,
13386,0.307,909.015183,332976,1779546122.586808,,,,,,,,,,
13388,0.919,909.015183,333016,1779546122.6510563,,,,,,,,,,
13389,,909.0157153,333016,1779546122.6510563,9.0,,,,,,,,,
13393,,909.0157153,333204,1779546122.925249,100.0,,,,,,,,,
13394,0.0,909.0157153,333276,1779546123.017253,,,,,,,,,,
13398,,909.0175663,333312,1779546123.4579759,,,,,,,-0.011391663,,,
13399,,909.0181083,333312,1779546123.458976,,,0.74829394,,,,,,,
13400,,909.0181083,333312,1779546123.458976,,,,,,,,0.005607986,,
13402,,909.0181083,333312,1779546123.458976,,,,0.009765625,,,,,,
13405,0.163,909.0181083,333392,1779546123.5724556,,,,,,,,,,
13410,,914.0201985,333608,1779546123.8850632,100.0,,,,,,,,,
13417,,914.0201985,333824,1779546124.7822697,,,,,,8.324795e-05,,,,
13419,,914.0201985,333824,1779546124.7822697,,,,,,,-0.007909011,,,
13422,,914.0201985,333824,1779546124.7822697,,,,,,,,,0.0014803321,
13425,,914.0201985,333824,1779546124.7854369,,,,,367.0,,,,,
13429,,914.0208452,334016,1779546125.1611571,100.0,,,,,,,,,
13433,,914.0208452,334084,1779546125.2697651,100.0,,,,,,,,,
13434,,914.0208452,334336,1779546126.4378219,,,,,,8.2991806e-05,,,,
13437,,914.0208452,334336,1779546126.4393344,,,0.59342086,,,,,,,
13438,,914.0208452,334336,1779546126.4393344,,,,,,,,0.00041386578,,
13439,,914.0208452,334336,1779546126.4393344,,,,,,,,,0.00086153205,
13440,,914.0208452,334336,1779546126.4393344,,,,0.001953125,,,,,,
13443,0.0,914.0208452,334340,1779546126.4617777,,,,,,,,,,
13444,,914.0218578,334340,1779546126.4617777,100.0,,,,,,,,,
13446,,914.0218578,334420,1779546126.6723914,100.0,,,,,,,,,
13448,,914.0218578,334428,1779546126.701709,100.0,,,,,,,,,
13452,,914.0218578,334648,1779546127.189311,54.0,,,,,,,,,
13453,0.0,914.0218578,334744,1779546127.3283956,,,,,,,,,,
13455,0.0,914.0218578,334824,1779546127.4479954,,,,,,,,,,
13456,,914.0218578,334824,1779546127.4479954,100.0,,,,,,,,,
13458,,914.0218578,334848,1779546127.8617043,,0.0023527746,,,,,,,,
13459,,914.0218578,334848,1779546127.8626735,,,,,,,4.7646463e-05,,,
13461,,914.0218578,334848,1779546127.8626735,,,,,,,,-0.0035642702,,
13462,,914.0218578,334848,1779546127.8626735,,,,,,,,,0.00081374217,
13463,,914.0218578,334848,1779546127.8626735,,,,0.0,,,,,,
13465,,914.0225716,334848,1779546127.8645895,,,,,367.0,,,,,
13467,,914.0225716,334892,1779546127.9235845,100.0,,,,,,,,,
13468,0.0,914.0225716,335052,1779546128.3257093,,,,,,,,,,
13469,,914.0225716,335052,1779546128.3257093,100.0,,,,,,,,,
13472,0.0,914.0225716,335148,1779546128.5618327,,,,,,,,,,
13473,,914.0225716,335148,1779546128.5618327,100.0,,,,,,,,,
13475,,914.0225716,335228,1779546128.723458,100.0,,,,,,,,,
13476,0.973,919.0249879,335244,1779546128.7732384,,,,,,,,,,
13477,,919.0249879,335244,1779546128.7732384,3.0,,,,,,,,,
13479,,919.0249879,335296,1779546128.891622,100.0,,,,,,,,,
13480,0.532,919.0257146,335360,1779546128.9986577,,,,,,,,,,
13481,,919.0257146,335360,1779546128.9986577,52.0,,,,,,,,,
13483,,919.0257146,335360,1779546129.6654866,,0.0030043852,,,,,,,,
13485,,919.0257146,335360,1779546129.6660006,,,0.5655416,,,,,,,
13487,,919.0257146,335360,1779546129.6660006,,,,,,,,,0.00096950075,
13488,,919.0257146,335360,1779546129.6664379,,,,0.0009765625,,,,,,
13489,,919.0257146,335360,1779546129.6664379,,,,,,,,,,0.5161902
13490,,919.0257146,335360,1779546129.6726162,,,,,367.0,,,,,
13493,0.0,919.0257146,335648,1779546130.4278958,,,,,,,,,,
13496,,919.0261865,335700,1779546130.5651524,100.0,,,,,,,,,
13498,,919.0261865,335764,1779546130.7412167,100.0,,,,,,,,,
13500,,919.0261865,335788,1779546130.8034036,5.0,,,,,,,,,
13501,0.928,919.0261865,335824,1779546130.8893027,,,,,,,,,,
13504,,919.0261865,335872,1779546131.688753,,0.0018667796,,,,,,,,
13506,,919.0261865,335872,1779546131.6902761,,,0.7172312,,,,,,,
13507,,919.0261865,335872,1779546131.6902761,,,,,,,,0.0051903743,,
13510,,919.0261865,335872,1779546131.6902761,,,,,,,,,,0.4859016
13511,,919.0261865,335872,1779546131.6956346,,,,,367.0,,,,,
13512,0.0,919.0261865,335892,1779546131.7691522,,,,,,,,,,
13513,,919.0261865,335892,1779546131.7691522,100.0,,,,,,,,,
13514,0.694,919.0261865,335964,1779546131.9560168,,,,,,,,,,
13516,0.0,919.0261865,336052,1779546132.1025221,,,,,,,,,,
13517,,919.0261865,336052,1779546132.1025221,100.0,,,,,,,,,
13518,0.0,919.0268953,336104,1779546132.1870866,,,,,,,,,,
13519,,919.0268953,336104,1779546132.1870866,100.0,,,,,,,,,
13522,0.0,919.0268953,336296,1779546132.6533813,,,,,,,,,,
13525,,919.0268953,336384,1779546133.4895813,,0.0039013734,,,,,,,,
13526,,919.0268953,336384,1779546133.4895813,,,,,,,-0.007918134,,,
13528,,919.0284697,336384,1779546133.4895813,,,,,,,,-0.0021599662,,
13531,,919.0307612,336384,1779546133.4902132,,,,,,,,,,0.36135167
13532,,919.0307612,336384,1779546133.494749,,,,,366.0,,,,,
13536,,919.0312772,336492,1779546133.7393198,8.0,,,,,,,,,
13537,0.0,924.0319772,336508,1779546133.7799966,,,,,,,,,,
13538,,924.0319772,336508,1779546133.7799966,100.0,,,,,,,,,
13539,0.0,924.0319772,336660,1779546134.0516515,,,,,,,,,,
13542,,924.0319772,336700,1779546134.1144323,100.0,,,,,,,,,
13544,,924.0326426,336896,1779546134.464121,100.0,,,,,,,,,
13546,,924.0326426,336896,1779546134.4672282,48.0,,,,,,,,,
13547,,924.0326426,336896,1779546135.0437467,,,,,,8.171106e-05,,,,
13550,,924.0326426,336896,1779546135.0447357,,,0.62528396,,,,,,,
13551,,924.0326426,336896,1779546135.0447357,,,,,,,,0.0007630633,,
13552,,924.0326426,336896,1779546135.0447357,,,,,,,,,0.0005939775,
13553,,924.0326426,336896,1779546135.0447357,,,,0.0029296875,,,,,,
13554,,924.0326426,336896,1779546135.0447357,,,,,,,,,,0.24572128
13556,0.0,924.0332912,336912,1779546135.0753117,,,,,,,,,,
13557,,924.0332912,336912,1779546135.0753117,100.0,,,,,,,,,
13558,0.0,924.0338145,337064,1779546135.3342314,,,,,,,,,,
13559,,924.0338145,337064,1779546135.3342314,100.0,,,,,,,,,
13560,0.0,924.0338145,337300,1779546135.7947392,,,,,,,,,,
13562,0.0,924.0338145,337300,1779546135.7965717,,,,,,,,,,
13563,,924.0338145,337300,1779546135.7970912,100.0,,,,,,,,,
13564,0.973,924.0338145,337316,1779546135.8357298,,,,,,,,,,
13566,0.0,924.0338145,337316,1779546135.8381042,,,,,,,,,,
13568,,924.0338145,337408,1779546136.533101,,,,,,8.145492e-05,,,,
13569,,924.0338145,337408,1779546136.533101,,0.00065765856,,,,,,,,
13570,,924.0338145,337408,1779546136.533101,,,,,,,-0.006742984,,,
13573,,924.0338145,337408,1779546136.533101,,,,,,,,,0.0006054444,
13574,,924.0344432,337408,1779546136.533101,,,,0.0024414062,,,,,,
13575,,924.0344432,337408,1779546136.533101,,,,,,,,,,0.3798293
13576,,924.0344432,337408,1779546136.5384545,,,,,366.0,,,,,
13577,0.0,924.0344432,337468,1779546136.664418,,,,,,,,,,
13579,0.721,924.0344432,337596,1779546136.9201267,,,,,,,,,,
13581,0.0,924.0344432,337704,1779546137.0860589,,,,,,,,,,
13586,,924.0344432,337720,1779546137.1177304,100.0,,,,,,,,,
13587,0.532,924.0344432,337916,1779546137.5500426,,,,,,,,,,
13588,,924.0344432,337916,1779546137.5500426,52.0,,,,,,,,,
13589,,924.0344432,337920,1779546138.1133628,,,,,,8.119877e-05,,,,
13590,,924.0344432,337920,1779546138.114486,,0.0055259606,,,,,,,,
13593,,924.0344432,337920,1779546138.114486,,,,,,,,0.004180247,,
13596,,924.0344432,337920,1779546138.114486,,,,,,,,,,0.27901894
13597,,924.0344432,337920,1779546138.117067,,,,,366.0,,,,,
13599,,924.0344432,338000,1779546138.2726715,100.0,,,,,,,,,
13603,,924.0344432,338040,1779546138.4059756,9.0,,,,,,,,,
13604,0.0,924.0344432,338124,1779546138.5997903,,,,,,,,,,
13606,0.514,929.0379977,338240,1779546138.8465977,,,,,,,,,,
13608,0.0,929.0379977,338320,1779546139.00739,,,,,,,,,,
13609,,929.0379977,338320,1779546139.00739,100.0,,,,,,,,,
13610,,929.0379977,338432,1779546139.9277613,,,,,,8.094262e-05,,,,
13614,,929.0379977,338432,1779546139.9280753,,,,,,,,0.0058445884,,
13616,,929.0379977,338432,1779546139.9280753,,,,0.0,,,,,,
13617,,929.0385792,338432,1779546139.9280753,,,,,,,,,,0.36082113
13618,,929.0385792,338432,1779546139.9305844,,,,,366.0,,,,,
13619,0.0,929.0385792,338444,1779546139.9640582,,,,,,,,,,
13620,,929.0385792,338444,1779546139.9640582,100.0,,,,,,,,,
13623,0.784,929.0385792,338544,1779546140.1549435,,,,,,,,,,
13624,,929.0385792,338544,1779546140.1549435,24.0,,,,,,,,,
13626,,929.0385792,338644,1779546140.4004962,100.0,,,,,,,,,
13627,0.0,929.0385792,338724,1779546140.5865006,,,,,,,,,,
13628,,929.0385792,338724,1779546140.5865006,100.0,,,,,,,,,
13629,0.0,929.0385792,338932,1779546140.9876316,,,,,,,,,,
13630,,929.0385792,338932,1779546140.9876316,100.0,,,,,,,,,
13631,,929.0385792,338944,1779546141.588943,,,,,,8.068648e-05,,,,
13634,,929.0385792,338944,1779546141.588943,,,0.96177053,,,,,,,
13635,,929.0385792,338944,1779546141.5899346,,,,,,,,-0.007877018,,
13636,,929.0385792,338944,1779546141.5899346,,,,,,,,,0.0025547105,
13637,,929.0385792,338944,1779546141.5899346,,,,0.005859375,,,,,,
13639,,929.0385792,338944,1779546141.5933247,,,,,366.0,,,,,
13643,,929.0385792,339048,1779546141.819211,100.0,,,,,,,,,
13646,0.0,929.0385792,339336,1779546142.3479326,,,,,,,,,,
13647,,929.0385792,339336,1779546142.3487313,100.0,,,,,,,,,
13650,0.0,929.0392229,339452,1779546142.602621,,,,,,,,,,
13651,,929.0392229,339452,1779546142.602621,100.0,,,,,,,,,
13657,,929.0392229,339456,1779546143.2003446,,,0.7816422,,,,,,,
13658,,929.0392229,339456,1779546143.2003446,,,,,,,,-0.00078452285,,
13659,,929.0392229,339456,1779546143.2003446,,,,,,,,,0.00060814014,
13661,,929.0392229,339456,1779546143.2003446,,,,,,,,,,0.09652203
13662,,929.0392229,339456,1779546143.2042763,,,,,366.0,,,,,
13663,0.766,929.0392229,339460,1779546143.2254345,,,,,,,,,,
13665,0.0,929.0392229,339528,1779546143.3704078,,,,,,,,,,
13666,,929.0392229,339528,1779546143.3704078,100.0,,,,,,,,,
13667,0.0,934.0437982,339856,1779546144.0461833,,,,,,,,,,
13669,0.0,934.0441263,339860,1779546144.0637894,,,,,,,,,,
13670,,934.0441263,339860,1779546144.0637894,100.0,,,,,,,,,
13672,,934.0441263,339864,1779546144.0834942,100.0,,,,,,,,,
13674,,934.0441263,339932,1779546144.2424364,100.0,,,,,,,,,
13675,,934.0441263,339968,1779546144.9686558,,,,,,8.017418e-05,,,,
13677,,934.0441263,339968,1779546144.9686558,,,,,,,-0.009018399,,,
13680,,934.0441263,339968,1779546144.9686558,,,,,,,,,0.0038769399,
13683,,934.0441263,339968,1779546144.9731212,,,,,366.0,,,,,
13688,0.0,934.0447723,340268,1779546145.5692923,,,,,,,,,,
13689,,934.0447723,340268,1779546145.5692923,100.0,,,,,,,,,
13692,0.0,934.0447723,340336,1779546145.808339,,,,,,,,,,
13695,,934.0447723,340480,1779546146.7038934,,0.004421421,,,,,,,,
13697,,934.0447723,340480,1779546146.7038934,,,0.954993,,,,,,,
13698,,934.0447723,340480,1779546146.7038934,,,,,,,,-0.004234164,,
13702,,934.0447723,340480,1779546146.7076514,,,,,366.0,,,,,
13703,0.577,934.0447723,340516,1779546146.792167,,,,,,,,,,
13706,,934.0447723,340572,1779546146.913528,13.0,,,,,,,,,
13708,,934.0447723,340600,1779546146.969539,6.0,,,,,,,,,
13709,0.0,934.0447723,340664,1779546147.0709834,,,,,,,,,,
13711,0.0,934.0455091,340672,1779546147.0868998,,,,,,,,,,
13714,,934.0455091,340716,1779546147.155502,10.0,,,,,,,,,
13715,0.0,934.0455091,340740,1779546147.202094,,,,,,,,,,
13718,,934.0455091,340784,1779546147.304067,29.0,,,,,,,,,
13726,,934.0455091,340992,1779546148.2883425,,,,,,,,,,0.5710042
13727,,934.0455091,340992,1779546148.293984,,,,,366.0,,,,,
13728,0.0,934.0455091,341004,1779546148.3313265,,,,,,,,,,
13731,,934.0455091,341120,1779546148.5412543,100.0,,,,,,,,,
13732,0.0,934.0455091,341144,1779546148.5883248,,,,,,,,,,
13734,0.0,934.0455091,341188,1779546148.673824,,,,,,,,,,
13735,,934.0455091,341188,1779546148.673824,100.0,,,,,,,,,
13737,,934.0461126,341212,1779546148.720043,22.0,,,,,,,,,
13738,0.19,942.4622839,341368,1779546148.987703,,,,,,,,,,
13741,,942.4622839,341472,1779546149.1151319,70.0,,,,,,,,,
13742,,942.4622839,341504,1779546149.706211,,,,,,7.9405734e-05,,,,
13746,,942.4658533,341504,1779546149.706211,,,,,,,,0.000943847,,
13748,,942.4738191,341504,1779546149.706211,,,,0.00048828125,,,,,,
13754,,942.4741748,341592,1779546149.875454,94.0,,,,,,,,,
13755,0.838,942.4741748,341668,1779546149.9914386,,,,,,,,,,
13756,,942.4741748,341668,1779546149.9914386,18.0,,,,,,,,,
13760,,942.4781379,341812,1779546150.1680827,9.0,,,,,,,,,
13762,,942.4786423,341876,1779546150.2731695,100.0,,,,,,,,,
13767,,942.4786423,342016,1779546151.161896,,,,,,,-0.007980064,,,
13775,,942.4805531,342072,1779546151.2845087,100.0,,,,,,,,,
13776,0.0,942.4805531,342216,1779546151.5570345,,,,,,,,,,
13780,0.0,942.4805531,342352,1779546151.8096428,,,,,,,,,,
13782,0.73,942.4819902,342404,1779546151.9098153,,,,,,,,,,
13785,,942.4819902,342464,1779546152.0046315,61.0,,,,,,,,,
13789,,942.4819902,342528,1779546152.6671104,,0.0041105775,,,,,,,,
13791,,942.4819902,342528,1779546152.6671104,,,0.903302,,,,,,,
13800,,942.484433,342808,1779546153.1173284,100.0,,,,,,,,,
13801,0.892,942.484433,342808,1779546153.1185696,,,,,,,,,,
13802,,942.484433,342808,1779546153.1185696,12.0,,,,,,,,,
13804,,942.484433,342868,1779546153.1988363,100.0,,,,,,,,,
13805,0.0,942.484433,342880,1779546153.2238567,,,,,,,,,,
13812,,942.4975094,343040,1779546154.1476426,,,,,,,,,0.00033673784,
13813,,942.4978622,343040,1779546154.1480024,,,,0.0,,,,,,
13816,0.0,942.4978622,343212,1779546154.5892584,,,,,,,,,,
13821,,942.5012182,343272,1779546154.7252638,100.0,,,,,,,,,
13822,0.0,942.5012182,343284,1779546154.7550354,,,,,,,,,,
13823,,942.5012182,343284,1779546154.7550354,100.0,,,,,,,,,
13824,,942.5012182,343552,1779546155.857052,,,,,,7.838115e-05,,,,
13825,,942.5012182,343552,1779546155.857052,,0.00040011568,,,,,,,,
13829,,942.5038482,343552,1779546155.8577235,,,,,,,,,0.00070106145,
13831,,942.5038482,343552,1779546155.8577235,,,,,,,,,,-1.4918065
13832,,942.5038482,343552,1779546155.862982,,,,,365.0,,,,,
13834,,942.504476,343568,1779546155.9136732,88.0,,,,,,,,,
13835,0.262,942.504476,343604,1779546155.9927177,,,,,,,,,,
13836,,942.504476,343604,1779546155.9927177,82.0,,,,,,,,,
13840,,942.504476,343688,1779546156.1320739,100.0,,,,,,,,,
13841,0.451,942.504476,343864,1779546156.5104094,,,,,,,,,,
13842,,942.504476,343864,1779546156.5104094,61.0,,,,,,,,,
13843,0.0,942.504476,343972,1779546156.757871,,,,,,,,,,
13844,,942.504476,343972,1779546156.7584357,100.0,,,,,,,,,
13845,0.0,942.5058689,344008,1779546156.836981,,,,,,,,,,
13846,,942.5058689,344008,1779546156.836981,100.0,,,,,,,,,
13848,,947.508227,344064,1779546157.5216784,,0.0017892835,,,,,,,,
13849,,947.508227,344064,1779546157.5222976,,,,,,,-0.009195129,,,
13850,,947.5086124,344064,1779546157.5222976,,,0.95630044,,,,,,,
13852,,947.5086124,344064,1779546157.5222976,,,,,,,,,0.001311114,
13853,,947.5086124,344064,1779546157.5226038,,,,0.0043945312,,,,,,
13854,,947.5086124,344064,1779546157.5226038,,,,,,,,,,0.12772167
13855,,947.5086124,344064,1779546157.526191,,,,,365.0,,,,,
13856,0.0,947.5086124,344092,1779546157.589106,,,,,,,,,,
13860,0.0,947.5097335,344376,1779546158.1426904,,,,,,,,,,
13861,,947.5097335,344376,1779546158.1426904,100.0,,,,,,,,,
13864,0.0,947.5097335,344496,1779546158.3832371,,,,,,,,,,
13865,,947.5097335,344496,1779546158.3832371,100.0,,,,,,,,,
13866,,947.5097335,344576,1779546159.089306,,,,,,7.7868855e-05,,,,
13868,,947.5097335,344576,1779546159.089306,,,,,,,-0.0056085773,,,
13874,,947.5097335,344576,1779546159.091824,,,,,365.0,,,,,
13877,0.883,947.5097335,344728,1779546159.359104,,,,,,,,,,
13878,,947.510757,344728,1779546159.3600733,13.0,,,,,,,,,
13881,0.0,947.510757,344816,1779546159.5542834,,,,,,,,,,
13884,,947.510757,344844,1779546159.6080813,28.0,,,,,,,,,
13887,0.811,947.510757,344904,1779546159.7317548,,,,,,,,,,
13888,,947.510757,344904,1779546159.7317548,21.0,,,,,,,,,
13890,,947.5113889,345088,1779546160.549745,,0.008531097,,,,,,,,
13892,,947.5113889,345088,1779546160.549745,,,0.9914872,,,,,,,
13894,,947.5113889,345088,1779546160.549745,,,,,,,,,0.000923702,
13896,,947.5113889,345088,1779546160.5507376,,,,,,,,,,0.40820372
13898,0.0,947.5132431,345184,1779546160.7810276,,,,,,,,,,
13900,0.0,947.5132431,345248,1779546160.9178052,,,,,,,,,,
13901,,947.5132431,345248,1779546160.9178052,100.0,,,,,,,,,
13904,0.0,947.5132431,345304,1779546161.0135534,,,,,,,,,,
13908,0.0,947.5136294,345588,1779546161.5203369,,,,,,,,,,
13911,,952.5182568,345600,1779546162.4019868,,0.0014830802,,,,,,,,
13915,,952.5187709,345600,1779546162.4019868,,,,,,,,,0.0010993592,
13921,0.0,952.5187709,345708,1779546162.6833405,,,,,,,,,,
13922,,952.5187709,345708,1779546162.6833405,100.0,,,,,,,,,
13927,0.586,952.5219583,345896,1779546162.9937048,,,,,,,,,,
13932,,952.5224733,346008,1779546163.1731443,8.0,,,,,,,,,
13934,,952.5224733,346088,1779546163.3099132,100.0,,,,,,,,,
13936,,952.5224733,346108,1779546163.3471057,4.0,,,,,,,,,
13939,,952.5224733,346112,1779546163.8009188,,,,,,,-0.0010449439,,,
13943,,952.5231287,346112,1779546163.8009188,,,,0.0073242188,,,,,,
13944,,952.5231287,346112,1779546163.8009188,,,,,,,,,,0.46189803
13945,,952.5231287,346112,1779546163.8054569,,,,,365.0,,,,,
13947,,952.5231287,346156,1779546163.9159765,93.0,,,,,,,,,
13948,0.91,952.5231287,346200,1779546164.036641,,,,,,,,,,
13949,,952.5231287,346200,1779546164.036641,10.0,,,,,,,,,
13951,,952.5231287,346300,1779546164.1692815,100.0,,,,,,,,,
13954,0.0,952.5231287,346412,1779546164.3292286,,,,,,,,,,
13956,0.0,952.5241633,346512,1779546164.4821608,,,,,,,,,,
13957,,952.5241633,346512,1779546164.4821608,100.0,,,,,,,,,
13959,,952.5241633,346604,1779546164.6267087,100.0,,,,,,,,,
13961,,952.5241633,346624,1779546165.0455086,,0.0074432837,,,,,,,,
13962,,952.5241633,346624,1779546165.0455086,,,,,,,-0.003461104,,,
13968,,952.5246773,346624,1779546165.049963,,,,,365.0,,,,,
13971,0.703,952.5246773,346740,1779546165.2259474,,,,,,,,,,
13972,,952.5246773,346740,1779546165.226956,33.0,,,,,,,,,
13974,,952.5246773,346812,1779546165.328176,100.0,,,,,,,,,
13976,,952.5246773,346916,1779546165.4942262,100.0,,,,,,,,,
13977,0.0,952.5251633,347060,1779546165.7707727,,,,,,,,,,
13979,,952.5251633,347136,1779546166.6983871,,,,,,7.658811e-05,,,,
13982,,952.5251633,347136,1779546166.6983871,,,1.0106094,,,,,,,
13983,,952.5251633,347136,1779546166.6983871,,,,,,,,0.004331614,,
13984,,952.5251633,347136,1779546166.6983871,,,,,,,,,0.002859206,
13985,,952.5256742,347136,1779546166.6983871,,,,0.013183594,,,,,,
13990,0.0,952.5263174,347216,1779546166.9405475,,,,,,,,,,
13993,,952.5263174,347236,1779546166.9810393,4.0,,,,,,,,,
13995,,952.5263174,347260,1779546167.0182319,28.0,,,,,,,,,
13998,0.586,957.5326584,347424,1779546167.4218078,,,,,,,,,,
13999,,957.5326584,347424,1779546167.4218078,46.0,,,,,,,,,
14000,0.946,957.5326584,347452,1779546167.4910662,,,,,,,,,,
14001,,957.5326584,347452,1779546167.4936068,6.0,,,,,,,,,
14006,,957.5332792,347648,1779546168.6867073,,,,,,,-0.009991391,,,
14007,,957.5332792,347648,1779546168.6867073,,,0.97475016,,,,,,,
14008,,957.5332792,347648,1779546168.6867073,,,,,,,,-8.53464e-06,,
14009,,957.5332792,347648,1779546168.6867073,,,,,,,,,0.000760057,
14016,,957.5336812,347724,1779546168.8904967,100.0,,,,,,,,,
14017,0.91,957.5336812,347768,1779546168.976644,,,,,,,,,,
14018,,957.5336812,347768,1779546168.9776585,10.0,,,,,,,,,
14021,0.0,957.5336812,347868,1779546169.1957967,,,,,,,,,,
14025,0.0,957.5336812,348068,1779546169.6146545,,,,,,,,,,
14026,,957.5336812,348068,1779546169.6146545,100.0,,,,,,,,,
14028,,957.5336812,348160,1779546170.350861,,0.000991469,,,,,,,,
14029,,957.5336812,348160,1779546170.350861,,,,,,,-0.0076193335,,,
14033,,957.5342305,348160,1779546170.350861,,,,0.0014648438,,,,,,
14034,,957.5342305,348160,1779546170.350861,,,,,,,,,,0.6230614
14036,0.0,957.5342305,348172,1779546170.39974,,,,,,,,,,
14041,,957.5342305,348288,1779546170.6719282,100.0,,,,,,,,,
14042,0.964,957.5342305,348292,1779546170.6857758,,,,,,,,,,
14043,,957.5342305,348292,1779546170.6857758,4.0,,,,,,,,,
14044,0.0,957.5342305,348472,1779546171.0940669,,,,,,,,,,
14047,,957.5342305,348576,1779546171.2514586,100.0,,,,,,,,,
14049,,957.5342305,348624,1779546171.3374126,11.0,,,,,,,,,
14050,,957.5342305,348672,1779546172.0107696,,,,,,7.581967e-05,,,,
14052,,957.5342305,348672,1779546172.0107696,,,,,,,-0.0028694682,,,
14053,,957.5342305,348672,1779546172.0107696,,,1.1531553,,,,,,,
14054,,957.5342305,348672,1779546172.0107696,,,,,,,,0.010811147,,
14058,,957.5342305,348672,1779546172.0131435,,,,,364.0,,,,,
14062,,957.5342305,348696,1779546172.0542667,100.0,,,,,,,,,
14064,,957.5342305,348748,1779546172.1209035,12.0,,,,,,,,,
14065,0.0,962.5369895,348876,1779546172.3307722,,,,,,,,,,
14066,,962.5369895,348876,1779546172.331269,100.0,,,,,,,,,
14067,0.703,962.5369895,348884,1779546172.352547,,,,,,,,,,
14068,,962.5369895,348884,1779546172.352547,33.0,,,,,,,,,
14074,,962.5369895,349184,1779546173.3126335,,0.004715657,,,,,,,,
14075,,962.5369895,349184,1779546173.3126335,,,,,,,-0.0020840429,,,
14077,,962.5376191,349184,1779546173.3126335,,,,,,,,0.008786339,,
14078,,962.5376191,349184,1779546173.3126335,,,,,,,,,0.0023736963,
14079,,962.5376191,349184,1779546173.3126335,,,,0.0034179688,,,,,,
14080,,962.5376191,349184,1779546173.3126335,,,,,,,,,,0.5481752
14082,0.262,962.5376191,349208,1779546173.3705978,,,,,,,,,,
14085,,962.5376191,349288,1779546173.5173552,100.0,,,,,,,,,
14086,0.0,962.5376191,349432,1779546173.7825644,,,,,,,,,,
14087,,962.5376191,349432,1779546173.7825644,100.0,,,,,,,,,
14089,,962.5376191,349500,1779546173.9225242,100.0,,,,,,,,,
14090,0.0,962.5376191,349612,1779546174.209967,,,,,,,,,,
14091,,962.5376191,349612,1779546174.2109976,100.0,,,,,,,,,
14092,0.0,962.5376191,349692,1779546174.3803673,,,,,,,,,,
14093,,962.5376191,349692,1779546174.3803673,100.0,,,,,,,,,
14094,,962.5376191,349696,1779546175.0791907,,,,,,7.530738e-05,,,,
14096,,962.5382384,349696,1779546175.0813062,,,,,,,-0.00593812,,,
14099,,962.5382384,349696,1779546175.0813062,,,,,,,,,0.0006019315,
14101,,962.5382384,349696,1779546175.0813062,,,,,,,,,,-2.6859925
14105,0.604,962.5382384,349792,1779546175.3013728,,,,,,,,,,
14111,0.0,962.5382384,349904,1779546175.5208051,,,,,,,,,,
14112,,962.5382384,349904,1779546175.5208051,100.0,,,,,,,,,
14113,0.739,962.5382384,349976,1779546175.6841383,,,,,,,,,,
14114,,962.5382384,349976,1779546175.6841383,29.0,,,,,,,,,
14115,0.892,962.5382384,350028,1779546175.8282475,,,,,,,,,,
14116,,962.5382384,350028,1779546175.8282475,12.0,,,,,,,,,
14119,,962.5382384,350208,1779546177.0439668,,,,,,7.5051226e-05,,,,
14121,,962.5382384,350208,1779546177.045391,,,,,,,-0.012410083,,,
14122,,962.5388725,350208,1779546177.045391,,,0.8269738,,,,,,,
14124,,962.5388725,350208,1779546177.045391,,,,,,,,,0.0007177917,
14129,,962.5388725,350240,1779546177.1520445,100.0,,,,,,,,,
14130,0.0,967.5440721,350308,1779546177.3149698,,,,,,,,,,
14132,0.703,967.5440721,350376,1779546177.4674847,,,,,,,,,,
14133,,967.5446929,350376,1779546177.4674847,33.0,,,,,,,,,
14136,0.613,967.5446929,350552,1779546177.8635085,,,,,,,,,,
14137,,967.5446929,350552,1779546177.8643992,43.0,,,,,,,,,
14138,0.0,967.5446929,350600,1779546177.9690669,,,,,,,,,,
14140,0.937,967.5446929,350632,1779546178.0412328,,,,,,,,,,
14141,,967.5446929,350632,1779546178.0428238,7.0,,,,,,,,,
14143,,967.5446929,350676,1779546178.1467638,10.0,,,,,,,,,
14145,,967.5446929,350692,1779546178.190237,34.0,,,,,,,,,
14148,,967.5446929,350720,1779546178.9480717,,,,,,7.479508e-05,,,,
14150,,967.5446929,350720,1779546178.9480717,,,,,,,-0.015167144,,,
14152,,967.5446929,350720,1779546178.9480717,,,,,,,,0.011687284,,
14153,,967.5446929,350720,1779546178.9480717,,,,,,,,,0.0064526345,
14154,,967.5446929,350720,1779546178.9480717,,,,0.013671875,,,,,,
14157,0.874,967.5452819,350772,1779546179.037103,,,,,,,,,,
14161,0.0,967.5452819,350836,1779546179.12051,,,,,,,,,,
14162,,967.5452819,350836,1779546179.12051,100.0,,,,,,,,,
14167,0.0,967.5452819,351212,1779546179.865529,,,,,,,,,,
14169,,967.5452819,351232,1779546180.5039353,,,,,,7.453893e-05,,,,
14170,,967.5452819,351232,1779546180.5039353,,0.0051904367,,,,,,,,
14174,,967.5452819,351232,1779546180.5047615,,,,,,,,,0.0022193338,
14175,,967.5452819,351232,1779546180.5047615,,,,0.001953125,,,,,,
14177,,967.5452819,351232,1779546180.5082762,,,,,364.0,,,,,
14181,,967.545878,351484,1779546181.094709,100.0,,,,,,,,,
14182,0.0,967.545878,351500,1779546181.1271455,,,,,,,,,,
14185,,967.545878,351616,1779546181.3251321,100.0,,,,,,,,,
14186,0.0,967.545878,351644,1779546181.383165,,,,,,,,,,
14191,,967.545878,351744,1779546182.1182058,,0.004117728,,,,,,,,
14192,,967.5464039,351744,1779546182.1182058,,,,,,,-0.0048745032,,,
14193,,967.5464039,351744,1779546182.1182058,,,0.86637866,,,,,,,
14194,,967.5464039,351744,1779546182.118745,,,,,,,,0.008820584,,
14201,0.712,972.5486338,351836,1779546182.2951803,,,,,,,,,,
14202,,972.5486338,351836,1779546182.2951803,32.0,,,,,,,,,
14205,0.0,972.5486338,352048,1779546182.7307901,,,,,,,,,,
14206,,972.5486338,352048,1779546182.7307901,100.0,,,,,,,,,
14207,0.0,972.5486338,352156,1779546182.9422731,,,,,,,,,,
14209,0.0,972.5486338,352240,1779546183.0482848,,,,,,,,,,
14213,,972.5486338,352256,1779546183.6127853,,,,,,,-0.006738483,,,
14214,,972.5486338,352256,1779546183.6127853,,,1.0662425,,,,,,,
14216,,972.5486338,352256,1779546183.6127853,,,,,,,,,0.0016791755,
14219,,972.5486338,352256,1779546183.6173296,,,,,364.0,,,,,
14222,0.0,972.5494878,352452,1779546184.0066416,,,,,,,,,,
14225,,972.5494878,352560,1779546184.1628723,100.0,,,,,,,,,
14226,0.0,972.5494878,352644,1779546184.3223236,,,,,,,,,,
14227,,972.5494878,352644,1779546184.3223236,100.0,,,,,,,,,
14229,,972.5494878,352696,1779546184.4495451,100.0,,,,,,,,,
14231,,972.5494878,352724,1779546184.515666,19.0,,,,,,,,,
14232,,972.5494878,352768,1779546185.1390128,,,,,,7.377049e-05,,,,
14235,,972.5494878,352768,1779546185.1390128,,,1.0269128,,,,,,,
14236,,972.5494878,352768,1779546185.1390128,,,,,,,,-0.00061670505,,
14237,,972.5494878,352768,1779546185.1390128,,,,,,,,,0.0017182152,
14242,,972.5494878,352780,1779546185.163692,13.0,,,,,,,,,
14243,0.937,972.5494878,352812,1779546185.2198553,,,,,,,,,,
14245,0.0,972.5494878,352856,1779546185.3098722,,,,,,,,,,
14246,,972.5494878,352856,1779546185.3098722,100.0,,,,,,,,,
14250,,972.5494878,352968,1779546185.6196463,27.0,,,,,,,,,
14252,,972.5494878,353100,1779546185.967345,100.0,,,,,,,,,
14253,0.964,972.5494878,353120,1779546186.0422795,,,,,,,,,,
14255,0.0,972.5494878,353216,1779546186.2260687,,,,,,,,,,
14256,,972.5494878,353216,1779546186.2260687,100.0,,,,,,,,,
14260,,972.5494878,353280,1779546186.845151,,,1.1399834,,,,,,,
14262,,972.5505587,353280,1779546186.845151,,,,,,,,,0.0046084262,
14265,,972.5528067,353280,1779546186.8485265,,,,,364.0,,,,,
14266,0.298,972.5528067,353284,1779546186.8576548,,,,,,,,,,
14268,0.766,972.5528067,353324,1779546186.9136398,,,,,,,,,,
14269,,972.5528067,353324,1779546186.9136398,26.0,,,,,,,,,
14275,,972.5588278,353596,1779546187.2770188,17.0,,,,,,,,,
14276,0.0,977.5630865,353688,1779546187.3937495,,,,,,,,,,
14277,,977.5630865,353688,1779546187.3937495,100.0,,,,,,,,,
14278,0.0,977.5630865,353728,1779546187.4484062,,,,,,,,,,
14279,,977.5630865,353728,1779546187.4484062,100.0,,,,,,,,,
14280,0.919,977.5630865,353768,1779546187.5036478,,,,,,,,,,
14281,,977.5630865,353768,1779546187.5036478,9.0,,,,,,,,,
14282,0.0,977.5630865,353772,1779546187.5134845,,,,,,,,,,
14286,,977.5630865,353792,1779546187.9225316,,,,,,,-0.003850032,,,
14290,,977.5630865,353792,1779546187.9235258,,,,0.0024414062,,,,,,
14291,,977.5630865,353792,1779546187.9235258,,,,,,,,,,0.422809
14292,,977.5630865,353792,1779546187.9260733,,,,,364.0,,,,,
14294,,977.5630865,354000,1779546188.214578,100.0,,,,,,,,,
14296,,977.5637003,354092,1779546188.324931,100.0,,,,,,,,,
14297,0.0,977.5637003,354172,1779546188.4236295,,,,,,,,,,
14298,,977.5637003,354172,1779546188.4236295,100.0,,,,,,,,,
14300,,977.5637003,354176,1779546188.4344094,100.0,,,,,,,,,
14302,,977.5637003,354304,1779546188.9668758,,0.00040375505,,,,,,,,
14304,,977.5637003,354304,1779546188.9668758,,,0.7876972,,,,,,,
14305,,977.5637003,354304,1779546188.9668758,,,,,,,,0.0020007296,,
14306,,977.5637003,354304,1779546188.9668758,,,,,,,,,0.0014289846,
14309,,977.5637003,354304,1779546188.96993,,,,,364.0,,,,,
14317,,977.564307,354580,1779546189.3388693,100.0,,,,,,,,,
14318,0.0,977.564307,354808,1779546189.6695542,,,,,,,,,,
14319,,977.564307,354808,1779546189.6695542,100.0,,,,,,,,,
14321,,977.564307,354816,1779546190.0606234,,0.000361907,,,,,,,,
14326,,977.564307,354816,1779546190.0606234,,,,0.001953125,,,,,,
14330,,977.564307,354900,1779546190.1724677,100.0,,,,,,,,,
14331,0.0,977.564307,354980,1779546190.2832928,,,,,,,,,,
14336,,977.564307,355212,1779546190.576799,100.0,,,,,,,,,
14337,0.946,977.564307,355240,1779546190.6156266,,,,,,,,,,
14339,0.0,977.564307,355304,1779546190.7020082,,,,,,,,,,
14341,,977.5653166,355328,1779546191.5300987,,,,,,7.2489755e-05,,,,
14342,,977.5653166,355328,1779546191.5321224,,0.00079218234,,,,,,,,
14343,,977.5653166,355328,1779546191.5321224,,,,,,,0.0018325504,,,
14344,,977.5653166,355328,1779546191.5321224,,,0.8385611,,,,,,,
14346,,977.5653166,355328,1779546191.5321224,,,,,,,,,0.0028027534,
14347,,977.5653166,355328,1779546191.5321224,,,,0.016113281,,,,,,
14348,,977.5653166,355328,1779546191.5321224,,,,,,,,,,0.45522308
14355,,977.5653166,355420,1779546191.8176842,7.0,,,,,,,,,
14358,0.631,977.5653166,355552,1779546192.1232085,,,,,,,,,,
14359,,977.5653166,355552,1779546192.1232085,41.0,,,,,,,,,
14366,0.874,982.5672866,355704,1779546192.5110002,,,,,,,,,,
14368,0.0,982.5672866,355824,1779546192.772875,,,,,,,,,,
14369,,982.5672866,355824,1779546192.772875,100.0,,,,,,,,,
14370,0.0,982.5672866,355828,1779546192.7825272,,,,,,,,,,
14374,,982.5680114,355840,1779546193.6858711,,,,,,,-0.0034080246,,,
14377,,982.5680114,355840,1779546193.686874,,,,,,,,,0.00016330462,
14379,,982.5680114,355840,1779546193.6873648,,,,,,,,,,0.53829014
14380,,982.5680114,355840,1779546193.6912384,,,,,364.0,,,,,
14382,,982.5685369,356024,1779546193.9516404,100.0,,,,,,,,,
14383,0.0,982.5685369,356108,1779546194.0565596,,,,,,,,,,
14384,,982.5685369,356108,1779546194.0565596,100.0,,,,,,,,,
14387,0.0,982.5685369,356232,1779546194.2220762,,,,,,,,,,
14389,0.775,982.5685369,356332,1779546194.3520703,,,,,,,,,,
14391,0.748,982.5685369,356348,1779546194.375218,,,,,,,,,,
14394,,982.5685369,356352,1779546194.8107123,,0.009144604,,,,,,,,
14398,,982.5685369,356352,1779546194.8107123,,,,,,,,,0.0008881097,
14399,,982.5685369,356352,1779546194.8107123,,,,0.0,,,,,,
14401,,982.5685369,356352,1779546194.8153555,,,,,364.0,,,,,
14402,0.0,982.5692762,356428,1779546195.0098982,,,,,,,,,,
14404,0.784,982.5692762,356448,1779546195.0852687,,,,,,,,,,
14405,,982.5692762,356448,1779546195.0852687,24.0,,,,,,,,,
14407,,982.5692762,356512,1779546195.3000166,100.0,,,,,,,,,
14411,,982.5692762,356832,1779546195.9245763,100.0,,,,,,,,,
14414,,982.5715143,356864,1779546196.6621513,,,,,,7.172131e-05,,,,
14418,,982.5745908,356864,1779546196.6632185,,,,,,,,-0.0022607036,,
14422,,982.5745908,356864,1779546196.6695423,,,,,364.0,,,,,
14424,,982.5752678,356916,1779546196.810879,100.0,,,,,,,,,
14429,0.469,982.5783928,357196,1779546197.3044448,,,,,,,,,,
14436,,987.5850243,357288,1779546197.5165813,12.0,,,,,,,,,
14437,0.793,987.5850243,357292,1779546197.5276966,,,,,,,,,,
14439,,987.5850243,357376,1779546198.1669974,,,,,,7.146516e-05,,,,
14441,,987.5850243,357376,1779546198.1669974,,,,,,,-0.007189638,,,
14442,,987.5850243,357376,1779546198.1669974,,,0.8209786,,,,,,,
14445,,987.5850243,357376,1779546198.1669974,,,,0.0034179688,,,,,,
14446,,987.5850243,357376,1779546198.168164,,,,,,,,,,0.52902365
14447,,987.5850243,357376,1779546198.170136,,,,,364.0,,,,,
14448,0.0,987.5850243,357500,1779546198.4151886,,,,,,,,,,
14449,,987.5858032,357500,1779546198.4156728,100.0,,,,,,,,,
14451,,987.5858032,357660,1779546198.7458026,100.0,,,,,,,,,
14454,0.0,987.5858032,357696,1779546198.8276448,,,,,,,,,,
14456,0.802,987.5858032,357784,1779546198.99575,,,,,,,,,,
14457,,987.5858032,357784,1779546198.9963646,22.0,,,,,,,,,
14460,,987.5861737,357888,1779546199.6895552,,,,,,,0.0031120614,,,
14461,,987.5861737,357888,1779546199.6895552,,,0.75651985,,,,,,,
14462,,987.5861737,357888,1779546199.6895552,,,,,,,,-0.0016857618,,
14463,,987.5861737,357888,1779546199.6895552,,,,,,,,,0.000741743,
14469,0.496,987.5864899,357924,1779546199.7843657,,,,,,,,,,
14470,,987.5864899,357924,1779546199.7843657,56.0,,,,,,,,,
14471,0.0,987.5864899,358064,1779546200.0493515,,,,,,,,,,
14473,0.136,987.5864899,358172,1779546200.1965609,,,,,,,,,,
14476,,987.5864899,358176,1779546200.2125003,27.0,,,,,,,,,
14477,0.901,987.587004,358220,1779546200.2969818,,,,,,,,,,
14478,,987.587004,358220,1779546200.2969818,11.0,,,,,,,,,
14479,0.0,987.587004,358308,1779546200.4791687,,,,,,,,,,
14481,0.0,987.587004,358328,1779546200.5271835,,,,,,,,,,
14482,,987.587004,358328,1779546200.5286915,100.0,,,,,,,,,
14483,,987.587004,358400,1779546201.2140634,,,,,,7.095287e-05,,,,
14484,,987.587004,358400,1779546201.2150614,,0.009103089,,,,,,,,
14485,,987.587004,358400,1779546201.2150614,,,,,,,-0.004670784,,,
14486,,987.587004,358400,1779546201.2150614,,,0.71937156,,,,,,,
14487,,987.587004,358400,1779546201.2150614,,,,,,,,0.0023331977,,
14488,,987.5875383,358400,1779546201.2150614,,,,,,,,,0.00017313659,
14494,0.0,987.5905125,358624,1779546201.6362348,,,,,,,,,,
14495,,987.5905125,358624,1779546201.6362348,100.0,,,,,,,,,
14497,,987.5911768,358712,1779546201.7986088,100.0,,,,,,,,,
14502,0.874,987.5911768,358792,1779546201.9573345,,,,,,,,,,
14504,0.865,987.5916903,358856,1779546202.0783236,,,,,,,,,,
14505,,987.5916903,358856,1779546202.0783236,15.0,,,,,,,,,
14507,,987.5916903,358896,1779546202.1872866,45.0,,,,,,,,,
14508,,992.5959028,358912,1779546202.8079622,,,,,,7.069672e-05,,,,
14509,,992.5959028,358912,1779546202.8079622,,0.008265536,,,,,,,,
14511,,992.5959028,358912,1779546202.8079622,,,0.7330784,,,,,,,
14512,,992.5959028,358912,1779546202.8079622,,,,,,,,0.004081961,,
14515,,992.5959028,358912,1779546202.8087423,,,,,,,,,,0.53135514
14516,,992.5959028,358912,1779546202.8125823,,,,,363.0,,,,,
14517,0.901,992.5959028,358944,1779546202.896494,,,,,,,,,,
14519,0.0,992.5959028,358984,1779546202.9903417,,,,,,,,,,
14520,,992.5959028,358984,1779546202.9903417,100.0,,,,,,,,,
14525,0.0,992.5966613,359348,1779546203.7269802,,,,,,,,,,
14526,,992.5966613,359348,1779546203.7269802,100.0,,,,,,,,,
14527,0.0,992.5966613,359388,1779546203.8229175,,,,,,,,,,
14529,0.838,992.5966613,359424,1779546203.9306626,,,,,,,,,,
14537,,992.5971896,359424,1779546204.5585754,,,,0.0053710938,,,,,,
14539,,992.5971896,359424,1779546204.5651834,,,,,363.0,,,,,
14540,0.874,992.5971896,359484,1779546204.7209249,,,,,,,,,,
14542,0.0,992.5971896,359600,1779546204.9499524,,,,,,,,,,
14545,,992.5971896,359640,1779546205.0048175,100.0,,,,,,,,,
14546,0.73,992.5971896,359764,1779546205.1639163,,,,,,,,,,
14547,,992.5971896,359764,1779546205.1639163,30.0,,,,,,,,,
14551,,992.5971896,359888,1779546205.4433243,100.0,,,,,,,,,
14552,0.973,992.5971896,359904,1779546205.492157,,,,,,,,,,
14555,,992.5971896,359936,1779546206.1789339,,0.0035956486,,,,,,,,
14556,,992.5971896,359936,1779546206.1789339,,,,,,,-0.0027968213,,,
14558,,992.5979089,359936,1779546206.1789339,,,,,,,,0.0020489134,,
14560,,992.5979089,359936,1779546206.179966,,,,0.0,,,,,,
14562,,992.5979089,359936,1779546206.1828115,,,,,363.0,,,,,
14565,0.0,992.5979089,360168,1779546206.6908937,,,,,,,,,,
14566,,992.5979089,360168,1779546206.6908937,100.0,,,,,,,,,
14567,0.0,992.5979089,360196,1779546206.7705097,,,,,,,,,,
14568,,992.5979089,360196,1779546206.7705097,100.0,,,,,,,,,
14570,,992.5979089,360256,1779546206.9225256,87.0,,,,,,,,,
14572,,992.5979089,360260,1779546206.9395843,15.0,,,,,,,,,
14573,0.388,992.5979089,360280,1779546206.9794245,,,,,,,,,,
14574,,992.5984738,360280,1779546206.9794245,68.0,,,,,,,,,
14575,0.811,992.5984738,360344,1779546207.0807528,,,,,,,,,,
14576,,992.5984738,360344,1779546207.0807528,21.0,,,,,,,,,
14579,,997.6032135,360448,1779546207.967163,,,,,,,-0.0059063025,,,
14580,,997.6032135,360448,1779546207.967163,,,0.86618555,,,,,,,
14582,,997.6032135,360448,1779546207.967163,,,,,,,,,0.001343321,
14586,0.0,997.6032135,360572,1779546208.2321048,,,,,,,,,,
14588,0.0,997.6059574,360664,1779546208.4474063,,,,,,,,,,
14589,,997.6059574,360664,1779546208.4474063,100.0,,,,,,,,,
14591,,997.6059574,360684,1779546208.5000944,100.0,,,,,,,,,
14592,0.901,997.6059574,360732,1779546208.5955622,,,,,,,,,,
14593,,997.6059574,360732,1779546208.5955622,11.0,,,,,,,,,
14595,,997.6059574,360748,1779546208.6336522,100.0,,,,,,,,,
14596,0.739,997.6059574,360868,1779546208.8768039,,,,,,,,,,
14599,,997.6059574,360960,1779546209.61772,,0.003312669,,,,,,,,
14606,,997.606587,360960,1779546209.624984,,,,,363.0,,,,,
14610,,997.606587,361024,1779546209.7767577,72.0,,,,,,,,,
14611,0.0,997.6083687,361068,1779546209.9036777,,,,,,,,,,
14612,,997.6083687,361068,1779546209.9036777,100.0,,,,,,,,,
14615,0.0,997.6090954,361272,1779546210.2989879,,,,,,,,,,
14616,,997.6090954,361272,1779546210.2989879,100.0,,,,,,,,,
14618,,997.6090954,361380,1779546210.5097616,100.0,,,,,,,,,
14622,,997.6177102,361420,1779546210.6130967,9.0,,,,,,,,,
14623,0.946,997.6180746,361448,1779546210.682365,,,,,,,,,,
14624,,997.6180746,361448,1779546210.682365,6.0,,,,,,,,,
14626,,997.6185828,361472,1779546210.7463815,100.0,,,,,,,,,
14629,,997.6185828,361472,1779546211.276177,,,,,,,-0.023286406,,,
14630,,997.6185828,361472,1779546211.276177,,,0.82242817,,,,,,,
14631,,997.6185828,361472,1779546211.276177,,,,,,,,-0.0008771485,,
14634,,997.6195001,361472,1779546211.276177,,,,,,,,,,0.52059877
14636,0.757,997.6195001,361504,1779546211.3525715,,,,,,,,,,
14638,0.928,997.6195001,361540,1779546211.4194176,,,,,,,,,,
14639,,997.6195001,361540,1779546211.4194176,8.0,,,,,,,,,
14640,0.838,997.6195001,361616,1779546211.5629892,,,,,,,,,,
14642,0.901,997.6203412,361664,1779546211.6535914,,,,,,,,,,
14645,,997.6206592,361676,1779546211.6798518,100.0,,,,,,,,,
14646,0.0,997.6206592,361852,1779546212.0117438,,,,,,,,,,
14652,,1002.6185517,361984,1779546212.822446,,,,,,,-0.009012647,,,
14653,,1002.6185517,361984,1779546212.823718,,,1.0377303,,,,,,,
14654,,1002.6185517,361984,1779546212.823718,,,,,,,,-0.0010400731,,
14655,,1002.6185517,361984,1779546212.823718,,,,,,,,,0.00035725906,
14660,,1002.6185517,362068,1779546213.0210526,100.0,,,,,,,,,
14663,0.388,1002.6185517,362152,1779546213.1463907,,,,,,,,,,
14665,0.667,1002.6185517,362220,1779546213.2597072,,,,,,,,,,
14667,0.0,1002.6185517,362256,1779546213.3372521,,,,,,,,,,
14670,,1002.6192862,362484,1779546213.7924101,100.0,,,,,,,,,
14671,,1002.6192862,362496,1779546214.294119,,,,,,6.890369e-05,,,,
14672,,1002.6192862,362496,1779546214.294119,,0.0035266143,,,,,,,,
14675,,1002.6192862,362496,1779546214.294119,,,,,,,,8.695945e-05,,
14677,,1002.6192862,362496,1779546214.295137,,,,0.0029296875,,,,,,
14678,,1002.6192862,362496,1779546214.295137,,,,,,,,,,0.29367208
14680,0.0,1002.6192862,362556,1779546214.4229867,,,,,,,,,,
14682,0.0,1002.6192862,362624,1779546214.594579,,,,,,,,,,
14684,0.847,1002.6192862,362628,1779546214.6141324,,,,,,,,,,
14685,,1002.6192862,362628,1779546214.6141324,17.0,,,,,,,,,
14687,,1002.6192862,362660,1779546214.7083166,100.0,,,,,,,,,
14688,0.0,1002.6192862,362888,1779546215.124392,,,,,,,,,,
14689,,1002.6192862,362888,1779546215.124392,100.0,,,,,,,,,
14690,0.802,1002.6192862,362980,1779546215.2703004,,,,,,,,,,
14692,,1002.6192862,363008,1779546215.9239745,,,,,,6.864754e-05,,,,
14693,,1002.6199031,363008,1779546215.9239745,,0.004691922,,,,,,,,
14695,,1002.6199031,363008,1779546215.9239745,,,0.94136477,,,,,,,
14696,,1002.6199031,363008,1779546215.9239745,,,,,,,,0.015342037,,
14697,,1002.6199031,363008,1779546215.924971,,,,,,,,,0.004205206,
14698,,1002.6199031,363008,1779546215.924971,,,,0.0107421875,,,,,,
14699,,1002.6199031,363008,1779546215.924971,,,,,,,,,,0.40128815
14705,0.0,1002.6199031,363064,1779546216.037634,,,,,,,,,,
14708,,1002.6199031,363116,1779546216.1057012,12.0,,,,,,,,,
14709,0.244,1002.6199031,363372,1779546216.5987825,,,,,,,,,,
14710,,1002.6199031,363372,1779546216.5995474,84.0,,,,,,,,,
14713,0.946,1002.6204292,363400,1779546216.6639996,,,,,,,,,,
14715,0.0,1002.6204292,363432,1779546216.7292547,,,,,,,,,,
14717,0.0,1002.6204292,363520,1779546216.885807,,,,,,,,,,
14718,,1002.6204292,363520,1779546216.885807,100.0,,,,,,,,,
14720,,1007.6238082,363520,1779546217.4177175,,0.0036313874,,,,,,,,
14721,,1007.6238082,363520,1779546217.4177175,,,,,,,-0.003430605,,,
14722,,1007.6238082,363520,1779546217.4177175,,,0.76919746,,,,,,,
14723,,1007.6238082,363520,1779546217.4177175,,,,,,,,0.005770794,,
14724,,1007.6242856,363520,1779546217.4177175,,,,,,,,,0.00063516526,
14726,,1007.6242856,363520,1779546217.4177175,,,,,,,,,,0.6171756
14727,,1007.6242856,363520,1779546217.4209185,,,,,363.0,,,,,
14733,,1007.6242856,363708,1779546217.8174589,25.0,,,,,,,,,
14735,,1007.6242856,363788,1779546217.9796457,100.0,,,,,,,,,
14736,0.0,1007.6249863,363924,1779546218.1903942,,,,,,,,,,
14737,,1007.6249863,363924,1779546218.1903942,100.0,,,,,,,,,
14740,0.127,1007.6249863,363972,1779546218.3045485,,,,,,,,,,
14742,0.928,1007.6249863,364008,1779546218.3835337,,,,,,,,,,
14743,,1007.6249863,364008,1779546218.3835337,8.0,,,,,,,,,
14745,,1007.6249863,364032,1779546219.0143235,,0.014856296,,,,,,,,
14746,,1007.6253187,364032,1779546219.0143235,,,,,,,-0.010659473,,,
14747,,1007.6253187,364032,1779546219.0143235,,,0.7807946,,,,,,,
14749,,1007.6253187,364032,1779546219.0143235,,,,,,,,,0.0026707593,
14752,,1007.6253187,364032,1779546219.0179527,,,,,363.0,,,,,
14753,0.73,1007.6253187,364052,1779546219.049217,,,,,,,,,,
14756,,1007.6253187,364100,1779546219.1152608,22.0,,,,,,,,,
14757,0.0,1007.6253187,364112,1779546219.1387417,,,,,,,,,,
14758,,1007.6253187,364112,1779546219.1387417,100.0,,,,,,,,,
14760,,1007.6253187,364124,1779546219.1607158,5.0,,,,,,,,,
14762,,1007.6253187,364328,1779546219.55872,100.0,,,,,,,,,
14763,0.514,1007.6253187,364332,1779546219.571751,,,,,,,,,,
14764,,1007.6253187,364332,1779546219.571751,54.0,,,,,,,,,
14770,,1007.6291952,364528,1779546220.0252802,100.0,,,,,,,,,
14771,,1007.6306654,364544,1779546220.8014145,,,,,,6.78791e-05,,,,
14774,,1007.6319723,364544,1779546220.8014145,,,0.595955,,,,,,,
14775,,1007.6319723,364544,1779546220.8014145,,,,,,,,-0.0023247506,,
14776,,1007.6319723,364544,1779546220.8014145,,,,,,,,,0.00024744682,
14777,,1007.6319723,364544,1779546220.8014145,,,,0.0,,,,,,
14778,,1007.6319723,364544,1779546220.8014145,,,,,,,,,,0.5388217
14780,0.0,1007.6327406,364736,1779546221.3370883,,,,,,,,,,
14781,,1007.6327406,364736,1779546221.3370883,100.0,,,,,,,,,
14782,0.0,1007.6327406,364768,1779546221.4279542,,,,,,,,,,
14784,0.0,1007.6331372,364860,1779546221.6615674,,,,,,,,,,
14786,0.631,1007.6331372,364904,1779546221.7818203,,,,,,,,,,
14787,,1007.6331372,364904,1779546221.7818203,41.0,,,,,,,,,
14788,0.0,1007.6331372,364932,1779546221.858368,,,,,,,,,,
14792,0.703,1007.6331372,364996,1779546222.0172343,,,,,,,,,,
14797,,1012.6374006,365056,1779546222.9694583,,0.0077443593,,,,,,,,
14798,,1012.6374006,365056,1779546222.9694583,,,,,,,-5.8829784e-05,,,
14800,,1012.6374006,365056,1779546222.9694583,,,,,,,,-0.001632073,,
14804,,1012.637704,365056,1779546222.9739902,,,,,362.0,,,,,
14805,0.748,1012.637704,365144,1779546223.1402514,,,,,,,,,,
14808,,1012.637704,365172,1779546223.1885037,100.0,,,,,,,,,
14809,0.928,1012.637704,365208,1779546223.253127,,,,,,,,,,
14814,,1012.637704,365396,1779546223.6615117,100.0,,,,,,,,,
14816,,1012.637704,365400,1779546223.6750903,47.0,,,,,,,,,
14817,0.901,1012.637704,365444,1779546223.7712018,,,,,,,,,,
14821,,1012.6384435,365568,1779546224.595583,,,,,,6.7366804e-05,,,,
14822,,1012.6384435,365568,1779546224.595583,,0.0058035604,,,,,,,,
14825,,1012.6384435,365568,1779546224.595583,,,,,,,,0.0007132115,,
14826,,1012.6384435,365568,1779546224.595583,,,,,,,,,0.0003061653,
14827,,1012.6384435,365568,1779546224.595583,,,,0.0,,,,,,
14830,0.811,1012.6384435,365636,1779546224.7759824,,,,,,,,,,
14831,,1012.6384435,365636,1779546224.7759824,21.0,,,,,,,,,
14840,0.919,1012.6393993,365888,1779546225.3441033,,,,,,,,,,
14841,,1012.6393993,365888,1779546225.3441033,9.0,,,,,,,,,
14842,0.397,1012.6393993,365908,1779546225.3954442,,,,,,,,,,
14843,,1012.6393993,365908,1779546225.3954442,67.0,,,,,,,,,
14844,0.694,1012.6393993,366000,1779546225.6375902,,,,,,,,,,
14848,,1012.6393993,366080,1779546226.428719,,,,,,6.711065e-05,,,,
14849,,1012.6393993,366080,1779546226.429368,,0.008945736,,,,,,,,
14851,,1012.6393993,366080,1779546226.429368,,,0.79960096,,,,,,,
14861,0.757,1012.6399995,366256,1779546226.8719275,,,,,,,,,,
14863,0.0,1012.6399995,366292,1779546226.9588814,,,,,,,,,,
14866,,1012.6399995,366404,1779546227.227498,100.0,,,,,,,,,
14867,0.0,1017.6426548,366548,1779546227.5737948,,,,,,,,,,
14869,,1017.6426548,366592,1779546228.4321346,,,,,,6.685451e-05,,,,
14870,,1017.6426548,366592,1779546228.4331317,,0.004387019,,,,,,,,
14871,,1017.6426548,366592,1779546228.4331317,,,,,,,-0.020132076,,,
14872,,1017.6426548,366592,1779546228.4331317,,,0.8740604,,,,,,,
14873,,1017.6426548,366592,1779546228.4331317,,,,,,,,0.0022526607,,
14874,,1017.6426548,366592,1779546228.4331317,,,,,,,,,0.0015627132,
14875,,1017.6432713,366592,1779546228.4331317,,,,0.0009765625,,,,,,
14876,,1017.6432713,366592,1779546228.4331317,,,,,,,,,,0.53716993
14878,0.0,1017.6432713,366660,1779546228.6114001,,,,,,,,,,
14880,0.0,1017.6432713,366696,1779546228.7123606,,,,,,,,,,
14883,,1017.6432713,366760,1779546228.8884294,52.0,,,,,,,,,
14884,0.0,1017.6432713,366808,1779546229.0096436,,,,,,,,,,
14886,0.739,1017.6432713,366880,1779546229.2105682,,,,,,,,,,
14888,0.937,1017.6432713,366912,1779546229.3025472,,,,,,,,,,
14891,,1017.6432713,367064,1779546229.7520177,100.0,,,,,,,,,
14893,,1017.6436782,367100,1779546229.8800216,100.0,,,,,,,,,
14894,,1017.6436782,367104,1779546230.306703,,,,,,6.659836e-05,,,,
14895,,1017.6436782,367104,1779546230.306703,,0.0054100086,,,,,,,,
14897,,1017.6436782,367104,1779546230.306703,,,0.829084,,,,,,,
14898,,1017.6436782,367104,1779546230.306703,,,,,,,,0.004873723,,
14899,,1017.6436782,367104,1779546230.306703,,,,,,,,,0.0022611776,
14902,,1017.6436782,367104,1779546230.3096821,,,,,362.0,,,,,
14903,0.973,1017.6436782,367116,1779546230.3310516,,,,,,,,,,
14904,,1017.6436782,367116,1779546230.3310516,3.0,,,,,,,,,
14905,0.847,1017.6436782,367136,1779546230.363918,,,,,,,,,,
14906,,1017.6436782,367136,1779546230.363918,17.0,,,,,,,,,
14907,0.901,1017.6436782,367184,1779546230.4276717,,,,,,,,,,
14908,,1017.6436782,367184,1779546230.4286604,11.0,,,,,,,,,
14909,0.0,1017.6436782,367212,1779546230.4720101,,,,,,,,,,
14911,0.757,1017.6436782,367228,1779546230.499384,,,,,,,,,,
14914,,1017.6436782,367316,1779546230.6085906,100.0,,,,,,,,,
14916,,1017.6436782,367472,1779546230.7827456,64.0,,,,,,,,,
14918,,1017.6436782,367560,1779546230.913309,82.0,,,,,,,,,
14921,,1017.6445721,367616,1779546231.5758433,,,,,,6.634221e-05,,,,
14924,,1017.6445721,367616,1779546231.5768414,,,0.77199316,,,,,,,
14927,,1017.6445721,367616,1779546231.5768414,,,,0.0,,,,,,
14928,,1017.6445721,367616,1779546231.5768414,,,,,,,,,,0.47297263
14931,,1017.6445721,367720,1779546231.8264246,100.0,,,,,,,,,
14932,0.0,1017.6445721,367876,1779546232.1354706,,,,,,,,,,
14934,0.0,1017.6450949,367964,1779546232.320087,,,,,,,,,,
14937,,1017.6450949,367984,1779546232.3545473,26.0,,,,,,,,,
14939,,1017.6477474,367992,1779546232.3710396,100.0,,,,,,,,,
14941,,1022.6519941,368004,1779546232.3938522,9.0,,,,,,,,,
14944,0.757,1022.6519941,368104,1779546232.5959635,,,,,,,,,,
14948,,1022.6525022,368128,1779546233.360019,,,,,,,-0.0047832523,,,
14953,,1022.6525022,368128,1779546233.361015,,,,,,,,,,0.38926846
14954,,1022.6525022,368128,1779546233.366162,,,,,362.0,,,,,
14955,0.892,1022.6525022,368156,1779546233.4560714,,,,,,,,,,
14956,,1022.6525022,368156,1779546233.4560714,12.0,,,,,,,,,
14958,,1022.6531768,368388,1779546234.1400268,100.0,,,,,,,,,
14959,0.0,1022.6531768,368408,1779546234.205111,,,,,,,,,,
14962,,1022.6531768,368448,1779546234.3168962,9.0,,,,,,,,,
14967,0.991,1022.6531768,368568,1779546234.659905,,,,,,,,,,
14968,,1022.6531768,368568,1779546234.659905,1.0,,,,,,,,,
14973,,1022.6537134,368640,1779546235.7197444,,,,,,,,-0.002422168,,
14975,,1022.6537134,368640,1779546235.720741,,,,0.00390625,,,,,,
14977,,1022.6546958,368640,1779546235.7254539,,,,,361.0,,,,,
14980,0.865,1022.6546958,368732,1779546236.03776,,,,,,,,,,
14982,0.0,1022.6546958,368792,1779546236.213307,,,,,,,,,,
14983,,1022.6546958,368792,1779546236.213307,100.0,,,,,,,,,
14984,0.811,1022.6546958,368820,1779546236.296485,,,,,,,,,,
14985,,1022.6546958,368820,1779546236.2974975,21.0,,,,,,,,,
14986,0.0,1022.6546958,368852,1779546236.3971343,,,,,,,,,,
14988,0.0,1022.6546958,368892,1779546236.533727,,,,,,,,,,
14990,0.802,1022.6546958,368984,1779546236.8531115,,,,,,,,,,
14991,,1022.6546958,368984,1779546236.8531115,22.0,,,,,,,,,
14992,,1027.6581574,369152,1779546238.5018191,,,,,,6.557377e-05,,,,
14995,,1027.6581574,369152,1779546238.5023818,,,0.7896434,,,,,,,
14997,,1027.6588587,369152,1779546238.503097,,,,,,,,,0.0006635343,
15002,,1027.6594376,369184,1779546238.6446602,49.0,,,,,,,,,
15003,0.0,1027.6594376,369196,1779546238.6976862,,,,,,,,,,
15004,,1027.6594376,369196,1779546238.6976862,100.0,,,,,,,,,
15006,,1027.6594376,369224,1779546238.8137653,100.0,,,,,,,,,
15007,0.0,1027.6594376,369256,1779546238.9376237,,,,,,,,,,
15011,0.0,1027.6594376,369600,1779546240.2064393,,,,,,,,,,
15013,0.0,1027.6594376,369628,1779546240.3174505,,,,,,,,,,
15015,0.0,1027.6594376,369660,1779546240.4257329,,,,,,,,,,
15016,,1027.6604634,369660,1779546240.4257329,100.0,,,,,,,,,
15019,,1027.6604634,369664,1779546241.3684657,,,,,,,-0.018440798,,,
15020,,1027.6604634,369664,1779546241.3684657,,,0.7390439,,,,,,,
15025,,1027.660985,369664,1779546241.375049,,,,,360.0,,,,,
15026,0.0,1032.6644936,369992,1779546242.4974458,,,,,,,,,,
15027,,1032.6644936,369992,1779546242.4974458,100.0,,,,,,,,,
15028,0.0,1032.6644936,370004,1779546242.5506582,,,,,,,,,,
15029,,1032.6644936,370004,1779546242.5506582,100.0,,,,,,,,,
15030,0.0,1032.6653381,370032,1779546242.658564,,,,,,,,,,
15032,0.0,1032.6653381,370064,1779546242.779514,,,,,,,,,,
15033,,1032.6653381,370064,1779546242.779514,100.0,,,,,,,,,
15036,0.892,1032.6653381,370132,1779546243.0542893,,,,,,,,,,
15040,,1032.6657725,370176,1779546244.190217,,,,,,6.5061475e-05,,,,
15041,,1032.6657725,370176,1779546244.1917315,,0.004504458,,,,,,,,
15042,,1032.6657725,370176,1779546244.1917315,,,,,,,-0.0014694072,,,
15043,,1032.6657725,370176,1779546244.1917315,,,0.83423555,,,,,,,
15047,,1032.6657725,370176,1779546244.1920404,,,,,,,,,,0.56636894
15050,,1032.6657725,370316,1779546244.6587558,70.0,,,,,,,,,
15054,,1032.6663078,370396,1779546244.911696,100.0,,,,,,,,,
15055,0.0,1032.6663078,370468,1779546245.1394103,,,,,,,,,,
15059,0.0,1032.6663078,370556,1779546245.345547,,,,,,,,,,
15063,,1032.6696715,370688,1779546246.2637749,,,,,,,-0.003262953,,,
15064,,1032.6696715,370688,1779546246.2637749,,,0.6555929,,,,,,,
15065,,1032.6700714,370688,1779546246.2637749,,,,,,,,-0.0023483187,,
15070,0.0,1032.6700714,370800,1779546246.5851638,,,,,,,,,,
15071,,1032.6700714,370800,1779546246.5851638,100.0,,,,,,,,,
15074,0.0,1032.671608,370872,1779546246.7873065,,,,,,,,,,
15076,0.0,1032.6721948,370896,1779546246.8588984,,,,,,,,,,
15077,,1032.6721948,370896,1779546246.8588984,100.0,,,,,,,,,
15083,,1032.6721948,371084,1779546247.3765662,30.0,,,,,,,,,
15085,,1037.6795809,371200,1779546248.4803107,,0.007905163,,,,,,,,
15087,,1037.6795809,371200,1779546248.4803107,,,0.7606028,,,,,,,
15088,,1037.6795809,371200,1779546248.4803107,,,,,,,,0.0038029263,,
15090,,1037.6803678,371200,1779546248.4813092,,,,0.00048828125,,,,,,
15091,,1037.6803678,371200,1779546248.4813092,,,,,,,,,,0.37562156
15093,0.0,1037.6803678,371276,1779546248.7066398,,,,,,,,,,
15096,,1037.6803678,371300,1779546248.7783597,100.0,,,,,,,,,
15097,0.415,1037.6803678,371348,1779546248.9102004,,,,,,,,,,
15098,,1037.6803678,371348,1779546248.9102004,65.0,,,,,,,,,
15099,0.0,1037.6803678,371376,1779546248.987852,,,,,,,,,,
15100,,1037.6811174,371376,1779546248.987852,100.0,,,,,,,,,
15103,0.577,1037.6811174,371492,1779546249.3162856,,,,,,,,,,
15104,,1037.6811174,371492,1779546249.3162856,47.0,,,,,,,,,
15107,,1037.6811174,371712,1779546250.6672175,,,,,,6.429303e-05,,,,
15109,,1037.6811174,371712,1779546250.6682158,,,,,,,-0.00994836,,,
15110,,1037.6816923,371712,1779546250.6682158,,,0.81330824,,,,,,,
15113,,1037.6816923,371712,1779546250.6682158,,,,0.0014648438,,,,,,
15117,,1037.6816923,371780,1779546250.8730206,100.0,,,,,,,,,
15119,,1037.6816923,371828,1779546251.0187936,100.0,,,,,,,,,
15122,0.136,1037.6821492,372068,1779546251.6862254,,,,,,,,,,
15123,,1037.6821492,372068,1779546251.6862254,96.0,,,,,,,,,
15127,,1042.6879978,372224,1779546253.0904968,,0.0014368341,,,,,,,,
15129,,1042.6883371,372224,1779546253.0915084,,,0.6310228,,,,,,,
15131,,1042.6883371,372224,1779546253.0915084,,,,,,,,,0.0006344551,
15136,,1042.6883371,372232,1779546253.1433787,100.0,,,,,,,,,
15137,0.0,1042.6883371,372300,1779546253.3471417,,,,,,,,,,
15139,0.649,1042.6889093,372392,1779546253.583189,,,,,,,,,,
15141,0.0,1042.6889093,372472,1779546253.8050437,,,,,,,,,,
15145,0.0,1042.6889093,372704,1779546254.4695747,,,,,,,,,,
15146,,1042.6889093,372704,1779546254.4695747,100.0,,,,,,,,,
15148,,1042.6889093,372736,1779546255.231693,,0.0038335058,,,,,,,,
15149,,1042.6889093,372736,1779546255.2332106,,,,,,,-0.017967185,,,
15150,,1042.6889093,372736,1779546255.2332106,,,0.6719234,,,,,,,
15151,,1042.6889093,372736,1779546255.2332106,,,,,,,,0.0028184103,,
15153,,1042.6889093,372736,1779546255.2332106,,,,0.0048828125,,,,,,
15154,,1042.6889093,372736,1779546255.2332106,,,,,,,,,,0.30753887
15156,0.928,1042.6889093,372740,1779546255.2798915,,,,,,,,,,
15157,,1042.6889093,372740,1779546255.2804158,8.0,,,,,,,,,
15158,0.0,1042.6889093,372796,1779546255.5031104,,,,,,,,,,
15159,,1042.6889093,372796,1779546255.5031104,100.0,,,,,,,,,
15161,,1042.6929947,372840,1779546255.6835868,10.0,,,,,,,,,
15164,0.874,1042.6934936,372936,1779546256.0416555,,,,,,,,,,
15165,,1042.6934936,372936,1779546256.0416555,14.0,,,,,,,,,
15168,0.0,1042.6934936,373144,1779546256.5138986,,,,,,,,,,
15170,0.199,1042.6934936,373200,1779546256.6472807,,,,,,,,,,
15171,,1042.6934936,373200,1779546256.6472807,89.0,,,,,,,,,
15172,0.46,1042.6934936,373216,1779546256.690704,,,,,,,,,,
15174,,1047.6949291,373248,1779546257.46729,,,,,,6.352459e-05,,,,
15175,,1047.695513,373248,1779546257.46729,,0.0068076816,,,,,,,,
15176,,1047.695513,373248,1779546257.46729,,,,,,,-0.00240832,,,
15177,,1047.695513,373248,1779546257.46729,,,0.82554615,,,,,,,
15178,,1047.695513,373248,1779546257.46729,,,,,,,,-0.00045665726,,
15181,,1047.695513,373248,1779546257.4682858,,,,,,,,,,0.5441051
15182,,1047.695513,373248,1779546257.47393,,,,,358.0,,,,,
15183,0.0,1047.695513,373340,1779546257.7693765,,,,,,,,,,
15185,0.676,1047.695513,373364,1779546257.8316624,,,,,,,,,,
15186,,1047.695513,373364,1779546257.8316624,36.0,,,,,,,,,
15187,0.0,1047.695513,373548,1779546258.2127087,,,,,,,,,,
15189,0.0,1047.695513,373604,1779546258.3302786,,,,,,,,,,
15191,0.757,1047.695513,373660,1779546258.4620535,,,,,,,,,,
15194,,1047.695513,373744,1779546258.6878998,100.0,,,,,,,,,
15197,,1047.695513,373760,1779546259.5746434,,,,,,,-0.014998108,,,
15198,,1047.695513,373760,1779546259.5746434,,,0.7409166,,,,,,,
15205,,1047.6961072,373768,1779546259.599433,100.0,,,,,,,,,
15206,0.595,1047.6961072,373952,1779546259.9193604,,,,,,,,,,
15207,,1047.6961072,373952,1779546259.9193604,45.0,,,,,,,,,
15208,0.0,1047.6961072,374008,1779546260.0095713,,,,,,,,,,
15209,,1047.6961072,374008,1779546260.0095713,100.0,,,,,,,,,
15218,,1047.6961072,374272,1779546260.8682716,,,,,,,,-0.0066785216,,
15222,,1047.6961072,374272,1779546260.8725586,,,,,358.0,,,,,
15223,0.0,1047.6961072,374356,1779546261.0078669,,,,,,,,,,
15225,0.0,1047.6961072,374412,1779546261.0957506,,,,,,,,,,
15226,,1047.6961072,374412,1779546261.0957506,100.0,,,,,,,,,
15227,0.766,1047.6961072,374464,1779546261.1815045,,,,,,,,,,
15229,0.0,1047.6961072,374468,1779546261.1947238,,,,,,,,,,
15231,0.0,1047.6961072,374552,1779546261.3457909,,,,,,,,,,
15232,,1047.6961072,374552,1779546261.3457909,100.0,,,,,,,,,
15233,0.649,1047.6961072,374712,1779546261.6164663,,,,,,,,,,
15234,,1047.6967123,374712,1779546261.6164663,39.0,,,,,,,,,
15235,,1047.6967123,374784,1779546262.1759813,,,,,,6.2756146e-05,,,,
15238,,1047.6967123,374784,1779546262.1759813,,,0.8694463,,,,,,,
15239,,1047.6967123,374784,1779546262.176981,,,,,,,,-0.0037310617,,
15240,,1047.6967123,374784,1779546262.176981,,,,,,,,,0.0024978071,
15242,,1047.6967123,374784,1779546262.176981,,,,,,,,,,0.03004098
15244,0.0,1047.6967123,374816,1779546262.2376945,,,,,,,,,,
15248,0.0,1047.6967123,374868,1779546262.326176,,,,,,,,,,
15251,,1047.6967123,374872,1779546262.3359828,100.0,,,,,,,,,
15252,0.505,1052.7008923,375092,1779546262.677162,,,,,,,,,,
15260,,1052.7015184,375296,1779546263.5775127,,,,,,6.25e-05,,,,
15267,,1052.7015184,375296,1779546263.5775127,,,,,,,,,,0.58462656
15268,,1052.7015184,375296,1779546263.5806189,,,,,358.0,,,,,
15274,,1052.7015184,375624,1779546264.1227512,100.0,,,,,,,,,
15280,,1052.7015184,375700,1779546264.270141,41.0,,,,,,,,,
15282,,1052.7015184,375768,1779546264.399654,35.0,,,,,,,,,
15284,,1052.7015184,375772,1779546264.4082704,28.0,,,,,,,,,
15285,,1052.7015184,375808,1779546264.9181142,,,,,,6.224385e-05,,,,
15289,,1052.702148,375808,1779546264.9191144,,,,,,,,-0.0026479373,,
15293,,1052.702148,375808,1779546264.9224908,,,,,358.0,,,,,
15295,,1052.702148,375912,1779546265.093745,34.0,,,,,,,,,
15296,0.532,1052.702148,375980,1779546265.1933084,,,,,,,,,,
15297,,1052.702148,375980,1779546265.194094,52.0,,,,,,,,,
15302,0.757,1052.7106512,376216,1779546265.5638268,,,,,,,,,,
15303,,1052.7106512,376216,1779546265.5648246,27.0,,,,,,,,,
15306,,1052.7118164,376320,1779546266.2179313,,,,,,6.19877e-05,,,,
15307,,1052.7118164,376320,1779546266.2189302,,0.006991211,,,,,,,,
15309,,1052.7128265,376320,1779546266.2189302,,,0.8470479,,,,,,,
15310,,1052.7128265,376320,1779546266.2189302,,,,,,,,0.005948277,,
15313,,1052.7136838,376320,1779546266.2194407,,,,,,,,,,0.43230182
15315,0.0,1052.7136838,376384,1779546266.332939,,,,,,,,,,
15316,,1052.7136838,376384,1779546266.332939,100.0,,,,,,,,,
15317,0.0,1052.7136838,376488,1779546266.5042076,,,,,,,,,,
15319,0.757,1052.7136838,376600,1779546266.678471,,,,,,,,,,
15320,,1052.7157955,376600,1779546266.678471,27.0,,,,,,,,,
15322,,1052.7157955,376620,1779546266.7146847,100.0,,,,,,,,,
15323,0.334,1052.7157955,376684,1779546266.8166633,,,,,,,,,,
15325,0.0,1052.7157955,376720,1779546266.878795,,,,,,,,,,
15326,,1052.7157955,376720,1779546266.878795,100.0,,,,,,,,,
15327,0.739,1052.7157955,376740,1779546266.9161177,,,,,,,,,,
15328,,1052.7157955,376740,1779546266.9161177,29.0,,,,,,,,,
15329,0.955,1052.7157955,376744,1779546266.9280622,,,,,,,,,,
15332,,1057.7079518,376832,1779546267.566049,,0.008104463,,,,,,,,
15334,,1057.7079518,376832,1779546267.566049,,,0.5565161,,,,,,,
15335,,1057.7079518,376832,1779546267.566049,,,,,,,,-0.0021803603,,
15338,,1057.7079518,376832,1779546267.566049,,,,,,,,,,0.25042498
15341,,1057.7083943,377004,1779546267.8337507,100.0,,,,,,,,,
15342,0.0,1057.7083943,377088,1779546267.970947,,,,,,,,,,
15345,,1057.7083943,377108,1779546268.0078144,25.0,,,,,,,,,
15346,0.937,1057.7083943,377140,1779546268.061889,,,,,,,,,,
15347,,1057.7083943,377140,1779546268.061889,7.0,,,,,,,,,
15349,,1057.7083943,377144,1779546268.0732703,100.0,,,,,,,,,
15350,0.0,1057.7083943,377148,1779546268.0827868,,,,,,,,,,
15351,,1057.7083943,377148,1779546268.0827868,100.0,,,,,,,,,
15353,,1057.7083943,377344,1779546268.8552747,,0.0026528677,,,,,,,,
15354,,1057.7083943,377344,1779546268.8552747,,,,,,,-0.01813354,,,
15357,,1057.7083943,377344,1779546268.8562748,,,,,,,,,0.0013433704,
15362,,1057.7083943,377372,1779546268.9128382,57.0,,,,,,,,,
15365,0.0,1057.7083943,377548,1779546269.2119162,,,,,,,,,,
15366,,1057.7083943,377548,1779546269.2119162,100.0,,,,,,,,,
15369,0.0,1057.7083943,377776,1779546269.5824502,,,,,,,,,,
15370,,1057.7083943,377776,1779546269.5834506,100.0,,,,,,,,,
15373,,1057.7090012,377856,1779546270.216785,,,,,,,-0.0012584142,,,
15375,,1057.7090012,377856,1779546270.216785,,,,,,,,-0.002455283,,
15377,,1057.7090012,377856,1779546270.216785,,,,0.0029296875,,,,,,
15378,,1057.7090012,377856,1779546270.216785,,,,,,,,,,0.13431203
15381,,1057.7090012,377896,1779546270.2838504,100.0,,,,,,,,,
15383,,1057.7090012,377952,1779546270.369477,100.0,,,,,,,,,
15384,0.0,1057.7090012,377956,1779546270.3778043,,,,,,,,,,
15385,,1057.7090012,377956,1779546270.3778043,100.0,,,,,,,,,
15386,0.532,1057.7090012,377988,1779546270.4306216,,,,,,,,,,
15389,,1057.7090012,378260,1779546270.8257575,90.0,,,,,,,,,
15392,0.0,1057.7090012,378360,1779546270.9770064,,,,,,,,,,
15399,,1057.7096007,378368,1779546271.44958,,,,,,,,,0.0020558909,
15400,,1057.7096007,378368,1779546271.44958,,,,0.005859375,,,,,,
15401,,1057.7096007,378368,1779546271.44958,,,,,,,,,,0.02100885
15403,0.0,1057.7096007,378392,1779546271.4953182,,,,,,,,,,
15404,,1057.7096007,378392,1779546271.4953182,100.0,,,,,,,,,
15406,,1057.7096007,378428,1779546271.551848,16.0,,,,,,,,,
15407,0.0,1057.7096007,378664,1779546271.9075096,,,,,,,,,,
15409,0.361,1057.7096007,378716,1779546271.9853203,,,,,,,,,,
15410,,1057.7096007,378716,1779546271.9853203,71.0,,,,,,,,,
15416,,1057.7096007,378796,1779546272.1156337,100.0,,,,,,,,,
15417,0.667,1057.7096007,378816,1779546272.1479418,,,,,,,,,,
15421,,1062.7129488,378880,1779546272.708146,,,,,,,-0.00073445495,,,
15422,,1062.7129488,378880,1779546272.708146,,,0.6937186,,,,,,,
15423,,1062.7129488,378880,1779546272.708146,,,,,,,,-0.00085205026,,
15425,,1062.7129488,378880,1779546272.708146,,,,0.00048828125,,,,,,
15428,0.541,1062.7129488,378968,1779546272.8475447,,,,,,,,,,
15430,0.784,1062.7129488,379068,1779546273.0060096,,,,,,,,,,
15431,,1062.7139578,379068,1779546273.0060096,24.0,,,,,,,,,
15432,0.0,1062.7139578,379184,1779546273.1794074,,,,,,,,,,
15433,,1062.7139578,379184,1779546273.1794074,100.0,,,,,,,,,
15434,0.0,1062.7164706,379200,1779546273.2126834,,,,,,,,,,
15438,,1062.7168473,379392,1779546274.0143175,,,,,,6.045082e-05,,,,
15440,,1062.7168473,379392,1779546274.0143175,,,,,,,-0.010028951,,,
15441,,1062.7168473,379392,1779546274.0143175,,,0.755552,,,,,,,
15443,,1062.7168473,379392,1779546274.0143175,,,,,,,,,0.00073417975,
15444,,1062.7168473,379392,1779546274.0143175,,,,0.0009765625,,,,,,
15445,,1062.7168473,379392,1779546274.0143175,,,,,,,,,,0.5107675
15446,,1062.7168473,379392,1779546274.0184848,,,,,358.0,,,,,
15448,,1062.7168473,379472,1779546274.1649587,100.0,,,,,,,,,
15450,,1062.7168473,379588,1779546274.3445697,100.0,,,,,,,,,
15451,0.0,1062.7168473,379604,1779546274.3749006,,,,,,,,,,
15453,0.0,1062.7168473,379624,1779546274.4052758,,,,,,,,,,
15454,,1062.7168473,379624,1779546274.4052758,100.0,,,,,,,,,
15455,0.0,1062.7168473,379876,1779546274.779495,,,,,,,,,,
15458,,1062.7176327,379904,1779546275.2619212,,0.0013846318,,,,,,,,
15459,,1062.7176327,379904,1779546275.2625906,,,,,,,-0.008322695,,,
15460,,1062.7176327,379904,1779546275.2625906,,,0.75069445,,,,,,,
15462,,1062.7176327,379904,1779546275.2625906,,,,,,,,,0.0015970622,
15464,,1062.7176327,379904,1779546275.2625906,,,,,,,,,,-0.60576403
15467,,1062.7180317,379924,1779546275.3053737,11.0,,,,,,,,,
15468,0.0,1062.7180317,379992,1779546275.4095907,,,,,,,,,,
15469,,1062.7180317,379992,1779546275.4095907,100.0,,,,,,,,,
15471,,1062.7180317,380008,1779546275.4383435,100.0,,,,,,,,,
15472,0.0,1062.7180317,380028,1779546275.480602,,,,,,,,,,
15474,0.937,1062.7180317,380060,1779546275.555431,,,,,,,,,,
15475,,1062.7180317,380060,1779546275.555431,7.0,,,,,,,,,
15476,0.577,1062.7180317,380116,1779546275.632755,,,,,,,,,,
15478,0.694,1062.7180317,380148,1779546275.6813638,,,,,,,,,,
15480,0.0,1062.7180317,380396,1779546276.042832,,,,,,,,,,
15481,,1062.7180317,380396,1779546276.042832,100.0,,,,,,,,,
15486,,1062.7197635,380416,1779546276.5324416,,,,,,,,-0.0029345136,,
15487,,1062.7197635,380416,1779546276.5324416,,,,,,,,,0.0020161788,
15490,,1062.7197635,380416,1779546276.53573,,,,,358.0,,,,,
15491,0.0,1062.7197635,380464,1779546276.6167634,,,,,,,,,,
15497,0.0,1062.7197635,380800,1779546277.1164856,,,,,,,,,,
15498,,1062.7197635,380800,1779546277.1164856,100.0,,,,,,,,,
15502,,1062.7197635,380924,1779546277.3111494,100.0,,,,,,,,,
15504,,1062.7213003,380928,1779546277.3213508,31.0,,,,,,,,,
15506,,1067.7225519,380928,1779546277.7850533,,0.0039370945,,,,,,,,
15508,,1067.7228592,380928,1779546277.7850533,,,0.805843,,,,,,,
15510,,1067.7228592,380928,1779546277.7850533,,,,,,,,,0.0005001677,
15511,,1067.7228592,380928,1779546277.7850533,,,,0.00048828125,,,,,,
15512,,1067.7228592,380928,1779546277.7850533,,,,,,,,,,0.2914768
15516,0.0,1067.7228592,381272,1779546278.3056836,,,,,,,,,,
15518,0.0,1067.7228592,381328,1779546278.3915863,,,,,,,,,,
15520,0.0,1067.7228592,381332,1779546278.399745,,,,,,,,,,
15521,,1067.7235571,381332,1779546278.399745,100.0,,,,,,,,,
15523,,1067.7235571,381360,1779546278.446049,100.0,,,,,,,,,
15525,,1067.7235571,381440,1779546279.0546682,,0.0009195324,,,,,,,,
15527,,1067.7235571,381440,1779546279.0556648,,,0.83264893,,,,,,,
15530,,1067.7235571,381440,1779546279.0556648,,,,0.013671875,,,,,,
15535,0.0,1067.7239241,381732,1779546279.474768,,,,,,,,,,
15536,,1067.7239241,381732,1779546279.474768,100.0,,,,,,,,,
15537,0.0,1067.7239241,381736,1779546279.4834943,,,,,,,,,,
15545,0.982,1067.7239241,381776,1779546279.5502625,,,,,,,,,,
15546,,1067.7239241,381776,1779546279.5502625,2.0,,,,,,,,,
15547,,1067.7239241,381952,1779546280.2657328,,,,,,5.917008e-05,,,,
15549,,1067.7239241,381952,1779546280.2657328,,,,,,,-0.00237343,,,
15550,,1067.7239241,381952,1779546280.2657328,,,0.7133435,,,,,,,
15551,,1067.7239241,381952,1779546280.2657328,,,,,,,,-0.00051510613,,
15552,,1067.7246425,381952,1779546280.2657328,,,,,,,,,0.0036269631,
15556,0.433,1067.7246425,381988,1779546280.3345718,,,,,,,,,,
15558,0.46,1067.7246425,382004,1779546280.3620784,,,,,,,,,,
15559,,1067.7246425,382004,1779546280.3620784,60.0,,,,,,,,,
15561,,1067.7246425,382152,1779546280.6010287,93.0,,,,,,,,,
15563,,1067.7246425,382180,1779546280.647804,100.0,,,,,,,,,
15564,0.82,1067.7246425,382264,1779546280.7827668,,,,,,,,,,
15566,0.244,1067.7246425,382344,1779546280.9114363,,,,,,,,,,
15567,,1067.7246425,382344,1779546280.9114363,84.0,,,,,,,,,
15570,0.757,1067.7246425,382456,1779546281.088271,,,,,,,,,,
15571,,1067.7246425,382456,1779546281.088271,27.0,,,,,,,,,
15573,,1067.7246425,382464,1779546281.5761435,,0.0100603085,,,,,,,,
15576,,1067.7246425,382464,1779546281.5761435,,,,,,,,0.0016179495,,
15577,,1067.7246425,382464,1779546281.5761435,,,,,,,,,0.000697135,
15581,0.0,1067.7246425,382556,1779546281.7345834,,,,,,,,,,
15582,,1067.7246425,382556,1779546281.7345834,100.0,,,,,,,,,
15583,0.0,1067.7246425,382668,1779546281.926666,,,,,,,,,,
15585,0.469,1067.7246425,382696,1779546281.9774013,,,,,,,,,,
15586,,1067.7246425,382696,1779546281.9774013,59.0,,,,,,,,,
15589,0.0,1067.7254174,382960,1779546282.4105005,,,,,,,,,,
15591,,1072.7271381,382976,1779546282.9383547,,,,,,5.8657788e-05,,,,
15593,,1072.7278831,382976,1779546282.9383547,,,,,,,-0.009336801,,,
15594,,1072.7278831,382976,1779546282.9383547,,,0.7823733,,,,,,,
15596,,1072.7278831,382976,1779546282.9383547,,,,,,,,,0.00096780946,
15597,,1072.7278831,382976,1779546282.9383547,,,,0.001953125,,,,,,
15599,,1072.7278831,382976,1779546282.9426744,,,,,359.0,,,,,
15604,0.262,1072.7278831,383096,1779546283.1541564,,,,,,,,,,
15605,,1072.7278831,383096,1779546283.1541564,82.0,,,,,,,,,
15606,0.0,1072.7278831,383364,1779546283.5768163,,,,,,,,,,
15608,0.0,1072.7278831,383400,1779546283.6348531,,,,,,,,,,
15612,,1072.7278831,383488,1779546284.207721,,,,,,5.8401638e-05,,,,
15615,,1072.7287252,383488,1779546284.209408,,,0.7748481,,,,,,,
15617,,1072.7287252,383488,1779546284.209408,,,,,,,,,0.0008956543,
15619,,1072.7322457,383488,1779546284.209408,,,,,,,,,,-0.35335755
15620,,1072.7322457,383488,1779546284.2133002,,,,,359.0,,,,,
15621,0.0,1072.7322457,383500,1779546284.238527,,,,,,,,,,
15628,,1072.7329298,383768,1779546284.6428444,100.0,,,,,,,,,
15630,,1072.7329298,383880,1779546284.8040237,100.0,,,,,,,,,
15636,,1072.7367834,384000,1779546285.4149258,,,0.7536933,,,,,,,
15638,,1072.7374249,384000,1779546285.415922,,,,,,,,,0.0016029039,
15640,,1072.7374249,384000,1779546285.415922,,,,,,,,,,0.5207294
15642,0.0,1072.7374249,384096,1779546285.5535302,,,,,,,,,,
15643,,1072.7374249,384096,1779546285.5535302,100.0,,,,,,,,,
15644,0.478,1072.7374249,384116,1779546285.583282,,,,,,,,,,
15645,,1072.7382742,384116,1779546285.583282,58.0,,,,,,,,,
15646,0.0,1072.7382742,384172,1779546285.662472,,,,,,,,,,
15653,,1072.7382742,384500,1779546286.187729,100.0,,,,,,,,,
15655,,1072.7382742,384512,1779546286.6374557,,0.0033430248,,,,,,,,
15656,,1072.7382742,384512,1779546286.6374557,,,,,,,-0.008256108,,,
15657,,1072.7382742,384512,1779546286.6374557,,,0.668824,,,,,,,
15660,,1072.7388316,384512,1779546286.6384547,,,,0.0014648438,,,,,,
15661,,1072.7388316,384512,1779546286.6384547,,,,,,,,,,0.5787471
15662,,1072.7388316,384512,1779546286.6404433,,,,,359.0,,,,,
15663,0.0,1072.7388316,384520,1779546286.6582537,,,,,,,,,,
15664,,1072.7388316,384520,1779546286.6582537,100.0,,,,,,,,,
15665,0.0,1072.7388316,384604,1779546286.778555,,,,,,,,,,
15666,,1072.7388316,384604,1779546286.778555,100.0,,,,,,,,,
15667,0.802,1072.7388316,384696,1779546286.9078345,,,,,,,,,,
15669,0.0,1072.7388316,384712,1779546286.9324777,,,,,,,,,,
15671,0.586,1072.7393192,384900,1779546287.1891143,,,,,,,,,,
15672,,1072.7393192,384900,1779546287.1891143,46.0,,,,,,,,,
15673,0.0,1072.7393192,384904,1779546287.1977262,,,,,,,,,,
15674,,1072.7393192,384904,1779546287.1977262,100.0,,,,,,,,,
15676,,1072.7393192,384924,1779546287.234593,100.0,,,,,,,,,
15680,,1072.7393192,384996,1779546287.3536875,17.0,,,,,,,,,
15681,,1077.7465376,385024,1779546287.8164673,,,,,,5.7633195e-05,,,,
15683,,1077.7465376,385024,1779546287.8164673,,,,,,,-0.0033317804,,,
15684,,1077.7465376,385024,1779546287.8164673,,,0.8765043,,,,,,,
15686,,1077.7465376,385024,1779546287.817482,,,,,,,,,0.000583726,
15687,,1077.7465376,385024,1779546287.817482,,,,0.0,,,,,,
15689,,1077.7465376,385024,1779546287.8194818,,,,,359.0,,,,,
15691,,1077.7465376,385044,1779546287.854767,15.0,,,,,,,,,
15692,0.0,1077.7465376,385100,1779546287.9358792,,,,,,,,,,
15695,,1077.747387,385148,1779546288.0075235,37.0,,,,,,,,,
15696,0.766,1077.747387,385152,1779546288.0168107,,,,,,,,,,
15697,,1077.747387,385152,1779546288.0168107,26.0,,,,,,,,,
15699,,1077.747387,385308,1779546288.2318568,100.0,,,,,,,,,
15700,0.451,1077.747387,385348,1779546288.2933173,,,,,,,,,,
15701,,1077.747387,385348,1779546288.294018,61.0,,,,,,,,,
15703,,1077.747387,385536,1779546288.9965155,,0.0059176763,,,,,,,,
15706,,1077.747387,385536,1779546288.9965155,,,,,,,,0.008281348,,
15707,,1077.747387,385536,1779546288.9965155,,,,,,,,,0.000573501,
15710,,1077.7480081,385536,1779546288.9995265,,,,,359.0,,,,,
15711,0.0,1077.7480081,385552,1779546289.0306737,,,,,,,,,,
15712,,1077.7480081,385552,1779546289.0306737,100.0,,,,,,,,,
15713,0.0,1077.7480081,385556,1779546289.0395422,,,,,,,,,,
15714,,1077.7480081,385556,1779546289.0395422,100.0,,,,,,,,,
15715,0.91,1077.7480081,385596,1779546289.0971003,,,,,,,,,,
15716,,1077.7480081,385596,1779546289.0971003,10.0,,,,,,,,,
15720,,1077.7480081,385752,1779546289.327692,100.0,,,,,,,,,
15723,0.775,1077.7480081,385856,1779546289.5141895,,,,,,,,,,
15726,,1077.7480081,385960,1779546289.6544793,100.0,,,,,,,,,
15727,0.0,1077.7480081,386000,1779546289.7269685,,,,,,,,,,
15728,,1077.7480081,386000,1779546289.7269685,100.0,,,,,,,,,
15732,,1077.7480081,386048,1779546290.2051897,,,0.75592506,,,,,,,
15733,,1077.7480081,386048,1779546290.2051897,,,,,,,,0.011992918,,
15735,,1077.7480081,386048,1779546290.2051897,,,,0.024414062,,,,,,
15737,,1077.7480081,386048,1779546290.2083213,,,,,359.0,,,,,
15740,0.0,1077.748846,386208,1779546290.466235,,,,,,,,,,
15741,,1077.748846,386208,1779546290.466235,100.0,,,,,,,,,
15742,0.0,1077.748846,386260,1779546290.5553203,,,,,,,,,,
15743,,1077.748846,386260,1779546290.5561323,100.0,,,,,,,,,
15745,,1077.748846,386280,1779546290.594834,4.0,,,,,,,,,
15746,0.0,1077.748846,386364,1779546290.7353768,,,,,,,,,,
15747,,1077.748846,386364,1779546290.7353768,100.0,,,,,,,,,
15748,0.568,1077.748846,386404,1779546290.803343,,,,,,,,,,
15749,,1077.748846,386404,1779546290.803343,48.0,,,,,,,,,
15750,0.0,1077.748846,386488,1779546290.9223135,,,,,,,,,,
15751,,1077.748846,386488,1779546290.9223135,100.0,,,,,,,,,
15756,,1077.748846,386560,1779546291.496845,,,,,,,-0.003175646,,,
15758,,1077.748846,386560,1779546291.496845,,,,,,,,0.004356866,,
15759,,1077.748846,386560,1779546291.496845,,,,,,,,,0.0014954009,
15760,,1077.748846,386560,1779546291.496845,,,,0.00390625,,,,,,
15761,,1077.748846,386560,1779546291.496845,,,,,,,,,,0.5911534
15762,,1077.748846,386560,1779546291.500865,,,,,359.0,,,,,
15763,0.0,1077.748846,386684,1779546291.7142367,,,,,,,,,,
15764,,1077.748846,386684,1779546291.7142367,100.0,,,,,,,,,
15765,0.0,1077.748846,386808,1779546291.9163659,,,,,,,,,,
15772,,1077.748846,386932,1779546292.1037977,100.0,,,,,,,,,
15773,0.901,1077.748846,386940,1779546292.1177008,,,,,,,,,,
15776,,1082.7513174,387072,1779546292.7778509,,0.006513931,,,,,,,,
15779,,1082.7518235,387072,1779546292.7778509,,,,,,,,0.011544797,,
15782,,1082.7518235,387072,1779546292.7778509,,,,,,,,,,0.37154377
15784,0.0,1082.7518235,387212,1779546292.9668922,,,,,,,,,,
15785,,1082.7518235,387212,1779546292.9668922,100.0,,,,,,,,,
15787,,1082.7518235,387228,1779546292.9935956,73.0,,,,,,,,,
15788,0.0,1082.7518235,387284,1779546293.0738325,,,,,,,,,,
15789,,1082.7521651,387284,1779546293.0738325,100.0,,,,,,,,,
15795,,1082.7521651,387472,1779546293.3649185,31.0,,,,,,,,,
15796,,1082.7526727,387584,1779546293.9565556,,,,,,5.635246e-05,,,,
15797,,1082.7526727,387584,1779546293.9565556,,0.0039354954,,,,,,,,
15798,,1082.7526727,387584,1779546293.9565556,,,,,,,-0.0019070655,,,
15799,,1082.7526727,387584,1779546293.9565556,,,1.0612518,,,,,,,
15800,,1082.7526727,387584,1779546293.9565556,,,,,,,,0.0014629327,,
15802,,1082.7526727,387584,1779546293.9565556,,,,0.0,,,,,,
15803,,1082.7526727,387584,1779546293.9565556,,,,,,,,,,0.20412028
15804,,1082.7526727,387584,1779546293.9585507,,,,,359.0,,,,,
15805,0.748,1082.7526727,387588,1779546293.9698765,,,,,,,,,,
15806,,1082.7526727,387588,1779546293.9698765,28.0,,,,,,,,,
15807,0.0,1082.7526727,387632,1779546294.032882,,,,,,,,,,
15810,,1082.7526727,387688,1779546294.1142814,100.0,,,,,,,,,
15815,0.0,1082.7533264,388036,1779546294.6639667,,,,,,,,,,
15816,,1082.7533264,388036,1779546294.6639667,100.0,,,,,,,,,
15818,,1082.7533264,388056,1779546294.6953397,15.0,,,,,,,,,
15819,0.0,1082.7533264,388092,1779546294.7478178,,,,,,,,,,
15820,,1082.7533264,388092,1779546294.7478178,100.0,,,,,,,,,
15821,,1082.7533264,388096,1779546295.1795104,,,,,,5.6096313e-05,,,,
15822,,1082.7533264,388096,1779546295.1795104,,0.0040212334,,,,,,,,
15825,,1082.7533264,388096,1779546295.1805353,,,,,,,,-0.00094167236,,
15826,,1082.7533264,388096,1779546295.1805353,,,,,,,,,0.00014599459,
15828,,1082.7533264,388096,1779546295.1805353,,,,,,,,,,0.2875167
15830,0.928,1082.7533264,388128,1779546295.2354062,,,,,,,,,,
15831,,1082.7533264,388128,1779546295.2354062,8.0,,,,,,,,,
15832,0.0,1082.7533264,388252,1779546295.4395401,,,,,,,,,,
15834,0.325,1082.7533264,388360,1779546295.6191833,,,,,,,,,,
15835,,1082.7533264,388360,1779546295.6191833,75.0,,,,,,,,,
15836,0.766,1082.7533264,388360,1779546295.620319,,,,,,,,,,
15837,,1082.7533264,388360,1779546295.620319,26.0,,,,,,,,,
15838,0.0,1082.7533264,388440,1779546295.7420094,,,,,,,,,,
15839,,1082.7539774,388440,1779546295.7420094,100.0,,,,,,,,,
15842,0.0,1082.7539774,388532,1779546295.8836453,,,,,,,,,,
15844,,1082.7539774,388608,1779546296.494699,,,,,,5.5840163e-05,,,,
15845,,1082.7539774,388608,1779546296.494699,,0.0051757656,,,,,,,,
15846,,1082.7539774,388608,1779546296.4956653,,,,,,,-0.0024892818,,,
15848,,1082.7539774,388608,1779546296.4956653,,,,,,,,0.005920721,,
15849,,1082.7539774,388608,1779546296.4956653,,,,,,,,,0.0026703994,
15852,,1082.7539774,388608,1779546296.4993052,,,,,359.0,,,,,
15853,0.136,1082.7539774,388748,1779546296.715096,,,,,,,,,,
15854,,1082.7539774,388748,1779546296.715096,96.0,,,,,,,,,
15856,,1082.7545018,388764,1779546296.743169,100.0,,,,,,,,,
15860,,1082.7545018,388868,1779546296.9142916,100.0,,,,,,,,,
15862,,1082.7545018,388936,1779546297.0560076,100.0,,,,,,,,,
15863,,1087.759242,389120,1779546297.7912965,,,,,,5.5584016e-05,,,,
15865,,1087.759242,389120,1779546297.7912965,,,,,,,0.00035602786,,,
15867,,1087.759242,389120,1779546297.7912965,,,,,,,,0.0071959207,,
15869,,1087.759242,389120,1779546297.7928064,,,,0.0146484375,,,,,,
15872,0.0,1087.759832,389168,1779546297.8665595,,,,,,,,,,
15875,,1087.759832,389168,1779546297.868373,100.0,,,,,,,,,
15877,,1087.759832,389272,1779546298.0250354,100.0,,,,,,,,,
15878,0.0,1087.759832,389340,1779546298.126987,,,,,,,,,,
15879,,1087.759832,389340,1779546298.1279113,100.0,,,,,,,,,
15882,0.559,1087.759832,389368,1779546298.174628,,,,,,,,,,
15887,,1087.759832,389524,1779546298.4128225,38.0,,,,,,,,,
15888,,1087.759832,389632,1779546298.979253,,,,,,5.532787e-05,,,,
15889,,1087.759832,389632,1779546298.979253,,0.0060591525,,,,,,,,
15890,,1087.759832,389632,1779546298.979253,,,,,,,-0.015981,,,
15897,0.0,1087.759832,389744,1779546299.1428068,,,,,,,,,,
15898,,1087.759832,389744,1779546299.1428068,100.0,,,,,,,,,
15899,0.0,1087.759832,389768,1779546299.178084,,,,,,,,,,
15900,,1087.759832,389768,1779546299.178084,100.0,,,,,,,,,
15902,,1087.7604234,389836,1779546299.27483,77.0,,,,,,,,,
15903,0.0,1087.7604234,389856,1779546299.3108265,,,,,,,,,,
15904,,1087.7604234,389856,1779546299.3108265,100.0,,,,,,,,,
15906,,1087.7604234,390144,1779546300.2771602,,0.0018359402,,,,,,,,
15911,,1087.7604234,390144,1779546300.2771602,,,,0.0053710938,,,,,,
15912,,1087.7604234,390144,1779546300.2771602,,,,,,,,,,-0.5155922
15913,,1087.7604234,390144,1779546300.2797878,,,,,360.0,,,,,
15916,0.0,1087.7604234,390172,1779546300.3491318,,,,,,,,,,
15918,0.0,1087.7604234,390240,1779546300.472346,,,,,,,,,,
15919,,1087.7656527,390240,1779546300.472346,100.0,,,,,,,,,
15920,0.0,1087.7656527,390260,1779546300.5044055,,,,,,,,,,
15921,,1087.7656527,390260,1779546300.5049937,100.0,,,,,,,,,
15922,0.856,1087.7656527,390308,1779546300.5732493,,,,,,,,,,
15923,,1087.7656527,390308,1779546300.5732493,16.0,,,,,,,,,
15925,,1087.7669459,390448,1779546300.7761033,46.0,,,,,,,,,
15926,0.0,1087.7669459,390552,1779546300.9247065,,,,,,,,,,
15927,,1087.767635,390552,1779546300.9247065,100.0,,,,,,,,,
15928,0.0,1087.767635,390576,1779546300.961947,,,,,,,,,,
15929,,1087.767635,390576,1779546300.961947,100.0,,,,,,,,,
15931,,1087.767635,390656,1779546301.5516953,,0.0035560522,,,,,,,,
15932,,1087.767635,390656,1779546301.5516953,,,,,,,-0.004340671,,,
15933,,1087.767635,390656,1779546301.5516953,,,0.99806195,,,,,,,
15934,,1087.767635,390656,1779546301.5516953,,,,,,,,0.00010867044,,
15937,,1087.767635,390656,1779546301.5516953,,,,,,,,,,0.51273024
15938,,1087.767635,390656,1779546301.554912,,,,,360.0,,,,,
15939,0.0,1087.767635,390712,1779546301.6625566,,,,,,,,,,
15940,,1087.7681636,390712,1779546301.663162,100.0,,,,,,,,,
15941,0.0,1087.7681636,390852,1779546301.9020262,,,,,,,,,,
15944,,1087.7681636,390932,1779546302.022155,94.0,,,,,,,,,
15952,,1087.7688354,391132,1779546302.3214738,3.0,,,,,,,,,
15954,,1092.7724529,391168,1779546302.8039844,,0.0043111867,,,,,,,,
15955,,1092.7724529,391168,1779546302.8039844,,,,,,,-0.004600805,,,
15956,,1092.7724529,391168,1779546302.8039844,,,0.9546552,,,,,,,
15958,,1092.7724529,391168,1779546302.8039844,,,,,,,,,0.0022500833,
15960,,1092.7731574,391168,1779546302.8039844,,,,,,,,,,0.3519597
15964,0.0,1092.7731574,391256,1779546302.9388769,,,,,,,,,,
15965,,1092.7731574,391256,1779546302.9394186,100.0,,,,,,,,,
15967,,1092.7731574,391336,1779546303.0590425,100.0,,,,,,,,,
15968,0.604,1092.7731574,391372,1779546303.1138377,,,,,,,,,,
15969,,1092.7737031,391372,1779546303.1148453,44.0,,,,,,,,,
15970,0.739,1092.7737031,391376,1779546303.123715,,,,,,,,,,
15971,,1092.7737031,391376,1779546303.123715,29.0,,,,,,,,,
15973,,1092.7737031,391460,1779546303.2380965,100.0,,,,,,,,,
15975,,1092.7737031,391548,1779546303.365542,42.0,,,,,,,,,
15976,,1092.7737031,391680,1779546303.9750593,,,,,,5.430328e-05,,,,
15977,,1092.7737031,391680,1779546303.9750593,,0.0063364008,,,,,,,,
15980,,1092.7737031,391680,1779546303.9750593,,,,,,,,-0.001379759,,
15986,,1092.7737031,391740,1779546304.070685,100.0,,,,,,,,,
15988,,1092.7737031,391776,1779546304.1237652,100.0,,,,,,,,,
15990,,1092.7737031,391864,1779546304.2477045,100.0,,,,,,,,,
15991,0.0,1092.7737031,391952,1779546304.387216,,,,,,,,,,
15996,,1092.7744709,392144,1779546304.665041,100.0,,,,,,,,,
15999,,1092.7744709,392192,1779546305.1570377,,,,,,5.404713e-05,,,,
16000,,1092.7744709,392192,1779546305.158038,,0.002686876,,,,,,,,
16005,,1092.7744709,392192,1779546305.158038,,,,0.0034179688,,,,,,
16007,,1092.7744709,392192,1779546305.16084,,,,,360.0,,,,,
16008,0.0,1092.7752521,392356,1779546305.4124026,,,,,,,,,,
16009,,1092.7752521,392356,1779546305.4124026,100.0,,,,,,,,,
16010,0.0,1092.7752521,392388,1779546305.4731812,,,,,,,,,,
16011,,1092.7752521,392388,1779546305.4731812,100.0,,,,,,,,,
16012,0.0,1092.7752521,392548,1779546305.7294643,,,,,,,,,,
16015,,1092.7752521,392584,1779546305.782589,100.0,,,,,,,,,
16016,0.343,1092.7752521,392684,1779546305.9254074,,,,,,,,,,
16018,,1092.7752521,392704,1779546306.3849804,,,,,,5.3790984e-05,,,,
16019,,1092.7752521,392704,1779546306.3860042,,0.0010606179,,,,,,,,
16022,,1092.7752521,392704,1779546306.3860042,,,,,,,,0.0039597545,,
16024,,1092.7762831,392704,1779546306.3860042,,,,0.018066406,,,,,,
16029,0.0,1092.7772724,392760,1779546306.483617,,,,,,,,,,
16030,,1092.7772724,392760,1779546306.483617,100.0,,,,,,,,,
16031,0.955,1092.7772724,392780,1779546306.5179155,,,,,,,,,,
16032,,1092.7772724,392780,1779546306.5179155,5.0,,,,,,,,,
16035,0.946,1092.7772724,392808,1779546306.5632706,,,,,,,,,,
16037,0.0,1092.7772724,392952,1779546306.7646,,,,,,,,,,
16039,0.0,1092.7772724,392988,1779546306.8135893,,,,,,,,,,
16041,0.658,1092.7792697,393144,1779546307.071424,,,,,,,,,,
16043,0.0,1092.7792697,393188,1779546307.1462965,,,,,,,,,,
16044,,1092.7792697,393188,1779546307.1462965,100.0,,,,,,,,,
16047,,1097.7775371,393216,1779546307.617298,,,,,,5.3534837e-05,,,,
16050,,1097.778267,393216,1779546307.617298,,,0.7019042,,,,,,,
16051,,1097.778267,393216,1779546307.617298,,,,,,,,0.0036660274,,
16052,,1097.778267,393216,1779546307.617298,,,,,,,,,0.00049864687,
16053,,1097.778267,393216,1779546307.617298,,,,0.0,,,,,,
16054,,1097.778267,393216,1779546307.617298,,,,,,,,,,0.57948303
16055,,1097.778267,393216,1779546307.6199312,,,,,360.0,,,,,
16057,,1097.778267,393356,1779546307.8112533,100.0,,,,,,,,,
16058,0.694,1097.778267,393496,1779546308.0054803,,,,,,,,,,
16059,,1097.778267,393496,1779546308.0054803,34.0,,,,,,,,,
16061,,1097.778267,393548,1779546308.082626,100.0,,,,,,,,,
16063,,1097.778267,393592,1779546308.1442447,100.0,,,,,,,,,
16067,,1097.7790261,393684,1779546308.2766044,22.0,,,,,,,,,
16068,,1097.7790261,393728,1779546308.796111,,,,,,5.3278687e-05,,,,
16069,,1097.7790261,393728,1779546308.796111,,0.0043875035,,,,,,,,
16070,,1097.7790261,393728,1779546308.796111,,,,,,,-0.0021140408,,,
16073,,1097.7790261,393728,1779546308.796111,,,,,,,,,0.00021973439,
16075,,1097.7790261,393728,1779546308.796111,,,,,,,,,,0.40972435
16077,0.0,1097.7790261,393900,1779546309.034738,,,,,,,,,,
16078,,1097.7790261,393900,1779546309.034738,100.0,,,,,,,,,
16080,,1097.7790261,393952,1779546309.1121757,100.0,,,,,,,,,
16081,0.0,1097.7790261,394020,1779546309.2075548,,,,,,,,,,
16083,0.874,1097.7790261,394080,1779546309.2961917,,,,,,,,,,
16086,,1097.7790261,394088,1779546309.3147707,100.0,,,,,,,,,
16087,,1097.7790261,394240,1779546309.9772754,,,,,,5.302254e-05,,,,
16088,,1097.7790261,394240,1779546309.9772754,,0.005190239,,,,,,,,
16091,,1097.7829639,394240,1779546309.9772754,,,,,,,,-0.00220251,,
16092,,1097.7829639,394240,1779546309.9772754,,,,,,,,,0.00045368774,
16095,,1097.7839716,394240,1779546309.979781,,,,,360.0,,,,,
16098,0.0,1097.7839716,394356,1779546310.1466913,,,,,,,,,,
16100,0.235,1097.7839716,394432,1779546310.254091,,,,,,,,,,
16101,,1097.7839716,394432,1779546310.254091,85.0,,,,,,,,,
16103,,1097.7839716,394484,1779546310.3387907,100.0,,,,,,,,,
16109,,1097.7843673,394752,1779546311.2366724,,0.005435592,,,,,,,,
16114,,1097.7850494,394752,1779546311.2366724,,,,0.0,,,,,,
16117,0.685,1097.7850494,394804,1779546311.3295174,,,,,,,,,,
16119,0.0,1097.7850494,394836,1779546311.3952258,,,,,,,,,,
16122,,1097.7854287,394848,1779546311.4231162,10.0,,,,,,,,,
16128,,1097.7859776,395240,1779546312.0568075,100.0,,,,,,,,,
16135,,1102.7886115,395264,1779546312.5844014,,,,,,,,0.00070486683,,
16136,,1102.7886115,395264,1779546312.5844014,,,,,,,,,0.0012006764,
16137,,1102.7886115,395264,1779546312.5844014,,,,0.0,,,,,,
16138,,1102.7886115,395264,1779546312.5844014,,,,,,,,,,0.28073263
16140,0.0,1102.7886115,395292,1779546312.645771,,,,,,,,,,
16142,0.379,1102.7886115,395344,1779546312.7373748,,,,,,,,,,
16143,,1102.7886115,395344,1779546312.7373748,69.0,,,,,,,,,
16145,,1102.7886115,395644,1779546313.1679409,100.0,,,,,,,,,
16147,,1102.7886115,395644,1779546313.169105,74.0,,,,,,,,,
16148,0.0,1102.7891185,395656,1779546313.1925159,,,,,,,,,,
16149,,1102.7891185,395656,1779546313.1925159,100.0,,,,,,,,,
16154,,1102.7891185,395776,1779546313.8217173,,,,,,,-0.0033235177,,,
16155,,1102.7891185,395776,1779546313.8217173,,,0.8297906,,,,,,,
16157,,1102.7891185,395776,1779546313.8217173,,,,,,,,,0.0004717391,
16158,,1102.7891185,395776,1779546313.8217173,,,,0.00048828125,,,,,,
16159,,1102.7891185,395776,1779546313.8217173,,,,,,,,,,-0.32584608
16161,0.208,1102.7891185,396012,1779546314.178002,,,,,,,,,,
16162,,1102.7891185,396012,1779546314.178002,88.0,,,,,,,,,
16163,0.0,1102.7891185,396048,1779546314.2438593,,,,,,,,,,
16164,,1102.7891185,396048,1779546314.244479,100.0,,,,,,,,,
16167,0.874,1102.7891185,396072,1779546314.29296,,,,,,,,,,
16169,0.0,1102.7891185,396100,1779546314.344429,,,,,,,,,,
16174,,1102.7891185,396288,1779546315.0560727,,0.0048907674,,,,,,,,
16175,,1102.7898249,396288,1779546315.0560727,,,,,,,-0.0037979987,,,
16176,,1102.7898249,396288,1779546315.0570686,,,0.81015474,,,,,,,
16180,,1102.7898249,396288,1779546315.0570686,,,,,,,,,,0.49666274
16181,,1102.7898249,396288,1779546315.0599642,,,,,360.0,,,,,
16183,,1102.7898249,396296,1779546315.0765219,55.0,,,,,,,,,
16186,0.0,1102.7898249,396504,1779546315.38308,,,,,,,,,,
16188,0.757,1102.7898249,396564,1779546315.4958453,,,,,,,,,,
16189,,1102.7898249,396564,1779546315.4958453,27.0,,,,,,,,,
16192,0.0,1102.7898249,396700,1779546315.689286,,,,,,,,,,
16193,,1102.7898249,396700,1779546315.689286,100.0,,,,,,,,,
16194,,1102.7898249,396800,1779546316.2471879,,,,,,5.1741805e-05,,,,
16197,,1102.7898249,396800,1779546316.2471879,,,0.78387356,,,,,,,
16199,,1102.7898249,396800,1779546316.2471879,,,,,,,,,0.0004996378,
16201,,1102.7898249,396800,1779546316.2471879,,,,,,,,,,0.10567188
16202,,1102.7898249,396800,1779546316.2504892,,,,,360.0,,,,,
16203,0.0,1102.7898249,396908,1779546316.4254591,,,,,,,,,,
16205,0.0,1102.7898249,396968,1779546316.5329623,,,,,,,,,,
16207,0.874,1102.7904411,396968,1779546316.5344982,,,,,,,,,,
16214,,1102.7904411,397224,1779546316.9762547,35.0,,,,,,,,,
16215,,1107.7926513,397312,1779546317.527293,,,,,,5.1485655e-05,,,,
16218,,1107.7934941,397312,1779546317.527293,,,0.78894013,,,,,,,
16220,,1107.7934941,397312,1779546317.527293,,,,,,,,,0.0014829217,
16221,,1107.7934941,397312,1779546317.527293,,,,0.0043945312,,,,,,
16222,,1107.7934941,397312,1779546317.527293,,,,,,,,,,0.32142645
16223,,1107.7934941,397312,1779546317.5300167,,,,,360.0,,,,,
16225,,1107.7934941,397360,1779546317.6057057,33.0,,,,,,,,,
16229,,1107.7934941,397372,1779546317.627876,100.0,,,,,,,,,
16233,,1107.7934941,397716,1779546318.1674469,88.0,,,,,,,,,
16236,0.0,1107.7941692,397776,1779546318.2520962,,,,,,,,,,
16238,0.91,1107.7941692,397820,1779546318.319957,,,,,,,,,,
16239,,1107.7941692,397820,1779546318.319957,10.0,,,,,,,,,
16240,,1107.7941692,397824,1779546318.7645001,,,,,,5.122951e-05,,,,
16242,,1107.7941692,397824,1779546318.7655091,,,,,,,-0.009555526,,,
16243,,1107.7941692,397824,1779546318.7655091,,,0.843648,,,,,,,
16246,,1107.7941692,397824,1779546318.7655091,,,,0.009765625,,,,,,
16249,0.973,1107.7941692,397836,1779546318.7910972,,,,,,,,,,
16251,0.0,1107.7941692,397880,1779546318.8691843,,,,,,,,,,
16254,,1107.7948554,397956,1779546318.993106,18.0,,,,,,,,,
16256,,1107.7948554,397972,1779546319.0238109,48.0,,,,,,,,,
16257,0.0,1107.7948554,398120,1779546319.2641912,,,,,,,,,,
16260,,1107.7948554,398236,1779546319.4594235,28.0,,,,,,,,,
16262,,1107.7948554,398240,1779546319.469962,100.0,,,,,,,,,
16263,,1107.7948554,398336,1779546320.0255406,,,,,,5.097336e-05,,,,
16264,,1107.7948554,398336,1779546320.0255406,,0.006905218,,,,,,,,
16265,,1107.7948554,398336,1779546320.0255406,,,,,,,-0.004515568,,,
16267,,1107.7948554,398336,1779546320.0255406,,,,,,,,0.0037672808,,
16268,,1107.7948554,398336,1779546320.0255406,,,,,,,,,0.0016612774,
16271,,1107.7948554,398336,1779546320.0281718,,,,,361.0,,,,,
16272,0.0,1107.7948554,398360,1779546320.069129,,,,,,,,,,
16273,,1107.7948554,398360,1779546320.069129,100.0,,,,,,,,,
16274,0.0,1107.7948554,398376,1779546320.0939782,,,,,,,,,,
16278,0.0,1107.7948554,398644,1779546320.5033188,,,,,,,,,,
16280,0.0,1107.7948554,398764,1779546320.6892397,,,,,,,,,,
16281,,1107.797269,398764,1779546320.6892397,100.0,,,,,,,,,
16282,0.0,1107.797269,398780,1779546320.7147841,,,,,,,,,,
16284,,1107.797269,398848,1779546321.2192628,,,,,,5.071721e-05,,,,
16287,,1107.797269,398848,1779546321.2202747,,,1.2093089,,,,,,,
16290,,1107.797956,398848,1779546321.2202747,,,,0.0014648438,,,,,,
16291,,1107.797956,398848,1779546321.2202747,,,,,,,,,,-0.43668473
16294,,1107.797956,398868,1779546321.2605636,25.0,,,,,,,,,
16295,0.0,1107.797956,399044,1779546321.5426111,,,,,,,,,,
16298,,1107.797956,399048,1779546321.5517337,100.0,,,,,,,,,
16299,0.0,1107.797956,399184,1779546321.7430248,,,,,,,,,,
16303,,1107.797956,399360,1779546322.4941404,,,,,,5.0461065e-05,,,,
16306,,1107.7987722,399360,1779546322.4941404,,,1.0981488,,,,,,,
16308,,1107.7987722,399360,1779546322.4941404,,,,,,,,,0.0037261187,
16312,0.0,1112.8012746,399448,1779546322.6545994,,,,,,,,,,
16313,,1112.8018539,399448,1779546322.6545994,100.0,,,,,,,,,
16314,0.0,1112.8018539,399452,1779546322.6667807,,,,,,,,,,
16316,0.829,1112.8018539,399532,1779546322.7968912,,,,,,,,,,
16318,0.0,1112.8018539,399588,1779546322.8794239,,,,,,,,,,
16319,,1112.8018539,399588,1779546322.8794239,100.0,,,,,,,,,
16323,,1112.8021563,399676,1779546323.012384,100.0,,,,,,,,,
16325,,1112.8021563,399676,1779546323.0139081,56.0,,,,,,,,,
16328,0.892,1112.8021563,399728,1779546323.0939417,,,,,,,,,,
16329,,1112.8021563,399728,1779546323.0946798,12.0,,,,,,,,,
16330,0.739,1112.8021563,399800,1779546323.1937788,,,,,,,,,,
16333,,1112.8026689,399872,1779546323.7152596,,0.010591099,,,,,,,,
16335,,1112.8026689,399872,1779546323.7152596,,,1.0275136,,,,,,,
16336,,1112.8026689,399872,1779546323.7152596,,,,,,,,0.003990018,,
16339,,1112.8026689,399872,1779546323.7162576,,,,,,,,,,0.5541291
16341,0.766,1112.8026689,399908,1779546323.7760165,,,,,,,,,,
16342,,1112.8026689,399908,1779546323.7770166,26.0,,,,,,,,,
16347,0.0,1112.8026689,400052,1779546323.9881678,,,,,,,,,,
16348,,1112.8026689,400052,1779546323.9881678,100.0,,,,,,,,,
16350,,1112.8026689,400080,1779546324.0311077,100.0,,,,,,,,,
16352,,1112.8026689,400292,1779546324.3297222,52.0,,,,,,,,,
16353,0.0,1112.8026689,400312,1779546324.3611763,,,,,,,,,,
16355,,1112.8026689,400384,1779546324.8964822,,,,,,4.994877e-05,,,,
16356,,1112.8026689,400384,1779546324.8964822,,0.006633563,,,,,,,,
16357,,1112.8026689,400384,1779546324.8964822,,,,,,,-0.012964257,,,
16362,,1112.8033121,400384,1779546324.8974814,,,,,,,,,,0.57444245
16363,,1112.8033121,400384,1779546324.9001205,,,,,361.0,,,,,
16364,0.0,1112.8033121,400432,1779546324.9714646,,,,,,,,,,
16365,,1112.8033121,400432,1779546324.9714646,100.0,,,,,,,,,
16368,0.0,1112.8033121,400696,1779546325.3519256,,,,,,,,,,
16369,,1112.8033121,400696,1779546325.3519256,100.0,,,,,,,,,
16373,,1112.8033121,400836,1779546325.5908267,100.0,,,,,,,,,
16375,,1112.8033121,400860,1779546325.629009,100.0,,,,,,,,,
16381,,1112.8033121,400896,1779546326.1270733,,,,,,,,,0.0004143142,
16389,0.0,1112.8039121,401120,1779546326.5046434,,,,,,,,,,
16390,,1112.8039121,401120,1779546326.5046434,100.0,,,,,,,,,
16391,0.271,1112.8039121,401188,1779546326.6078393,,,,,,,,,,
16395,0.0,1112.8039121,401344,1779546326.8787622,,,,,,,,,,
16397,,1112.8039121,401408,1779546327.4607809,,,,,,4.9436476e-05,,,,
16398,,1112.8039121,401408,1779546327.4617803,,0.0053522573,,,,,,,,
16399,,1112.8039121,401408,1779546327.4617803,,,,,,,-0.008599775,,,
16400,,1112.8039121,401408,1779546327.4617803,,,0.9457892,,,,,,,
16401,,1112.8039121,401408,1779546327.4617803,,,,,,,,-0.0030045724,,
16402,,1112.8039121,401408,1779546327.4617803,,,,,,,,,0.0020229062,
16407,,1117.8058396,401504,1779546327.618296,100.0,,,,,,,,,
16410,0.0,1117.8058396,401632,1779546327.821644,,,,,,,,,,
16411,,1117.8058396,401632,1779546327.821644,100.0,,,,,,,,,
16413,,1117.8058396,401748,1779546327.998581,100.0,,,,,,,,,
16415,,1117.8058396,401788,1779546328.0642436,38.0,,,,,,,,,
16424,,1117.8064282,401920,1779546328.6768134,,,,,,,,0.003981325,,
16425,,1117.8071104,401920,1779546328.6768134,,,,,,,,,0.0024040192,
16426,,1117.8071104,401920,1779546328.6768134,,,,0.0034179688,,,,,,
16428,,1117.8071104,401920,1779546328.680601,,,,,361.0,,,,,
16429,0.0,1117.8071104,401928,1779546328.6972141,,,,,,,,,,
16430,,1117.8071104,401928,1779546328.6972141,100.0,,,,,,,,,
16431,0.649,1117.8077214,402056,1779546328.9279141,,,,,,,,,,
16432,,1117.8077214,402056,1779546328.9279141,39.0,,,,,,,,,
16434,,1117.8077214,402096,1779546328.9946675,41.0,,,,,,,,,
16435,0.181,1117.8077214,402156,1779546329.0750353,,,,,,,,,,
16437,0.568,1117.8077214,402252,1779546329.2068536,,,,,,,,,,
16440,,1117.808415,402276,1779546329.2434928,29.0,,,,,,,,,
16442,,1117.808415,402312,1779546329.2981257,100.0,,,,,,,,,
16443,0.802,1117.808415,402344,1779546329.353147,,,,,,,,,,
16444,,1117.808415,402344,1779546329.353147,22.0,,,,,,,,,
16445,,1117.808415,402432,1779546330.015849,,,,,,4.892418e-05,,,,
16446,,1117.808415,402432,1779546330.015849,,0.007559097,,,,,,,,
16450,,1117.8089954,402432,1779546330.015849,,,,,,,,,0.0020173332,
16452,,1117.8089954,402432,1779546330.015849,,,,,,,,,,0.37181294
16453,,1117.8089954,402432,1779546330.0176935,,,,,361.0,,,,,
16454,0.0,1117.8089954,402500,1779546330.1379914,,,,,,,,,,
16455,,1117.8089954,402500,1779546330.1395216,100.0,,,,,,,,,
16457,,1117.8089954,402636,1779546330.3238153,33.0,,,,,,,,,
16458,0.145,1117.8089954,402660,1779546330.3674152,,,,,,,,,,
16461,,1117.8089954,402716,1779546330.4599383,100.0,,,,,,,,,
16462,0.0,1117.8089954,402748,1779546330.5137599,,,,,,,,,,
16466,,1117.8095852,402944,1779546331.182479,,,,,,4.8668033e-05,,,,
16469,,1117.8095852,402944,1779546331.1834817,,,0.96083754,,,,,,,
16472,,1117.8095852,402944,1779546331.1834817,,,,0.00048828125,,,,,,
16473,,1117.8095852,402944,1779546331.1834817,,,,,,,,,,0.3784426
16476,,1117.8095852,403024,1779546331.3083048,90.0,,,,,,,,,
16477,0.0,1117.8095852,403040,1779546331.3383071,,,,,,,,,,
16483,0.838,1117.8101696,403196,1779546331.5790474,,,,,,,,,,
16485,0.505,1117.8101696,403420,1779546331.9050415,,,,,,,,,,
16487,0.0,1117.8101696,403428,1779546331.9198122,,,,,,,,,,
16488,,1117.8101696,403428,1779546331.9198122,100.0,,,,,,,,,
16489,0.0,1117.8101696,403444,1779546331.9442155,,,,,,,,,,
16490,,1117.8101696,403444,1779546331.9442155,100.0,,,,,,,,,
16491,,1117.8101696,403456,1779546332.384671,,,,,,4.8411886e-05,,,,
16495,,1117.8106993,403456,1779546332.384671,,,,,,,,-0.0016914392,,
16497,,1117.8106993,403456,1779546332.384671,,,,0.0068359375,,,,,,
16501,,1117.8106993,403492,1779546332.4425614,15.0,,,,,,,,,
16502,0.775,1117.8106993,403548,1779546332.5227334,,,,,,,,,,
16505,,1122.8146314,403572,1779546332.558058,100.0,,,,,,,,,
16506,0.0,1122.8146314,403824,1779546332.9102952,,,,,,,,,,
16510,0.262,1122.8146314,403880,1779546332.9937327,,,,,,,,,,
16514,,1122.8146314,403968,1779546333.5530028,,,,,,,-0.0012811627,,,
16516,,1122.8146314,403968,1779546333.5530028,,,,,,,,0.0010619508,,
16518,,1122.8152364,403968,1779546333.5530028,,,,0.0,,,,,,
16522,,1122.8152364,403976,1779546333.5723917,100.0,,,,,,,,,
16527,0.0,1122.8152364,404228,1779546333.932507,,,,,,,,,,
16529,0.0,1122.8152364,404380,1779546334.1403756,,,,,,,,,,
16530,,1122.8152364,404380,1779546334.1403756,100.0,,,,,,,,,
16531,0.0,1122.8152364,404440,1779546334.2241268,,,,,,,,,,
16534,,1122.8152364,404460,1779546334.2559862,57.0,,,,,,,,,
16537,,1122.8152364,404480,1779546334.79047,,,,,,4.789959e-05,,,,
16540,,1122.8152364,404480,1779546334.79047,,,0.9561174,,,,,,,
16541,,1122.8152364,404480,1779546334.79047,,,,,,,,0.007556608,,
16543,,1122.8152364,404480,1779546334.79047,,,,0.0068359375,,,,,,
16544,,1122.8152364,404480,1779546334.79047,,,,,,,,,,0.45722973
16548,0.55,1122.8159945,404728,1779546335.1983016,,,,,,,,,,
16553,,1122.8159945,404864,1779546335.4006064,100.0,,,,,,,,,
16554,0.0,1122.8159945,404876,1779546335.4200652,,,,,,,,,,
16556,0.793,1122.8159945,404880,1779546335.4290807,,,,,,,,,,
16557,,1122.8159945,404880,1779546335.429767,23.0,,,,,,,,,
16558,,1122.8159945,404992,1779546336.0353088,,,,,,4.7643443e-05,,,,
16559,,1122.8159945,404992,1779546336.0363057,,0.0064508584,,,,,,,,
16563,,1122.8163025,404992,1779546336.0363057,,,,,,,,,0.002991139,
16567,0.397,1122.8163025,405000,1779546336.0566852,,,,,,,,,,
16569,0.982,1122.8163025,405012,1779546336.0796416,,,,,,,,,,
16570,,1122.8163025,405012,1779546336.0803277,2.0,,,,,,,,,
16571,0.613,1122.8163025,405052,1779546336.1462796,,,,,,,,,,
16574,,1122.8163025,405060,1779546336.1639593,11.0,,,,,,,,,
16575,0.181,1122.8163025,405232,1779546336.4215548,,,,,,,,,,
16577,0.0,1122.8163025,405284,1779546336.5044265,,,,,,,,,,
16581,0.964,1122.8163025,405352,1779546336.6052036,,,,,,,,,,
16582,,1122.8163025,405352,1779546336.6061993,4.0,,,,,,,,,
16584,,1122.8163025,405456,1779546336.7475545,100.0,,,,,,,,,
16585,0.0,1122.8163025,405464,1779546336.7635393,,,,,,,,,,
16586,,1122.8163025,405464,1779546336.7635393,100.0,,,,,,,,,
16587,0.982,1122.8163025,405468,1779546336.7725751,,,,,,,,,,
16588,,1122.8163025,405468,1779546336.7725751,2.0,,,,,,,,,
16593,,1122.8170002,405504,1779546337.2436843,,,,,,,-0.0057001896,,,
16594,,1122.8170002,405504,1779546337.2436843,,,0.73251104,,,,,,,
16596,,1122.8170002,405504,1779546337.2436843,,,,,,,,,0.0003290791,
16598,,1122.8170002,405504,1779546337.2446842,,,,,,,,,,0.4499036
16603,,1122.8170002,405644,1779546337.4817085,44.0,,,,,,,,,
16604,0.0,1127.8183685,405756,1779546337.6402898,,,,,,,,,,
16609,,1127.8210949,405952,1779546337.916989,100.0,,,,,,,,,
16610,,1127.8210949,406016,1779546338.4523222,,,,,,4.7131147e-05,,,,
16612,,1127.8210949,406016,1779546338.4523222,,,,,,,-0.004041169,,,
16613,,1127.8210949,406016,1779546338.4523222,,,0.99460447,,,,,,,
16614,,1127.8210949,406016,1779546338.4523222,,,,,,,,-0.0010338891,,
16615,,1127.8210949,406016,1779546338.4523222,,,,,,,,,0.00015404541,
16616,,1127.8217012,406016,1779546338.4523222,,,,0.0,,,,,,
16617,,1127.8217012,406016,1779546338.4523222,,,,,,,,,,0.43309122
16621,0.0,1127.8217012,406160,1779546338.6599433,,,,,,,,,,
16622,,1127.8217012,406160,1779546338.6599433,100.0,,,,,,,,,
16623,0.0,1127.8223028,406312,1779546338.8833618,,,,,,,,,,
16625,0.0,1127.8223028,406356,1779546338.9444027,,,,,,,,,,
16628,,1127.8223028,406372,1779546338.9693735,80.0,,,,,,,,,
16630,,1127.8229324,406448,1779546339.0776892,22.0,,,,,,,,,
16631,,1127.8229324,406528,1779546339.673139,,,,,,4.6875e-05,,,,
16634,,1127.8229324,406528,1779546339.673139,,,0.8879744,,,,,,,
16636,,1127.8229324,406528,1779546339.673139,,,,,,,,,0.0005755611,
16637,,1127.8229324,406528,1779546339.673139,,,,0.0009765625,,,,,,
16639,,1127.8235476,406528,1779546339.6756682,,,,,362.0,,,,,
16641,,1127.8235476,406564,1779546339.7335851,100.0,,,,,,,,,
16643,,1127.8235476,406608,1779546339.801506,73.0,,,,,,,,,
16644,0.829,1127.8235476,406644,1779546339.85367,,,,,,,,,,
16646,0.343,1127.8235476,406668,1779546339.890203,,,,,,,,,,
16647,,1127.8235476,406668,1779546339.890203,73.0,,,,,,,,,
16648,0.838,1127.8235476,406720,1779546339.9674773,,,,,,,,,,
16649,,1127.8235476,406720,1779546339.9674773,18.0,,,,,,,,,
16654,0.577,1127.8241407,406800,1779546340.091781,,,,,,,,,,
16655,,1127.8241407,406800,1779546340.091781,47.0,,,,,,,,,
16656,0.0,1127.8241407,406852,1779546340.1662488,,,,,,,,,,
16659,,1127.8241407,406944,1779546340.2997608,35.0,,,,,,,,,
16661,,1127.8241407,407040,1779546340.9161398,,0.010116601,,,,,,,,
16666,,1127.8256583,407040,1779546340.9161398,,,,0.008300781,,,,,,
16670,,1127.8256583,407072,1779546340.979542,100.0,,,,,,,,,
16671,0.0,1127.8256583,407200,1779546341.1771343,,,,,,,,,,
16672,,1127.8256583,407200,1779546341.1771343,100.0,,,,,,,,,
16673,0.0,1127.8256583,407256,1779546341.2660117,,,,,,,,,,
16674,,1127.8256583,407256,1779546341.2670133,100.0,,,,,,,,,
16675,0.874,1127.8256583,407316,1779546341.3728678,,,,,,,,,,
16677,0.0,1127.8256583,407348,1779546341.4364572,,,,,,,,,,
16685,0.784,1127.8256583,407456,1779546341.624893,,,,,,,,,,
16686,,1127.8256583,407456,1779546341.624893,24.0,,,,,,,,,
16689,,1127.8256583,407552,1779546342.3025928,,,,,,,0.0018184204,,,
16691,,1127.8263675,407552,1779546342.3035944,,,,,,,,0.0048199,,
16692,,1127.8263675,407552,1779546342.3035944,,,,,,,,,0.00097133964,
16693,,1127.8263675,407552,1779546342.3045955,,,,0.0,,,,,,
16695,,1127.8263675,407552,1779546342.3076324,,,,,362.0,,,,,
16696,0.244,1132.8286301,407744,1779546342.605703,,,,,,,,,,
16697,,1132.8286301,407744,1779546342.605703,84.0,,,,,,,,,
16698,0.0,1132.8286301,407752,1779546342.6188173,,,,,,,,,,
16699,,1132.8286301,407752,1779546342.6188173,100.0,,,,,,,,,
16701,,1132.8286301,407768,1779546342.6455708,5.0,,,,,,,,,
16704,0.0,1132.8286301,407860,1779546342.7946892,,,,,,,,,,
16705,,1132.8286301,407860,1779546342.7946892,100.0,,,,,,,,,
16706,0.0,1132.8286301,407860,1779546342.796686,,,,,,,,,,
16707,,1132.8286301,407860,1779546342.796686,100.0,,,,,,,,,
16711,,1132.8294753,408064,1779546343.5039318,,,0.96797323,,,,,,,
16717,0.406,1132.8294753,408128,1779546343.601727,,,,,,,,,,
16718,,1132.8294753,408128,1779546343.6027288,66.0,,,,,,,,,
16719,0.0,1132.8294753,408172,1779546343.6651459,,,,,,,,,,
16721,0.0,1132.8294753,408180,1779546343.6801457,,,,,,,,,,
16724,,1132.8297996,408248,1779546343.7768126,29.0,,,,,,,,,
16725,0.0,1132.8297996,408264,1779546343.8051434,,,,,,,,,,
16728,,1132.8297996,408444,1779546344.0504665,48.0,,,,,,,,,
16731,,1132.8297996,408576,1779546344.7293482,,,,,,4.585041e-05,,,,
16732,,1132.8297996,408576,1779546344.7293482,,0.004570796,,,,,,,,
16733,,1132.8297996,408576,1779546344.7293482,,,,,,,-0.0017141439,,,
16734,,1132.8297996,408576,1779546344.7293482,,,1.0594138,,,,,,,
16735,,1132.8297996,408576,1779546344.7293482,,,,,,,,0.0011703437,,
16736,,1132.8297996,408576,1779546344.7293482,,,,,,,,,0.0024385042,
16739,,1132.8297996,408576,1779546344.7336116,,,,,362.0,,,,,
16740,0.0,1132.8297996,408584,1779546344.7534487,,,,,,,,,,
16742,0.829,1132.8297996,408588,1779546344.7651527,,,,,,,,,,
16744,0.892,1132.8297996,408636,1779546344.8508294,,,,,,,,,,
16745,,1132.8297996,408636,1779546344.8508294,12.0,,,,,,,,,
16747,,1132.8297996,408668,1779546344.9082513,100.0,,,,,,,,,
16748,0.649,1132.8297996,408748,1779546345.0432138,,,,,,,,,,
16752,0.0,1132.8297996,409040,1779546345.4653366,,,,,,,,,,
16753,,1132.8297996,409040,1779546345.4653366,100.0,,,,,,,,,
16758,,1132.8297996,409088,1779546345.9961088,,,,,,,-0.004465224,,,
16759,,1132.8297996,409088,1779546345.9961088,,,0.8909694,,,,,,,
16760,,1132.8297996,409088,1779546345.9961088,,,,,,,,0.0008851588,,
16762,,1132.8297996,409088,1779546345.996699,,,,0.0,,,,,,
16763,,1132.8297996,409088,1779546345.996699,,,,,,,,,,0.5599378
16764,,1132.8297996,409088,1779546345.999819,,,,,362.0,,,,,
16767,0.0,1132.8308581,409152,1779546346.0946436,,,,,,,,,,
16769,0.874,1132.8308581,409212,1779546346.1762984,,,,,,,,,,
16774,,1132.8308581,409444,1779546346.5322018,100.0,,,,,,,,,
16776,,1132.8308581,409480,1779546346.5833316,66.0,,,,,,,,,
16777,0.919,1132.8308581,409484,1779546346.5923853,,,,,,,,,,
16778,,1132.8308581,409484,1779546346.5923853,9.0,,,,,,,,,
16779,0.0,1132.8308581,409540,1779546346.6738737,,,,,,,,,,
16780,,1132.8311715,409540,1779546346.6748734,100.0,,,,,,,,,
16781,0.784,1132.8311715,409584,1779546346.7384446,,,,,,,,,,
16783,,1132.8311715,409600,1779546347.1744485,,,,,,4.5338114e-05,,,,
16784,,1132.8311715,409600,1779546347.1744485,,0.009503243,,,,,,,,
16785,,1132.8311715,409600,1779546347.1744485,,,,,,,-0.0035743713,,,
16786,,1132.8311715,409600,1779546347.1744485,,,0.92656845,,,,,,,
16787,,1132.8311715,409600,1779546347.1744485,,,,,,,,-5.4456294e-05,,
16788,,1132.8311715,409600,1779546347.1744485,,,,,,,,,0.00053418893,
16789,,1132.8311715,409600,1779546347.1744485,,,,0.0,,,,,,
16792,0.0,1132.8311715,409656,1779546347.260801,,,,,,,,,,
16794,0.514,1137.8353003,409876,1779546347.599073,,,,,,,,,,
16795,,1137.8353003,409876,1779546347.599073,54.0,,,,,,,,,
16798,0.0,1137.8353003,409944,1779546347.6970751,,,,,,,,,,
16800,0.0,1137.8353003,409988,1779546347.7555876,,,,,,,,,,
16801,,1137.8353003,409988,1779546347.7555876,100.0,,,,,,,,,
16804,,1137.8353003,410112,1779546348.3567388,,,,,,4.5081968e-05,,,,
16805,,1137.8353003,410112,1779546348.3567388,,0.0045269663,,,,,,,,
16808,,1137.8353003,410112,1779546348.3567388,,,,,,,,-0.0004889136,,
16811,,1137.8353003,410112,1779546348.3577762,,,,,,,,,,0.21595287
16814,,1137.8353003,410280,1779546348.6105773,100.0,,,,,,,,,
16816,,1137.8353003,410348,1779546348.7045853,100.0,,,,,,,,,
16817,0.0,1137.8361081,410392,1779546348.7650144,,,,,,,,,,
16818,,1137.8361081,410392,1779546348.7650144,100.0,,,,,,,,,
16819,0.0,1137.8361081,410416,1779546348.8031576,,,,,,,,,,
16820,,1137.8361081,410416,1779546348.8031576,100.0,,,,,,,,,
16822,,1137.8361081,410624,1779546349.5156581,,0.0007373161,,,,,,,,
16823,,1137.8361081,410624,1779546349.5156581,,,,,,,-0.010260105,,,
16825,,1137.8361081,410624,1779546349.5156581,,,,,,,,0.003912189,,
16826,,1137.8361081,410624,1779546349.5156581,,,,,,,,,0.0023686965,
16827,,1137.8361081,410624,1779546349.5156581,,,,0.00390625,,,,,,
16829,,1137.8361081,410624,1779546349.520191,,,,,362.0,,,,,
16831,,1137.8361081,410664,1779546349.5773325,61.0,,,,,,,,,
16832,0.0,1137.8361081,410684,1779546349.609482,,,,,,,,,,
16834,0.0,1137.8361081,410752,1779546349.7051516,,,,,,,,,,
16836,0.0,1137.8361081,410796,1779546349.765348,,,,,,,,,,
16838,0.856,1137.8361081,410864,1779546349.8603323,,,,,,,,,,
16845,,1137.8361081,411124,1779546350.230552,13.0,,,,,,,,,
16847,,1137.8361081,411136,1779546350.6696417,,0.0072487495,,,,,,,,
16848,,1137.8361081,411136,1779546350.6696417,,,,,,,6.519817e-05,,,
16853,,1137.8361081,411136,1779546350.6696417,,,,,,,,,,0.49742132
16856,,1137.8361081,411156,1779546350.705504,100.0,,,,,,,,,
16857,0.0,1137.8361081,411268,1779546350.859218,,,,,,,,,,
16858,,1137.8361081,411268,1779546350.859218,100.0,,,,,,,,,
16859,0.0,1137.836922,411492,1779546351.1639543,,,,,,,,,,
16860,,1137.836922,411492,1779546351.16497,100.0,,,,,,,,,
16861,0.424,1137.836922,411528,1779546351.2192907,,,,,,,,,,
16862,,1137.836922,411528,1779546351.2197232,64.0,,,,,,,,,
16863,0.0,1137.836922,411528,1779546351.220738,,,,,,,,,,
16864,,1137.836922,411528,1779546351.221334,100.0,,,,,,,,,
16866,,1137.836922,411560,1779546351.2706861,100.0,,,,,,,,,
16869,,1137.836922,411648,1779546351.8001,,,,,,4.4313525e-05,,,,
16871,,1137.836922,411648,1779546351.8001,,,,,,,-0.0029786937,,,
16872,,1137.836922,411648,1779546351.8001,,,1.0740168,,,,,,,
16873,,1137.836922,411648,1779546351.8001,,,,,,,,0.0029621068,,
16875,,1137.836922,411648,1779546351.8011124,,,,0.0,,,,,,
16876,,1137.836922,411648,1779546351.8011124,,,,,,,,,,0.35088104
16877,,1137.836922,411648,1779546351.803775,,,,,362.0,,,,,
16878,0.604,1137.836922,411776,1779546351.9882252,,,,,,,,,,
16879,,1137.836922,411776,1779546351.9882252,44.0,,,,,,,,,
16880,0.928,1137.836922,411812,1779546352.059171,,,,,,,,,,
16881,,1137.836922,411812,1779546352.059171,8.0,,,,,,,,,
16882,0.0,1137.836922,411896,1779546352.192407,,,,,,,,,,
16883,,1137.836922,411896,1779546352.192407,100.0,,,,,,,,,
16884,0.0,1137.836922,411932,1779546352.2464843,,,,,,,,,,
16885,,1137.836922,411932,1779546352.2464843,100.0,,,,,,,,,
16891,,1137.836922,411972,1779546352.3147533,18.0,,,,,,,,,
16892,0.937,1137.836922,411984,1779546352.3380873,,,,,,,,,,
16893,,1137.836922,411984,1779546352.3380873,7.0,,,,,,,,,
16895,,1137.836922,412028,1779546352.4133286,13.0,,,,,,,,,
16899,,1142.8402909,412160,1779546353.0167043,,0.013476449,,,,,,,,
16901,,1142.8402909,412160,1779546353.0167043,,,0.90310115,,,,,,,
16904,,1142.8402909,412160,1779546353.0167043,,,,0.0,,,,,,
16905,,1142.8402909,412160,1779546353.0167043,,,,,,,,,,0.5627554
16906,,1142.8402909,412160,1779546353.0192227,,,,,362.0,,,,,
16908,,1142.8402909,412216,1779546353.0993817,100.0,,,,,,,,,
16913,0.0,1142.8408396,412388,1779546353.3463807,,,,,,,,,,
16915,0.775,1142.8408396,412492,1779546353.5131252,,,,,,,,,,
16916,,1142.8408396,412492,1779546353.5131252,25.0,,,,,,,,,
16918,,1142.8408396,412620,1779546353.6946929,100.0,,,,,,,,,
16920,,1142.8408396,412644,1779546353.7312663,100.0,,,,,,,,,
16922,,1142.8408396,412660,1779546353.7564774,3.0,,,,,,,,,
16923,,1142.8408396,412672,1779546354.185441,,,,,,4.380123e-05,,,,
16924,,1142.8408396,412672,1779546354.185441,,0.0050994554,,,,,,,,
16927,,1142.8408396,412672,1779546354.185441,,,,,,,,0.010663083,,
16931,,1142.8408396,412672,1779546354.188076,,,,,362.0,,,,,
16932,0.811,1142.8408396,412708,1779546354.25118,,,,,,,,,,
16934,0.0,1142.8408396,412740,1779546354.3081348,,,,,,,,,,
16935,,1142.8408396,412740,1779546354.3081348,100.0,,,,,,,,,
16936,0.0,1142.8408396,412896,1779546354.5276968,,,,,,,,,,
16938,0.0,1142.8408396,413064,1779546354.763945,,,,,,,,,,
16939,,1142.8408396,413064,1779546354.763945,100.0,,,,,,,,,
16940,0.0,1142.8408396,413112,1779546354.83392,,,,,,,,,,
16943,,1142.8408396,413144,1779546354.8835223,100.0,,,,,,,,,
16944,,1142.8408396,413184,1779546355.3660624,,,,,,4.3545082e-05,,,,
16945,,1142.8408396,413184,1779546355.3660624,,0.0033648086,,,,,,,,
16947,,1142.8408396,413184,1779546355.366573,,,0.9551846,,,,,,,
16948,,1142.8408396,413184,1779546355.366573,,,,,,,,0.0023821872,,
16951,,1142.8408396,413184,1779546355.366573,,,,,,,,,,0.32853895
16954,,1142.8408396,413268,1779546355.5252326,92.0,,,,,,,,,
16958,,1142.8408396,413516,1779546355.9212816,100.0,,,,,,,,,
16959,0.0,1142.8408396,413548,1779546355.973849,,,,,,,,,,
16965,,1142.8408396,413696,1779546356.656546,,,,,,4.3288936e-05,,,,
16970,,1142.8423805,413696,1779546356.656546,,,,,,,,,0.0005071582,
16972,,1142.8423805,413696,1779546356.656546,,,,,,,,,,0.23185223
16973,,1142.8423805,413696,1779546356.6605344,,,,,362.0,,,,,
16976,0.0,1142.8423805,413952,1779546357.0646482,,,,,,,,,,
16980,0.955,1142.8423805,413976,1779546357.1104698,,,,,,,,,,
16981,,1142.8423805,413976,1779546357.1104698,5.0,,,,,,,,,
16982,0.0,1142.8423805,414076,1779546357.2566936,,,,,,,,,,
16983,,1142.8423805,414076,1779546357.2566936,100.0,,,,,,,,,
16984,,1147.8443818,414208,1779546357.8905447,,,,,,4.3032785e-05,,,,
16986,,1147.8443818,414208,1779546357.8905447,,,,,,,-0.0026137568,,,
16987,,1147.8443818,414208,1779546357.8905447,,,1.033533,,,,,,,
16989,,1147.8443818,414208,1779546357.8905447,,,,,,,,,0.00067220954,
16990,,1147.8443818,414208,1779546357.8905447,,,,0.0,,,,,,
16991,,1147.8443818,414208,1779546357.8905447,,,,,,,,,,0.5347588
16992,,1147.8443818,414208,1779546357.8935354,,,,,362.0,,,,,
16993,0.0,1147.8443818,414276,1779546358.0062954,,,,,,,,,,
16996,,1147.8449726,414360,1779546358.1379292,100.0,,,,,,,,,
16998,,1147.8449726,414380,1779546358.1713188,100.0,,,,,,,,,
17000,,1147.8449726,414480,1779546358.31154,100.0,,,,,,,,,
17001,0.487,1147.8449726,414612,1779546358.5159004,,,,,,,,,,
17002,,1147.8449726,414612,1779546358.5159004,57.0,,,,,,,,,
17004,,1147.8449726,414680,1779546358.61211,100.0,,,,,,,,,
17006,,1147.8449726,414720,1779546359.072328,,0.0045627225,,,,,,,,
17007,,1147.8449726,414720,1779546359.072328,,,,,,,-0.002697587,,,
17009,,1147.8449726,414720,1779546359.072328,,,,,,,,0.001769579,,
17012,,1147.8449726,414720,1779546359.072328,,,,,,,,,,0.22590297
17013,,1147.8449726,414720,1779546359.0755491,,,,,363.0,,,,,
17015,,1147.8449726,414728,1779546359.0926888,11.0,,,,,,,,,
17019,,1147.8449726,414764,1779546359.148989,70.0,,,,,,,,,
17022,0.82,1147.8459292,414984,1779546359.487536,,,,,,,,,,
17023,,1147.8459292,414984,1779546359.487536,20.0,,,,,,,,,
17024,0.0,1147.8459292,415016,1779546359.5445118,,,,,,,,,,
17025,,1147.8459292,415016,1779546359.5455878,100.0,,,,,,,,,
17028,0.0,1147.8459292,415168,1779546359.7981193,,,,,,,,,,
17029,,1147.8459292,415168,1779546359.7981193,100.0,,,,,,,,,
17030,,1147.8459292,415232,1779546360.3546178,,,,,,4.2520493e-05,,,,
17031,,1147.8459292,415232,1779546360.3556345,,0.007631939,,,,,,,,
17032,,1147.8459292,415232,1779546360.3556345,,,,,,,0.0013532126,,,
17033,,1147.8459292,415232,1779546360.3556345,,,1.0528495,,,,,,,
17034,,1147.8459292,415232,1779546360.3556345,,,,,,,,0.0054666465,,
17037,,1147.8459292,415232,1779546360.3556345,,,,,,,,,,0.4354288
17041,0.0,1147.8459292,415388,1779546360.5910902,,,,,,,,,,
17043,0.0,1147.8464413,415420,1779546360.634536,,,,,,,,,,
17049,0.712,1147.8484661,415704,1779546361.0564284,,,,,,,,,,
17050,,1147.8484661,415704,1779546361.0564284,32.0,,,,,,,,,
17052,,1147.8484661,415740,1779546361.1149604,8.0,,,,,,,,,
17053,,1147.8484661,415744,1779546361.5619009,,,,,,4.2264342e-05,,,,
17054,,1147.8484661,415744,1779546361.5619009,,0.006254142,,,,,,,,
17056,,1147.8484661,415744,1779546361.5619009,,,1.1654277,,,,,,,
17062,0.0,1147.8498218,415792,1779546361.6378798,,,,,,,,,,
17063,,1147.8498218,415792,1779546361.6378798,100.0,,,,,,,,,
17064,0.0,1147.8498218,415824,1779546361.6974287,,,,,,,,,,
17067,,1147.8498218,415892,1779546361.7958934,100.0,,,,,,,,,
17068,0.0,1147.8498218,416144,1779546362.1510496,,,,,,,,,,
17069,,1147.8498218,416144,1779546362.1510496,100.0,,,,,,,,,
17071,,1147.8498218,416180,1779546362.2096539,8.0,,,,,,,,,
17077,,1152.8558006,416256,1779546362.7222087,,0.0004882153,,,,,,,,
17082,,1152.8558006,416256,1779546362.7222087,,,,0.0,,,,,,
17083,,1152.8558006,416256,1779546362.7222087,,,,,,,,,,0.656505
17084,,1152.8558006,416256,1779546362.725287,,,,,363.0,,,,,
17085,0.0,1152.8558006,416296,1779546362.7861364,,,,,,,,,,
17089,0.0,1152.8558006,416600,1779546363.2220113,,,,,,,,,,
17098,,1152.8563977,416768,1779546363.9128714,,,0.95891714,,,,,,,
17101,,1152.8563977,416768,1779546363.9128714,,,,0.0029296875,,,,,,
17103,,1152.8563977,416768,1779546363.9162052,,,,,363.0,,,,,
17106,0.0,1152.8563977,417004,1779546364.2468941,,,,,,,,,,
17108,0.0,1152.8570307,417036,1779546364.3094988,,,,,,,,,,
17110,0.0,1152.8570307,417104,1779546364.4206412,,,,,,,,,,
17111,,1152.8570307,417104,1779546364.4206412,100.0,,,,,,,,,
17112,0.559,1152.8570307,417236,1779546364.6135595,,,,,,,,,,
17113,,1152.8570307,417236,1779546364.6135595,49.0,,,,,,,,,
17114,,1152.8570307,417280,1779546365.1159184,,,,,,4.1495903e-05,,,,
17116,,1152.8570307,417280,1779546365.1169143,,,,,,,-0.0045456495,,,
17119,,1152.8570307,417280,1779546365.1169143,,,,,,,,,0.002326998,
17120,,1152.8570307,417280,1779546365.1169143,,,,0.0078125,,,,,,
17121,,1152.8570307,417280,1779546365.1169143,,,,,,,,,,0.36943263
17123,0.0,1152.8570307,417392,1779546365.286988,,,,,,,,,,
17125,0.0,1152.8570307,417408,1779546365.317895,,,,,,,,,,
17126,,1152.8570307,417408,1779546365.317895,100.0,,,,,,,,,
17132,,1152.8570307,417624,1779546365.6373305,53.0,,,,,,,,,
17134,,1152.8570307,417640,1779546365.6658485,100.0,,,,,,,,,
17136,,1152.8570307,417784,1779546365.8834288,35.0,,,,,,,,,
17137,,1152.8570307,417792,1779546366.3292358,,,,,,4.1239753e-05,,,,
17139,,1152.8577112,417792,1779546366.3292358,,,,,,,-0.007761933,,,
17142,,1152.8577112,417792,1779546366.3292358,,,,,,,,,0.003308985,
17145,,1152.8577112,417792,1779546366.3328302,,,,,363.0,,,,,
17146,0.595,1152.8577112,417808,1779546366.3631485,,,,,,,,,,
17148,0.0,1152.8577112,417828,1779546366.3923395,,,,,,,,,,
17150,0.811,1152.8577112,417896,1779546366.4908574,,,,,,,,,,
17153,,1152.8577112,417912,1779546366.5146186,100.0,,,,,,,,,
17156,0.586,1152.8577112,418084,1779546366.7488687,,,,,,,,,,
17157,,1152.8577112,418084,1779546366.7488687,46.0,,,,,,,,,
17159,,1152.8577112,418152,1779546366.8478963,16.0,,,,,,,,,
17160,0.0,1152.8577112,418188,1779546366.899385,,,,,,,,,,
17161,,1152.8577112,418188,1779546366.899385,100.0,,,,,,,,,
17162,0.946,1152.8577112,418216,1779546366.9426954,,,,,,,,,,
17163,,1152.8577112,418216,1779546366.9426954,6.0,,,,,,,,,
17164,0.28,1152.8577112,418236,1779546366.9733899,,,,,,,,,,
17165,,1152.8577112,418236,1779546366.9733899,80.0,,,,,,,,,
17168,,1152.8584193,418304,1779546367.496427,,,,,,4.0983607e-05,,,,
17174,,1152.8584193,418304,1779546367.496427,,,,0.0014648438,,,,,,
17176,,1152.8584193,418304,1779546367.4999485,,,,,363.0,,,,,
17177,0.0,1157.8603413,418556,1779546367.837491,,,,,,,,,,
17178,,1157.8603413,418556,1779546367.837491,100.0,,,,,,,,,
17181,0.0,1157.8603413,418640,1779546367.9604225,,,,,,,,,,
17182,,1157.8609928,418640,1779546367.9604225,100.0,,,,,,,,,
17190,,1157.8621674,418816,1779546368.6418905,,,1.0346242,,,,,,,
17191,,1157.8621674,418816,1779546368.6418905,,,,,,,,0.0064346865,,
17192,,1157.8621674,418816,1779546368.6418905,,,,,,,,,0.0013952735,
17193,,1157.8621674,418816,1779546368.6428933,,,,0.0014648438,,,,,,
17194,,1157.8621674,418816,1779546368.6428933,,,,,,,,,,0.30694377
17196,0.0,1157.8621674,418960,1779546368.849024,,,,,,,,,,
17198,0.928,1157.8665599,418996,1779546368.904187,,,,,,,,,,
17201,,1157.8671638,419024,1779546368.9443996,100.0,,,,,,,,,
17205,,1157.8671638,419112,1779546369.0718422,100.0,,,,,,,,,
17206,0.658,1157.8681991,419152,1779546369.1304493,,,,,,,,,,
17212,,1157.8687104,419328,1779546369.792606,,,,,,,,0.005679056,,
17214,,1157.8687104,419328,1779546369.792606,,,,0.0107421875,,,,,,
17218,,1157.8687104,419424,1779546369.948092,77.0,,,,,,,,,
17223,0.0,1157.8687104,419556,1779546370.1449986,,,,,,,,,,
17225,0.0,1157.8687104,419828,1779546370.5547628,,,,,,,,,,
17226,,1157.8687104,419828,1779546370.5557628,100.0,,,,,,,,,
17228,,1157.8687104,419832,1779546370.5663686,100.0,,,,,,,,,
17229,,1157.8687104,419840,1779546371.0405726,,,,,,4.0215164e-05,,,,
17232,,1157.8687104,419840,1779546371.0412464,,,1.0692918,,,,,,,
17233,,1157.8687104,419840,1779546371.0412464,,,,,,,,-0.0004220549,,
17234,,1157.8687104,419840,1779546371.0412464,,,,,,,,,0.00030033058,
17235,,1157.8687104,419840,1779546371.0412464,,,,0.0,,,,,,
17241,,1157.8693664,419960,1779546371.260096,100.0,,,,,,,,,
17244,0.478,1157.8693664,420136,1779546371.5642538,,,,,,,,,,
17245,,1157.8693664,420136,1779546371.5642538,58.0,,,,,,,,,
17246,0.946,1157.8693664,420164,1779546371.6128979,,,,,,,,,,
17247,,1157.8693664,420164,1779546371.6128979,6.0,,,,,,,,,
17248,0.0,1157.8693664,420236,1779546371.727936,,,,,,,,,,
17251,,1157.8693664,420352,1779546372.3841703,,0.0069554453,,,,,,,,
17253,,1157.8693664,420352,1779546372.3841703,,,1.0677159,,,,,,,
17255,,1157.8693664,420352,1779546372.3841703,,,,,,,,,0.00019278098,
17256,,1157.8693664,420352,1779546372.3841703,,,,0.0,,,,,,
17257,,1157.8693664,420352,1779546372.3841703,,,,,,,,,,0.47851986
17258,,1157.8693664,420352,1779546372.3876069,,,,,363.0,,,,,
17259,0.0,1157.8693664,420364,1779546372.41881,,,,,,,,,,
17260,,1157.8693664,420364,1779546372.41881,100.0,,,,,,,,,
17261,0.0,1157.8693664,420424,1779546372.5253656,,,,,,,,,,
17267,0.919,1162.8697221,420608,1779546372.8056407,,,,,,,,,,
17268,,1162.8697221,420608,1779546372.8056407,9.0,,,,,,,,,
17270,,1162.8697221,420640,1779546372.8539832,100.0,,,,,,,,,
17271,0.19,1162.8708422,420728,1779546372.9873922,,,,,,,,,,
17273,0.946,1162.8708422,420756,1779546373.0320718,,,,,,,,,,
17274,,1162.8708422,420756,1779546373.0320718,6.0,,,,,,,,,
17275,0.586,1162.8708422,420796,1779546373.0919795,,,,,,,,,,
17276,,1162.8708422,420796,1779546373.0925472,46.0,,,,,,,,,
17278,,1162.8708422,420864,1779546373.6031966,,0.0073794182,,,,,,,,
17280,,1162.8708422,420864,1779546373.6031966,,,0.8349146,,,,,,,
17282,,1162.8708422,420864,1779546373.6031966,,,,,,,,,0.0034460728,
17283,,1162.8708422,420864,1779546373.6031966,,,,0.0126953125,,,,,,
17285,,1162.8708422,420864,1779546373.6064305,,,,,363.0,,,,,
17289,,1162.8708422,421044,1779546373.8561974,100.0,,,,,,,,,
17291,,1162.8708422,421160,1779546374.0165663,100.0,,,,,,,,,
17294,0.793,1162.8716463,421296,1779546374.2100322,,,,,,,,,,
17295,,1162.8716463,421296,1779546374.2100322,23.0,,,,,,,,,
17298,,1162.8716463,421376,1779546374.7568123,,,,,,3.944672e-05,,,,
17300,,1162.8716463,421376,1779546374.7571208,,,,,,,-0.0010872483,,,
17301,,1162.8716463,421376,1779546374.7571208,,,0.8801794,,,,,,,
17306,,1162.8716463,421376,1779546374.7596421,,,,,363.0,,,,,
17308,,1162.8716463,421388,1779546374.7844617,100.0,,,,,,,,,
17309,0.0,1162.8716463,421448,1779546374.8674448,,,,,,,,,,
17312,,1162.8716463,421488,1779546374.9288156,24.0,,,,,,,,,
17313,0.919,1162.8716463,421528,1779546374.9829338,,,,,,,,,,
17314,,1162.8716463,421528,1779546374.9829338,9.0,,,,,,,,,
17315,0.0,1162.8716463,421564,1779546375.0338066,,,,,,,,,,
17316,,1162.8716463,421564,1779546375.0338066,100.0,,,,,,,,,
17318,,1162.8722608,421740,1779546375.2816067,100.0,,,,,,,,,
17319,0.865,1162.8722608,421804,1779546375.3725984,,,,,,,,,,
17322,,1162.8722608,421820,1779546375.397708,3.0,,,,,,,,,
17323,0.0,1162.8722608,421852,1779546375.448871,,,,,,,,,,
17325,,1162.8722608,421888,1779546375.9065773,,,,,,3.9190574e-05,,,,
17328,,1162.8722608,421888,1779546375.9065773,,,0.92474085,,,,,,,
17331,,1162.8722608,421888,1779546375.9065773,,,,0.0,,,,,,
17334,0.0,1162.8722608,421932,1779546375.9775712,,,,,,,,,,
17336,0.0,1162.8722608,421968,1779546376.0349514,,,,,,,,,,
17339,,1162.8722608,422224,1779546376.400007,100.0,,,,,,,,,
17340,0.0,1162.8722608,422256,1779546376.4503248,,,,,,,,,,
17341,,1162.8722608,422256,1779546376.4503248,100.0,,,,,,,,,
17344,0.892,1162.8729172,422328,1779546376.5505855,,,,,,,,,,
17345,,1162.8729172,422328,1779546376.5505855,12.0,,,,,,,,,
17347,,1162.8729172,422336,1779546376.565547,100.0,,,,,,,,,
17348,0.0,1162.8729172,422372,1779546376.6148753,,,,,,,,,,
17349,,1162.8729172,422372,1779546376.6148753,100.0,,,,,,,,,
17353,,1162.8741897,422400,1779546377.09182,,,0.95177436,,,,,,,
17356,,1162.8747559,422400,1779546377.0933309,,,,0.0,,,,,,
17357,,1162.8747559,422400,1779546377.0933309,,,,,,,,,,0.46127707
17360,,1162.8747559,422408,1779546377.1133559,8.0,,,,,,,,,
17361,0.0,1162.8747559,422660,1779546377.4570913,,,,,,,,,,
17362,,1162.8747559,422660,1779546377.4570913,100.0,,,,,,,,,
17363,0.0,1162.8747559,422732,1779546377.5549135,,,,,,,,,,
17365,0.0,1162.8747559,422740,1779546377.5701036,,,,,,,,,,
17368,,1167.8768414,422812,1779546377.6703749,100.0,,,,,,,,,
17369,,1167.8768414,422912,1779546378.2165773,,,,,,3.8678278e-05,,,,
17371,,1167.8768414,422912,1779546378.2175784,,,,,,,-0.0046569016,,,
17372,,1167.8768414,422912,1779546378.2175784,,,0.84064984,,,,,,,
17373,,1167.8768414,422912,1779546378.2175784,,,,,,,,-0.000954845,,
17374,,1167.8768414,422912,1779546378.2175784,,,,,,,,,0.0015331856,
17376,,1167.8768414,422912,1779546378.2175784,,,,,,,,,,0.40493733
17378,0.397,1167.8768414,422932,1779546378.2554655,,,,,,,,,,
17381,,1167.8778509,422956,1779546378.2913558,55.0,,,,,,,,,
17383,,1167.8778509,423100,1779546378.4977357,89.0,,,,,,,,,
17386,0.0,1167.8778509,423336,1779546378.8186648,,,,,,,,,,
17387,,1167.8778509,423336,1779546378.8186648,100.0,,,,,,,,,
17389,,1167.8778509,423360,1779546378.8559813,100.0,,,,,,,,,
17392,,1167.8778509,423424,1779546379.3720973,,,,,,,-0.003977281,,,
17395,,1167.8778509,423424,1779546379.3720973,,,,,,,,,0.00010556122,
17399,0.0,1167.8778509,423504,1779546379.5209763,,,,,,,,,,
17403,0.946,1167.8793609,423648,1779546379.7667904,,,,,,,,,,
17404,,1167.8793609,423648,1779546379.7667904,6.0,,,,,,,,,
17405,0.0,1167.8793609,423740,1779546379.9101813,,,,,,,,,,
17406,,1167.8793609,423740,1779546379.9101813,100.0,,,,,,,,,
17408,,1167.8793609,423764,1779546379.9526796,100.0,,,,,,,,,
17409,0.0,1167.8793609,423908,1779546380.1692777,,,,,,,,,,
17410,,1167.8793609,423908,1779546380.1692777,100.0,,,,,,,,,
17411,,1167.8793609,423936,1779546380.6273968,,,,,,3.8165985e-05,,,,
17415,,1167.8803726,423936,1779546380.6273968,,,,,,,,-0.00014242064,,
17417,,1167.8803726,423936,1779546380.6289086,,,,0.0,,,,,,
17418,,1167.8803726,423936,1779546380.6289086,,,,,,,,,,0.61644334
17421,,1167.8803726,424052,1779546380.7887623,35.0,,,,,,,,,
17423,,1167.8803726,424052,1779546380.7909765,100.0,,,,,,,,,
17424,0.208,1167.8803726,424120,1779546380.8859205,,,,,,,,,,
17427,,1167.8803726,424144,1779546380.922634,100.0,,,,,,,,,
17428,,1167.8803726,424448,1779546381.7653813,,,,,,3.7909835e-05,,,,
17430,,1167.8803726,424448,1779546381.7663813,,,,,,,-0.0009337468,,,
17433,,1167.8803726,424448,1779546381.7663813,,,,,,,,,0.000113248825,
17434,,1167.8803726,424448,1779546381.7663813,,,,0.0,,,,,,
17436,,1167.8803726,424448,1779546381.7685304,,,,,364.0,,,,,
17437,0.0,1167.8803726,424456,1779546381.7854674,,,,,,,,,,
17440,,1167.8808811,424456,1779546381.7868447,100.0,,,,,,,,,
17441,0.919,1167.8808811,424496,1779546381.8443007,,,,,,,,,,
17443,0.0,1167.8808811,424524,1779546381.8845193,,,,,,,,,,
17444,,1167.8808811,424524,1779546381.8850257,100.0,,,,,,,,,
17445,0.0,1167.8808811,424548,1779546381.919387,,,,,,,,,,
17446,,1167.8808811,424548,1779546381.919387,100.0,,,,,,,,,
17448,,1167.8808811,424712,1779546382.1654959,40.0,,,,,,,,,
17449,0.0,1167.8808811,424860,1779546382.400472,,,,,,,,,,
17450,,1167.8808811,424860,1779546382.400472,100.0,,,,,,,,,
17451,0.622,1167.8808811,424884,1779546382.444568,,,,,,,,,,
17452,,1167.8808811,424884,1779546382.444568,42.0,,,,,,,,,
17453,0.0,1167.8808811,424900,1779546382.471742,,,,,,,,,,
17454,,1167.8808811,424900,1779546382.471742,100.0,,,,,,,,,
17456,,1167.8808811,424928,1779546382.5200517,100.0,,,,,,,,,
17458,,1172.8880549,424960,1779546382.990104,,0.0062594186,,,,,,,,
17461,,1172.8880549,424960,1779546382.990104,,,,,,,,-0.00035443157,,
17463,,1172.8884513,424960,1779546382.990104,,,,0.0,,,,,,
17464,,1172.8884513,424960,1779546382.9910324,,,,,,,,,,0.53643227
17465,,1172.8887745,424960,1779546382.9936135,,,,,364.0,,,,,
17466,0.757,1172.8887745,424972,1779546383.01593,,,,,,,,,,
17468,0.73,1172.8887745,425008,1779546383.0688658,,,,,,,,,,
17471,,1172.8891239,425104,1779546383.1994274,50.0,,,,,,,,,
17472,0.0,1172.8891239,425332,1779546383.5365117,,,,,,,,,,
17474,0.0,1172.8894361,425376,1779546383.5968335,,,,,,,,,,
17479,,1172.8894361,425472,1779546384.1659513,,0.0039399182,,,,,,,,
17481,,1172.8894361,425472,1779546384.1659513,,,0.9139055,,,,,,,
17482,,1172.8894361,425472,1779546384.1659513,,,,,,,,0.0021121418,,
17484,,1172.8902711,425472,1779546384.1669514,,,,0.0,,,,,,
17485,,1172.8902711,425472,1779546384.1669514,,,,,,,,,,0.49215382
17488,,1172.8906073,425508,1779546384.227435,32.0,,,,,,,,,
17489,0.0,1172.8906073,425508,1779546384.2296908,,,,,,,,,,
17492,,1172.8906073,425516,1779546384.2462306,45.0,,,,,,,,,
17498,,1172.8911931,425872,1779546384.787935,90.0,,,,,,,,,
17499,0.0,1172.8919878,425912,1779546384.8478389,,,,,,,,,,
17500,,1172.8919878,425912,1779546384.8478389,100.0,,,,,,,,,
17501,0.0,1172.8919878,425948,1779546384.8979042,,,,,,,,,,
17502,,1172.8919878,425948,1779546384.8979042,100.0,,,,,,,,,
17503,,1172.8919878,425984,1779546385.3756402,,,,,,3.714139e-05,,,,
17511,,1172.8919878,425984,1779546385.3796663,,,,,364.0,,,,,
17512,0.766,1172.8919878,426020,1779546385.437607,,,,,,,,,,
17514,0.82,1172.8919878,426104,1779546385.5690002,,,,,,,,,,
17515,,1172.8919878,426104,1779546385.5690002,20.0,,,,,,,,,
17517,,1172.8919878,426220,1779546385.7474806,100.0,,,,,,,,,
17521,,1172.8919878,426352,1779546385.951332,100.0,,,,,,,,,
17522,0.964,1172.8919878,426372,1779546385.9861279,,,,,,,,,,
17524,,1172.8919878,426496,1779546386.6503773,,,,,,3.6885245e-05,,,,
17525,,1172.8919878,426496,1779546386.651379,,0.0065804874,,,,,,,,
17527,,1172.8927641,426496,1779546386.651379,,,1.0295087,,,,,,,
17528,,1172.8927641,426496,1779546386.651379,,,,,,,,-0.0007959688,,
17534,,1172.8927641,426508,1779546386.6788583,100.0,,,,,,,,,
17535,0.0,1172.8927641,426624,1779546386.8605642,,,,,,,,,,
17540,,1172.8927641,426776,1779546387.1010926,100.0,,,,,,,,,
17541,0.964,1172.8931322,426796,1779546387.134951,,,,,,,,,,
17542,,1172.8931322,426796,1779546387.134951,4.0,,,,,,,,,
17543,0.0,1172.8931322,426912,1779546387.3108454,,,,,,,,,,
17544,,1172.8931322,426912,1779546387.3108454,100.0,,,,,,,,,
17545,,1177.8973474,427008,1779546387.939091,,,,,,3.66291e-05,,,,
17547,,1177.8973474,427008,1779546387.939091,,,,,,,-0.00026836433,,,
17548,,1177.8973474,427008,1779546387.939091,,,0.90839994,,,,,,,
17549,,1177.8973474,427008,1779546387.9401054,,,,,,,,0.0014029378,,
17550,,1177.8973474,427008,1779546387.9401054,,,,,,,,,0.00013420079,
17552,,1177.8973474,427008,1779546387.9401054,,,,,,,,,,0.37223214
17553,,1177.8973474,427008,1779546387.9434333,,,,,364.0,,,,,
17556,0.415,1177.8973474,427060,1779546388.0373015,,,,,,,,,,
17560,0.0,1177.8978674,427316,1779546388.4323347,,,,,,,,,,
17562,0.316,1177.8978674,427392,1779546388.543367,,,,,,,,,,
17564,0.217,1177.8978674,427412,1779546388.5767035,,,,,,,,,,
17565,,1177.8978674,427412,1779546388.5767035,87.0,,,,,,,,,
17567,,1177.8978674,427432,1779546388.6069155,100.0,,,,,,,,,
17568,0.847,1177.8978674,427484,1779546388.6830287,,,,,,,,,,
17570,,1177.8978674,427520,1779546389.135392,,,,,,3.6372952e-05,,,,
17571,,1177.8978674,427520,1779546389.135392,,0.006843881,,,,,,,,
17578,,1177.8985138,427520,1779546389.139071,,,,,364.0,,,,,
17579,0.127,1177.8985138,427708,1779546389.4328952,,,,,,,,,,
17581,0.0,1177.8985138,427796,1779546389.5635984,,,,,,,,,,
17583,0.0,1177.8985138,427836,1779546389.6246533,,,,,,,,,,
17584,,1177.8985138,427836,1779546389.6256325,100.0,,,,,,,,,
17586,,1177.8985138,427888,1779546389.6969006,100.0,,,,,,,,,
17587,0.469,1177.8985138,427948,1779546389.7794182,,,,,,,,,,
17594,,1177.8985138,428032,1779546390.6054883,,,,,,,,,0.0010075793,
17596,,1177.8985138,428032,1779546390.6054883,,,,,,,,,,0.2087462
17598,0.793,1177.8985138,428044,1779546390.6362543,,,,,,,,,,
17599,,1177.8985138,428044,1779546390.6362543,23.0,,,,,,,,,
17600,0.0,1177.8985138,428200,1779546390.9813125,,,,,,,,,,
17604,0.0,1177.8985138,428292,1779546391.2939134,,,,,,,,,,
17606,0.208,1177.8995409,428400,1779546391.5435567,,,,,,,,,,
17608,0.703,1177.8995409,428428,1779546391.6117768,,,,,,,,,,
17610,,1182.903545,428544,1779546392.6306403,,,,,,3.5860656e-05,,,,
17614,,1182.903545,428544,1779546392.6320746,,,,,,,,0.0014497228,,
17616,,1182.903545,428544,1779546392.6320746,,,,0.0,,,,,,
17617,,1182.903545,428544,1779546392.6320746,,,,,,,,,,0.33040172
17618,,1182.903545,428544,1779546392.6374893,,,,,364.0,,,,,
17619,0.0,1182.903545,428604,1779546392.792493,,,,,,,,,,
17620,,1182.903545,428604,1779546392.792493,100.0,,,,,,,,,
17621,0.0,1182.903545,428644,1779546392.887549,,,,,,,,,,
17622,,1182.9043213,428644,1779546392.887549,100.0,,,,,,,,,
17623,0.676,1182.9046686,428752,1779546393.1163604,,,,,,,,,,
17625,0.0,1182.9046686,428804,1779546393.2252793,,,,,,,,,,
17627,0.154,1182.9046686,428808,1779546393.2376704,,,,,,,,,,
17629,0.0,1182.9046686,429048,1779546393.6998227,,,,,,,,,,
17630,,1182.9046686,429048,1779546393.6998227,100.0,,,,,,,,,
17633,,1182.9046686,429056,1779546394.2828336,,,,,,,-0.0014875941,,,
17634,,1182.9046686,429056,1779546394.2828336,,,0.83603925,,,,,,,
17636,,1182.9046686,429056,1779546394.2828336,,,,,,,,,0.00014413288,
17638,,1182.9046686,429056,1779546394.2828336,,,,,,,,,,0.18232995
17639,,1182.9046686,429056,1779546394.2853782,,,,,364.0,,,,,
17642,0.0,1182.9046686,429156,1779546394.431292,,,,,,,,,,
17644,0.0,1182.9053054,429208,1779546394.5025089,,,,,,,,,,
17646,0.0,1182.9053054,429212,1779546394.512083,,,,,,,,,,
17649,,1182.9053054,429344,1779546394.6980858,46.0,,,,,,,,,
17651,,1182.9053054,429516,1779546394.9368508,100.0,,,,,,,,,
17653,,1182.9053054,429568,1779546395.4510574,,0.005011177,,,,,,,,
17657,,1182.9053054,429568,1779546395.4510574,,,,,,,,,0.00052872347,
17658,,1182.9053054,429568,1779546395.4520586,,,,0.0,,,,,,
17659,,1182.9053054,429568,1779546395.4520586,,,,,,,,,,0.5526036
17661,0.181,1182.9053054,429580,1779546395.4774845,,,,,,,,,,
17662,,1182.9053054,429580,1779546395.4774845,91.0,,,,,,,,,
17664,,1182.9059604,429612,1779546395.5231152,100.0,,,,,,,,,
17665,0.0,1182.9059604,429748,1779546395.7113826,,,,,,,,,,
17667,0.937,1182.9059604,429780,1779546395.7589958,,,,,,,,,,
17669,0.937,1182.9059604,429812,1779546395.8036137,,,,,,,,,,
17670,,1182.9059604,429812,1779546395.8036137,7.0,,,,,,,,,
17671,0.0,1182.9059604,429920,1779546395.9588459,,,,,,,,,,
17672,,1182.9059604,429920,1779546395.9588459,100.0,,,,,,,,,
17674,,1182.9059604,429984,1779546396.0464106,100.0,,,,,,,,,
17676,,1182.9059604,430016,1779546396.0933204,100.0,,,,,,,,,
17677,,1182.9059604,430080,1779546396.584491,,,,,,3.5092213e-05,,,,
17678,,1182.9059604,430080,1779546396.584491,,0.006178774,,,,,,,,
17680,,1182.9059604,430080,1779546396.584491,,,0.98514986,,,,,,,
17682,,1182.9059604,430080,1779546396.584491,,,,,,,,,0.0004859008,
17684,,1182.9059604,430080,1779546396.584491,,,,,,,,,,0.56701577
17688,0.505,1182.9065698,430208,1779546396.7775366,,,,,,,,,,
17689,,1182.9065698,430208,1779546396.7775366,55.0,,,,,,,,,
17690,0.0,1182.9065698,430216,1779546396.790581,,,,,,,,,,
17692,0.838,1182.9065698,430284,1779546396.8967347,,,,,,,,,,
17694,0.0,1182.9065698,430324,1779546396.9572258,,,,,,,,,,
17698,,1187.9088462,430592,1779546397.7569206,,,,,,3.4836066e-05,,,,
17699,,1187.9088462,430592,1779546397.75792,,0.0066090627,,,,,,,,
17701,,1187.9088462,430592,1779546397.75792,,,0.854541,,,,,,,
17702,,1187.9088462,430592,1779546397.75792,,,,,,,,-0.0017973678,,
17703,,1187.9088462,430592,1779546397.75792,,,,,,,,,0.0011324859,
17706,,1187.9088462,430592,1779546397.7617688,,,,,364.0,,,,,
17711,0.0,1187.9088462,430728,1779546397.979618,,,,,,,,,,
17712,,1187.9088462,430728,1779546397.979618,100.0,,,,,,,,,
17714,,1187.9088462,430736,1779546397.994662,28.0,,,,,,,,,
17716,,1187.9088462,430924,1779546398.2527168,100.0,,,,,,,,,
17718,,1187.9094854,431076,1779546398.4596188,37.0,,,,,,,,,
17721,,1187.9094854,431104,1779546398.9260929,,,,,,3.4579916e-05,,,,
17723,,1187.9094854,431104,1779546398.9260929,,,,,,,-0.0056542065,,,
17726,,1187.9094854,431104,1779546398.9260929,,,,,,,,,0.00050655333,
17733,,1187.9165347,431140,1779546398.9912064,100.0,,,,,,,,,
17734,0.892,1187.9165347,431144,1779546398.999521,,,,,,,,,,
17737,,1187.9165347,431276,1779546399.1828883,33.0,,,,,,,,,
17738,0.0,1187.9172498,431480,1779546399.5074983,,,,,,,,,,
17741,,1187.9172498,431536,1779546399.6015708,100.0,,,,,,,,,
17743,,1187.9172498,431548,1779546399.6249964,100.0,,,,,,,,,
17745,,1187.9172498,431616,1779546400.153876,,0.00430562,,,,,,,,
17746,,1187.9172498,431616,1779546400.153876,,,,,,,-0.0060562994,,,
17747,,1187.9172498,431616,1779546400.153876,,,0.73617876,,,,,,,
17748,,1187.9172498,431616,1779546400.153876,,,,,,,,0.0007770518,,
17749,,1187.9172498,431616,1779546400.153876,,,,,,,,,0.00017437898,
17753,0.0,1187.9194769,431680,1779546400.2475708,,,,,,,,,,
17755,0.0,1187.9194769,431884,1779546400.587188,,,,,,,,,,
17756,,1187.9194769,431884,1779546400.587188,100.0,,,,,,,,,
17758,,1187.9194769,431936,1779546400.6763008,12.0,,,,,,,,,
17760,,1187.9194769,431940,1779546400.685678,100.0,,,,,,,,,
17762,,1187.9194769,431952,1779546400.709123,100.0,,,,,,,,,
17764,,1187.9194769,432084,1779546400.9107113,100.0,,,,,,,,,
17765,0.649,1187.9194769,432112,1779546400.9564443,,,,,,,,,,
17767,,1187.9204978,432128,1779546401.455034,,,,,,3.4067623e-05,,,,
17768,,1187.9204978,432128,1779546401.455034,,0.004570149,,,,,,,,
17769,,1187.9204978,432128,1779546401.455034,,,,,,,-0.0049793385,,,
17772,,1187.9204978,432128,1779546401.455034,,,,,,,,,0.0014493782,
17775,,1187.9204978,432128,1779546401.458426,,,,,364.0,,,,,
17776,0.487,1187.9210308,432168,1779546401.533288,,,,,,,,,,
17778,0.883,1187.9210308,432168,1779546401.534676,,,,,,,,,,
17779,,1187.9210308,432168,1779546401.5352502,13.0,,,,,,,,,
17780,0.0,1187.9210308,432344,1779546401.8008363,,,,,,,,,,
17781,,1187.9210308,432344,1779546401.8008363,100.0,,,,,,,,,
17782,0.406,1187.9210308,432352,1779546401.817163,,,,,,,,,,
17784,0.901,1187.9210308,432400,1779546401.8941646,,,,,,,,,,
17785,,1187.9210308,432400,1779546401.8941646,11.0,,,,,,,,,
17789,,1187.9220512,432544,1779546402.117653,49.0,,,,,,,,,
17791,,1187.9220512,432572,1779546402.1619756,100.0,,,,,,,,,
17793,,1187.9220512,432572,1779546402.1643023,100.0,,,,,,,,,
17795,,1192.9245264,432640,1779546402.7813892,,0.00421995,,,,,,,,
17797,,1192.9245264,432640,1779546402.7823887,,,0.9976257,,,,,,,
17798,,1192.9245264,432640,1779546402.7823887,,,,,,,,-0.005813757,,
17799,,1192.9245264,432640,1779546402.7823887,,,,,,,,,0.0009170994,
17805,0.523,1192.9245264,432788,1779546403.0142062,,,,,,,,,,
17806,,1192.9245264,432788,1779546403.0142062,53.0,,,,,,,,,
17808,,1192.9245264,432808,1779546403.0476205,58.0,,,,,,,,,
17809,0.586,1192.9245264,432896,1779546403.2128665,,,,,,,,,,
17811,0.892,1192.9245264,432948,1779546403.3028243,,,,,,,,,,
17812,,1192.9245264,432948,1779546403.3028243,12.0,,,,,,,,,
17819,,1192.9253006,433152,1779546404.1122675,,,,,,,-0.007738851,,,
17820,,1192.9253006,433152,1779546404.1122675,,,0.97132134,,,,,,,
17821,,1192.9253006,433152,1779546404.1122675,,,,,,,,0.0013057366,,
17823,,1192.9253006,433152,1779546404.1122675,,,,0.0,,,,,,
17824,,1192.9253006,433152,1779546404.1122675,,,,,,,,,,0.45196378
17833,,1192.925867,433212,1779546404.2361145,100.0,,,,,,,,,
17835,,1192.925867,433236,1779546404.2773943,15.0,,,,,,,,,
17837,,1192.925867,433396,1779546404.5394084,100.0,,,,,,,,,
17838,0.505,1192.925867,433460,1779546404.6334355,,,,,,,,,,
17840,0.406,1192.925867,433480,1779546404.6639156,,,,,,,,,,
17843,,1192.925867,433512,1779546404.7132106,28.0,,,,,,,,,
17844,0.316,1192.925867,433516,1779546404.7230089,,,,,,,,,,
17847,,1192.925867,433544,1779546404.7699013,15.0,,,,,,,,,
17849,,1192.925867,433580,1779546404.8299856,8.0,,,,,,,,,
17850,,1192.925867,433664,1779546405.4132273,,,,,,3.329918e-05,,,,
17852,,1192.925867,433664,1779546405.4132273,,,,,,,-0.0012089275,,,
17854,,1192.925867,433664,1779546405.4132273,,,,,,,,0.0068599936,,
17857,,1192.925867,433664,1779546405.4142587,,,,,,,,,,0.4595043
17858,,1192.925867,433664,1779546405.418301,,,,,364.0,,,,,
17860,,1192.9266661,433864,1779546405.7314289,100.0,,,,,,,,,
17861,0.0,1192.9266661,433916,1779546405.8060827,,,,,,,,,,
17863,0.0,1192.9266661,433920,1779546405.8144119,,,,,,,,,,
17865,0.0,1192.9266661,433984,1779546405.9073112,,,,,,,,,,
17866,,1192.9266661,433984,1779546405.9073112,100.0,,,,,,,,,
17868,,1192.9266661,434176,1779546406.6102262,,0.0018662682,,,,,,,,
17869,,1192.9266661,434176,1779546406.6102262,,,,,,,-0.0014232029,,,
17870,,1192.9266661,434176,1779546406.6102262,,,0.8439682,,,,,,,
17871,,1192.9266661,434176,1779546406.6102262,,,,,,,,0.0024942188,,
17872,,1192.9266661,434176,1779546406.6102262,,,,,,,,,0.0004712385,
17873,,1192.9266661,434176,1779546406.6102262,,,,0.00048828125,,,,,,
17877,,1192.9266661,434268,1779546406.7468007,100.0,,,,,,,,,
17879,,1192.9266661,434320,1779546406.823037,100.0,,,,,,,,,
17880,0.0,1192.9266661,434324,1779546406.8321407,,,,,,,,,,
17882,0.0,1192.9266661,434388,1779546406.9249296,,,,,,,,,,
17883,,1192.9266661,434388,1779546406.9249296,100.0,,,,,,,,,
17887,,1197.9293181,434688,1779546407.7841547,,0.0007460245,,,,,,,,
17897,0.0,1197.9293181,434728,1779546407.8493464,,,,,,,,,,
17898,,1197.9293181,434728,1779546407.8493464,100.0,,,,,,,,,
17899,0.0,1197.9293181,434792,1779546407.9451575,,,,,,,,,,
17901,0.0,1197.9293181,435076,1779546408.3574824,,,,,,,,,,
17903,0.0,1197.9293181,435128,1779546408.4410517,,,,,,,,,,
17906,,1197.9293181,435132,1779546408.4507682,100.0,,,,,,,,,
17908,,1197.9293181,435188,1779546408.5611548,14.0,,,,,,,,,
17909,0.0,1197.9293181,435196,1779546408.5864177,,,,,,,,,,
17912,,1197.9293181,435200,1779546409.0108936,,0.0065912595,,,,,,,,
17915,,1197.9293181,435200,1779546409.0108936,,,,,,,,-0.0011945181,,
17918,,1197.9293181,435200,1779546409.0118916,,,,,,,,,,0.43530434
17920,0.748,1197.9293181,435248,1779546409.096365,,,,,,,,,,
17922,0.451,1197.9293181,435324,1779546409.208839,,,,,,,,,,
17925,,1197.9293181,435548,1779546409.5372152,74.0,,,,,,,,,
17928,0.0,1197.9304233,435600,1779546409.6156042,,,,,,,,,,
17932,,1197.9304233,435712,1779546410.1800225,,,,,,,-0.00068161637,,,
17933,,1197.9304233,435712,1779546410.1800225,,,0.91163486,,,,,,,
17935,,1197.9304233,435712,1779546410.1800225,,,,,,,,,0.00027160533,
17936,,1197.9304233,435712,1779546410.1800225,,,,0.0,,,,,,
17940,,1197.9304233,435728,1779546410.2151296,100.0,,,,,,,,,
17942,,1197.9304233,435840,1779546410.3905365,27.0,,,,,,,,,
17944,,1197.9304233,435952,1779546410.7018747,100.0,,,,,,,,,
17949,,1197.932063,436224,1779546411.5190306,,,,,,3.201844e-05,,,,
17950,,1197.932063,436224,1779546411.5190306,,0.0042878576,,,,,,,,
17952,,1197.932063,436224,1779546411.5190306,,,0.80377764,,,,,,,
17953,,1197.932063,436224,1779546411.5190306,,,,,,,,-0.0017255824,,
17959,,1197.932063,436244,1779546411.567138,100.0,,,,,,,,,
17961,,1197.932063,436356,1779546411.7692385,100.0,,,,,,,,,
17962,0.0,1197.932063,436400,1779546411.9208472,,,,,,,,,,
17963,,1197.932063,436400,1779546411.9213145,100.0,,,,,,,,,
17964,0.0,1197.932063,436408,1779546411.934927,,,,,,,,,,
17965,,1197.932063,436408,1779546411.934927,100.0,,,,,,,,,
17967,,1197.932063,436512,1779546412.0796795,25.0,,,,,,,,,
17970,0.0,1197.932063,436648,1779546412.354822,,,,,,,,,,
17974,,1202.9384002,436736,1779546412.9790719,,,,,,,-0.0026152013,,,
17975,,1202.9384002,436736,1779546412.9790719,,,0.9631867,,,,,,,
17976,,1202.9384002,436736,1779546412.9790719,,,,,,,,-0.00042697415,,
17977,,1202.9384002,436736,1779546412.9790719,,,,,,,,,0.00014272938,
17981,0.721,1202.938983,436748,1779546413.0064182,,,,,,,,,,
17983,0.0,1202.938983,436804,1779546413.0869896,,,,,,,,,,
17985,0.0,1202.938983,436916,1779546413.245585,,,,,,,,,,
17987,0.0,1202.938983,437052,1779546413.4587405,,,,,,,,,,
17989,0.946,1202.938983,437080,1779546413.5002618,,,,,,,,,,
17990,,1202.938983,437080,1779546413.5002618,6.0,,,,,,,,,
17993,0.388,1202.938983,437192,1779546413.6703331,,,,,,,,,,
17994,,1202.938983,437192,1779546413.6703331,68.0,,,,,,,,,
17995,0.0,1202.938983,437208,1779546413.69719,,,,,,,,,,
17997,,1202.938983,437248,1779546414.2552543,,,,,,3.1506148e-05,,,,
17998,,1202.938983,437248,1779546414.2562542,,0.0032138624,,,,,,,,
18000,,1202.938983,437248,1779546414.2562542,,,0.86706764,,,,,,,
18003,,1202.938983,437248,1779546414.2562542,,,,0.0063476562,,,,,,
18006,0.0,1202.938983,437484,1779546414.6375394,,,,,,,,,,
18007,,1202.938983,437484,1779546414.6375394,100.0,,,,,,,,,
18012,0.0,1202.938983,437612,1779546414.8347418,,,,,,,,,,
18016,0.802,1202.938983,437688,1779546415.0410538,,,,,,,,,,
18022,,1202.938983,437760,1779546415.6510432,,,,,,,,-0.0002737185,,
18024,,1202.938983,437760,1779546415.6510432,,,,0.0,,,,,,
18025,,1202.938983,437760,1779546415.6510432,,,,,,,,,,0.531974
18026,,1202.938983,437760,1779546415.6541102,,,,,365.0,,,,,
18030,,1202.9405558,437940,1779546415.9519415,100.0,,,,,,,,,
18031,0.271,1202.9405558,437964,1779546416.0095918,,,,,,,,,,
18033,0.811,1202.9405558,438028,1779546416.1031923,,,,,,,,,,
18036,,1202.9410069,438088,1779546416.200207,49.0,,,,,,,,,
18037,0.0,1202.9410069,438092,1779546416.2106464,,,,,,,,,,
18038,,1202.9410069,438092,1779546416.2106464,100.0,,,,,,,,,
18040,,1202.9410069,438108,1779546416.2371106,4.0,,,,,,,,,
18045,,1202.9410069,438272,1779546416.9532716,,,,,,,-0.004688598,,,
18047,,1202.9410069,438272,1779546416.9532716,,,,,,,,0.0012158826,,
18050,,1202.9410069,438272,1779546416.9532716,,,,,,,,,,0.3757599
18052,0.0,1202.9410069,438368,1779546417.1290345,,,,,,,,,,
18053,,1202.9410069,438368,1779546417.1290345,100.0,,,,,,,,,
18054,0.28,1202.9410069,438416,1779546417.2015393,,,,,,,,,,
18057,,1202.9410069,438432,1779546417.2265186,100.0,,,,,,,,,
18059,,1202.9410069,438444,1779546417.2465034,6.0,,,,,,,,,
18061,,1202.9410069,438472,1779546417.2896667,25.0,,,,,,,,,
18067,,1202.9410069,438548,1779546417.4251506,100.0,,,,,,,,,
18068,0.784,1202.9410069,438624,1779546417.5330746,,,,,,,,,,
18070,,1207.9454956,438784,1779546418.212513,,,,,,3.0737705e-05,,,,
18075,,1207.9460938,438784,1779546418.212513,,,,,,,,,0.00050027715,
18077,,1207.9460938,438784,1779546418.212513,,,,,,,,,,0.47463685
18078,,1207.9460938,438784,1779546418.2155128,,,,,365.0,,,,,
18079,0.0,1207.9460938,438848,1779546418.3175323,,,,,,,,,,
18080,,1207.9460938,438848,1779546418.3175323,100.0,,,,,,,,,
18084,,1207.9460938,438952,1779546418.4813724,100.0,,,,,,,,,
18085,0.847,1207.9460938,439024,1779546418.583749,,,,,,,,,,
18086,,1207.9460938,439024,1779546418.583749,17.0,,,,,,,,,
18090,,1207.9460938,439252,1779546418.926907,100.0,,,,,,,,,
18091,0.0,1207.9460938,439280,1779546418.9738674,,,,,,,,,,
18093,,1207.9460938,439296,1779546419.4507432,,,,,,3.0481557e-05,,,,
18095,,1207.9460938,439296,1779546419.4517663,,,,,,,-0.009335894,,,
18101,,1207.9467,439296,1779546419.4547346,,,,,365.0,,,,,
18102,0.847,1207.9467,439324,1779546419.5091245,,,,,,,,,,
18104,0.0,1207.9467,439428,1779546419.657519,,,,,,,,,,
18106,0.0,1207.9467,439432,1779546419.667376,,,,,,,,,,
18107,,1207.9467,439432,1779546419.667376,100.0,,,,,,,,,
18108,0.856,1207.9467,439496,1779546419.7578242,,,,,,,,,,
18111,,1207.9467,439532,1779546419.8198953,8.0,,,,,,,,,
18114,0.604,1207.9467,439612,1779546419.9542382,,,,,,,,,,
18116,0.0,1207.9467,439684,1779546420.0621629,,,,,,,,,,
18117,,1207.9467,439684,1779546420.0621629,100.0,,,,,,,,,
18118,0.487,1207.9467,439784,1779546420.2032921,,,,,,,,,,
18120,,1207.9467,439808,1779546420.6667833,,,,,,3.022541e-05,,,,
18121,,1207.9467,439808,1779546420.6667833,,0.010250066,,,,,,,,
18122,,1207.9467,439808,1779546420.6667833,,,,,,,-0.0028907955,,,
18123,,1207.9467,439808,1779546420.6667833,,,0.9888089,,,,,,,
18125,,1207.9467,439808,1779546420.6667833,,,,,,,,,0.00045795692,
18128,,1207.9467,439808,1779546420.6698291,,,,,365.0,,,,,
18129,0.559,1207.9467,439812,1779546420.678752,,,,,,,,,,
18130,,1207.9467,439812,1779546420.678752,49.0,,,,,,,,,
18135,0.0,1207.9473269,440088,1779546421.0734582,,,,,,,,,,
18136,,1207.9473269,440088,1779546421.0734582,100.0,,,,,,,,,
18137,0.0,1207.9473269,440216,1779546421.2666733,,,,,,,,,,
18139,,1207.9473269,440320,1779546421.885736,,,,,,2.9969262e-05,,,,
18140,,1207.9473269,440320,1779546421.8872464,,0.0017015877,,,,,,,,
18143,,1207.9473269,440320,1779546421.8872464,,,,,,,,0.0052126413,,
18144,,1207.9473269,440320,1779546421.8872464,,,,,,,,,0.0020466442,
18150,0.0,1207.9473269,440356,1779546421.953824,,,,,,,,,,
18152,0.766,1207.9478547,440448,1779546422.1002421,,,,,,,,,,
18158,0.0,1207.9478547,440620,1779546422.3706,,,,,,,,,,
18159,,1207.9478547,440620,1779546422.3716478,100.0,,,,,,,,,
18160,0.64,1207.9478547,440644,1779546422.4157658,,,,,,,,,,
18161,,1207.9478547,440644,1779546422.4157658,40.0,,,,,,,,,
18162,0.352,1207.9478547,440784,1779546422.6235156,,,,,,,,,,
18165,,1212.9539162,440832,1779546423.1415431,,0.007101353,,,,,,,,
18169,,1212.9539162,440832,1779546423.1415431,,,,,,,,,0.00020765839,
18170,,1212.9539162,440832,1779546423.1415431,,,,0.0,,,,,,
18171,,1212.9539162,440832,1779546423.1415431,,,,,,,,,,0.4321676
18172,,1212.9539162,440832,1779546423.144196,,,,,365.0,,,,,
18175,0.0,1212.9539162,441024,1779546423.4447465,,,,,,,,,,
18176,,1212.9539162,441024,1779546423.4447465,100.0,,,,,,,,,
18180,,1212.9539162,441112,1779546423.564251,21.0,,,,,,,,,
18181,0.0,1212.9539162,441188,1779546423.6588044,,,,,,,,,,
18184,,1212.9544994,441256,1779546423.7601972,100.0,,,,,,,,,
18185,0.613,1212.9544994,441288,1779546423.8102014,,,,,,,,,,
18189,,1212.9544994,441344,1779546424.3159091,,,,,,,-0.00042646285,,,
18191,,1212.9544994,441344,1779546424.3159091,,,,,,,,0.00044199917,,
18192,,1212.9544994,441344,1779546424.3159091,,,,,,,,,0.00013040891,
18196,0.0,1212.9544994,441452,1779546424.494077,,,,,,,,,,
18200,0.19,1212.9544994,441620,1779546424.720373,,,,,,,,,,
18202,0.604,1212.9544994,441632,1779546424.738941,,,,,,,,,,
18204,0.0,1212.9544994,441692,1779546424.8209443,,,,,,,,,,
18206,0.703,1212.9544994,441728,1779546424.870752,,,,,,,,,,
18216,,1212.9553448,441856,1779546425.5213559,,,,0.00048828125,,,,,,
18217,,1212.9553448,441856,1779546425.5213559,,,,,,,,,,0.34147418
18220,,1212.9553448,442024,1779546425.7619183,100.0,,,,,,,,,
18224,,1212.9589089,442096,1779546425.8696814,100.0,,,,,,,,,
18225,0.0,1212.9589089,442192,1779546425.9975548,,,,,,,,,,
18226,,1212.9589089,442192,1779546425.9975548,100.0,,,,,,,,,
18227,,1212.9589089,442368,1779546426.6542132,,,,,,2.8944673e-05,,,,
18232,,1212.9589089,442368,1779546426.6542132,,,,,,,,,0.0031069191,
18235,,1212.9589089,442368,1779546426.6586149,,,,,365.0,,,,,
18238,0.0,1212.9589089,442428,1779546426.7474387,,,,,,,,,,
18242,0.847,1212.9605255,442480,1779546426.8212216,,,,,,,,,,
18244,0.0,1212.9605255,442596,1779546426.978887,,,,,,,,,,
18245,,1212.9605255,442596,1779546426.979497,100.0,,,,,,,,,
18246,0.694,1212.9605255,442620,1779546427.0158343,,,,,,,,,,
18252,,1217.9616676,442880,1779546427.793577,,,,,,2.8688524e-05,,,,
18253,,1217.9616676,442880,1779546427.796183,,0.0057357447,,,,,,,,
18254,,1217.9616676,442880,1779546427.796183,,,,,,,-0.0015685223,,,
18255,,1217.9626939,442880,1779546427.796183,,,0.8072258,,,,,,,
18256,,1217.9626939,442880,1779546427.796183,,,,,,,,0.006989477,,
18259,,1217.9626939,442880,1779546427.796183,,,,,,,,,,0.42878038
18260,,1217.9626939,442880,1779546427.7992475,,,,,365.0,,,,,
18261,0.0,1217.9626939,443000,1779546427.9689965,,,,,,,,,,
18264,,1217.96341,443024,1779546428.0042028,100.0,,,,,,,,,
18265,0.0,1217.96341,443128,1779546428.1453953,,,,,,,,,,
18267,0.46,1217.96341,443244,1779546428.3086672,,,,,,,,,,
18272,,1217.96341,443392,1779546428.9289346,,0.0010648316,,,,,,,,
18274,,1217.96341,443392,1779546428.9289346,,,0.804708,,,,,,,
18276,,1217.96341,443392,1779546428.9289346,,,,,,,,,0.00079146493,
18278,,1217.9644509,443392,1779546428.9289346,,,,,,,,,,0.31418264
18279,,1217.9644509,443392,1779546428.937976,,,,,365.0,,,,,
18280,0.0,1217.9644509,443428,1779546428.9923167,,,,,,,,,,
18283,,1217.9644509,443532,1779546429.1490068,100.0,,,,,,,,,
18287,,1217.9649682,443652,1779546429.329057,100.0,,,,,,,,,
18288,0.0,1217.9649682,443832,1779546429.5688372,,,,,,,,,,
18289,,1217.9649682,443832,1779546429.5688372,100.0,,,,,,,,,
18290,,1217.9649682,443904,1779546430.0716648,,,,,,2.817623e-05,,,,
18292,,1217.9649682,443904,1779546430.0716648,,,,,,,-5.2223448e-05,,,
18293,,1217.9649682,443904,1779546430.0716648,,,1.0197219,,,,,,,
18295,,1217.9649682,443904,1779546430.0716648,,,,,,,,,0.00042744912,
18297,,1217.9660428,443904,1779546430.0716648,,,,,,,,,,-1.3028326
18299,0.0,1217.9660428,443936,1779546430.124533,,,,,,,,,,
18300,,1217.9660428,443936,1779546430.124533,100.0,,,,,,,,,
18301,0.0,1217.9660428,444052,1779546430.278935,,,,,,,,,,
18303,0.0,1217.966355,444056,1779546430.2886794,,,,,,,,,,
18306,,1217.966355,444072,1779546430.3228073,59.0,,,,,,,,,
18307,0.847,1217.966355,444128,1779546430.4227545,,,,,,,,,,
18311,0.415,1217.966355,444392,1779546430.839009,,,,,,,,,,
18312,,1217.966355,444392,1779546430.839009,65.0,,,,,,,,,
18316,,1217.966355,444416,1779546431.3303175,,,0.80385643,,,,,,,
18318,,1217.9670441,444416,1779546431.3303175,,,,,,,,,0.00063784607,
18321,,1217.9670441,444416,1779546431.3365853,,,,,365.0,,,,,
18322,0.0,1217.9670441,444456,1779546431.4025083,,,,,,,,,,
18323,,1217.9670441,444456,1779546431.4025083,100.0,,,,,,,,,
18324,0.0,1217.9670441,444476,1779546431.4364974,,,,,,,,,,
18325,,1217.9670441,444476,1779546431.4390817,100.0,,,,,,,,,
18327,,1217.9670441,444500,1779546431.4828575,5.0,,,,,,,,,
18328,0.0,1217.9670441,444744,1779546431.857799,,,,,,,,,,
18329,,1217.9670441,444744,1779546431.857799,100.0,,,,,,,,,
18331,,1217.9670441,444796,1779546431.9421985,100.0,,,,,,,,,
18333,,1217.9670441,444860,1779546432.0467992,100.0,,,,,,,,,
18336,,1217.9670441,444928,1779546432.684431,,,,,,2.7663935e-05,,,,
18339,,1217.9692254,444928,1779546432.684431,,,0.9116315,,,,,,,
18346,,1222.9783673,445072,1779546432.9933608,41.0,,,,,,,,,
18348,,1222.9783673,445148,1779546433.1347675,100.0,,,,,,,,,
18349,0.91,1222.9783673,445192,1779546433.2086053,,,,,,,,,,
18350,,1222.9783673,445192,1779546433.2104905,10.0,,,,,,,,,
18354,,1222.9783673,445244,1779546433.2954576,10.0,,,,,,,,,
18356,,1222.9783673,445264,1779546433.3336694,100.0,,,,,,,,,
18362,,1222.9783673,445440,1779546434.0136504,,,,,,,,,0.00026277872,
18363,,1222.9783673,445440,1779546434.0136504,,,,0.0,,,,,,
18364,,1222.9783673,445440,1779546434.0136504,,,,,,,,,,0.53145695
18365,,1222.9783673,445440,1779546434.0165,,,,,365.0,,,,,
18368,0.0,1222.9791332,445596,1779546434.2388234,,,,,,,,,,
18369,,1222.9791332,445596,1779546434.2388234,100.0,,,,,,,,,
18371,,1222.9791332,445648,1779546434.3091795,100.0,,,,,,,,,
18372,0.0,1222.9791332,445668,1779546434.3458824,,,,,,,,,,
18373,,1222.9791332,445668,1779546434.3458824,100.0,,,,,,,,,
18374,0.0,1222.9791332,445880,1779546434.6317663,,,,,,,,,,
18378,,1222.9791332,445952,1779546435.1588027,,,,,,,-0.0030483995,,,
18380,,1222.9791332,445952,1779546435.1588027,,,,,,,,0.000286893,,
18384,,1222.9791332,445952,1779546435.1633015,,,,,365.0,,,,,
18385,0.0,1222.9791332,446000,1779546435.253545,,,,,,,,,,
18386,,1222.9791332,446000,1779546435.253545,100.0,,,,,,,,,
18387,0.0,1222.9791332,446052,1779546435.3362877,,,,,,,,,,
18389,0.0,1222.9791332,446072,1779546435.36981,,,,,,,,,,
18390,,1222.9791332,446072,1779546435.36981,100.0,,,,,,,,,
18394,,1222.9791332,446200,1779546435.5461032,31.0,,,,,,,,,
18395,0.0,1222.9791332,446284,1779546435.6654437,,,,,,,,,,
18396,,1222.9791332,446284,1779546435.6654437,100.0,,,,,,,,,
18397,0.28,1222.9791332,446376,1779546435.7989001,,,,,,,,,,
18398,,1222.9791332,446376,1779546435.7989001,80.0,,,,,,,,,
18404,,1222.9791332,446464,1779546436.3493412,,,0.7565435,,,,,,,
18406,,1222.9791332,446464,1779546436.3493412,,,,,,,,,0.0008400907,
18408,,1222.9802686,446464,1779546436.3493412,,,,,,,,,,0.42617655
18409,,1222.9802686,446464,1779546436.357003,,,,,366.0,,,,,
18410,0.253,1222.9802686,446528,1779546436.4687567,,,,,,,,,,
18412,0.928,1222.9802686,446564,1779546436.5378335,,,,,,,,,,
18414,0.0,1222.9802686,446604,1779546436.6007843,,,,,,,,,,
18415,,1222.9802686,446604,1779546436.6007843,100.0,,,,,,,,,
18416,0.892,1222.9802686,446616,1779546436.6295273,,,,,,,,,,
18417,,1222.9802686,446616,1779546436.6295273,12.0,,,,,,,,,
18419,,1222.9802686,446688,1779546436.7488735,100.0,,,,,,,,,
18422,0.271,1222.9802686,446756,1779546436.8779898,,,,,,,,,,
18425,,1222.9802686,446976,1779546437.6127486,,0.0062004505,,,,,,,,
18426,,1222.9802686,446976,1779546437.6127486,,,,,,,-0.0014909646,,,
18428,,1222.9806153,446976,1779546437.6127486,,,,,,,,0.0012402991,,
18429,,1222.9806153,446976,1779546437.6127486,,,,,,,,,8.888589e-05,
18430,,1222.9806153,446976,1779546437.6127486,,,,0.0,,,,,,
18431,,1222.9806153,446976,1779546437.6127486,,,,,,,,,,0.4949056
18435,0.0,1227.981367,447092,1779546437.801887,,,,,,,,,,
18436,,1227.981367,447092,1779546437.801887,100.0,,,,,,,,,
18437,0.0,1227.981367,447108,1779546437.8289292,,,,,,,,,,
18439,0.0,1227.981367,447160,1779546437.908624,,,,,,,,,,
18440,,1227.981367,447160,1779546437.908624,100.0,,,,,,,,,
18441,0.0,1227.9819803,447412,1779546438.2688828,,,,,,,,,,
18446,,1227.9819803,447488,1779546438.8285282,,,0.8370139,,,,,,,
18448,,1227.9819803,447488,1779546438.8285282,,,,,,,,,0.00048079714,
18449,,1227.9819803,447488,1779546438.8285282,,,,0.0,,,,,,
18450,,1227.9819803,447488,1779546438.8285282,,,,,,,,,,-0.92451286
18451,,1227.9819803,447488,1779546438.832708,,,,,366.0,,,,,
18452,0.0,1227.9819803,447496,1779546438.849015,,,,,,,,,,
18453,,1227.9819803,447496,1779546438.849015,100.0,,,,,,,,,
18455,,1227.9819803,447512,1779546438.8686264,100.0,,,,,,,,,
18457,,1227.9823527,447532,1779546438.9080691,29.0,,,,,,,,,
18458,0.0,1227.9823527,447564,1779546438.9575367,,,,,,,,,,
18464,0.0,1227.9823527,447936,1779546439.4990127,,,,,,,,,,
18465,,1227.9823527,447936,1779546439.5026612,100.0,,,,,,,,,
18466,0.0,1227.9823527,447968,1779546439.5487952,,,,,,,,,,
18468,0.928,1227.9823527,447972,1779546439.556398,,,,,,,,,,
18469,,1227.9823527,447972,1779546439.556398,8.0,,,,,,,,,
18470,,1227.9823527,448000,1779546439.9941273,,,,,,2.6127049e-05,,,,
18473,,1227.9840136,448000,1779546439.9941273,,,0.73151743,,,,,,,
18475,,1227.9846071,448000,1779546439.9941273,,,,,,,,,0.001238435,
18476,,1227.9846071,448000,1779546439.9941273,,,,0.001953125,,,,,,
18478,,1227.9846071,448000,1779546440.000241,,,,,366.0,,,,,
18482,,1227.9846071,448264,1779546440.377273,90.0,,,,,,,,,
18483,0.451,1227.9850502,448308,1779546440.4489856,,,,,,,,,,
18486,,1227.9850502,448372,1779546440.5387566,100.0,,,,,,,,,
18488,,1227.9850502,448376,1779546440.5491097,100.0,,,,,,,,,
18491,,1227.9854665,448512,1779546441.138836,,,,,,,-0.0038105734,,,
18493,,1227.9854665,448512,1779546441.138836,,,,,,,,0.0015836377,,
18497,,1227.9860817,448512,1779546441.138836,,,,,366.0,,,,,
18499,,1227.9860817,448668,1779546441.3936868,100.0,,,,,,,,,
18501,,1227.9860817,448712,1779546441.4689803,100.0,,,,,,,,,
18502,0.0,1227.9860817,448776,1779546441.566107,,,,,,,,,,
18504,0.0,1227.9860817,448780,1779546441.575271,,,,,,,,,,
18505,,1227.9860817,448780,1779546441.575271,100.0,,,,,,,,,
18506,0.82,1227.9860817,448864,1779546441.6886346,,,,,,,,,,
18509,,1227.9868566,449024,1779546442.3189754,,0.003822702,,,,,,,,
18513,,1227.9868566,449024,1779546442.3189754,,,,,,,,,0.00017507374,
18516,,1227.9868566,449024,1779546442.3282123,,,,,366.0,,,,,
18517,0.0,1227.9868566,449072,1779546442.3995938,,,,,,,,,,
18519,0.973,1227.9868566,449088,1779546442.4256942,,,,,,,,,,
18520,,1227.9868566,449088,1779546442.4256942,3.0,,,,,,,,,
18521,0.0,1227.9868566,449116,1779546442.4716387,,,,,,,,,,
18524,,1227.9874696,449160,1779546442.533061,10.0,,,,,,,,,
18528,,1227.9874696,449224,1779546442.6303127,10.0,,,,,,,,,
18530,,1227.9874696,449268,1779546442.6935074,100.0,,,,,,,,,
18531,0.478,1232.989497,449324,1779546442.7686582,,,,,,,,,,
18532,,1232.989497,449324,1779546442.7686582,58.0,,,,,,,,,
18535,,1232.989497,449536,1779546443.4935994,,,,,,2.5358606e-05,,,,
18536,,1232.989497,449536,1779546443.4935994,,0.005911703,,,,,,,,
18541,,1232.989497,449536,1779546443.4935994,,,,0.0,,,,,,
18542,,1232.989497,449536,1779546443.4935994,,,,,,,,,,0.625832
18544,0.0,1232.9904848,449564,1779546443.5443425,,,,,,,,,,
18549,,1232.9904848,449644,1779546443.65563,26.0,,,,,,,,,
18550,0.0,1232.9904848,449672,1779546443.695125,,,,,,,,,,
18551,,1232.9904848,449672,1779546443.695125,100.0,,,,,,,,,
18552,0.0,1232.9904848,449968,1779546444.0887973,,,,,,,,,,
18556,0.0,1232.9904848,450048,1779546444.2044406,,,,,,,,,,
18562,,1232.9904848,450048,1779546444.6934788,,,,,,,,0.0025704028,,
18564,,1232.9911458,450048,1779546444.6934788,,,,0.0,,,,,,
18566,,1232.9911458,450048,1779546444.700935,,,,,366.0,,,,,
18567,0.0,1232.9911458,450076,1779546444.7601504,,,,,,,,,,
18568,,1232.9911458,450076,1779546444.7601504,100.0,,,,,,,,,
18570,,1232.9911458,450168,1779546444.9067569,29.0,,,,,,,,,
18573,0.136,1232.9911458,450420,1779546445.2484844,,,,,,,,,,
18576,,1232.9911458,450480,1779546445.3451467,100.0,,,,,,,,,
18577,0.595,1232.9911458,450556,1779546445.4738252,,,,,,,,,,
18578,,1232.9911458,450556,1779546445.4738252,45.0,,,,,,,,,
18579,,1232.9911458,450560,1779546446.0147753,,,,,,2.4846311e-05,,,,
18580,,1232.9911458,450560,1779546446.0147753,,0.004804438,,,,,,,,
18583,,1232.9911458,450560,1779546446.0147753,,,,,,,,0.0020819316,,
18584,,1232.9911458,450560,1779546446.0147753,,,,,,,,,0.00041598175,
18587,,1232.9918487,450560,1779546446.0189574,,,,,366.0,,,,,
18589,,1232.9918487,450572,1779546446.0458233,100.0,,,,,,,,,
18593,,1232.9923643,450720,1779546446.278988,29.0,,,,,,,,,
18599,,1232.9923643,450960,1779546446.6594727,100.0,,,,,,,,,
18602,0.316,1232.9927165,451068,1779546446.8289125,,,,,,,,,,
18604,,1232.9927165,451072,1779546447.2961419,,,,,,2.4590165e-05,,,,
18605,,1232.9927165,451072,1779546447.2961419,,0.005933422,,,,,,,,
18610,,1232.9927165,451072,1779546447.2961419,,,,0.0,,,,,,
18612,,1232.9927165,451072,1779546447.3002038,,,,,366.0,,,,,
18619,0.892,1232.9931558,451164,1779546447.4742577,,,,,,,,,,
18621,0.0,1232.9931558,451228,1779546447.5688193,,,,,,,,,,
18627,0.136,1237.9955385,451552,1779546448.0686789,,,,,,,,,,
18629,,1237.9955385,451584,1779546448.5388205,,,,,,2.4334016e-05,,,,
18631,,1237.9955385,451584,1779546448.5388205,,,,,,,-0.0017445274,,,
18634,,1237.9955385,451584,1779546448.5388205,,,,,,,,,4.30597e-05,
18635,,1237.9955385,451584,1779546448.5388205,,,,0.0,,,,,,
18636,,1237.9955385,451584,1779546448.5388205,,,,,,,,,,0.41352618
18638,0.0,1237.9955385,451632,1779546448.6101134,,,,,,,,,,
18640,0.0,1237.9955385,451724,1779546448.7388568,,,,,,,,,,
18643,,1237.997052,451864,1779546448.9286702,100.0,,,,,,,,,
18647,,1237.997052,452036,1779546449.1636922,100.0,,,,,,,,,
18650,,1237.9975544,452096,1779546449.651078,,,,,,2.4077868e-05,,,,
18652,,1237.9975544,452096,1779546449.651078,,,,,,,-0.0008327188,,,
18653,,1237.9975544,452096,1779546449.651078,,,1.0339302,,,,,,,
18656,,1237.9975544,452096,1779546449.6589835,,,,0.0,,,,,,
18659,0.0,1237.9975544,452128,1779546449.713882,,,,,,,,,,
18660,,1237.9975544,452128,1779546449.713882,100.0,,,,,,,,,
18662,,1237.9975544,452268,1779546449.9039428,100.0,,,,,,,,,
18663,0.658,1237.9975544,452284,1779546449.9249723,,,,,,,,,,
18665,0.0,1237.9975544,452440,1779546450.1390297,,,,,,,,,,
18666,,1237.9975544,452440,1779546450.1390297,100.0,,,,,,,,,
18667,0.0,1237.9975544,452444,1779546450.1570141,,,,,,,,,,
18668,,1237.9975544,452444,1779546450.1570141,100.0,,,,,,,,,
18669,0.955,1237.9975544,452464,1779546450.1897671,,,,,,,,,,
18671,,1237.9983838,452608,1779546450.8604543,,,,,,2.3821722e-05,,,,
18672,,1237.9983838,452608,1779546450.8604543,,0.006563528,,,,,,,,
18675,,1237.9983838,452608,1779546450.8604543,,,,,,,,-0.0016083242,,
18677,,1237.9983838,452608,1779546450.8604543,,,,0.00048828125,,,,,,
18682,0.0,1237.9983838,452688,1779546450.9844072,,,,,,,,,,
18684,0.415,1237.9983838,452708,1779546451.0118215,,,,,,,,,,
18685,,1237.9983838,452708,1779546451.0118215,65.0,,,,,,,,,
18688,0.433,1237.9983838,452928,1779546451.3286023,,,,,,,,,,
18690,0.0,1237.9991633,453092,1779546451.5948923,,,,,,,,,,
18691,,1237.9991633,453092,1779546451.5948923,100.0,,,,,,,,,
18692,0.0,1237.9991633,453112,1779546451.6296325,,,,,,,,,,
18694,,1237.9991633,453120,1779546452.0991766,,,,,,2.3565573e-05,,,,
18696,,1237.9991633,453120,1779546452.0991766,,,,,,,-0.00851813,,,
18698,,1237.9991633,453120,1779546452.1007237,,,,,,,,0.0033493377,,
18700,,1237.9991633,453120,1779546452.1007237,,,,0.0,,,,,,
18704,,1237.9991633,453128,1779546452.1222143,49.0,,,,,,,,,
18706,,1238.0002359,453260,1779546452.3086646,36.0,,,,,,,,,
18707,0.0,1238.0002359,453272,1779546452.3321202,,,,,,,,,,
18709,0.0,1238.0002359,453496,1779546452.6626697,,,,,,,,,,
18710,,1238.0002359,453496,1779546452.6626697,100.0,,,,,,,,,
18713,0.0,1238.0002359,453532,1779546452.7191763,,,,,,,,,,
18715,,1243.0033022,453632,1779546453.2651892,,,,,,2.3309427e-05,,,,
18716,,1243.0033022,453632,1779546453.2651892,,0.0033314074,,,,,,,,
18719,,1243.0033022,453632,1779546453.2651892,,,,,,,,-0.0006038975,,
18720,,1243.0033022,453632,1779546453.2651892,,,,,,,,,0.0023623253,
18721,,1243.0033022,453632,1779546453.2651892,,,,0.0024414062,,,,,,
18724,0.0,1243.0033022,453676,1779546453.3487165,,,,,,,,,,
18727,,1243.0033022,453740,1779546453.4489057,15.0,,,,,,,,,
18729,,1243.0033022,453888,1779546453.64854,97.0,,,,,,,,,
18730,0.0,1243.0033022,453920,1779546453.6961167,,,,,,,,,,
18733,,1243.0033022,453920,1779546453.6961167,96.0,,,,,,,,,
18737,,1243.0033022,453992,1779546453.803697,17.0,,,,,,,,,
18738,0.802,1243.0033022,454084,1779546453.9231527,,,,,,,,,,
18739,,1243.0033022,454084,1779546453.9231527,22.0,,,,,,,,,
18742,,1243.0033022,454144,1779546454.446899,,,,,,2.3053279e-05,,,,
18748,,1243.0033022,454144,1779546454.446899,,,,0.0,,,,,,
18751,0.0,1243.004421,454292,1779546454.6819289,,,,,,,,,,
18753,0.0,1243.004421,454372,1779546454.7883856,,,,,,,,,,
18754,,1243.004421,454372,1779546454.7883856,100.0,,,,,,,,,
18758,,1243.004421,454548,1779546455.0824778,100.0,,,,,,,,,
18760,,1243.004421,454656,1779546455.276602,70.0,,,,,,,,,
18762,,1243.004421,454656,1779546455.7096093,,0.0019963954,,,,,,,,
18768,,1243.0047895,454656,1779546455.7096093,,,,,,,,,,-0.29384673
18770,0.0,1243.0047895,454696,1779546455.7710767,,,,,,,,,,
18772,0.37,1243.0047895,454772,1779546455.874604,,,,,,,,,,
18775,,1243.0047895,454864,1779546455.9988933,22.0,,,,,,,,,
18779,,1243.0047895,454980,1779546456.1630657,80.0,,,,,,,,,
18780,0.865,1243.0047895,455016,1779546456.218101,,,,,,,,,,
18781,,1243.0047895,455016,1779546456.218101,15.0,,,,,,,,,
18787,,1243.0047895,455164,1779546456.4565468,45.0,,,,,,,,,
18789,,1243.0054792,455168,1779546456.8771963,,0.008484325,,,,,,,,
18790,,1243.0054792,455168,1779546456.8771963,,,,,,,-7.982552e-05,,,
18792,,1243.0054792,455168,1779546456.8771963,,,,,,,,0.0078334715,,
18794,,1243.0054792,455168,1779546456.8771963,,,,0.0053710938,,,,,,
18795,,1243.0054792,455168,1779546456.8771963,,,,,,,,,,0.41081727
18796,,1243.0054792,455168,1779546456.8812313,,,,,367.0,,,,,
18798,,1243.0054792,455268,1779546457.0198057,100.0,,,,,,,,,
18799,0.0,1243.0054792,455504,1779546457.388906,,,,,,,,,,
18802,,1243.0058939,455556,1779546457.4639919,100.0,,,,,,,,,
18805,0.0,1243.0058939,455672,1779546457.6219637,,,,,,,,,,
18806,,1243.0058939,455672,1779546457.6219637,100.0,,,,,,,,,
18810,,1248.0084921,455680,1779546458.0354457,,,0.99940944,,,,,,,
18811,,1248.0084921,455680,1779546458.0354457,,,,,,,,-0.007482079,,
18815,,1248.0084921,455680,1779546458.0378053,,,,,367.0,,,,,
18817,,1248.0084921,455696,1779546458.0686736,47.0,,,,,,,,,
18818,0.0,1248.0084921,455960,1779546458.448547,,,,,,,,,,
18819,,1248.0084921,455960,1779546458.448547,100.0,,,,,,,,,
18820,0.0,1248.0084921,455972,1779546458.4744108,,,,,,,,,,
18821,,1248.0084921,455972,1779546458.4744108,100.0,,,,,,,,,
18824,0.0,1248.0091243,456100,1779546458.6889076,,,,,,,,,,
18825,,1248.0091243,456100,1779546458.6889076,100.0,,,,,,,,,
18829,,1248.0091243,456192,1779546459.2321687,,0.00333165,,,,,,,,
18832,,1248.0091243,456192,1779546459.2321687,,,,,,,,0.00071802456,,
18834,,1248.0091243,456192,1779546459.2321687,,,,0.0009765625,,,,,,
18836,,1248.0091243,456192,1779546459.236324,,,,,367.0,,,,,
18837,0.712,1248.0091243,456208,1779546459.2657197,,,,,,,,,,
18839,0.802,1248.0091243,456220,1779546459.2850926,,,,,,,,,,
18840,,1248.0091243,456220,1779546459.2850926,22.0,,,,,,,,,
18841,0.0,1248.0091243,456364,1779546459.5058537,,,,,,,,,,
18843,0.0,1248.0091243,456376,1779546459.5268114,,,,,,,,,,
18847,0.433,1248.0091243,456476,1779546459.6687603,,,,,,,,,,
18848,,1248.0091243,456476,1779546459.6687603,63.0,,,,,,,,,
18857,,1248.0091243,456704,1779546460.4377785,,,,,,,,-0.00068976544,,
18859,,1248.0091243,456704,1779546460.4377785,,,,0.0,,,,,,
18861,,1248.0091243,456704,1779546460.4404597,,,,,367.0,,,,,
18862,0.0,1248.0091243,456768,1779546460.5530744,,,,,,,,,,
18863,,1248.0091243,456768,1779546460.5530744,100.0,,,,,,,,,
18864,0.0,1248.0091243,456804,1779546460.614429,,,,,,,,,,
18865,,1248.0091243,456804,1779546460.614429,100.0,,,,,,,,,
18866,0.964,1248.0091243,456824,1779546460.651466,,,,,,,,,,
18867,,1248.0091243,456824,1779546460.651466,4.0,,,,,,,,,
18869,,1248.0091243,456872,1779546460.72889,11.0,,,,,,,,,
18871,,1248.0091243,456924,1779546460.815437,38.0,,,,,,,,,
18872,0.0,1248.0104097,456948,1779546460.8534513,,,,,,,,,,
18873,,1248.0104097,456948,1779546460.8534513,100.0,,,,,,,,,
18874,0.847,1248.0104097,457020,1779546460.9641805,,,,,,,,,,
18875,,1248.0104097,457020,1779546460.9641805,17.0,,,,,,,,,
18876,0.0,1248.0104097,457096,1779546461.0790105,,,,,,,,,,
18877,,1248.0104097,457096,1779546461.0827787,100.0,,,,,,,,,
18878,,1248.0104097,457216,1779546461.7468264,,,,,,2.1516393e-05,,,,
18880,,1248.0104097,457216,1779546461.7468264,,,,,,,-0.00666485,,,
18882,,1248.0104097,457216,1779546461.7468264,,,,,,,,0.0049710963,,
18887,0.559,1248.0104097,457220,1779546461.7624574,,,,,,,,,,
18888,,1248.0104097,457220,1779546461.7624574,49.0,,,,,,,,,
18890,,1248.0104097,457276,1779546461.8592722,100.0,,,,,,,,,
18891,0.0,1248.0108366,457328,1779546461.94342,,,,,,,,,,
18892,,1248.0108366,457328,1779546461.94342,100.0,,,,,,,,,
18893,0.748,1248.0108366,457392,1779546462.0447285,,,,,,,,,,
18896,,1248.0108366,457452,1779546462.1457427,14.0,,,,,,,,,
18897,0.0,1248.0108366,457500,1779546462.2123766,,,,,,,,,,
18900,,1248.0108366,457624,1779546462.4146557,100.0,,,,,,,,,
18903,,1253.0143122,457728,1779546463.050788,,,,,,,-0.0023647323,,,
18906,,1253.0143122,457728,1779546463.050788,,,,,,,,,9.203702e-05,
18907,,1253.0143122,457728,1779546463.050788,,,,0.0,,,,,,
18908,,1253.0143122,457728,1779546463.050788,,,,,,,,,,0.44547266
18910,0.0,1253.0143122,457732,1779546463.0684621,,,,,,,,,,
18912,0.262,1253.0143122,457832,1779546463.2187562,,,,,,,,,,
18917,,1253.0143122,457976,1779546463.4484277,35.0,,,,,,,,,
18918,0.0,1253.0143122,458028,1779546463.5384436,,,,,,,,,,
18919,,1253.0143122,458028,1779546463.5384436,100.0,,,,,,,,,
18920,0.0,1253.0143122,458136,1779546463.714061,,,,,,,,,,
18921,,1253.0143122,458136,1779546463.714061,100.0,,,,,,,,,
18922,0.433,1253.0143122,458232,1779546463.8586805,,,,,,,,,,
18923,,1253.0143122,458232,1779546463.8586805,63.0,,,,,,,,,
18924,,1253.0143122,458240,1779546464.2685964,,,,,,2.1004098e-05,,,,
18925,,1253.0143122,458240,1779546464.2685964,,0.0074288305,,,,,,,,
18926,,1253.0143122,458240,1779546464.2685964,,,,,,,-0.00010271743,,,
18928,,1253.0150957,458240,1779546464.2685964,,,,,,,,-0.0014716629,,
18932,,1253.0150957,458240,1779546464.2714498,,,,,367.0,,,,,
18933,0.0,1253.0150957,458260,1779546464.3101444,,,,,,,,,,
18934,,1253.0150957,458260,1779546464.3101444,100.0,,,,,,,,,
18937,0.0,1253.0150957,458432,1779546464.566028,,,,,,,,,,
18941,0.0,1253.0150957,458664,1779546464.880751,,,,,,,,,,
18944,,1253.0150957,458752,1779546465.4494588,,0.0019039068,,,,,,,,
18945,,1253.0150957,458752,1779546465.4494588,,,,,,,-0.0013404842,,,
18946,,1253.0150957,458752,1779546465.4501724,,,1.0734768,,,,,,,
18948,,1253.0150957,458752,1779546465.4501724,,,,,,,,,5.8741774e-05,
18949,,1253.0150957,458752,1779546465.4501724,,,,0.0,,,,,,
18950,,1253.0150957,458752,1779546465.4501724,,,,,,,,,,0.36427164
18953,,1253.0150957,458784,1779546465.5052567,100.0,,,,,,,,,
18954,0.0,1253.0150957,458836,1779546465.5786765,,,,,,,,,,
18956,0.811,1253.0150957,458924,1779546465.7031186,,,,,,,,,,
18962,0.838,1253.0150957,459000,1779546465.8146036,,,,,,,,,,
18966,0.64,1253.0150957,459108,1779546465.9638302,,,,,,,,,,
18969,,1253.0159404,459188,1779546466.0779002,100.0,,,,,,,,,
18972,,1253.0159404,459264,1779546466.6286697,,,,,,,-0.00064906664,,,
18974,,1253.0159404,459264,1779546466.6286697,,,,,,,,-0.0019038152,,
18975,,1253.0159404,459264,1779546466.6286697,,,,,,,,,0.00011653174,
18976,,1253.0159404,459264,1779546466.6286697,,,,0.0,,,,,,
18978,,1253.0159404,459264,1779546466.6331596,,,,,367.0,,,,,
18979,0.568,1253.0159404,459304,1779546466.6937623,,,,,,,,,,
18980,,1253.0159404,459304,1779546466.6953626,48.0,,,,,,,,,
18982,,1253.0162902,459404,1779546466.8341699,100.0,,,,,,,,,
18983,0.0,1253.0162902,459440,1779546466.8838546,,,,,,,,,,
18984,,1253.0162902,459440,1779546466.8838546,100.0,,,,,,,,,
18986,,1253.0162902,459500,1779546466.9678018,48.0,,,,,,,,,
18989,0.622,1253.0162902,459576,1779546467.0730147,,,,,,,,,,
18995,0.469,1253.0162902,459680,1779546467.2255907,,,,,,,,,,
18997,0.856,1253.0162902,459692,1779546467.2422898,,,,,,,,,,
18998,,1253.0162902,459692,1779546467.2422898,16.0,,,,,,,,,
18999,,1258.0181357,459776,1779546467.7979603,,,,,,2.0235655e-05,,,,
19001,,1258.0181357,459776,1779546467.7979603,,,,,,,-0.008437421,,,
19002,,1258.0181357,459776,1779546467.7979603,,,0.91468817,,,,,,,
19005,,1258.0181357,459776,1779546467.7979603,,,,0.0,,,,,,
19006,,1258.0181357,459776,1779546467.7979603,,,,,,,,,,0.5165155
19008,0.0,1258.0181357,459980,1779546468.0785403,,,,,,,,,,
19009,,1258.0181357,459980,1779546468.0785403,100.0,,,,,,,,,
19015,,1258.0181357,460036,1779546468.1662977,13.0,,,,,,,,,
19016,0.0,1258.018919,460084,1779546468.2396135,,,,,,,,,,
19020,,1258.018919,460288,1779546468.9653635,,,,,,1.9979509e-05,,,,
19021,,1258.018919,460288,1779546468.9663284,,0.007431825,,,,,,,,
19022,,1258.018919,460288,1779546468.9663284,,,,,,,0.0014428068,,,
19025,,1258.018919,460288,1779546468.9663284,,,,,,,,,0.000495282,
19026,,1258.018919,460288,1779546468.9663284,,,,0.0,,,,,,
19027,,1258.018919,460288,1779546468.9663284,,,,,,,,,,0.3702699
19028,,1258.018919,460288,1779546468.968876,,,,,367.0,,,,,
19029,0.0,1258.018919,460400,1779546469.1196918,,,,,,,,,,
19031,0.0,1258.018919,460420,1779546469.1513271,,,,,,,,,,
19034,,1258.018919,460440,1779546469.1847603,100.0,,,,,,,,,
19036,,1258.0208057,460608,1779546469.435591,100.0,,,,,,,,,
19039,,1258.0208057,460800,1779546470.1073573,,,,,,,-0.0008093193,,,
19041,,1258.0208057,460800,1779546470.1073573,,,,,,,,0.00015572552,,
19043,,1258.0208057,460800,1779546470.1073573,,,,0.0,,,,,,
19045,,1258.0208057,460800,1779546470.1115868,,,,,367.0,,,,,
19050,0.0,1258.0215778,460824,1779546470.1582923,,,,,,,,,,
19054,0.0,1258.0215778,460844,1779546470.193511,,,,,,,,,,
19056,0.0,1258.0215778,461208,1779546470.696133,,,,,,,,,,
19057,,1258.0215778,461208,1779546470.696133,100.0,,,,,,,,,
19060,0.955,1258.0215778,461240,1779546470.746174,,,,,,,,,,
19061,,1258.0215778,461240,1779546470.746174,5.0,,,,,,,,,
19062,0.0,1258.0215778,461244,1779546470.7551672,,,,,,,,,,
19068,,1258.0222349,461312,1779546471.2688718,,,,,,,-0.0025645047,,,
19072,,1258.0226025,461312,1779546471.2688718,,,,0.0,,,,,,
19075,0.541,1258.0230751,461416,1779546471.4506857,,,,,,,,,,
19078,,1258.0237798,461632,1779546471.7741854,95.0,,,,,,,,,
19079,0.0,1258.0237798,461644,1779546471.7939095,,,,,,,,,,
19081,0.0,1258.0244493,461648,1779546471.8032298,,,,,,,,,,
19086,,1258.0244493,461824,1779546472.4917872,,0.00395601,,,,,,,,
19088,,1258.0244493,461824,1779546472.4917872,,,1.025786,,,,,,,
19090,,1258.0244493,461824,1779546472.4917872,,,,,,,,,0.00057462,
19092,,1258.0244493,461824,1779546472.4933388,,,,,,,,,,-0.25594425
19094,0.433,1258.0244493,461900,1779546472.6060188,,,,,,,,,,
19097,,1258.0244493,461936,1779546472.6552625,71.0,,,,,,,,,
19098,0.0,1263.0257071,462036,1779546472.7910087,,,,,,,,,,
19101,,1263.0257071,462040,1779546472.8010905,25.0,,,,,,,,,
19103,,1263.0262797,462156,1779546472.957217,28.0,,,,,,,,,
19106,0.199,1263.0262797,462260,1779546473.1089728,,,,,,,,,,
19107,,1263.0262797,462260,1779546473.1089728,89.0,,,,,,,,,
19108,,1263.0262797,462336,1779546473.6660533,,,,,,1.8954917e-05,,,,
19110,,1263.0262797,462336,1779546473.6660533,,,,,,,-0.0021312907,,,
19112,,1263.0262797,462336,1779546473.6660533,,,,,,,,0.0027008466,,
19113,,1263.0262797,462336,1779546473.6660533,,,,,,,,,5.5864453e-05,
19114,,1263.0262797,462336,1779546473.6660533,,,,0.0,,,,,,
19115,,1263.0262797,462336,1779546473.6660533,,,,,,,,,,0.40319103
19118,,1263.0269061,462376,1779546473.728281,37.0,,,,,,,,,
19119,0.0,1263.0269061,462440,1779546473.818608,,,,,,,,,,
19123,0.0,1263.0269061,462560,1779546473.987627,,,,,,,,,,
19124,,1263.0269061,462560,1779546473.987627,100.0,,,,,,,,,
19125,0.73,1263.0269061,462572,1779546474.0069056,,,,,,,,,,
19126,,1263.0269061,462572,1779546474.0069056,30.0,,,,,,,,,
19127,0.829,1263.0269061,462652,1779546474.114314,,,,,,,,,,
19130,,1263.0269061,462664,1779546474.135791,100.0,,,,,,,,,
19133,0.955,1263.0269061,462696,1779546474.1896634,,,,,,,,,,
19134,,1263.0269061,462696,1779546474.1896634,5.0,,,,,,,,,
19135,0.91,1263.0274365,462740,1779546474.25471,,,,,,,,,,
19136,,1263.0274365,462740,1779546474.25471,10.0,,,,,,,,,
19137,0.982,1263.0274365,462752,1779546474.2741446,,,,,,,,,,
19138,,1263.0274365,462752,1779546474.2741446,2.0,,,,,,,,,
19139,0.0,1263.0274365,462844,1779546474.4003928,,,,,,,,,,
19140,,1263.0274365,462844,1779546474.4003928,100.0,,,,,,,,,
19141,,1263.0274365,462848,1779546474.8260658,,,,,,1.869877e-05,,,,
19144,,1263.0274365,462848,1779546474.8260658,,,1.075372,,,,,,,
19145,,1263.0274365,462848,1779546474.8260658,,,,,,,,-0.0015620766,,
19147,,1263.0274365,462848,1779546474.8270645,,,,0.0,,,,,,
19150,0.0,1263.0274365,462964,1779546474.9895244,,,,,,,,,,
19153,,1263.0280583,463068,1779546475.1322863,100.0,,,,,,,,,
19155,,1263.0280583,463136,1779546475.228508,16.0,,,,,,,,,
19158,0.0,1263.0280583,463248,1779546475.4066916,,,,,,,,,,
19159,,1263.0280583,463248,1779546475.4066916,100.0,,,,,,,,,
19160,,1263.0280583,463360,1779546476.045471,,,,,,1.8442623e-05,,,,
19166,,1263.0280583,463360,1779546476.046471,,,,0.0,,,,,,
19167,,1263.0287431,463360,1779546476.046471,,,,,,,,,,0.31647456
19168,,1263.0287431,463360,1779546476.04982,,,,,367.0,,,,,
19169,0.0,1263.0287431,463368,1779546476.0692616,,,,,,,,,,
19173,0.0,1263.0287431,463540,1779546476.3397925,,,,,,,,,,
19174,,1263.0287431,463540,1779546476.3397925,100.0,,,,,,,,,
19175,0.0,1263.0287431,463652,1779546476.5118651,,,,,,,,,,
19176,,1263.0287431,463652,1779546476.5118651,100.0,,,,,,,,,
19177,0.766,1263.0287431,463760,1779546476.6795561,,,,,,,,,,
19179,0.0,1263.0287431,463772,1779546476.702876,,,,,,,,,,
19180,,1263.0287431,463772,1779546476.702876,100.0,,,,,,,,,
19181,0.0,1263.0287431,463796,1779546476.744818,,,,,,,,,,
19186,,1263.0287431,463872,1779546477.3383858,,0.005847921,,,,,,,,
19191,,1263.0287431,463872,1779546477.3383858,,,,0.0,,,,,,
19194,0.0,1263.0312229,463944,1779546477.470065,,,,,,,,,,
19196,0.0,1268.0326017,464164,1779546477.7985,,,,,,,,,,
19197,,1268.0326017,464164,1779546477.7985,100.0,,,,,,,,,
19198,0.0,1268.0326017,464176,1779546477.8185627,,,,,,,,,,
19199,,1268.0326017,464176,1779546477.8185627,100.0,,,,,,,,,
19200,0.0,1268.0332061,464244,1779546477.9205139,,,,,,,,,,
19201,,1268.0332061,464244,1779546477.9205139,100.0,,,,,,,,,
19202,0.0,1268.0332061,464348,1779546478.0823727,,,,,,,,,,
19203,,1268.0332061,464348,1779546478.0823727,100.0,,,,,,,,,
19204,,1268.0332061,464384,1779546478.5704787,,,,,,1.7930328e-05,,,,
19205,,1268.0332061,464384,1779546478.5704787,,0.0008733672,,,,,,,,
19206,,1268.0332061,464384,1779546478.5704787,,,,,,,-0.0037496835,,,
19207,,1268.0332061,464384,1779546478.5704787,,,1.021485,,,,,,,
19208,,1268.0332061,464384,1779546478.5704787,,,,,,,,0.0009419769,,
19209,,1268.0332061,464384,1779546478.5704787,,,,,,,,,0.0005722395,
19212,,1268.0332061,464384,1779546478.572977,,,,,368.0,,,,,
19213,0.0,1268.0332061,464568,1779546478.820632,,,,,,,,,,
19215,0.0,1268.0332061,464580,1779546478.8417575,,,,,,,,,,
19219,0.955,1268.0332061,464604,1779546478.8809168,,,,,,,,,,
19220,,1268.0332061,464604,1779546478.8809168,5.0,,,,,,,,,
19221,0.0,1268.0332061,464648,1779546478.9460635,,,,,,,,,,
19223,0.496,1268.0332061,464824,1779546479.1836283,,,,,,,,,,
19224,,1268.0332061,464824,1779546479.1836283,56.0,,,,,,,,,
19225,,1268.0332061,464896,1779546479.8469145,,,,,,1.767418e-05,,,,
19226,,1268.0332061,464896,1779546479.8469145,,0.0027380819,,,,,,,,
19229,,1268.0332061,464896,1779546479.8469145,,,,,,,,0.00011138525,,
19231,,1268.034256,464896,1779546479.8469145,,,,0.0,,,,,,
19233,,1268.034256,464896,1779546479.8512983,,,,,368.0,,,,,
19234,0.0,1268.034256,464972,1779546479.9839365,,,,,,,,,,
19235,,1268.034256,464972,1779546479.9849238,100.0,,,,,,,,,
19236,0.0,1268.034256,465008,1779546480.053633,,,,,,,,,,
19242,0.0,1268.034256,465376,1779546480.564392,,,,,,,,,,
19243,,1268.034256,465376,1779546480.564392,100.0,,,,,,,,,
19246,,1268.034256,465408,1779546481.0255494,,,,,,,-0.0018211333,,,
19248,,1268.034256,465408,1779546481.0255494,,,,,,,,0.002963258,,
19250,,1268.034256,465408,1779546481.0255494,,,,0.0014648438,,,,,,
19252,,1268.034256,465408,1779546481.030006,,,,,368.0,,,,,
19255,0.946,1268.034256,465440,1779546481.0836833,,,,,,,,,,
19257,0.0,1268.034256,465456,1779546481.1089122,,,,,,,,,,
19259,0.865,1268.0349649,465520,1779546481.196925,,,,,,,,,,
19260,,1268.0349649,465520,1779546481.196925,15.0,,,,,,,,,
19262,,1268.0349649,465632,1779546481.3743317,100.0,,,,,,,,,
19263,0.937,1268.0349649,465664,1779546481.422273,,,,,,,,,,
19264,,1268.0349649,465664,1779546481.422273,7.0,,,,,,,,,
19265,0.0,1268.0349649,465780,1779546481.5892162,,,,,,,,,,
19266,,1268.0349649,465780,1779546481.5897412,100.0,,,,,,,,,
19268,,1268.0349649,465788,1779546481.604632,30.0,,,,,,,,,
19269,0.0,1268.0349649,465844,1779546481.684789,,,,,,,,,,
19274,,1268.0349649,465920,1779546482.205283,,,1.090698,,,,,,,
19276,,1268.0349649,465920,1779546482.205283,,,,,,,,,0.0007563797,
19277,,1268.0349649,465920,1779546482.205283,,,,0.0,,,,,,
19280,0.0,1268.0349649,465924,1779546482.2198474,,,,,,,,,,
19282,0.0,1268.0349649,466184,1779546482.6323247,,,,,,,,,,
19283,,1268.0349649,466184,1779546482.6323247,100.0,,,,,,,,,
19284,0.0,1268.0349649,466192,1779546482.6470966,,,,,,,,,,
19286,0.0,1268.0349649,466248,1779546482.730932,,,,,,,,,,
19287,,1268.0349649,466248,1779546482.730932,100.0,,,,,,,,,
19288,0.0,1273.0367151,466328,1779546482.8450727,,,,,,,,,,
19289,,1273.0367151,466328,1779546482.8450727,100.0,,,,,,,,,
19292,,1273.0367151,466432,1779546483.409679,,,,,,1.6905738e-05,,,,
19295,,1273.0367151,466432,1779546483.4107175,,,0.9628926,,,,,,,
19296,,1273.0367151,466432,1779546483.4107175,,,,,,,,0.0010072934,,
19297,,1273.0367151,466432,1779546483.4107175,,,,,,,,,0.00017312728,
19299,,1273.0367151,466432,1779546483.4107175,,,,,,,,,,0.22676545
19300,,1273.0367151,466432,1779546483.4128323,,,,,368.0,,,,,
19302,,1273.0367151,466596,1779546483.6477292,100.0,,,,,,,,,
19303,0.0,1273.0367151,466652,1779546483.721986,,,,,,,,,,
19306,,1273.0367151,466656,1779546483.730864,73.0,,,,,,,,,
19308,,1273.0367151,466728,1779546483.8337555,32.0,,,,,,,,,
19310,,1273.0374955,466732,1779546483.8426733,100.0,,,,,,,,,
19312,,1273.0374955,466768,1779546483.8967986,9.0,,,,,,,,,
19313,,1273.0374955,466944,1779546484.5605526,,,,,,1.664959e-05,,,,
19314,,1273.0374955,466944,1779546484.5605526,,0.0052923616,,,,,,,,
19317,,1273.0374955,466944,1779546484.5615559,,,,,,,,0.00072756875,,
19319,,1273.0374955,466944,1779546484.5615559,,,,0.0,,,,,,
19322,0.0,1273.0374955,467056,1779546484.7241857,,,,,,,,,,
19325,,1273.0374955,467060,1779546484.7356892,100.0,,,,,,,,,
19329,,1273.0374955,467172,1779546484.8965392,100.0,,,,,,,,,
19330,0.883,1273.0374955,467228,1779546484.9705923,,,,,,,,,,
19335,,1273.0374955,467412,1779546485.2266088,72.0,,,,,,,,,
19338,,1273.0374955,467456,1779546485.8010058,,,,,,,-0.00018386915,,,
19339,,1273.0374955,467456,1779546485.8010058,,,0.9769778,,,,,,,
19342,,1273.0374955,467456,1779546485.8010058,,,,0.0,,,,,,
19345,0.0,1273.0374955,467460,1779546485.8156912,,,,,,,,,,
19346,,1273.0374955,467460,1779546485.8156912,100.0,,,,,,,,,
19348,,1273.0374955,467464,1779546485.8260834,100.0,,,,,,,,,
19349,0.928,1273.0374955,467500,1779546485.880509,,,,,,,,,,
19351,0.883,1273.0374955,467516,1779546485.90755,,,,,,,,,,
19354,,1273.0382971,467640,1779546486.078246,56.0,,,,,,,,,
19355,0.0,1273.0382971,467676,1779546486.1304727,,,,,,,,,,
19357,0.595,1273.0382971,467824,1779546486.3415458,,,,,,,,,,
19358,,1273.0382971,467824,1779546486.3415458,45.0,,,,,,,,,
19359,0.0,1273.0382971,467904,1779546486.453194,,,,,,,,,,
19360,,1273.0382971,467904,1779546486.4541907,100.0,,,,,,,,,
19361,0.0,1273.0382971,467920,1779546486.4771676,,,,,,,,,,
19362,,1273.0382971,467920,1779546486.4771676,100.0,,,,,,,,,
19363,0.757,1273.0382971,467936,1779546486.502273,,,,,,,,,,
19364,,1273.0382971,467936,1779546486.502273,27.0,,,,,,,,,
19367,,1273.0393973,467968,1779546486.9750144,,,,,,,0.000536053,,,
19369,,1273.0393973,467968,1779546486.9750144,,,,,,,,0.000271908,,
19370,,1273.0393973,467968,1779546486.9750144,,,,,,,,,0.00013225852,
19371,,1273.0393973,467968,1779546486.9750144,,,,0.0,,,,,,
19376,0.946,1273.0404603,468048,1779546487.1005373,,,,,,,,,,
19377,,1273.0404603,468048,1779546487.101437,6.0,,,,,,,,,
19378,0.523,1273.0404603,468120,1779546487.2015538,,,,,,,,,,
19380,0.559,1273.0404603,468320,1779546487.503398,,,,,,,,,,
19382,0.0,1273.0404603,468324,1779546487.513424,,,,,,,,,,
19387,,1273.0410835,468452,1779546487.7010465,100.0,,,,,,,,,
19388,,1278.043124,468480,1779546488.1590223,,,,,,1.5881147e-05,,,,
19390,,1278.043124,468480,1779546488.1590223,,,,,,,-0.0032729656,,,
19391,,1278.043124,468480,1779546488.1590223,,,1.0642116,,,,,,,
19393,,1278.043124,468480,1779546488.1590223,,,,,,,,,0.00022539729,
19394,,1278.043124,468480,1779546488.1590223,,,,0.0,,,,,,
19395,,1278.043124,468480,1779546488.1590223,,,,,,,,,,0.42135715
19397,0.0,1278.043124,468724,1779546488.517049,,,,,,,,,,
19401,0.0,1278.043124,468744,1779546488.5525389,,,,,,,,,,
19404,,1278.043124,468760,1779546488.5902336,8.0,,,,,,,,,
19405,0.0,1278.043124,468856,1779546488.726433,,,,,,,,,,
19406,,1278.043124,468856,1779546488.726433,100.0,,,,,,,,,
19407,0.883,1278.043124,468912,1779546488.8033698,,,,,,,,,,
19408,,1278.043124,468912,1779546488.8033698,13.0,,,,,,,,,
19410,,1278.043124,468992,1779546489.4070554,,0.0034706462,,,,,,,,
19412,,1278.043124,468992,1779546489.4070554,,,1.0019499,,,,,,,
19413,,1278.0438551,468992,1779546489.4070554,,,,,,,,-0.0022986354,,
19415,,1278.0438551,468992,1779546489.4070554,,,,0.0,,,,,,
19418,0.352,1278.0438551,469036,1779546489.4971142,,,,,,,,,,
19420,0.0,1278.0438551,469132,1779546489.658453,,,,,,,,,,
19421,,1278.0438551,469132,1779546489.658453,100.0,,,,,,,,,
19422,0.0,1278.0438551,469164,1779546489.7062724,,,,,,,,,,
19428,0.964,1278.0438551,469336,1779546489.9724596,,,,,,,,,,
19430,0.0,1278.0438551,469440,1779546490.1241832,,,,,,,,,,
19434,0.442,1278.0438551,469468,1779546490.1840708,,,,,,,,,,
19435,,1278.0438551,469468,1779546490.1840708,62.0,,,,,,,,,
19436,,1278.0446233,469504,1779546490.7231605,,,,,,1.5368852e-05,,,,
19437,,1278.0446233,469504,1779546490.7231605,,0.008029746,,,,,,,,
19440,,1278.0446233,469504,1779546490.7231605,,,,,,,,0.0016768556,,
19443,,1278.0446233,469504,1779546490.7247052,,,,,,,,,,0.55325186
19445,0.856,1278.0446233,469536,1779546490.784715,,,,,,,,,,
19446,,1278.0446233,469536,1779546490.784715,16.0,,,,,,,,,
19447,0.0,1278.0446233,469568,1779546490.8397498,,,,,,,,,,
19448,,1278.0446233,469568,1779546490.8397498,100.0,,,,,,,,,
19449,0.766,1278.0446233,469644,1779546490.9575462,,,,,,,,,,
19452,,1278.0446233,469744,1779546491.1148083,24.0,,,,,,,,,
19453,0.0,1278.0446233,469844,1779546491.2713087,,,,,,,,,,
19457,0.0,1278.0446233,469868,1779546491.324402,,,,,,,,,,
19459,0.0,1278.0446233,469972,1779546491.482114,,,,,,,,,,
19460,,1278.0446233,469972,1779546491.4826288,100.0,,,,,,,,,
19462,,1278.0446233,470016,1779546492.0175354,,0.007817208,,,,,,,,
19463,,1278.0446233,470016,1779546492.0175354,,,,,,,-0.0023339763,,,
19467,,1278.0452663,470016,1779546492.018536,,,,0.0,,,,,,
19468,,1278.0452663,470016,1779546492.018536,,,,,,,,,,0.5355247
19469,,1278.0452663,470016,1779546492.0211396,,,,,368.0,,,,,
19470,0.208,1278.0452663,470200,1779546492.3235633,,,,,,,,,,
19471,,1278.0452663,470200,1779546492.3235633,88.0,,,,,,,,,
19474,0.0,1278.0452663,470272,1779546492.4475656,,,,,,,,,,
19477,,1278.0452663,470300,1779546492.496005,7.0,,,,,,,,,
19478,0.0,1278.0452663,470376,1779546492.608291,,,,,,,,,,
19479,,1278.0452663,470376,1779546492.6087997,100.0,,,,,,,,,
19480,,1283.0480268,470528,1779546493.2976158,,,,,,1.4856558e-05,,,,
19484,,1283.0480268,470528,1779546493.2976158,,,,,,,,0.0013460005,,
19485,,1283.0486348,470528,1779546493.2976158,,,,,,,,,7.484667e-05,
19486,,1283.0486348,470528,1779546493.2986155,,,,0.0,,,,,,
19488,,1283.0486348,470528,1779546493.3029592,,,,,368.0,,,,,
19489,0.0,1283.0492966,470604,1779546493.4748876,,,,,,,,,,
19490,,1283.0492966,470604,1779546493.4753573,100.0,,,,,,,,,
19491,0.226,1283.0541757,470620,1779546493.513603,,,,,,,,,,
19492,,1283.0541757,470620,1779546493.5142577,86.0,,,,,,,,,
19493,0.919,1283.0541757,470660,1779546493.5982707,,,,,,,,,,
19497,0.0,1283.0549131,470704,1779546493.6716435,,,,,,,,,,
19498,,1283.0549131,470704,1779546493.6726427,100.0,,,,,,,,,
19499,0.0,1283.0549131,471008,1779546494.1686969,,,,,,,,,,
19501,0.937,1283.0549131,471040,1779546494.2170498,,,,,,,,,,
19502,,1283.0549131,471040,1779546494.2170498,7.0,,,,,,,,,
19505,,1283.0549131,471040,1779546494.820558,,,,,,,-0.0018717889,,,
19506,,1283.0557213,471040,1779546494.820558,,,0.99703515,,,,,,,
19507,,1283.0557213,471040,1779546494.820558,,,,,,,,-0.0016190214,,
19509,,1283.0557213,471040,1779546494.821578,,,,0.0,,,,,,
19510,,1283.0557213,471040,1779546494.821578,,,,,,,,,,0.41866004
19511,,1283.0557213,471040,1779546494.8258548,,,,,368.0,,,,,
19515,,1283.0560521,471092,1779546495.0081449,100.0,,,,,,,,,
19517,,1283.0560521,471108,1779546495.044959,100.0,,,,,,,,,
19518,0.982,1283.0560521,471120,1779546495.073012,,,,,,,,,,
19519,,1283.0560521,471120,1779546495.073012,2.0,,,,,,,,,
19520,0.262,1283.0560521,471396,1779546495.8507335,,,,,,,,,,
19521,,1283.0560521,471396,1779546495.8507335,82.0,,,,,,,,,
19522,0.0,1283.0560521,471444,1779546496.005123,,,,,,,,,,
19523,,1283.0560521,471444,1779546496.0061238,100.0,,,,,,,,,
19524,0.0,1283.0560521,471496,1779546496.1384096,,,,,,,,,,
19528,,1283.0568468,471552,1779546497.0384846,,,,,,1.4344262e-05,,,,
19529,,1283.0568468,471552,1779546497.0390058,,0.0020239432,,,,,,,,
19532,,1283.0568468,471552,1779546497.0390058,,,,,,,,0.00030767918,,
19533,,1283.0574426,471552,1779546497.0390058,,,,,,,,,0.00035916409,
19534,,1283.0574426,471552,1779546497.0390058,,,,0.0,,,,,,
19536,,1283.0574426,471552,1779546497.0426311,,,,,368.0,,,,,
19537,0.847,1283.0574426,471568,1779546497.0751412,,,,,,,,,,
19543,0.0,1283.0589898,471848,1779546497.7368922,,,,,,,,,,
19544,,1283.0589898,471848,1779546497.7368922,100.0,,,,,,,,,
19545,0.703,1288.0649179,471916,1779546497.9066465,,,,,,,,,,
19547,0.0,1288.0649179,471928,1779546497.937881,,,,,,,,,,
19548,,1288.0649179,471928,1779546497.9389231,100.0,,,,,,,,,
19550,,1288.0655007,472024,1779546498.089004,100.0,,,,,,,,,
19556,,1288.0655007,472064,1779546498.7840123,,,,,,,,,0.00019969372,
19561,,1288.0655007,472252,1779546499.1233542,100.0,,,,,,,,,
19562,0.0,1288.0655007,472320,1779546499.2540572,,,,,,,,,,
19563,,1288.0655007,472320,1779546499.2540572,100.0,,,,,,,,,
19564,0.0,1288.0655007,472332,1779546499.2933133,,,,,,,,,,
19566,0.0,1288.0655007,472428,1779546499.5395608,,,,,,,,,,
19567,,1288.0655007,472428,1779546499.5405037,100.0,,,,,,,,,
19569,,1288.0655007,472576,1779546500.44465,,0.00034452797,,,,,,,,
19570,,1288.0655007,472576,1779546500.44465,,,,,,,-0.0008114707,,,
19571,,1288.0655007,472576,1779546500.4456866,,,0.9164186,,,,,,,
19572,,1288.0665295,472576,1779546500.4456866,,,,,,,,-0.0016939482,,
19578,,1288.0665295,472656,1779546500.6432567,100.0,,,,,,,,,
19580,,1288.0665295,472724,1779546500.8007767,100.0,,,,,,,,,
19581,0.0,1288.0665295,472736,1779546500.8380184,,,,,,,,,,
19584,,1288.0665295,472832,1779546501.0173311,100.0,,,,,,,,,
19585,0.0,1288.0665295,473060,1779546501.4987261,,,,,,,,,,
19587,,1288.0665295,473088,1779546502.167407,,,,,,1.357582e-05,,,,
19589,,1288.0665295,473088,1779546502.1684096,,,,,,,7.1222894e-05,,,
19591,,1288.0672192,473088,1779546502.1684096,,,,,,,,-0.0006105136,,
19592,,1288.0672192,473088,1779546502.1684096,,,,,,,,,4.045898e-05,
19593,,1288.0672192,473088,1779546502.1684096,,,,0.0,,,,,,
19594,,1288.0672192,473088,1779546502.1684096,,,,,,,,,,-2.6365778
19597,,1288.0672192,473128,1779546502.2608962,100.0,,,,,,,,,
19598,0.0,1288.0672192,473140,1779546502.2976701,,,,,,,,,,
19601,,1288.0672192,473228,1779546502.4977305,24.0,,,,,,,,,
19602,0.0,1288.0672192,473236,1779546502.5199642,,,,,,,,,,
19603,,1288.0682433,473236,1779546502.5209658,100.0,,,,,,,,,
19604,0.874,1288.0682433,473296,1779546502.6563673,,,,,,,,,,
19606,0.892,1288.0682433,473348,1779546502.77617,,,,,,,,,,
19608,0.829,1293.0720251,473428,1779546502.9555252,,,,,,,,,,
19617,,1293.0727622,473600,1779546503.9241877,,0.01415474,,,,,,,,
19619,,1293.0727622,473600,1779546503.9249136,,,1.0044911,,,,,,,
19620,,1293.0731072,473600,1779546503.9249136,,,,,,,,0.00010119844,,
19622,,1293.0731072,473600,1779546503.9249136,,,,0.0,,,,,,
19626,,1293.0731072,473624,1779546503.98568,19.0,,,,,,,,,
19627,0.0,1293.0731072,473632,1779546504.0029593,,,,,,,,,,
19628,,1293.0731072,473632,1779546504.0029593,100.0,,,,,,,,,
19633,0.0,1293.0735564,473880,1779546504.4946284,,,,,,,,,,
19637,0.0,1293.0735564,474036,1779546504.847623,,,,,,,,,,
19640,,1293.0735564,474112,1779546505.7152627,,0.0059010847,,,,,,,,
19643,,1293.074075,474112,1779546505.7152627,,,,,,,,0.0023193937,,
19647,,1293.074075,474112,1779546505.7198098,,,,,367.0,,,,,
19648,0.0,1293.074075,474160,1779546505.8704412,,,,,,,,,,
19649,,1293.074075,474160,1779546505.8704412,100.0,,,,,,,,,
19650,0.46,1293.074075,474280,1779546506.1606817,,,,,,,,,,
19651,,1293.074075,474280,1779546506.1606817,60.0,,,,,,,,,
19652,0.0,1293.074075,474284,1779546506.1795492,,,,,,,,,,
19653,,1293.074075,474284,1779546506.1795492,100.0,,,,,,,,,
19655,,1293.074075,474388,1779546506.49837,100.0,,,,,,,,,
19656,0.0,1293.074075,474564,1779546506.9655092,,,,,,,,,,
19657,,1293.074075,474564,1779546506.9655092,100.0,,,,,,,,,
19658,,1298.0788368,474624,1779546507.8820543,,,,,,1.2807377e-05,,,,
19659,,1298.0795486,474624,1779546507.8825686,,0.0038659312,,,,,,,,
19662,,1298.0795486,474624,1779546507.8825686,,,,,,,,-0.00013950001,,
19663,,1298.0795486,474624,1779546507.8825686,,,,,,,,,0.00024305796,
19665,,1298.0795486,474624,1779546507.8825686,,,,,,,,,,0.44003475
19670,,1298.0795486,474684,1779546508.0615919,100.0,,,,,,,,,
19672,,1298.0800929,474688,1779546508.0745547,100.0,,,,,,,,,
19673,0.0,1298.0800929,474968,1779546508.7562127,,,,,,,,,,
19674,,1298.0800929,474968,1779546508.7562127,100.0,,,,,,,,,
19675,0.0,1298.0800929,475032,1779546508.9419296,,,,,,,,,,
19676,,1298.0800929,475032,1779546508.9419296,100.0,,,,,,,,,
19678,,1298.0800929,475088,1779546509.0458183,100.0,,,,,,,,,
19679,0.0,1298.0800929,475092,1779546509.05714,,,,,,,,,,
19680,,1298.0800929,475092,1779546509.05714,100.0,,,,,,,,,
19681,0.928,1298.0800929,475124,1779546509.105653,,,,,,,,,,
19682,,1298.0807556,475124,1779546509.105653,8.0,,,,,,,,,
19685,,1298.0807556,475136,1779546509.776798,,,,,,,-0.00011115614,,,
19688,,1298.0812867,475136,1779546509.776798,,,,,,,,,2.2976194e-05,
19689,,1298.0812867,475136,1779546509.776798,,,,0.0,,,,,,
19694,0.0,1298.0812867,475436,1779546510.3408465,,,,,,,,,,
19695,,1298.0812867,475436,1779546510.3418522,100.0,,,,,,,,,
19697,,1298.0812867,475488,1779546510.4573665,12.0,,,,,,,,,
19703,,1298.0812867,475528,1779546510.6017036,100.0,,,,,,,,,
19708,,1298.0812867,475648,1779546511.611716,,,,,,,,0.00039854273,,
19710,,1298.0812867,475648,1779546511.6127396,,,,0.0,,,,,,
19711,,1298.0812867,475648,1779546511.6127396,,,,,,,,,,0.51986635
19714,,1298.0823162,475676,1779546511.6966965,46.0,,,,,,,,,
19715,0.298,1298.0823162,475688,1779546511.7352653,,,,,,,,,,
19717,0.595,1298.0828396,475692,1779546511.7482517,,,,,,,,,,
19718,,1298.0828396,475692,1779546511.7482517,45.0,,,,,,,,,
19722,,1298.0828396,476032,1779546512.5676718,24.0,,,,,,,,,
19724,,1298.0828396,476080,1779546512.6716938,100.0,,,,,,,,,
19725,0.0,1298.0833563,476092,1779546512.7063036,,,,,,,,,,
19726,,1298.0833563,476092,1779546512.7063036,100.0,,,,,,,,,
19729,,1303.0887284,476160,1779546513.4549267,,,,,,1.2038934e-05,,,,
19731,,1303.0887284,476160,1779546513.4549267,,,,,,,-0.0004081484,,,
19736,,1303.0887284,476160,1779546513.4559312,,,,,,,,,,0.5768956
19739,,1303.0887284,476436,1779546514.0827754,100.0,,,,,,,,,
19743,,1303.0893648,476496,1779546514.2109718,100.0,,,,,,,,,
19746,0.928,1303.0893648,476532,1779546514.2894993,,,,,,,,,,
19747,,1303.0893648,476532,1779546514.2894993,8.0,,,,,,,,,
19748,,1303.0893648,476672,1779546515.2246692,,,,,,1.1782787e-05,,,,
19750,,1303.0893648,476672,1779546515.2246692,,,,,,,-0.00059758127,,,
19751,,1303.0893648,476672,1779546515.2261977,,,0.9513068,,,,,,,
19752,,1303.0893648,476672,1779546515.2261977,,,,,,,,0.0014830306,,
19757,0.172,1303.0893648,476808,1779546515.444475,,,,,,,,,,
19758,,1303.0893648,476808,1779546515.445011,92.0,,,,,,,,,
19759,0.0,1303.0893648,476888,1779546515.5871127,,,,,,,,,,
19760,,1303.0893648,476888,1779546515.5871127,100.0,,,,,,,,,
19762,,1303.0900014,476896,1779546515.603874,21.0,,,,,,,,,
19763,0.0,1303.0900014,476904,1779546515.61901,,,,,,,,,,
19766,,1303.0900014,476912,1779546515.6316364,5.0,,,,,,,,,
19767,0.0,1303.0900014,476936,1779546515.666829,,,,,,,,,,
19769,0.919,1303.0900014,476944,1779546515.6797633,,,,,,,,,,
19770,,1303.0900014,476944,1779546515.6797633,9.0,,,,,,,,,
19771,0.982,1303.0900014,476948,1779546515.6872075,,,,,,,,,,
19773,0.874,1303.0903767,477008,1779546515.7684095,,,,,,,,,,
19775,0.883,1303.0907742,477064,1779546515.8429213,,,,,,,,,,
19776,,1303.0907742,477064,1779546515.8429213,13.0,,,,,,,,,
19782,,1303.0911946,477184,1779546516.479698,,,,,,,,,0.0002343636,
19783,,1303.0911946,477184,1779546516.479698,,,,0.0,,,,,,
19786,0.253,1303.0911946,477248,1779546516.5902045,,,,,,,,,,
19787,,1303.0911946,477248,1779546516.591201,83.0,,,,,,,,,
19788,0.0,1303.0911946,477300,1779546516.7262492,,,,,,,,,,
19791,,1303.0915632,477348,1779546516.8261144,100.0,,,,,,,,,
19792,0.0,1303.0915632,477468,1779546516.9900305,,,,,,,,,,
19794,0.532,1303.0915632,477512,1779546517.0554135,,,,,,,,,,
19796,0.874,1303.0915632,477528,1779546517.081451,,,,,,,,,,
19800,,1308.0990157,477696,1779546517.9278982,,,,,,1.1270492e-05,,,,
19804,,1308.0990157,477696,1779546517.9284532,,,,,,,,-0.0013686,,
19805,,1308.0990157,477696,1779546517.9284532,,,,,,,,,0.00026453938,
19806,,1308.099816,477696,1779546517.9284532,,,,0.0,,,,,,
19807,,1308.099816,477696,1779546517.9284532,,,,,,,,,,0.5203098
19808,,1308.099816,477696,1779546517.932479,,,,,367.0,,,,,
19817,0.0,1308.099816,478056,1779546518.6385121,,,,,,,,,,
19818,,1308.099816,478056,1779546518.6385121,100.0,,,,,,,,,
19819,0.784,1308.1001487,478136,1779546518.7771864,,,,,,,,,,
19824,,1308.1001487,478208,1779546519.3209376,,0.0042746323,,,,,,,,
19826,,1308.1001487,478208,1779546519.3209376,,,0.90595484,,,,,,,
19828,,1308.1001487,478208,1779546519.3219697,,,,,,,,,2.4206936e-05,
19835,,1308.1006609,478300,1779546519.4606276,95.0,,,,,,,,,
19837,,1308.1006609,478452,1779546519.6784575,45.0,,,,,,,,,
19838,0.0,1308.1006609,478460,1779546519.6935976,,,,,,,,,,
19840,0.64,1308.1006609,478464,1779546519.7031798,,,,,,,,,,
19842,0.0,1308.1006609,478540,1779546519.807338,,,,,,,,,,
19846,0.937,1308.1006609,478584,1779546519.881856,,,,,,,,,,
19851,,1308.1010714,478632,1779546519.951121,41.0,,,,,,,,,
19862,,1308.1010714,478856,1779546520.7420268,100.0,,,,,,,,,
19863,0.883,1308.1010714,478912,1779546520.8305576,,,,,,,,,,
19864,,1308.1010714,478912,1779546520.8305576,13.0,,,,,,,,,
19865,0.0,1308.1010714,478944,1779546520.8822296,,,,,,,,,,
19866,,1308.1010714,478944,1779546520.8829627,100.0,,,,,,,,,
19867,0.109,1308.1010714,479024,1779546521.0866833,,,,,,,,,,
19869,0.0,1308.1010714,479036,1779546521.123935,,,,,,,,,,
19870,,1308.1010714,479036,1779546521.123935,100.0,,,,,,,,,
19872,,1308.1015855,479052,1779546521.170335,3.0,,,,,,,,,
19877,,1308.1015855,479232,1779546521.9645324,,,,,,,,0.00031706132,,
19878,,1308.1015855,479232,1779546521.9645324,,,,,,,,,4.150765e-05,
19879,,1308.1015855,479232,1779546521.9645324,,,,0.0,,,,,,
19882,0.568,1308.1015855,479248,1779546522.0026596,,,,,,,,,,
19885,,1308.1015855,479316,1779546522.109831,100.0,,,,,,,,,
19887,,1308.1015855,479316,1779546522.1118748,92.0,,,,,,,,,
19889,,1308.1015855,479356,1779546522.1753569,82.0,,,,,,,,,
19890,0.739,1308.1015855,479368,1779546522.1959572,,,,,,,,,,
19892,0.955,1308.1015855,479392,1779546522.2302785,,,,,,,,,,
19893,,1308.1015855,479392,1779546522.2318203,5.0,,,,,,,,,
19895,,1308.1015855,479720,1779546522.764931,100.0,,,,,,,,,
19897,,1308.1022489,479720,1779546522.7670252,100.0,,,,,,,,,
19898,,1313.105776,479744,1779546523.24374,,,,,,1.0245902e-05,,,,
19899,,1313.105776,479744,1779546523.24374,,0.0050256616,,,,,,,,
19900,,1313.105776,479744,1779546523.24374,,,,,,,-0.004007155,,,
19901,,1313.105776,479744,1779546523.24374,,,1.0961466,,,,,,,
19903,,1313.1061877,479744,1779546523.24374,,,,,,,,,0.00013258168,
19905,,1313.1061877,479744,1779546523.24374,,,,,,,,,,0.3291428
19906,,1313.1067055,479744,1779546523.2457523,,,,,367.0,,,,,
19907,0.0,1313.1067055,479760,1779546523.2746844,,,,,,,,,,
19908,,1313.1067055,479760,1779546523.2746844,100.0,,,,,,,,,
19909,0.0,1313.1067055,479796,1779546523.3313663,,,,,,,,,,
19910,,1313.1072621,479796,1779546523.3313663,100.0,,,,,,,,,
19911,0.64,1313.1072621,479960,1779546523.5605352,,,,,,,,,,
19915,0.0,1313.1072621,480124,1779546523.7811584,,,,,,,,,,
19917,0.0,1313.1072621,480164,1779546523.8408914,,,,,,,,,,
19920,,1313.1072621,480256,1779546524.3960187,,0.0027986283,,,,,,,,
19921,,1313.1072621,480256,1779546524.3960187,,,,,,,-0.0031141788,,,
19923,,1313.1072621,480256,1779546524.396575,,,,,,,,0.0015495457,,
19928,0.694,1313.1079965,480304,1779546524.4867883,,,,,,,,,,
19929,,1313.1079965,480304,1779546524.4867883,34.0,,,,,,,,,
19930,0.946,1313.1079965,480332,1779546524.5384336,,,,,,,,,,
19931,,1313.1079965,480332,1779546524.5384336,6.0,,,,,,,,,
19933,,1313.1079965,480364,1779546524.5962002,100.0,,,,,,,,,
19934,0.82,1313.1079965,480416,1779546524.6820242,,,,,,,,,,
19936,0.0,1313.1084797,480528,1779546524.8628485,,,,,,,,,,
19937,,1313.1084797,480528,1779546524.8628485,100.0,,,,,,,,,
19938,0.0,1313.1084797,480528,1779546524.8653564,,,,,,,,,,
19940,0.0,1313.1084797,480768,1779546525.3801255,,,,,,,,,,
19942,,1313.1084797,480768,1779546525.9067924,,,,,,9.733607e-06,,,,
19944,,1313.1084797,480768,1779546525.9067924,,,,,,,-0.00079779327,,,
19945,,1313.1084797,480768,1779546525.9067924,,,1.013256,,,,,,,
19948,,1313.1084797,480768,1779546525.9067924,,,,0.0,,,,,,
19949,,1313.1084797,480768,1779546525.9067924,,,,,,,,,,0.5311713
19953,0.0,1313.108997,480932,1779546526.280887,,,,,,,,,,
19956,,1313.108997,480932,1779546526.2825994,100.0,,,,,,,,,
19958,,1313.108997,480976,1779546526.3572054,10.0,,,,,,,,,
19959,0.0,1313.108997,481172,1779546526.7073393,,,,,,,,,,
19961,0.0,1313.108997,481224,1779546526.865955,,,,,,,,,,
19963,,1313.108997,481280,1779546527.5496874,,,,,,9.477459e-06,,,,
19965,,1313.108997,481280,1779546527.550139,,,,,,,-0.00023928285,,,
19967,,1313.108997,481280,1779546527.5507066,,,,,,,,-0.0008515036,,
19972,0.712,1313.1097104,481304,1779546527.644911,,,,,,,,,,
19973,,1313.1097104,481304,1779546527.644911,32.0,,,,,,,,,
19975,,1313.1097104,481336,1779546527.7415514,100.0,,,,,,,,,
19980,0.0,1318.1124363,481380,1779546527.8750498,,,,,,,,,,
19985,,1318.1131202,481628,1779546528.2853992,100.0,,,,,,,,,
19986,0.0,1318.1131202,481768,1779546528.469094,,,,,,,,,,
19987,,1318.1131202,481768,1779546528.469094,100.0,,,,,,,,,
19991,,1318.1134679,481792,1779546528.9246051,,0.0027896261,,,,,,,,
19994,,1318.1134679,481792,1779546528.9246051,,,,,,,,0.00062841084,,
19995,,1318.1134679,481792,1779546528.9246051,,,,,,,,,0.00015084492,
19996,,1318.1134679,481792,1779546528.9246051,,,,0.0,,,,,,
19999,0.0,1318.1134679,481960,1779546529.1683588,,,,,,,,,,
20000,,1318.1134679,481960,1779546529.1683588,100.0,,,,,,,,,
20004,,1318.114169,482172,1779546529.450472,100.0,,,,,,,,,
20005,0.0,1318.114169,482188,1779546529.476171,,,,,,,,,,
20006,,1318.114169,482188,1779546529.476171,100.0,,,,,,,,,
20007,0.874,1318.114169,482248,1779546529.5533757,,,,,,,,,,
20008,,1318.114169,482248,1779546529.5533757,14.0,,,,,,,,,
20009,0.316,1318.114169,482268,1779546529.584883,,,,,,,,,,
20010,,1318.114169,482268,1779546529.584883,76.0,,,,,,,,,
20013,,1318.114169,482304,1779546529.9937866,,,,,,,-0.00091832876,,,
20014,,1318.114169,482304,1779546529.9937866,,,1.0827874,,,,,,,
20017,,1318.1147053,482304,1779546529.9937866,,,,0.0,,,,,,
20018,,1318.1147053,482304,1779546529.9937866,,,,,,,,,,0.5014087
20020,0.0,1318.1147053,482436,1779546530.1738071,,,,,,,,,,
20022,0.559,1318.1147053,482448,1779546530.1991353,,,,,,,,,,
20023,,1318.1147053,482448,1779546530.1991353,49.0,,,,,,,,,
20025,,1318.1150613,482576,1779546530.503926,100.0,,,,,,,,,
20026,0.0,1318.1150613,482672,1779546530.8021972,,,,,,,,,,
20028,,1318.1150613,482816,1779546531.73725,,,,,,8.709017e-06,,,,
20031,,1318.1150613,482816,1779546531.7385342,,,1.0537448,,,,,,,
20032,,1318.1150613,482816,1779546531.7385342,,,,,,,,-0.00028706063,,
20033,,1318.1150613,482816,1779546531.7385342,,,,,,,,,0.000107915606,
20034,,1318.1150613,482816,1779546531.7385342,,,,0.0,,,,,,
20035,,1318.1150613,482816,1779546531.7385342,,,,,,,,,,0.49590898
20040,,1318.1150613,482852,1779546531.8002577,100.0,,,,,,,,,
20042,,1318.1150613,482980,1779546531.9872909,100.0,,,,,,,,,
20043,0.0,1318.1150613,483076,1779546532.1157315,,,,,,,,,,
20044,,1318.1150613,483076,1779546532.1157315,100.0,,,,,,,,,
20045,0.649,1318.1150613,483236,1779546532.3299062,,,,,,,,,,
20047,0.0,1318.1150613,483244,1779546532.3445644,,,,,,,,,,
20048,,1318.1150613,483244,1779546532.3445644,100.0,,,,,,,,,
20051,,1323.1206254,483328,1779546532.8722613,,,,,,8.452869e-06,,,,
20053,,1323.1206254,483328,1779546532.8732135,,,,,,,-0.000837408,,,
20054,,1323.1206254,483328,1779546532.8732135,,,1.0479916,,,,,,,
20055,,1323.1206254,483328,1779546532.8732135,,,,,,,,0.0010086121,,
20058,,1323.1206254,483328,1779546532.8732135,,,,,,,,,,0.38273066
20060,0.0,1323.1206254,483384,1779546532.953317,,,,,,,,,,
20061,,1323.1206254,483384,1779546532.953317,100.0,,,,,,,,,
20063,,1323.1212183,483640,1779546533.2903104,100.0,,,,,,,,,
20065,,1323.1212183,483648,1779546533.3071656,100.0,,,,,,,,,
20068,0.0,1323.1212183,483788,1779546533.4982748,,,,,,,,,,
20069,,1323.1212183,483788,1779546533.4982748,100.0,,,,,,,,,
20071,,1323.1212183,483796,1779546533.5138893,38.0,,,,,,,,,
20074,,1323.1212183,483840,1779546533.9699812,,,,,,,-0.0014883876,,,
20078,,1323.1212183,483840,1779546533.9699812,,,,0.0,,,,,,
20080,,1323.1212183,483840,1779546533.9725199,,,,,367.0,,,,,
20083,0.0,1323.1219318,484052,1779546534.271603,,,,,,,,,,
20084,,1323.1219318,484052,1779546534.271603,100.0,,,,,,,,,
20085,0.0,1323.1219318,484064,1779546534.2911448,,,,,,,,,,
20087,0.343,1323.1219318,484084,1779546534.3226383,,,,,,,,,,
20091,0.892,1323.1219318,484116,1779546534.371869,,,,,,,,,,
20094,,1323.1219318,484252,1779546534.645682,100.0,,,,,,,,,
20096,,1323.1222819,484260,1779546534.6686265,1.0,,,,,,,,,
20097,,1323.1222819,484352,1779546535.2446578,,,,,,7.940574e-06,,,,
20100,,1323.1222819,484352,1779546535.2446578,,,1.1992483,,,,,,,
20103,,1323.1222819,484352,1779546535.2446578,,,,0.0,,,,,,
20105,,1323.1222819,484352,1779546535.2477806,,,,,367.0,,,,,
20109,,1323.1225858,484456,1779546535.396237,100.0,,,,,,,,,
20114,0.0,1323.1225858,484520,1779546535.4983516,,,,,,,,,,
20117,,1323.1225858,484524,1779546535.5082567,10.0,,,,,,,,,
20119,,1323.1225858,484604,1779546535.6275363,26.0,,,,,,,,,
20120,0.0,1323.1225858,484776,1779546535.8913848,,,,,,,,,,
20121,,1323.1225858,484776,1779546535.8913848,100.0,,,,,,,,,
20126,,1323.1225858,484864,1779546536.4768815,,,,,,,,0.00086589996,,
20127,,1323.1225858,484864,1779546536.4768815,,,,,,,,,0.00012613507,
20128,,1323.1230937,484864,1779546536.4768815,,,,0.0,,,,,,
20129,,1323.1230937,484864,1779546536.4768815,,,,,,,,,,0.5246935
20130,,1323.1230937,484864,1779546536.4799497,,,,,367.0,,,,,
20132,,1323.1230937,484924,1779546536.5797415,100.0,,,,,,,,,
20134,,1323.1230937,484928,1779546536.5908601,100.0,,,,,,,,,
20136,,1323.1230937,485008,1779546536.724862,100.0,,,,,,,,,
20142,,1323.12345,485104,1779546536.8898745,10.0,,,,,,,,,
20144,,1323.12345,485180,1779546537.0293305,100.0,,,,,,,,,
20146,,1323.12345,485332,1779546537.2644207,100.0,,,,,,,,,
20151,,1323.1277684,485376,1779546537.8457534,,,,,,,,-9.678956e-05,,
20152,,1328.1298415,485376,1779546537.8457534,,,,,,,,,2.4128705e-05,
20155,,1328.1298415,485376,1779546537.8482661,,,,,367.0,,,,,
20156,0.775,1328.1298415,485436,1779546537.9452121,,,,,,,,,,
20157,,1328.1298415,485436,1779546537.9452121,25.0,,,,,,,,,
20159,,1328.1298415,485444,1779546537.9612718,100.0,,,,,,,,,
20162,0.712,1328.1298415,485576,1779546538.1622937,,,,,,,,,,
20163,,1328.1298415,485576,1779546538.1622937,32.0,,,,,,,,,
20164,0.0,1328.1298415,485584,1779546538.1769006,,,,,,,,,,
20165,,1328.1298415,485584,1779546538.1769006,100.0,,,,,,,,,
20168,0.604,1328.1298415,485764,1779546538.4283142,,,,,,,,,,
20169,,1328.1298415,485764,1779546538.4283142,44.0,,,,,,,,,
20170,0.964,1328.1298415,485784,1779546538.458394,,,,,,,,,,
20172,0.0,1328.1306334,485840,1779546538.5362668,,,,,,,,,,
20174,0.694,1328.1306334,485844,1779546538.5458865,,,,,,,,,,
20175,,1328.1306334,485844,1779546538.5458865,34.0,,,,,,,,,
20176,,1328.1306334,485888,1779546539.0171998,,,,,,7.172131e-06,,,,
20177,,1328.1306334,485888,1779546539.0171998,,0.0079672225,,,,,,,,
20178,,1328.1306334,485888,1779546539.0171998,,,,,,,-0.0009423578,,,
20180,,1328.1306334,485888,1779546539.0171998,,,,,,,,0.00068950374,,
20181,,1328.1306334,485888,1779546539.0171998,,,,,,,,,2.149865e-05,
20182,,1328.1306334,485888,1779546539.018251,,,,0.0,,,,,,
20183,,1328.1306334,485888,1779546539.018251,,,,,,,,,,0.55708265
20190,,1328.1306334,485980,1779546539.1543183,100.0,,,,,,,,,
20191,0.838,1328.1306334,485984,1779546539.162199,,,,,,,,,,
20197,0.721,1328.1306334,486316,1779546539.6106637,,,,,,,,,,
20198,,1328.1306334,486316,1779546539.61173,31.0,,,,,,,,,
20201,0.865,1328.1306334,486340,1779546539.6468382,,,,,,,,,,
20204,,1328.1306334,486344,1779546539.6550913,6.0,,,,,,,,,
20207,,1328.1306334,486400,1779546540.1520896,,,,,,6.9159837e-06,,,,
20208,,1328.1306334,486400,1779546540.1520896,,0.00920195,,,,,,,,
20210,,1328.1306334,486400,1779546540.1520896,,,1.0024369,,,,,,,
20212,,1328.1306334,486400,1779546540.1520896,,,,,,,,,3.9143488e-05,
20214,,1328.1306334,486400,1779546540.1530898,,,,,,,,,,0.5604761
20220,0.0,1328.1314573,486748,1779546540.6199987,,,,,,,,,,
20222,0.0,1328.1314573,486792,1779546540.67698,,,,,,,,,,
20223,,1328.1314573,486792,1779546540.67698,100.0,,,,,,,,,
20224,0.838,1328.1314573,486868,1779546540.7793143,,,,,,,,,,
20225,,1328.1314573,486868,1779546540.7800388,18.0,,,,,,,,,
20227,,1328.1314573,486884,1779546540.8031857,100.0,,,,,,,,,
20228,,1328.1314573,486912,1779546541.240881,,,,,,6.659836e-06,,,,
20229,,1328.1314573,486912,1779546541.240881,,0.0041404716,,,,,,,,
20230,,1328.1314573,486912,1779546541.240881,,,,,,,-0.0015592743,,,
20231,,1328.1314573,486912,1779546541.240881,,,0.8729754,,,,,,,
20232,,1328.1314573,486912,1779546541.240881,,,,,,,,0.00016895495,,
20233,,1328.1314573,486912,1779546541.240881,,,,,,,,,0.00016315421,
20234,,1328.1314573,486912,1779546541.2418761,,,,0.0,,,,,,
20236,,1328.1314573,486912,1779546541.244019,,,,,367.0,,,,,
20238,,1328.1314573,486944,1779546541.2938845,18.0,,,,,,,,,
20240,,1328.1314573,487124,1779546541.524159,100.0,,,,,,,,,
20242,,1328.1314573,487152,1779546541.5666635,100.0,,,,,,,,,
20243,0.0,1328.1314573,487288,1779546541.760563,,,,,,,,,,
20245,0.0,1328.1314573,487348,1779546541.8429089,,,,,,,,,,
20248,,1328.1322673,487408,1779546541.925082,14.0,,,,,,,,,
20250,,1328.1322673,487424,1779546542.366538,,0.0032654845,,,,,,,,
20251,,1328.1322673,487424,1779546542.366538,,,,,,,-0.003079895,,,
20252,,1328.1322673,487424,1779546542.366538,,,0.9901784,,,,,,,
20256,,1328.1322673,487424,1779546542.367538,,,,,,,,,,0.48004955
20258,0.208,1328.1322673,487480,1779546542.4913034,,,,,,,,,,
20261,,1328.1322673,487496,1779546542.5183709,21.0,,,,,,,,,
20264,0.0,1328.1326237,487692,1779546542.7406151,,,,,,,,,,
20265,,1328.1326237,487692,1779546542.7406151,100.0,,,,,,,,,
20267,,1333.1367456,487884,1779546542.9844751,100.0,,,,,,,,,
20268,0.0,1333.1367456,487900,1779546543.0079043,,,,,,,,,,
20269,,1333.1367456,487900,1779546543.0079043,100.0,,,,,,,,,
20270,,1333.1367456,487936,1779546543.459072,,,,,,6.147541e-06,,,,
20272,,1333.1367456,487936,1779546543.4600294,,,,,,,-0.0016091298,,,
20273,,1333.1367456,487936,1779546543.4600294,,,0.8674214,,,,,,,
20275,,1333.1370648,487936,1779546543.4600294,,,,,,,,,5.213544e-06,
20276,,1333.1370648,487936,1779546543.4600294,,,,0.0,,,,,,
20277,,1333.1370648,487936,1779546543.4600294,,,,,,,,,,0.3328864
20278,,1333.1370648,487936,1779546543.4620185,,,,,367.0,,,,,
20279,0.0,1333.1370648,487960,1779546543.5116298,,,,,,,,,,
20284,,1333.1370648,488204,1779546543.9177773,26.0,,,,,,,,,
20285,0.244,1333.1370648,488240,1779546543.9830163,,,,,,,,,,
20286,,1333.1370648,488240,1779546543.9830163,84.0,,,,,,,,,
20287,0.0,1333.1370648,488288,1779546544.0640469,,,,,,,,,,
20288,,1333.1370648,488288,1779546544.0640469,100.0,,,,,,,,,
20289,0.0,1333.1370648,488364,1779546544.202014,,,,,,,,,,
20290,,1333.1370648,488364,1779546544.202014,100.0,,,,,,,,,
20291,0.892,1333.1370648,488416,1779546544.2811854,,,,,,,,,,
20293,,1333.1370648,488448,1779546544.7920177,,,,,,5.8913934e-06,,,,
20296,,1333.1370648,488448,1779546544.7920177,,,0.891807,,,,,,,
20297,,1333.1370648,488448,1779546544.7920177,,,,,,,,0.00014018826,,
20301,,1333.1378818,488448,1779546544.794606,,,,,367.0,,,,,
20304,0.0,1333.1378818,488644,1779546545.0211985,,,,,,,,,,
20305,,1333.1378818,488644,1779546545.0211985,100.0,,,,,,,,,
20307,,1333.1378818,488692,1779546545.0762045,100.0,,,,,,,,,
20310,0.0,1333.1378818,488820,1779546545.225659,,,,,,,,,,
20314,0.892,1333.1378818,488872,1779546545.3012486,,,,,,,,,,
20316,,1333.1378818,488960,1779546545.8417199,,,,,,5.635246e-06,,,,
20317,,1333.1378818,488960,1779546545.8417199,,0.0061846944,,,,,,,,
20319,,1333.1378818,488960,1779546545.8417199,,,0.9531033,,,,,,,
20333,0.685,1333.1386303,489240,1779546546.1872175,,,,,,,,,,
20335,0.928,1333.1386303,489244,1779546546.1942413,,,,,,,,,,
20336,,1333.1386303,489244,1779546546.1942413,8.0,,,,,,,,,
20337,0.46,1333.1386303,489248,1779546546.2006285,,,,,,,,,,
20340,,1333.1386303,489276,1779546546.2312763,100.0,,,,,,,,,
20343,,1333.1386303,489472,1779546546.8291633,,,,,,5.379098e-06,,,,
20344,,1333.1386303,489472,1779546546.8301888,,0.009197201,,,,,,,,
20348,,1333.1386303,489472,1779546546.8301888,,,,,,,,,3.998168e-06,
20349,,1333.1386303,489472,1779546546.8301888,,,,0.0,,,,,,
20351,,1333.1400185,489472,1779546546.8326225,,,,,367.0,,,,,
20354,0.0,1333.1410516,489648,1779546547.0394566,,,,,,,,,,
