Unloading shared
  WARNING: Did not unuse /cm/shared/modulefiles
[start] Sat May 23 01:12:40 PM CDT 2026  host=node047  task=0  name=baseline_fixed
name
NVIDIA L40S
global_step=400, episodic_return=0.0
global_step=400, episodic_return=0.0
global_step=400, episodic_return=0.0
global_step=400, episodic_return=0.0
SPS: 75
global_step=676, episodic_return=0.3879999999999999
global_step=792, episodic_return=0.127
global_step=804, episodic_return=0.0
global_step=804, episodic_return=0.0
SPS: 147
global_step=1080, episodic_return=0.0
global_step=1196, episodic_return=0.0
global_step=1208, episodic_return=0.0
global_step=1208, episodic_return=0.0
global_step=1484, episodic_return=0.0
SPS: 216
global_step=1600, episodic_return=0.0
global_step=1612, episodic_return=0.0
global_step=1612, episodic_return=0.0
global_step=1888, episodic_return=0.0
global_step=2004, episodic_return=0.0
global_step=2016, episodic_return=0.0
global_step=2016, episodic_return=0.0
SPS: 282
global_step=2292, episodic_return=0.0
global_step=2408, episodic_return=0.0
global_step=2420, episodic_return=0.0
global_step=2420, episodic_return=0.0
SPS: 346
global_step=2696, episodic_return=0.0
global_step=2812, episodic_return=0.0
global_step=2824, episodic_return=0.0
global_step=2824, episodic_return=0.0
SPS: 408
global_step=3100, episodic_return=0.0
global_step=3216, episodic_return=0.0
global_step=3228, episodic_return=0.0
global_step=3228, episodic_return=0.0
global_step=3504, episodic_return=0.0
SPS: 467
global_step=3620, episodic_return=0.0
global_step=3632, episodic_return=0.0
global_step=3632, episodic_return=0.0
global_step=3908, episodic_return=0.0
global_step=4024, episodic_return=0.0
global_step=4036, episodic_return=0.0
global_step=4036, episodic_return=0.0
SPS: 524
global_step=4312, episodic_return=0.0
global_step=4428, episodic_return=0.0
global_step=4440, episodic_return=0.0
global_step=4440, episodic_return=0.0
global_step=4516, episodic_return=0.55
SPS: 579
global_step=4660, episodic_return=0.514
global_step=4832, episodic_return=0.0
global_step=4844, episodic_return=0.0
global_step=4920, episodic_return=0.0
global_step=5064, episodic_return=0.0
SPS: 632
global_step=5236, episodic_return=0.0
global_step=5248, episodic_return=0.0
global_step=5324, episodic_return=0.0
global_step=5468, episodic_return=0.0
SPS: 683
global_step=5640, episodic_return=0.0
global_step=5652, episodic_return=0.0
global_step=5728, episodic_return=0.0
global_step=5872, episodic_return=0.0
global_step=6044, episodic_return=0.0
global_step=6056, episodic_return=0.0
global_step=6132, episodic_return=0.0
SPS: 732
global_step=6276, episodic_return=0.0
global_step=6448, episodic_return=0.0
global_step=6460, episodic_return=0.0
global_step=6536, episodic_return=0.0
SPS: 780
global_step=6680, episodic_return=0.0
global_step=6852, episodic_return=0.0
global_step=6864, episodic_return=0.0
global_step=6940, episodic_return=0.0
global_step=7084, episodic_return=0.0
SPS: 826
global_step=7256, episodic_return=0.0
global_step=7268, episodic_return=0.0
global_step=7344, episodic_return=0.0
global_step=7488, episodic_return=0.0
global_step=7660, episodic_return=0.0
global_step=7672, episodic_return=0.0
SPS: 870
global_step=7748, episodic_return=0.0
global_step=7892, episodic_return=0.0
global_step=8064, episodic_return=0.0
global_step=8076, episodic_return=0.0
global_step=8152, episodic_return=0.0
SPS: 914
global_step=8296, episodic_return=0.0
global_step=8468, episodic_return=0.0
global_step=8480, episodic_return=0.0
global_step=8556, episodic_return=0.0
global_step=8700, episodic_return=0.0
SPS: 955
global_step=8872, episodic_return=0.0
global_step=8884, episodic_return=0.0
global_step=8960, episodic_return=0.0
global_step=9104, episodic_return=0.0
SPS: 996
global_step=9276, episodic_return=0.0
global_step=9288, episodic_return=0.0
global_step=9364, episodic_return=0.0
global_step=9508, episodic_return=0.0
global_step=9680, episodic_return=0.0
global_step=9692, episodic_return=0.0
SPS: 1035
global_step=9768, episodic_return=0.0
global_step=9912, episodic_return=0.0
global_step=10084, episodic_return=0.0
global_step=10096, episodic_return=0.0
global_step=10172, episodic_return=0.0
SPS: 1073
global_step=10316, episodic_return=0.0
global_step=10488, episodic_return=0.0
global_step=10500, episodic_return=0.0
global_step=10576, episodic_return=0.0
global_step=10720, episodic_return=0.0
SPS: 1109
global_step=10892, episodic_return=0.0
global_step=10904, episodic_return=0.0
global_step=10980, episodic_return=0.0
global_step=11124, episodic_return=0.0
SPS: 1145
global_step=11296, episodic_return=0.0
global_step=11308, episodic_return=0.0
global_step=11384, episodic_return=0.0
global_step=11528, episodic_return=0.0
global_step=11700, episodic_return=0.0
global_step=11712, episodic_return=0.0
SPS: 1180
global_step=11788, episodic_return=0.0
global_step=11932, episodic_return=0.0
global_step=12104, episodic_return=0.0
global_step=12116, episodic_return=0.0
global_step=12192, episodic_return=0.0
SPS: 1214
global_step=12336, episodic_return=0.0
global_step=12508, episodic_return=0.0
global_step=12520, episodic_return=0.0
global_step=12596, episodic_return=0.0
global_step=12740, episodic_return=0.0
SPS: 1246
global_step=12912, episodic_return=0.0
global_step=12924, episodic_return=0.0
global_step=13000, episodic_return=0.0
global_step=13044, episodic_return=0.739
global_step=13144, episodic_return=0.0
SPS: 1278
global_step=13316, episodic_return=0.0
global_step=13404, episodic_return=0.0
global_step=13448, episodic_return=0.0
global_step=13548, episodic_return=0.0
global_step=13720, episodic_return=0.0
global_step=13808, episodic_return=0.0
SPS: 1309
global_step=13852, episodic_return=0.0
global_step=13952, episodic_return=0.0
global_step=14124, episodic_return=0.0
global_step=14156, episodic_return=0.22599999999999998
global_step=14256, episodic_return=0.0
SPS: 1340
global_step=14356, episodic_return=0.0
global_step=14528, episodic_return=0.0
global_step=14560, episodic_return=0.0
global_step=14660, episodic_return=0.0
global_step=14760, episodic_return=0.0
SPS: 1369
global_step=14932, episodic_return=0.0
global_step=14964, episodic_return=0.0
global_step=15064, episodic_return=0.0
global_step=15164, episodic_return=0.0
global_step=15336, episodic_return=0.0
SPS: 1395
global_step=15368, episodic_return=0.0
global_step=15468, episodic_return=0.0
global_step=15568, episodic_return=0.0
global_step=15740, episodic_return=0.0
global_step=15772, episodic_return=0.0
global_step=15872, episodic_return=0.0
SPS: 1423
global_step=15972, episodic_return=0.0
global_step=16108, episodic_return=0.478
global_step=16144, episodic_return=0.0
global_step=16176, episodic_return=0.0
global_step=16376, episodic_return=0.0
SPS: 1450
global_step=16512, episodic_return=0.0
global_step=16548, episodic_return=0.0
global_step=16580, episodic_return=0.0
global_step=16780, episodic_return=0.0
SPS: 1477
global_step=16916, episodic_return=0.0
global_step=16952, episodic_return=0.0
global_step=16984, episodic_return=0.0
global_step=17184, episodic_return=0.0
global_step=17320, episodic_return=0.0
global_step=17356, episodic_return=0.0
global_step=17388, episodic_return=0.0
SPS: 1503
global_step=17588, episodic_return=0.0
global_step=17724, episodic_return=0.0
global_step=17760, episodic_return=0.0
global_step=17792, episodic_return=0.0
SPS: 1528
global_step=17992, episodic_return=0.0
global_step=18128, episodic_return=0.0
global_step=18164, episodic_return=0.0
global_step=18196, episodic_return=0.0
global_step=18368, episodic_return=0.55
global_step=18396, episodic_return=0.0
SPS: 1553
global_step=18532, episodic_return=0.0
global_step=18600, episodic_return=0.0
global_step=18772, episodic_return=0.0
global_step=18800, episodic_return=0.0
global_step=18936, episodic_return=0.0
SPS: 1577
global_step=19004, episodic_return=0.0
global_step=19176, episodic_return=0.0
global_step=19204, episodic_return=0.0
global_step=19340, episodic_return=0.0
global_step=19408, episodic_return=0.0
SPS: 1600
global_step=19580, episodic_return=0.0
global_step=19608, episodic_return=0.0
global_step=19684, episodic_return=0.3879999999999999
global_step=19744, episodic_return=0.0
SPS: 1623
global_step=19984, episodic_return=0.0
global_step=20012, episodic_return=0.0
global_step=20088, episodic_return=0.0
global_step=20148, episodic_return=0.0
global_step=20388, episodic_return=0.0
global_step=20416, episodic_return=0.0
SPS: 1646
global_step=20492, episodic_return=0.0
global_step=20552, episodic_return=0.0
global_step=20792, episodic_return=0.0
global_step=20820, episodic_return=0.0
global_step=20896, episodic_return=0.0
global_step=20944, episodic_return=0.73
global_step=20956, episodic_return=0.0
SPS: 1667
global_step=21196, episodic_return=0.0
global_step=21300, episodic_return=0.0
global_step=21348, episodic_return=0.0
global_step=21360, episodic_return=0.0
SPS: 1689
global_step=21600, episodic_return=0.0
global_step=21704, episodic_return=0.0
global_step=21752, episodic_return=0.0
global_step=21764, episodic_return=0.0
global_step=22004, episodic_return=0.0
SPS: 1710
global_step=22108, episodic_return=0.0
global_step=22156, episodic_return=0.0
global_step=22168, episodic_return=0.0
global_step=22408, episodic_return=0.0
global_step=22512, episodic_return=0.0
SPS: 1730
global_step=22560, episodic_return=0.0
global_step=22572, episodic_return=0.0
global_step=22636, episodic_return=0.838
global_step=22812, episodic_return=0.0
global_step=22916, episodic_return=0.0
global_step=22976, episodic_return=0.0
global_step=23040, episodic_return=0.0
SPS: 1750
global_step=23216, episodic_return=0.0
global_step=23320, episodic_return=0.0
global_step=23380, episodic_return=0.0
global_step=23444, episodic_return=0.0
SPS: 1770
global_step=23620, episodic_return=0.0
global_step=23724, episodic_return=0.0
global_step=23784, episodic_return=0.0
global_step=23848, episodic_return=0.0
global_step=24024, episodic_return=0.0
SPS: 1790
global_step=24128, episodic_return=0.0
global_step=24188, episodic_return=0.0
global_step=24252, episodic_return=0.0
global_step=24428, episodic_return=0.0
global_step=24532, episodic_return=0.0
SPS: 1808
global_step=24592, episodic_return=0.0
global_step=24656, episodic_return=0.0
global_step=24832, episodic_return=0.0
global_step=24884, episodic_return=0.892
global_step=24936, episodic_return=0.0
global_step=24996, episodic_return=0.0
global_step=25060, episodic_return=0.0
SPS: 1826
global_step=25288, episodic_return=0.0
global_step=25340, episodic_return=0.0
global_step=25400, episodic_return=0.0
global_step=25464, episodic_return=0.0
SPS: 1845
global_step=25692, episodic_return=0.0
global_step=25744, episodic_return=0.0
global_step=25804, episodic_return=0.0
global_step=25868, episodic_return=0.0
global_step=26096, episodic_return=0.0
SPS: 1863
global_step=26148, episodic_return=0.0
global_step=26208, episodic_return=0.0
global_step=26272, episodic_return=0.0
global_step=26500, episodic_return=0.0
global_step=26552, episodic_return=0.0
global_step=26612, episodic_return=0.0
SPS: 1880
global_step=26676, episodic_return=0.0
global_step=26904, episodic_return=0.0
global_step=26956, episodic_return=0.0
global_step=27016, episodic_return=0.0
global_step=27080, episodic_return=0.0
SPS: 1897
global_step=27308, episodic_return=0.0
global_step=27360, episodic_return=0.0
global_step=27420, episodic_return=0.0
global_step=27484, episodic_return=0.0
SPS: 1913
global_step=27712, episodic_return=0.0
global_step=27764, episodic_return=0.0
global_step=27824, episodic_return=0.0
global_step=27864, episodic_return=0.919
global_step=27888, episodic_return=0.0
global_step=28028, episodic_return=0.4149999999999999
global_step=28116, episodic_return=0.0
SPS: 1929
global_step=28268, episodic_return=0.0
global_step=28292, episodic_return=0.0
global_step=28432, episodic_return=0.0
global_step=28432, episodic_return=0.29799999999999993
global_step=28672, episodic_return=0.0
SPS: 1946
global_step=28696, episodic_return=0.0
global_step=28836, episodic_return=0.0
global_step=28836, episodic_return=0.0
global_step=29036, episodic_return=0.5589999999999999
global_step=29076, episodic_return=0.0
global_step=29100, episodic_return=0.0
SPS: 1961
global_step=29220, episodic_return=0.595
global_step=29240, episodic_return=0.0
global_step=29360, episodic_return=0.42399999999999993
global_step=29480, episodic_return=0.0
global_step=29624, episodic_return=0.0
global_step=29644, episodic_return=0.0
SPS: 1977
global_step=29764, episodic_return=0.0
global_step=29884, episodic_return=0.0
global_step=30028, episodic_return=0.0
global_step=30048, episodic_return=0.0
global_step=30168, episodic_return=0.0
SPS: 1992
global_step=30288, episodic_return=0.0
global_step=30432, episodic_return=0.0
global_step=30452, episodic_return=0.0
global_step=30572, episodic_return=0.0
global_step=30692, episodic_return=0.0
SPS: 2007
global_step=30836, episodic_return=0.0
global_step=30856, episodic_return=0.0
global_step=30976, episodic_return=0.0
global_step=31096, episodic_return=0.0
SPS: 2022
global_step=31240, episodic_return=0.0
global_step=31260, episodic_return=0.0
global_step=31380, episodic_return=0.0
global_step=31500, episodic_return=0.0
global_step=31644, episodic_return=0.0
global_step=31664, episodic_return=0.0
SPS: 2037
global_step=31784, episodic_return=0.0
global_step=31904, episodic_return=0.0
global_step=32048, episodic_return=0.0
global_step=32068, episodic_return=0.0
global_step=32188, episodic_return=0.0
SPS: 2051
global_step=32308, episodic_return=0.0
global_step=32348, episodic_return=0.379
global_step=32452, episodic_return=0.0
global_step=32592, episodic_return=0.0
global_step=32712, episodic_return=0.0
global_step=32752, episodic_return=0.0
SPS: 2065
global_step=32856, episodic_return=0.0
global_step=32996, episodic_return=0.0
global_step=33116, episodic_return=0.0
global_step=33156, episodic_return=0.0
global_step=33260, episodic_return=0.0
SPS: 2071
global_step=33400, episodic_return=0.0
global_step=33520, episodic_return=0.0
global_step=33560, episodic_return=0.0
global_step=33664, episodic_return=0.0
SPS: 2085
global_step=33804, episodic_return=0.0
global_step=33924, episodic_return=0.0
global_step=33964, episodic_return=0.0
global_step=34068, episodic_return=0.0
global_step=34208, episodic_return=0.0
SPS: 2098
global_step=34328, episodic_return=0.0
global_step=34368, episodic_return=0.0
global_step=34472, episodic_return=0.0
global_step=34612, episodic_return=0.0
global_step=34732, episodic_return=0.0
global_step=34772, episodic_return=0.0
SPS: 2111
global_step=34876, episodic_return=0.0
global_step=35016, episodic_return=0.0
global_step=35132, episodic_return=0.10899999999999999
global_step=35176, episodic_return=0.0
global_step=35280, episodic_return=0.0
SPS: 2124
global_step=35420, episodic_return=0.0
global_step=35536, episodic_return=0.0
global_step=35580, episodic_return=0.0
global_step=35684, episodic_return=0.0
global_step=35824, episodic_return=0.0
SPS: 2136
global_step=35940, episodic_return=0.0
global_step=35984, episodic_return=0.0
global_step=36088, episodic_return=0.0
global_step=36228, episodic_return=0.0
global_step=36344, episodic_return=0.0
SPS: 2148
global_step=36364, episodic_return=0.15400000000000003
global_step=36492, episodic_return=0.0
global_step=36632, episodic_return=0.0
global_step=36740, episodic_return=0.16299999999999992
global_step=36748, episodic_return=0.0
SPS: 2160
global_step=36896, episodic_return=0.0
global_step=37036, episodic_return=0.0
global_step=37144, episodic_return=0.0
global_step=37152, episodic_return=0.0
global_step=37300, episodic_return=0.0
SPS: 2172
global_step=37440, episodic_return=0.0
global_step=37548, episodic_return=0.0
global_step=37556, episodic_return=0.0
global_step=37704, episodic_return=0.0
global_step=37844, episodic_return=0.0
SPS: 2183
global_step=37952, episodic_return=0.0
global_step=37960, episodic_return=0.0
global_step=38000, episodic_return=0.901
global_step=38108, episodic_return=0.0
global_step=38248, episodic_return=0.0
global_step=38364, episodic_return=0.0
SPS: 2194
global_step=38404, episodic_return=0.0
global_step=38512, episodic_return=0.0
global_step=38652, episodic_return=0.0
global_step=38768, episodic_return=0.0
global_step=38808, episodic_return=0.0
SPS: 2205
global_step=38916, episodic_return=0.0
global_step=39008, episodic_return=0.802
global_step=39056, episodic_return=0.0
global_step=39172, episodic_return=0.0
global_step=39212, episodic_return=0.0
global_step=39412, episodic_return=0.0
SPS: 2216
global_step=39460, episodic_return=0.0
global_step=39576, episodic_return=0.0
global_step=39616, episodic_return=0.0
global_step=39816, episodic_return=0.0
global_step=39864, episodic_return=0.0
SPS: 2227
global_step=39980, episodic_return=0.0
global_step=40020, episodic_return=0.0
global_step=40220, episodic_return=0.0
global_step=40268, episodic_return=0.0
global_step=40384, episodic_return=0.0
global_step=40424, episodic_return=0.0
SPS: 2237
global_step=40624, episodic_return=0.0
global_step=40672, episodic_return=0.0
global_step=40788, episodic_return=0.0
global_step=40828, episodic_return=0.0
SPS: 2248
global_step=41012, episodic_return=0.595
global_step=41028, episodic_return=0.0
global_step=41076, episodic_return=0.0
global_step=41192, episodic_return=0.0
global_step=41416, episodic_return=0.0
global_step=41432, episodic_return=0.0
SPS: 2257
global_step=41480, episodic_return=0.0
global_step=41596, episodic_return=0.0
global_step=41820, episodic_return=0.0
global_step=41836, episodic_return=0.0
global_step=41884, episodic_return=0.0
SPS: 2268
global_step=42000, episodic_return=0.0
global_step=42224, episodic_return=0.0
global_step=42240, episodic_return=0.0
global_step=42288, episodic_return=0.0
global_step=42404, episodic_return=0.0
SPS: 2278
global_step=42628, episodic_return=0.0
global_step=42644, episodic_return=0.0
global_step=42692, episodic_return=0.0
global_step=42808, episodic_return=0.0
SPS: 2288
global_step=43032, episodic_return=0.0
global_step=43048, episodic_return=0.0
global_step=43096, episodic_return=0.0
global_step=43212, episodic_return=0.0
global_step=43436, episodic_return=0.0
global_step=43452, episodic_return=0.0
global_step=43472, episodic_return=0.9279999999999999
global_step=43500, episodic_return=0.0
SPS: 2297
global_step=43616, episodic_return=0.0
global_step=43856, episodic_return=0.0
global_step=43876, episodic_return=0.0
global_step=43904, episodic_return=0.0
global_step=44020, episodic_return=0.0
SPS: 2306
global_step=44260, episodic_return=0.0
global_step=44280, episodic_return=0.0
global_step=44308, episodic_return=0.0
global_step=44424, episodic_return=0.0
SPS: 2316
global_step=44664, episodic_return=0.0
global_step=44684, episodic_return=0.0
global_step=44712, episodic_return=0.0
global_step=44828, episodic_return=0.0
SPS: 2325
global_step=45068, episodic_return=0.0
global_step=45088, episodic_return=0.0
global_step=45116, episodic_return=0.0
global_step=45232, episodic_return=0.0
global_step=45472, episodic_return=0.0
global_step=45492, episodic_return=0.0
global_step=45520, episodic_return=0.0
SPS: 2334
global_step=45636, episodic_return=0.0
global_step=45876, episodic_return=0.0
global_step=45896, episodic_return=0.0
global_step=45924, episodic_return=0.0
global_step=46040, episodic_return=0.0
SPS: 2343
global_step=46120, episodic_return=0.5680000000000001
global_step=46280, episodic_return=0.0
global_step=46300, episodic_return=0.0
global_step=46444, episodic_return=0.0
global_step=46524, episodic_return=0.0
SPS: 2352
global_step=46640, episodic_return=0.19899999999999995
global_step=46704, episodic_return=0.0
global_step=46848, episodic_return=0.0
global_step=46928, episodic_return=0.0
global_step=47044, episodic_return=0.0
SPS: 2360
global_step=47108, episodic_return=0.0
global_step=47252, episodic_return=0.0
global_step=47332, episodic_return=0.0
global_step=47448, episodic_return=0.0
global_step=47512, episodic_return=0.0
SPS: 2369
global_step=47656, episodic_return=0.0
global_step=47736, episodic_return=0.0
global_step=47852, episodic_return=0.0
global_step=47896, episodic_return=0.91
global_step=47916, episodic_return=0.0
global_step=48060, episodic_return=0.0
SPS: 2377
global_step=48140, episodic_return=0.0
global_step=48300, episodic_return=0.0
global_step=48320, episodic_return=0.0
global_step=48464, episodic_return=0.0
global_step=48544, episodic_return=0.0
SPS: 2386
global_step=48704, episodic_return=0.0
global_step=48724, episodic_return=0.0
global_step=48868, episodic_return=0.0
global_step=48948, episodic_return=0.0
global_step=49108, episodic_return=0.0
global_step=49128, episodic_return=0.0
SPS: 2393
global_step=49272, episodic_return=0.0
global_step=49352, episodic_return=0.0
global_step=49512, episodic_return=0.0
global_step=49532, episodic_return=0.0
SPS: 2402
global_step=49676, episodic_return=0.0
global_step=49756, episodic_return=0.0
global_step=49916, episodic_return=0.0
global_step=49936, episodic_return=0.0
global_step=50080, episodic_return=0.0
global_step=50160, episodic_return=0.0
SPS: 2410
global_step=50320, episodic_return=0.0
global_step=50340, episodic_return=0.0
global_step=50408, episodic_return=0.2709999999999999
global_step=50564, episodic_return=0.0
SPS: 2418
global_step=50724, episodic_return=0.0
global_step=50744, episodic_return=0.0
global_step=50812, episodic_return=0.0
global_step=50968, episodic_return=0.0
global_step=51128, episodic_return=0.0
global_step=51148, episodic_return=0.0
SPS: 2422
global_step=51216, episodic_return=0.0
global_step=51372, episodic_return=0.0
global_step=51532, episodic_return=0.0
global_step=51552, episodic_return=0.0
global_step=51620, episodic_return=0.0
SPS: 2430
global_step=51776, episodic_return=0.0
global_step=51936, episodic_return=0.0
global_step=51956, episodic_return=0.0
global_step=52024, episodic_return=0.0
global_step=52180, episodic_return=0.0
SPS: 2438
global_step=52340, episodic_return=0.0
global_step=52360, episodic_return=0.0
global_step=52404, episodic_return=0.91
global_step=52428, episodic_return=0.0
global_step=52584, episodic_return=0.0
SPS: 2445
global_step=52744, episodic_return=0.0
global_step=52808, episodic_return=0.0
global_step=52832, episodic_return=0.0
global_step=52988, episodic_return=0.0
global_step=53068, episodic_return=0.2799999999999999
global_step=53212, episodic_return=0.0
global_step=53236, episodic_return=0.0
SPS: 2452
global_step=53392, episodic_return=0.0
global_step=53472, episodic_return=0.0
global_step=53616, episodic_return=0.0
global_step=53640, episodic_return=0.0
SPS: 2458
global_step=53796, episodic_return=0.0
global_step=53876, episodic_return=0.0
global_step=54020, episodic_return=0.0
global_step=54036, episodic_return=0.118
global_step=54200, episodic_return=0.0
global_step=54256, episodic_return=0.478
SPS: 2466
global_step=54280, episodic_return=0.0
global_step=54420, episodic_return=0.694
global_step=54440, episodic_return=0.0
global_step=54604, episodic_return=0.0
global_step=54660, episodic_return=0.0
global_step=54672, episodic_return=0.856
SPS: 2472
global_step=54824, episodic_return=0.0
global_step=54844, episodic_return=0.0
global_step=55064, episodic_return=0.0
global_step=55076, episodic_return=0.0
global_step=55228, episodic_return=0.0
global_step=55248, episodic_return=0.0
SPS: 2479
global_step=55468, episodic_return=0.0
global_step=55480, episodic_return=0.0
global_step=55632, episodic_return=0.0
global_step=55652, episodic_return=0.0
SPS: 2487
global_step=55872, episodic_return=0.0
global_step=55884, episodic_return=0.0
global_step=56036, episodic_return=0.0
global_step=56056, episodic_return=0.0
global_step=56276, episodic_return=0.0
global_step=56288, episodic_return=0.0
SPS: 2493
global_step=56440, episodic_return=0.0
global_step=56460, episodic_return=0.0
global_step=56680, episodic_return=0.0
global_step=56692, episodic_return=0.0
SPS: 2500
global_step=56844, episodic_return=0.0
global_step=56864, episodic_return=0.0
global_step=57084, episodic_return=0.0
global_step=57096, episodic_return=0.0
global_step=57248, episodic_return=0.0
global_step=57268, episodic_return=0.0
SPS: 2507
global_step=57488, episodic_return=0.0
global_step=57500, episodic_return=0.0
global_step=57652, episodic_return=0.0
global_step=57672, episodic_return=0.0
global_step=57776, episodic_return=0.73
SPS: 2513
global_step=57892, episodic_return=0.0
global_step=57904, episodic_return=0.0
global_step=58076, episodic_return=0.0
global_step=58180, episodic_return=0.0
global_step=58296, episodic_return=0.0
global_step=58308, episodic_return=0.0
SPS: 2519
global_step=58428, episodic_return=0.739
global_step=58480, episodic_return=0.0
global_step=58584, episodic_return=0.0
global_step=58700, episodic_return=0.0
global_step=58832, episodic_return=0.0
global_step=58844, episodic_return=0.685
SPS: 2525
global_step=58884, episodic_return=0.0
global_step=58988, episodic_return=0.0
global_step=59236, episodic_return=0.0
global_step=59248, episodic_return=0.0
global_step=59288, episodic_return=0.0
global_step=59392, episodic_return=0.0
SPS: 2532
global_step=59640, episodic_return=0.0
global_step=59652, episodic_return=0.0
global_step=59692, episodic_return=0.0
global_step=59796, episodic_return=0.0
global_step=59900, episodic_return=0.42399999999999993
SPS: 2537
global_step=60056, episodic_return=0.0
global_step=60096, episodic_return=0.0
global_step=60200, episodic_return=0.0
global_step=60304, episodic_return=0.0
SPS: 2544
global_step=60460, episodic_return=0.0
global_step=60500, episodic_return=0.0
global_step=60604, episodic_return=0.0
global_step=60708, episodic_return=0.0
global_step=60864, episodic_return=0.0
global_step=60892, episodic_return=0.361
global_step=60904, episodic_return=0.0
SPS: 2549
global_step=61100, episodic_return=0.478
global_step=61112, episodic_return=0.0
global_step=61296, episodic_return=0.0
global_step=61308, episodic_return=0.0
global_step=61312, episodic_return=0.973
SPS: 2555
global_step=61504, episodic_return=0.0
global_step=61516, episodic_return=0.0
global_step=61712, episodic_return=0.0
global_step=61716, episodic_return=0.0
global_step=61908, episodic_return=0.0
global_step=61920, episodic_return=0.0
SPS: 2560
global_step=62116, episodic_return=0.0
global_step=62120, episodic_return=0.0
global_step=62200, episodic_return=0.379
global_step=62292, episodic_return=0.802
global_step=62312, episodic_return=0.0
SPS: 2566
global_step=62520, episodic_return=0.0
global_step=62524, episodic_return=0.0
global_step=62696, episodic_return=0.0
global_step=62716, episodic_return=0.0
global_step=62924, episodic_return=0.0
global_step=62928, episodic_return=0.0
SPS: 2572
global_step=63100, episodic_return=0.0
global_step=63120, episodic_return=0.0
global_step=63328, episodic_return=0.0
global_step=63332, episodic_return=0.0
SPS: 2578
global_step=63504, episodic_return=0.0
global_step=63524, episodic_return=0.0
global_step=63580, episodic_return=0.883
global_step=63732, episodic_return=0.0
global_step=63736, episodic_return=0.0
global_step=63792, episodic_return=0.874
global_step=63908, episodic_return=0.0
global_step=63984, episodic_return=0.0
SPS: 2583
global_step=64140, episodic_return=0.0
global_step=64196, episodic_return=0.0
global_step=64312, episodic_return=0.0
global_step=64388, episodic_return=0.0
SPS: 2589
global_step=64544, episodic_return=0.0
global_step=64600, episodic_return=0.0
global_step=64716, episodic_return=0.0
global_step=64792, episodic_return=0.0
global_step=64948, episodic_return=0.0
global_step=65004, episodic_return=0.0
SPS: 2594
global_step=65120, episodic_return=0.0
global_step=65196, episodic_return=0.0
global_step=65352, episodic_return=0.0
global_step=65408, episodic_return=0.0
global_step=65524, episodic_return=0.0
SPS: 2600
global_step=65600, episodic_return=0.0
global_step=65696, episodic_return=0.622
global_step=65756, episodic_return=0.0
global_step=65812, episodic_return=0.0
global_step=66004, episodic_return=0.0
SPS: 2605
global_step=66100, episodic_return=0.0
global_step=66160, episodic_return=0.0
global_step=66216, episodic_return=0.0
global_step=66408, episodic_return=0.0
global_step=66504, episodic_return=0.0
SPS: 2611
global_step=66564, episodic_return=0.0
global_step=66620, episodic_return=0.0
global_step=66716, episodic_return=0.7929999999999999
global_step=66812, episodic_return=0.0
global_step=66856, episodic_return=0.694
global_step=66908, episodic_return=0.0
global_step=66968, episodic_return=0.0
SPS: 2615
global_step=67216, episodic_return=0.0
global_step=67260, episodic_return=0.0
global_step=67312, episodic_return=0.0
global_step=67372, episodic_return=0.0
global_step=67512, episodic_return=0.694
SPS: 2620
global_step=67620, episodic_return=0.0
global_step=67664, episodic_return=0.0
global_step=67716, episodic_return=0.0
global_step=67916, episodic_return=0.0
global_step=68024, episodic_return=0.0
global_step=68068, episodic_return=0.0
SPS: 2626
global_step=68120, episodic_return=0.0
global_step=68320, episodic_return=0.0
global_step=68428, episodic_return=0.0
global_step=68472, episodic_return=0.0
global_step=68524, episodic_return=0.0
SPS: 2627
global_step=68724, episodic_return=0.0
global_step=68832, episodic_return=0.0
global_step=68832, episodic_return=0.766
global_step=68876, episodic_return=0.0
global_step=68928, episodic_return=0.0
SPS: 2632
global_step=69236, episodic_return=0.0
global_step=69236, episodic_return=0.0
global_step=69280, episodic_return=0.0
global_step=69332, episodic_return=0.0
SPS: 2638
global_step=69640, episodic_return=0.0
global_step=69640, episodic_return=0.0
global_step=69684, episodic_return=0.0
global_step=69736, episodic_return=0.0
global_step=69824, episodic_return=0.595
global_step=70016, episodic_return=0.379
global_step=70044, episodic_return=0.0
global_step=70088, episodic_return=0.0
SPS: 2642
global_step=70228, episodic_return=0.0
global_step=70400, episodic_return=0.14500000000000002
global_step=70448, episodic_return=0.0
global_step=70476, episodic_return=0.45099999999999996
global_step=70492, episodic_return=0.0
SPS: 2647
global_step=70804, episodic_return=0.0
global_step=70852, episodic_return=0.0
global_step=70880, episodic_return=0.0
global_step=70896, episodic_return=0.0
SPS: 2652
global_step=71208, episodic_return=0.0
global_step=71256, episodic_return=0.0
global_step=71284, episodic_return=0.0
global_step=71300, episodic_return=0.0
global_step=71612, episodic_return=0.0
global_step=71660, episodic_return=0.0
SPS: 2656
global_step=71688, episodic_return=0.0
global_step=71704, episodic_return=0.0
global_step=72016, episodic_return=0.0
global_step=72064, episodic_return=0.0
global_step=72092, episodic_return=0.0
global_step=72108, episodic_return=0.0
SPS: 2661
global_step=72200, episodic_return=0.766
global_step=72420, episodic_return=0.0
global_step=72468, episodic_return=0.0
global_step=72512, episodic_return=0.0
global_step=72536, episodic_return=0.748
global_step=72604, episodic_return=0.0
global_step=72704, episodic_return=0.577
SPS: 2665
global_step=72872, episodic_return=0.0
global_step=72940, episodic_return=0.0
global_step=73008, episodic_return=0.0
global_step=73108, episodic_return=0.0
SPS: 2670
global_step=73276, episodic_return=0.0
global_step=73344, episodic_return=0.0
global_step=73412, episodic_return=0.0
global_step=73444, episodic_return=0.784
global_step=73512, episodic_return=0.0
global_step=73680, episodic_return=0.0
SPS: 2675
global_step=73816, episodic_return=0.0
global_step=73848, episodic_return=0.0
global_step=73916, episodic_return=0.0
global_step=74084, episodic_return=0.0
global_step=74220, episodic_return=0.0
SPS: 2678
global_step=74252, episodic_return=0.0
global_step=74320, episodic_return=0.0
global_step=74488, episodic_return=0.0
global_step=74580, episodic_return=0.802
global_step=74624, episodic_return=0.0
global_step=74656, episodic_return=0.0
global_step=74724, episodic_return=0.0
SPS: 2682
global_step=74984, episodic_return=0.0
global_step=75028, episodic_return=0.0
global_step=75060, episodic_return=0.0
global_step=75128, episodic_return=0.0
SPS: 2687
global_step=75388, episodic_return=0.0
global_step=75432, episodic_return=0.0
global_step=75464, episodic_return=0.0
global_step=75532, episodic_return=0.0
SPS: 2692
global_step=75792, episodic_return=0.0
global_step=75836, episodic_return=0.0
global_step=75868, episodic_return=0.0
global_step=75936, episodic_return=0.0
global_step=76196, episodic_return=0.0
global_step=76240, episodic_return=0.0
global_step=76272, episodic_return=0.0
SPS: 2696
global_step=76340, episodic_return=0.0
global_step=76600, episodic_return=0.0
global_step=76644, episodic_return=0.0
global_step=76676, episodic_return=0.0
global_step=76744, episodic_return=0.0
SPS: 2700
global_step=77004, episodic_return=0.0
global_step=77048, episodic_return=0.0
global_step=77080, episodic_return=0.0
global_step=77148, episodic_return=0.0
SPS: 2705
global_step=77408, episodic_return=0.0
global_step=77452, episodic_return=0.0
global_step=77484, episodic_return=0.0
global_step=77552, episodic_return=0.0
global_step=77812, episodic_return=0.0
SPS: 2709
global_step=77856, episodic_return=0.0
global_step=77888, episodic_return=0.0
global_step=77956, episodic_return=0.0
global_step=78216, episodic_return=0.0
global_step=78260, episodic_return=0.0
global_step=78292, episodic_return=0.0
SPS: 2713
global_step=78360, episodic_return=0.0
global_step=78620, episodic_return=0.0
global_step=78664, episodic_return=0.0
global_step=78696, episodic_return=0.0
global_step=78764, episodic_return=0.0
SPS: 2717
global_step=79024, episodic_return=0.0
global_step=79068, episodic_return=0.0
global_step=79100, episodic_return=0.0
global_step=79168, episodic_return=0.0
global_step=79244, episodic_return=0.613
SPS: 2721
global_step=79428, episodic_return=0.0
global_step=79504, episodic_return=0.0
global_step=79572, episodic_return=0.0
global_step=79648, episodic_return=0.0
global_step=79832, episodic_return=0.0
SPS: 2725
global_step=79908, episodic_return=0.0
global_step=79976, episodic_return=0.0
global_step=80000, episodic_return=0.631
global_step=80052, episodic_return=0.0
global_step=80312, episodic_return=0.0
global_step=80380, episodic_return=0.0
SPS: 2728
global_step=80404, episodic_return=0.0
global_step=80456, episodic_return=0.0
global_step=80716, episodic_return=0.0
global_step=80752, episodic_return=0.17199999999999993
global_step=80808, episodic_return=0.0
global_step=80860, episodic_return=0.0
SPS: 2732
global_step=81064, episodic_return=0.22599999999999998
global_step=81156, episodic_return=0.0
global_step=81212, episodic_return=0.0
global_step=81264, episodic_return=0.0
SPS: 2736
global_step=81468, episodic_return=0.0
global_step=81560, episodic_return=0.0
global_step=81616, episodic_return=0.0
global_step=81668, episodic_return=0.0
global_step=81872, episodic_return=0.0
SPS: 2740
global_step=81964, episodic_return=0.0
global_step=82020, episodic_return=0.0
global_step=82072, episodic_return=0.0
global_step=82276, episodic_return=0.0
global_step=82368, episodic_return=0.0
global_step=82424, episodic_return=0.0
SPS: 2743
global_step=82476, episodic_return=0.0
global_step=82680, episodic_return=0.0
global_step=82772, episodic_return=0.0
global_step=82828, episodic_return=0.0
global_step=82880, episodic_return=0.0
SPS: 2747
global_step=83084, episodic_return=0.0
global_step=83176, episodic_return=0.0
global_step=83232, episodic_return=0.0
global_step=83284, episodic_return=0.0
SPS: 2751
global_step=83488, episodic_return=0.0
global_step=83556, episodic_return=0.3969999999999999
global_step=83580, episodic_return=0.0
global_step=83636, episodic_return=0.0
global_step=83892, episodic_return=0.0
global_step=83960, episodic_return=0.0
SPS: 2755
global_step=83984, episodic_return=0.0
global_step=84040, episodic_return=0.0
global_step=84296, episodic_return=0.0
global_step=84364, episodic_return=0.0
global_step=84388, episodic_return=0.0
global_step=84444, episodic_return=0.0
SPS: 2758
global_step=84544, episodic_return=0.784
global_step=84700, episodic_return=0.0
global_step=84768, episodic_return=0.0
global_step=84792, episodic_return=0.0
global_step=84948, episodic_return=0.0
SPS: 2761
global_step=85104, episodic_return=0.0
global_step=85172, episodic_return=0.0
global_step=85196, episodic_return=0.0
global_step=85352, episodic_return=0.0
SPS: 2765
global_step=85508, episodic_return=0.0
global_step=85576, episodic_return=0.0
global_step=85600, episodic_return=0.0
global_step=85756, episodic_return=0.0
global_step=85888, episodic_return=0.712
global_step=85912, episodic_return=0.0
global_step=85980, episodic_return=0.0
global_step=86004, episodic_return=0.0
SPS: 2768
global_step=86292, episodic_return=0.0
global_step=86316, episodic_return=0.0
global_step=86384, episodic_return=0.0
global_step=86408, episodic_return=0.0
global_step=86412, episodic_return=0.946
global_step=86440, episodic_return=0.9369999999999999
SPS: 2770
global_step=86696, episodic_return=0.0
global_step=86720, episodic_return=0.0
global_step=86816, episodic_return=0.0
global_step=86844, episodic_return=0.0
SPS: 2773
global_step=87100, episodic_return=0.0
global_step=87124, episodic_return=0.0
global_step=87220, episodic_return=0.0
global_step=87248, episodic_return=0.0
global_step=87504, episodic_return=0.0
global_step=87528, episodic_return=0.0
SPS: 2777
global_step=87572, episodic_return=0.2799999999999999
global_step=87624, episodic_return=0.0
global_step=87908, episodic_return=0.0
global_step=87932, episodic_return=0.0
global_step=87976, episodic_return=0.0
global_step=88028, episodic_return=0.0
SPS: 2780
global_step=88312, episodic_return=0.0
global_step=88336, episodic_return=0.0
global_step=88380, episodic_return=0.0
global_step=88432, episodic_return=0.0
global_step=88544, episodic_return=0.5409999999999999
SPS: 2784
global_step=88716, episodic_return=0.0
global_step=88784, episodic_return=0.0
global_step=88836, episodic_return=0.0
global_step=88948, episodic_return=0.0
SPS: 2788
global_step=89120, episodic_return=0.0
global_step=89188, episodic_return=0.0
global_step=89196, episodic_return=0.19899999999999995
global_step=89352, episodic_return=0.0
global_step=89524, episodic_return=0.0
global_step=89592, episodic_return=0.0
global_step=89600, episodic_return=0.0
SPS: 2791
global_step=89756, episodic_return=0.0
global_step=89928, episodic_return=0.0
global_step=89996, episodic_return=0.0
global_step=90004, episodic_return=0.0
global_step=90040, episodic_return=0.91
SPS: 2794
global_step=90160, episodic_return=0.0
global_step=90332, episodic_return=0.0
global_step=90408, episodic_return=0.0
global_step=90444, episodic_return=0.0
global_step=90564, episodic_return=0.0
SPS: 2797
global_step=90736, episodic_return=0.0
global_step=90812, episodic_return=0.0
global_step=90848, episodic_return=0.0
global_step=90968, episodic_return=0.0
SPS: 2800
global_step=91140, episodic_return=0.0
global_step=91216, episodic_return=0.0
global_step=91252, episodic_return=0.0
global_step=91372, episodic_return=0.0
global_step=91544, episodic_return=0.0
global_step=91620, episodic_return=0.0
SPS: 2803
global_step=91656, episodic_return=0.0
global_step=91776, episodic_return=0.0
global_step=91948, episodic_return=0.0
global_step=92012, episodic_return=0.20799999999999996
global_step=92024, episodic_return=0.0
SPS: 2806
global_step=92180, episodic_return=0.0
global_step=92352, episodic_return=0.0
global_step=92416, episodic_return=0.0
global_step=92428, episodic_return=0.0
global_step=92584, episodic_return=0.0
SPS: 2809
global_step=92756, episodic_return=0.0
global_step=92820, episodic_return=0.0
global_step=92832, episodic_return=0.0
global_step=92988, episodic_return=0.0
global_step=93160, episodic_return=0.0
SPS: 2812
global_step=93224, episodic_return=0.0
global_step=93236, episodic_return=0.0
global_step=93392, episodic_return=0.0
global_step=93564, episodic_return=0.0
global_step=93628, episodic_return=0.0
global_step=93640, episodic_return=0.0
SPS: 2815
global_step=93796, episodic_return=0.0
global_step=93968, episodic_return=0.0
global_step=94032, episodic_return=0.0
global_step=94044, episodic_return=0.0
global_step=94200, episodic_return=0.0
SPS: 2818
global_step=94372, episodic_return=0.0
global_step=94436, episodic_return=0.0
global_step=94448, episodic_return=0.0
global_step=94604, episodic_return=0.0
SPS: 2822
global_step=94776, episodic_return=0.0
global_step=94788, episodic_return=0.244
global_step=94840, episodic_return=0.0
global_step=95008, episodic_return=0.0
global_step=95180, episodic_return=0.0
global_step=95192, episodic_return=0.0
SPS: 2825
global_step=95244, episodic_return=0.0
global_step=95412, episodic_return=0.0
global_step=95584, episodic_return=0.0
global_step=95596, episodic_return=0.0
global_step=95648, episodic_return=0.0
global_step=95704, episodic_return=0.739
SPS: 2828
global_step=95816, episodic_return=0.0
global_step=96000, episodic_return=0.0
global_step=96052, episodic_return=0.0
global_step=96108, episodic_return=0.0
global_step=96220, episodic_return=0.0
global_step=96224, episodic_return=0.622
SPS: 2830
global_step=96404, episodic_return=0.0
global_step=96512, episodic_return=0.0
global_step=96624, episodic_return=0.0
global_step=96628, episodic_return=0.0
SPS: 2833
global_step=96808, episodic_return=0.0
global_step=96896, episodic_return=0.4059999999999999
global_step=96916, episodic_return=0.0
global_step=97012, episodic_return=0.55
global_step=97028, episodic_return=0.0
SPS: 2836
global_step=97300, episodic_return=0.0
global_step=97320, episodic_return=0.0
global_step=97416, episodic_return=0.0
global_step=97432, episodic_return=0.0
global_step=97660, episodic_return=0.45999999999999996
global_step=97704, episodic_return=0.0
global_step=97724, episodic_return=0.0
SPS: 2839
global_step=97836, episodic_return=0.0
global_step=98064, episodic_return=0.0
global_step=98108, episodic_return=0.0
global_step=98128, episodic_return=0.0
global_step=98240, episodic_return=0.0
SPS: 2842
global_step=98468, episodic_return=0.0
global_step=98512, episodic_return=0.0
global_step=98532, episodic_return=0.0
global_step=98644, episodic_return=0.0
SPS: 2845
global_step=98872, episodic_return=0.0
global_step=98916, episodic_return=0.0
global_step=98936, episodic_return=0.0
global_step=99048, episodic_return=0.0
global_step=99276, episodic_return=0.0
global_step=99320, episodic_return=0.0
SPS: 2847
global_step=99340, episodic_return=0.0
global_step=99452, episodic_return=0.0
global_step=99680, episodic_return=0.0
global_step=99724, episodic_return=0.0
global_step=99744, episodic_return=0.0
SPS: 2850
global_step=99856, episodic_return=0.0
global_step=99896, episodic_return=0.919
global_step=100068, episodic_return=0.2799999999999999
global_step=100084, episodic_return=0.0
global_step=100128, episodic_return=0.0
global_step=100300, episodic_return=0.0
SPS: 2853
global_step=100472, episodic_return=0.0
global_step=100488, episodic_return=0.0
global_step=100532, episodic_return=0.0
global_step=100704, episodic_return=0.0
SPS: 2855
global_step=100876, episodic_return=0.0
global_step=100892, episodic_return=0.0
global_step=100936, episodic_return=0.0
global_step=101108, episodic_return=0.0
global_step=101132, episodic_return=0.5680000000000001
global_step=101280, episodic_return=0.0
global_step=101296, episodic_return=0.0
SPS: 2858
global_step=101512, episodic_return=0.0
global_step=101536, episodic_return=0.0
global_step=101684, episodic_return=0.0
global_step=101700, episodic_return=0.0
SPS: 2861
global_step=101916, episodic_return=0.0
global_step=101940, episodic_return=0.0
global_step=102088, episodic_return=0.0
global_step=102104, episodic_return=0.0
global_step=102320, episodic_return=0.0
global_step=102344, episodic_return=0.0
SPS: 2863
global_step=102492, episodic_return=0.0
global_step=102508, episodic_return=0.0
global_step=102724, episodic_return=0.0
global_step=102748, episodic_return=0.0
global_step=102896, episodic_return=0.0
global_step=102912, episodic_return=0.0
SPS: 2866
global_step=103128, episodic_return=0.0
global_step=103152, episodic_return=0.0
global_step=103300, episodic_return=0.0
global_step=103316, episodic_return=0.0
global_step=103420, episodic_return=0.775
SPS: 2869
global_step=103528, episodic_return=0.766
global_step=103532, episodic_return=0.0
global_step=103556, episodic_return=0.0
global_step=103704, episodic_return=0.0
global_step=103932, episodic_return=0.0
global_step=103936, episodic_return=0.0
SPS: 2869
global_step=103960, episodic_return=0.0
global_step=104108, episodic_return=0.0
global_step=104336, episodic_return=0.0
global_step=104340, episodic_return=0.0
global_step=104364, episodic_return=0.0
SPS: 2871
global_step=104512, episodic_return=0.0
global_step=104740, episodic_return=0.0
global_step=104744, episodic_return=0.0
global_step=104768, episodic_return=0.0
global_step=104916, episodic_return=0.0
SPS: 2874
global_step=105144, episodic_return=0.0
global_step=105148, episodic_return=0.0
global_step=105172, episodic_return=0.0
global_step=105320, episodic_return=0.0
SPS: 2876
global_step=105548, episodic_return=0.0
global_step=105552, episodic_return=0.0
global_step=105576, episodic_return=0.0
global_step=105724, episodic_return=0.0
global_step=105752, episodic_return=0.5589999999999999
global_step=105952, episodic_return=0.0
global_step=105980, episodic_return=0.0
SPS: 2878
global_step=106128, episodic_return=0.0
global_step=106156, episodic_return=0.0
global_step=106356, episodic_return=0.0
global_step=106384, episodic_return=0.0
SPS: 2881
global_step=106532, episodic_return=0.0
global_step=106560, episodic_return=0.0
global_step=106760, episodic_return=0.0
global_step=106788, episodic_return=0.0
global_step=106936, episodic_return=0.0
global_step=106964, episodic_return=0.0
SPS: 2883
global_step=107164, episodic_return=0.0
global_step=107192, episodic_return=0.0
global_step=107340, episodic_return=0.0
global_step=107368, episodic_return=0.0
SPS: 2886
global_step=107568, episodic_return=0.0
global_step=107596, episodic_return=0.0
global_step=107640, episodic_return=0.3969999999999999
global_step=107744, episodic_return=0.0
global_step=107972, episodic_return=0.0
global_step=108000, episodic_return=0.0
SPS: 2888
global_step=108044, episodic_return=0.0
global_step=108148, episodic_return=0.0
global_step=108376, episodic_return=0.0
global_step=108404, episodic_return=0.0
global_step=108448, episodic_return=0.0
SPS: 2891
global_step=108552, episodic_return=0.0
global_step=108780, episodic_return=0.0
global_step=108808, episodic_return=0.0
global_step=108852, episodic_return=0.0
global_step=108956, episodic_return=0.0
SPS: 2893
global_step=109184, episodic_return=0.0
global_step=109212, episodic_return=0.0
global_step=109256, episodic_return=0.0
global_step=109360, episodic_return=0.0
SPS: 2896
global_step=109588, episodic_return=0.0
global_step=109616, episodic_return=0.0
global_step=109660, episodic_return=0.0
global_step=109764, episodic_return=0.0
global_step=109772, episodic_return=0.757
global_step=109992, episodic_return=0.0
global_step=110020, episodic_return=0.0
SPS: 2898
global_step=110160, episodic_return=0.631
global_step=110168, episodic_return=0.0
global_step=110176, episodic_return=0.0
global_step=110424, episodic_return=0.0
global_step=110564, episodic_return=0.0
global_step=110572, episodic_return=0.0
global_step=110580, episodic_return=0.0
SPS: 2900
global_step=110828, episodic_return=0.0
global_step=110968, episodic_return=0.0
global_step=110976, episodic_return=0.0
global_step=110984, episodic_return=0.0
SPS: 2903
global_step=111192, episodic_return=0.5049999999999999
global_step=111232, episodic_return=0.0
global_step=111380, episodic_return=0.0
global_step=111388, episodic_return=0.0
global_step=111596, episodic_return=0.0
SPS: 2905
global_step=111636, episodic_return=0.0
global_step=111784, episodic_return=0.0
global_step=111792, episodic_return=0.0
global_step=112000, episodic_return=0.0
global_step=112040, episodic_return=0.0
SPS: 2907
global_step=112188, episodic_return=0.0
global_step=112196, episodic_return=0.0
global_step=112404, episodic_return=0.0
global_step=112444, episodic_return=0.0
global_step=112592, episodic_return=0.0
global_step=112600, episodic_return=0.0
SPS: 2909
global_step=112808, episodic_return=0.0
global_step=112820, episodic_return=0.4959999999999999
global_step=112848, episodic_return=0.0
global_step=113004, episodic_return=0.0
SPS: 2912
global_step=113212, episodic_return=0.0
global_step=113224, episodic_return=0.0
global_step=113252, episodic_return=0.0
global_step=113364, episodic_return=0.667
global_step=113372, episodic_return=0.18099999999999994
global_step=113628, episodic_return=0.0
global_step=113656, episodic_return=0.0
SPS: 2914
global_step=113768, episodic_return=0.0
global_step=113776, episodic_return=0.0
global_step=113912, episodic_return=0.703
global_step=114032, episodic_return=0.0
global_step=114060, episodic_return=0.0
global_step=114172, episodic_return=0.0
SPS: 2916
global_step=114224, episodic_return=0.892
global_step=114316, episodic_return=0.0
global_step=114436, episodic_return=0.0
global_step=114464, episodic_return=0.0
global_step=114628, episodic_return=0.0
SPS: 2918
global_step=114720, episodic_return=0.0
global_step=114840, episodic_return=0.0
global_step=114868, episodic_return=0.0
global_step=115032, episodic_return=0.0
global_step=115124, episodic_return=0.0
SPS: 2920
global_step=115244, episodic_return=0.0
global_step=115272, episodic_return=0.0
global_step=115436, episodic_return=0.0
global_step=115528, episodic_return=0.0
global_step=115648, episodic_return=0.0
global_step=115676, episodic_return=0.0
SPS: 2922
global_step=115840, episodic_return=0.0
global_step=115932, episodic_return=0.0
global_step=116052, episodic_return=0.0
global_step=116080, episodic_return=0.0
global_step=116088, episodic_return=0.991
SPS: 2924
global_step=116244, episodic_return=0.0
global_step=116336, episodic_return=0.0
global_step=116456, episodic_return=0.0
global_step=116492, episodic_return=0.0
global_step=116648, episodic_return=0.0
SPS: 2927
global_step=116740, episodic_return=0.0
global_step=116860, episodic_return=0.0
global_step=116896, episodic_return=0.0
global_step=117052, episodic_return=0.0
global_step=117144, episodic_return=0.0
SPS: 2928
global_step=117264, episodic_return=0.0
global_step=117300, episodic_return=0.0
global_step=117456, episodic_return=0.0
global_step=117548, episodic_return=0.0
global_step=117668, episodic_return=0.0
global_step=117704, episodic_return=0.0
SPS: 2930
global_step=117860, episodic_return=0.0
global_step=117952, episodic_return=0.0
global_step=118004, episodic_return=0.892
global_step=118072, episodic_return=0.0
global_step=118108, episodic_return=0.0
global_step=118264, episodic_return=0.0
SPS: 2932
global_step=118408, episodic_return=0.0
global_step=118476, episodic_return=0.0
global_step=118512, episodic_return=0.0
global_step=118668, episodic_return=0.0
SPS: 2934
global_step=118812, episodic_return=0.0
global_step=118880, episodic_return=0.0
global_step=118916, episodic_return=0.0
global_step=119072, episodic_return=0.0
global_step=119216, episodic_return=0.0
global_step=119284, episodic_return=0.0
SPS: 2936
global_step=119320, episodic_return=0.0
global_step=119412, episodic_return=0.721
global_step=119476, episodic_return=0.0
global_step=119580, episodic_return=0.631
global_step=119620, episodic_return=0.0
global_step=119644, episodic_return=0.2799999999999999
global_step=119752, episodic_return=0.3879999999999999
SPS: 2938
global_step=119984, episodic_return=0.0
global_step=120024, episodic_return=0.0
global_step=120032, episodic_return=0.991
global_step=120048, episodic_return=0.0
global_step=120156, episodic_return=0.0
SPS: 2940
global_step=120388, episodic_return=0.0
global_step=120436, episodic_return=0.0
global_step=120452, episodic_return=0.0
global_step=120560, episodic_return=0.0
global_step=120792, episodic_return=0.0
SPS: 2942
global_step=120840, episodic_return=0.0
global_step=120856, episodic_return=0.0
global_step=120964, episodic_return=0.0
global_step=121196, episodic_return=0.0
global_step=121244, episodic_return=0.0
global_step=121260, episodic_return=0.0
SPS: 2943
global_step=121368, episodic_return=0.0
global_step=121600, episodic_return=0.0
global_step=121648, episodic_return=0.0
global_step=121664, episodic_return=0.0
global_step=121772, episodic_return=0.0
SPS: 2945
global_step=122004, episodic_return=0.0
global_step=122044, episodic_return=0.118
global_step=122068, episodic_return=0.0
global_step=122176, episodic_return=0.0
global_step=122256, episodic_return=0.829
SPS: 2947
global_step=122408, episodic_return=0.0
global_step=122448, episodic_return=0.0
global_step=122472, episodic_return=0.0
global_step=122660, episodic_return=0.0
global_step=122812, episodic_return=0.0
global_step=122852, episodic_return=0.0
global_step=122876, episodic_return=0.0
SPS: 2949
global_step=123064, episodic_return=0.0
global_step=123216, episodic_return=0.0
global_step=123256, episodic_return=0.0
global_step=123280, episodic_return=0.0
SPS: 2951
global_step=123468, episodic_return=0.0
global_step=123596, episodic_return=0.29799999999999993
global_step=123620, episodic_return=0.0
global_step=123660, episodic_return=0.0
global_step=123872, episodic_return=0.0
SPS: 2953
global_step=124000, episodic_return=0.0
global_step=124024, episodic_return=0.0
global_step=124064, episodic_return=0.577
global_step=124064, episodic_return=0.0
global_step=124404, episodic_return=0.0
SPS: 2955
global_step=124428, episodic_return=0.0
global_step=124468, episodic_return=0.0
global_step=124468, episodic_return=0.0
global_step=124808, episodic_return=0.0
global_step=124832, episodic_return=0.0
global_step=124844, episodic_return=0.16299999999999992
global_step=124848, episodic_return=0.919
global_step=124872, episodic_return=0.0
SPS: 2957
global_step=125236, episodic_return=0.0
global_step=125248, episodic_return=0.0
global_step=125252, episodic_return=0.0
global_step=125276, episodic_return=0.0
SPS: 2959
global_step=125640, episodic_return=0.0
global_step=125652, episodic_return=0.0
global_step=125656, episodic_return=0.0
global_step=125680, episodic_return=0.0
global_step=125776, episodic_return=0.703
SPS: 2961
global_step=126056, episodic_return=0.0
global_step=126060, episodic_return=0.0
global_step=126084, episodic_return=0.0
global_step=126092, episodic_return=0.9369999999999999
global_step=126112, episodic_return=0.883
global_step=126180, episodic_return=0.0
global_step=126208, episodic_return=0.73
SPS: 2962
global_step=126496, episodic_return=0.0
global_step=126516, episodic_return=0.0
global_step=126584, episodic_return=0.0
global_step=126604, episodic_return=0.8109999999999999
global_step=126612, episodic_return=0.0
global_step=126900, episodic_return=0.0
SPS: 2964
global_step=126988, episodic_return=0.0
global_step=127008, episodic_return=0.0
global_step=127016, episodic_return=0.0
global_step=127304, episodic_return=0.0
global_step=127392, episodic_return=0.0
global_step=127412, episodic_return=0.0
global_step=127420, episodic_return=0.0
SPS: 2965
global_step=127708, episodic_return=0.0
global_step=127796, episodic_return=0.0
global_step=127816, episodic_return=0.0
global_step=127824, episodic_return=0.0
SPS: 2968
global_step=128112, episodic_return=0.0
global_step=128200, episodic_return=0.0
global_step=128220, episodic_return=0.0
global_step=128228, episodic_return=0.0
global_step=128436, episodic_return=0.5229999999999999
SPS: 2970
global_step=128516, episodic_return=0.0
global_step=128604, episodic_return=0.0
global_step=128632, episodic_return=0.0
global_step=128840, episodic_return=0.0
global_step=128920, episodic_return=0.0
global_step=129008, episodic_return=0.0
SPS: 2971
global_step=129036, episodic_return=0.0
global_step=129244, episodic_return=0.0
global_step=129324, episodic_return=0.0
global_step=129412, episodic_return=0.0
global_step=129440, episodic_return=0.0
SPS: 2973
global_step=129648, episodic_return=0.0
global_step=129728, episodic_return=0.0
global_step=129816, episodic_return=0.0
global_step=129840, episodic_return=0.577
global_step=129844, episodic_return=0.0
global_step=129880, episodic_return=0.9279999999999999
SPS: 2975
global_step=130132, episodic_return=0.0
global_step=130220, episodic_return=0.0
global_step=130244, episodic_return=0.0
global_step=130284, episodic_return=0.0
global_step=130536, episodic_return=0.0
SPS: 2977
global_step=130624, episodic_return=0.0
global_step=130648, episodic_return=0.0
global_step=130688, episodic_return=0.0
global_step=130864, episodic_return=0.5229999999999999
global_step=130940, episodic_return=0.0
global_step=131000, episodic_return=0.874
global_step=131028, episodic_return=0.0
SPS: 2979
global_step=131092, episodic_return=0.0
global_step=131248, episodic_return=0.6579999999999999
global_step=131268, episodic_return=0.0
global_step=131404, episodic_return=0.0
global_step=131432, episodic_return=0.0
global_step=131528, episodic_return=0.42399999999999993
SPS: 2981
global_step=131652, episodic_return=0.0
global_step=131808, episodic_return=0.0
global_step=131836, episodic_return=0.0
global_step=131932, episodic_return=0.0
global_step=132056, episodic_return=0.0
SPS: 2982
global_step=132184, episodic_return=0.44199999999999995
global_step=132212, episodic_return=0.0
global_step=132240, episodic_return=0.0
global_step=132460, episodic_return=0.0
global_step=132584, episodic_return=0.73
global_step=132588, episodic_return=0.0
SPS: 2984
global_step=132616, episodic_return=0.0
global_step=132644, episodic_return=0.0
global_step=132988, episodic_return=0.0
global_step=132992, episodic_return=0.0
global_step=133020, episodic_return=0.0
global_step=133048, episodic_return=0.0
SPS: 2986
global_step=133392, episodic_return=0.0
global_step=133396, episodic_return=0.0
global_step=133424, episodic_return=0.0
global_step=133452, episodic_return=0.0
SPS: 2988
global_step=133796, episodic_return=0.0
global_step=133800, episodic_return=0.0
global_step=133828, episodic_return=0.0
global_step=133856, episodic_return=0.0
SPS: 2990
global_step=134200, episodic_return=0.0
global_step=134204, episodic_return=0.0
global_step=134232, episodic_return=0.0
global_step=134260, episodic_return=0.0
global_step=134604, episodic_return=0.0
global_step=134608, episodic_return=0.0
global_step=134636, episodic_return=0.0
SPS: 2992
global_step=134664, episodic_return=0.0
global_step=135008, episodic_return=0.0
global_step=135012, episodic_return=0.0
global_step=135040, episodic_return=0.0
global_step=135068, episodic_return=0.0
SPS: 2993
global_step=135412, episodic_return=0.0
global_step=135416, episodic_return=0.0
global_step=135444, episodic_return=0.0
global_step=135472, episodic_return=0.0
SPS: 2995
global_step=135816, episodic_return=0.0
global_step=135820, episodic_return=0.0
global_step=135848, episodic_return=0.0
global_step=135876, episodic_return=0.0
SPS: 2997
global_step=136220, episodic_return=0.0
global_step=136224, episodic_return=0.0
global_step=136252, episodic_return=0.0
global_step=136280, episodic_return=0.0
global_step=136624, episodic_return=0.0
global_step=136628, episodic_return=0.0
global_step=136656, episodic_return=0.0
global_step=136660, episodic_return=0.9279999999999999
global_step=136684, episodic_return=0.0
SPS: 2998
global_step=136732, episodic_return=0.901
global_step=137032, episodic_return=0.0
global_step=137060, episodic_return=0.0
global_step=137064, episodic_return=0.0
global_step=137136, episodic_return=0.0
SPS: 3000
global_step=137436, episodic_return=0.0
global_step=137464, episodic_return=0.0
global_step=137468, episodic_return=0.0
global_step=137540, episodic_return=0.0
global_step=137568, episodic_return=0.775
SPS: 3002
global_step=137840, episodic_return=0.0
global_step=137872, episodic_return=0.0
global_step=137944, episodic_return=0.0
global_step=137972, episodic_return=0.0
SPS: 3004
global_step=138244, episodic_return=0.0
global_step=138248, episodic_return=0.3879999999999999
global_step=138276, episodic_return=0.0
global_step=138348, episodic_return=0.0
global_step=138460, episodic_return=0.532
global_step=138648, episodic_return=0.0
global_step=138680, episodic_return=0.0
global_step=138752, episodic_return=0.0
SPS: 3005
global_step=138864, episodic_return=0.0
global_step=138932, episodic_return=0.604
global_step=139024, episodic_return=0.802
global_step=139052, episodic_return=0.0
global_step=139084, episodic_return=0.0
SPS: 3006
global_step=139268, episodic_return=0.0
global_step=139428, episodic_return=0.0
global_step=139456, episodic_return=0.0
global_step=139488, episodic_return=0.0
global_step=139672, episodic_return=0.0
SPS: 3007
global_step=139832, episodic_return=0.0
global_step=139860, episodic_return=0.0
global_step=139892, episodic_return=0.0
global_step=140056, episodic_return=0.5049999999999999
global_step=140076, episodic_return=0.0
global_step=140104, episodic_return=0.532
global_step=140264, episodic_return=0.0
SPS: 3009
global_step=140460, episodic_return=0.0
global_step=140468, episodic_return=0.127
global_step=140508, episodic_return=0.0
global_step=140668, episodic_return=0.0
SPS: 3011
global_step=140864, episodic_return=0.0
global_step=140872, episodic_return=0.0
global_step=140912, episodic_return=0.0
global_step=141072, episodic_return=0.0
global_step=141268, episodic_return=0.0
global_step=141276, episodic_return=0.0
SPS: 3013
global_step=141316, episodic_return=0.0
global_step=141476, episodic_return=0.0
global_step=141672, episodic_return=0.0
global_step=141680, episodic_return=0.0
global_step=141720, episodic_return=0.0
SPS: 3014
global_step=141880, episodic_return=0.0
global_step=142076, episodic_return=0.0
global_step=142084, episodic_return=0.0
global_step=142124, episodic_return=0.0
global_step=142284, episodic_return=0.0
SPS: 3016
global_step=142480, episodic_return=0.0
global_step=142488, episodic_return=0.0
global_step=142528, episodic_return=0.0
global_step=142688, episodic_return=0.0
SPS: 3018
global_step=142884, episodic_return=0.0
global_step=142892, episodic_return=0.0
global_step=142908, episodic_return=0.955
global_step=142932, episodic_return=0.0
global_step=143092, episodic_return=0.0
global_step=143144, episodic_return=0.44199999999999995
global_step=143312, episodic_return=0.0
global_step=143336, episodic_return=0.0
SPS: 3019
global_step=143416, episodic_return=0.829
global_step=143496, episodic_return=0.0
global_step=143548, episodic_return=0.0
global_step=143716, episodic_return=0.0
global_step=143820, episodic_return=0.0
SPS: 3021
global_step=143900, episodic_return=0.0
global_step=143932, episodic_return=0.757
global_step=143952, episodic_return=0.0
global_step=143964, episodic_return=0.865
global_step=144120, episodic_return=0.0
global_step=144196, episodic_return=0.838
global_step=144336, episodic_return=0.0
global_step=144356, episodic_return=0.0
global_step=144368, episodic_return=0.0
SPS: 3022
global_step=144576, episodic_return=0.469
global_step=144600, episodic_return=0.0
global_step=144760, episodic_return=0.0
global_step=144772, episodic_return=0.0
SPS: 3024
global_step=144980, episodic_return=0.0
global_step=145004, episodic_return=0.0
global_step=145164, episodic_return=0.0
global_step=145176, episodic_return=0.0
global_step=145192, episodic_return=0.586
global_step=145384, episodic_return=0.0
SPS: 3025
global_step=145568, episodic_return=0.0
global_step=145580, episodic_return=0.0
global_step=145596, episodic_return=0.0
global_step=145788, episodic_return=0.0
SPS: 3027
global_step=145972, episodic_return=0.0
global_step=145984, episodic_return=0.0
global_step=146000, episodic_return=0.0
global_step=146192, episodic_return=0.0
global_step=146376, episodic_return=0.0
global_step=146388, episodic_return=0.0
global_step=146404, episodic_return=0.0
SPS: 3028
global_step=146552, episodic_return=0.613
global_step=146596, episodic_return=0.0
global_step=146792, episodic_return=0.0
global_step=146808, episodic_return=0.0
SPS: 3030
global_step=146956, episodic_return=0.0
global_step=147000, episodic_return=0.0
global_step=147196, episodic_return=0.0
global_step=147212, episodic_return=0.0
global_step=147360, episodic_return=0.0
global_step=147404, episodic_return=0.0
SPS: 3031
global_step=147600, episodic_return=0.0
global_step=147616, episodic_return=0.0
global_step=147764, episodic_return=0.0
global_step=147808, episodic_return=0.0
SPS: 3033
global_step=148004, episodic_return=0.0
global_step=148020, episodic_return=0.0
global_step=148168, episodic_return=0.0
global_step=148212, episodic_return=0.0
global_step=148408, episodic_return=0.0
global_step=148424, episodic_return=0.0
SPS: 3035
global_step=148572, episodic_return=0.0
global_step=148616, episodic_return=0.0
global_step=148812, episodic_return=0.0
global_step=148828, episodic_return=0.0
global_step=148976, episodic_return=0.0
SPS: 3036
global_step=149020, episodic_return=0.0
global_step=149216, episodic_return=0.0
global_step=149232, episodic_return=0.0
global_step=149380, episodic_return=0.0
global_step=149424, episodic_return=0.0
SPS: 3038
global_step=149620, episodic_return=0.0
global_step=149636, episodic_return=0.0
global_step=149784, episodic_return=0.0
global_step=149828, episodic_return=0.0
SPS: 3039
global_step=150024, episodic_return=0.0
global_step=150040, episodic_return=0.0
global_step=150168, episodic_return=0.721
global_step=150188, episodic_return=0.0
global_step=150232, episodic_return=0.0
global_step=150428, episodic_return=0.0
global_step=150520, episodic_return=0.802
SPS: 3041
global_step=150572, episodic_return=0.0
global_step=150592, episodic_return=0.0
global_step=150636, episodic_return=0.0
global_step=150824, episodic_return=0.487
global_step=150924, episodic_return=0.0
global_step=150976, episodic_return=0.0
global_step=151040, episodic_return=0.0
SPS: 3042
global_step=151228, episodic_return=0.0
global_step=151328, episodic_return=0.0
global_step=151380, episodic_return=0.0
global_step=151384, episodic_return=0.883
global_step=151444, episodic_return=0.0
SPS: 3044
global_step=151632, episodic_return=0.0
global_step=151688, episodic_return=0.45999999999999996
global_step=151736, episodic_return=0.901
global_step=151784, episodic_return=0.0
global_step=151788, episodic_return=0.0
global_step=152032, episodic_return=0.45099999999999996
global_step=152036, episodic_return=0.0
SPS: 3045
global_step=152140, episodic_return=0.0
global_step=152192, episodic_return=0.0
global_step=152264, episodic_return=0.847
global_step=152436, episodic_return=0.0
global_step=152440, episodic_return=0.0
global_step=152544, episodic_return=0.0
global_step=152544, episodic_return=0.775
SPS: 3046
global_step=152668, episodic_return=0.0
global_step=152840, episodic_return=0.0
global_step=152948, episodic_return=0.0
global_step=152948, episodic_return=0.0
global_step=153072, episodic_return=0.0
SPS: 3047
global_step=153112, episodic_return=0.919
global_step=153208, episodic_return=0.18099999999999994
global_step=153352, episodic_return=0.0
global_step=153352, episodic_return=0.0
global_step=153516, episodic_return=0.0
global_step=153536, episodic_return=0.2709999999999999
SPS: 3049
global_step=153668, episodic_return=0.29799999999999993
global_step=153756, episodic_return=0.0
global_step=153792, episodic_return=0.73
global_step=153920, episodic_return=0.0
global_step=153940, episodic_return=0.0
SPS: 3050
global_step=154160, episodic_return=0.0
global_step=154196, episodic_return=0.0
global_step=154232, episodic_return=0.30699999999999994
global_step=154248, episodic_return=0.31599999999999995
global_step=154564, episodic_return=0.0
global_step=154600, episodic_return=0.0
SPS: 3052
global_step=154636, episodic_return=0.0
global_step=154652, episodic_return=0.0
global_step=154968, episodic_return=0.0
global_step=155004, episodic_return=0.0
global_step=155040, episodic_return=0.0
global_step=155056, episodic_return=0.0
global_step=155084, episodic_return=0.748
SPS: 3053
global_step=155332, episodic_return=0.3879999999999999
global_step=155348, episodic_return=0.973
global_step=155388, episodic_return=0.919
global_step=155408, episodic_return=0.0
global_step=155444, episodic_return=0.0
global_step=155484, episodic_return=0.919
global_step=155488, episodic_return=0.0
global_step=155620, episodic_return=0.703
SPS: 3054
global_step=155664, episodic_return=0.91
global_step=155792, episodic_return=0.0
global_step=155812, episodic_return=0.0
global_step=155892, episodic_return=0.0
global_step=156068, episodic_return=0.0
SPS: 3056
global_step=156172, episodic_return=0.379
global_step=156192, episodic_return=0.964
global_step=156196, episodic_return=0.0
global_step=156216, episodic_return=0.0
global_step=156472, episodic_return=0.0
global_step=156596, episodic_return=0.0
global_step=156600, episodic_return=0.0
global_step=156620, episodic_return=0.0
SPS: 3054
global_step=156788, episodic_return=0.631
global_step=156876, episodic_return=0.0
global_step=157000, episodic_return=0.0
global_step=157004, episodic_return=0.0
global_step=157152, episodic_return=0.3879999999999999
SPS: 3055
global_step=157192, episodic_return=0.0
global_step=157348, episodic_return=0.22599999999999998
global_step=157408, episodic_return=0.0
global_step=157556, episodic_return=0.0
global_step=157596, episodic_return=0.0
global_step=157696, episodic_return=0.361
SPS: 3057
global_step=157752, episodic_return=0.0
global_step=157804, episodic_return=0.766
global_step=157960, episodic_return=0.0
global_step=158000, episodic_return=0.0
global_step=158156, episodic_return=0.0
global_step=158208, episodic_return=0.0
SPS: 3058
global_step=158240, episodic_return=0.379
global_step=158404, episodic_return=0.0
global_step=158436, episodic_return=0.4959999999999999
global_step=158560, episodic_return=0.0
global_step=158644, episodic_return=0.0
SPS: 3059
global_step=158808, episodic_return=0.0
global_step=158840, episodic_return=0.0
global_step=158964, episodic_return=0.0
global_step=158992, episodic_return=0.946
global_step=159000, episodic_return=0.20799999999999996
global_step=159212, episodic_return=0.0
SPS: 3060
global_step=159244, episodic_return=0.0
global_step=159396, episodic_return=0.0
global_step=159404, episodic_return=0.0
global_step=159616, episodic_return=0.0
global_step=159648, episodic_return=0.0
SPS: 3061
global_step=159800, episodic_return=0.0
global_step=159808, episodic_return=0.0
global_step=160020, episodic_return=0.0
global_step=160052, episodic_return=0.0
global_step=160204, episodic_return=0.0
global_step=160212, episodic_return=0.0
SPS: 3062
global_step=160424, episodic_return=0.0
global_step=160456, episodic_return=0.0
global_step=160608, episodic_return=0.0
global_step=160616, episodic_return=0.0
SPS: 3064
global_step=160776, episodic_return=0.2889999999999999
global_step=160828, episodic_return=0.0
global_step=160960, episodic_return=0.595
global_step=161012, episodic_return=0.0
global_step=161020, episodic_return=0.0
global_step=161080, episodic_return=0.874
global_step=161232, episodic_return=0.0
SPS: 3065
global_step=161364, episodic_return=0.0
global_step=161416, episodic_return=0.0
global_step=161484, episodic_return=0.0
global_step=161504, episodic_return=0.964
global_step=161636, episodic_return=0.0
global_step=161768, episodic_return=0.0
SPS: 3066
global_step=161820, episodic_return=0.0
global_step=161908, episodic_return=0.0
global_step=162040, episodic_return=0.0
global_step=162172, episodic_return=0.0
global_step=162224, episodic_return=0.0
SPS: 3067
global_step=162312, episodic_return=0.0
global_step=162444, episodic_return=0.0
global_step=162576, episodic_return=0.0
global_step=162628, episodic_return=0.0
global_step=162716, episodic_return=0.0
SPS: 3069
global_step=162848, episodic_return=0.0
global_step=162980, episodic_return=0.0
global_step=163032, episodic_return=0.0
global_step=163088, episodic_return=0.883
global_step=163120, episodic_return=0.0
global_step=163252, episodic_return=0.0
SPS: 3070
global_step=163384, episodic_return=0.0
global_step=163492, episodic_return=0.0
global_step=163524, episodic_return=0.0
global_step=163656, episodic_return=0.0
global_step=163788, episodic_return=0.0
SPS: 3071
global_step=163864, episodic_return=0.5409999999999999
global_step=163896, episodic_return=0.0
global_step=163928, episodic_return=0.0
global_step=163952, episodic_return=0.883
global_step=164192, episodic_return=0.0
global_step=164268, episodic_return=0.0
global_step=164332, episodic_return=0.0
SPS: 3072
global_step=164356, episodic_return=0.0
global_step=164468, episodic_return=0.757
global_step=164596, episodic_return=0.0
global_step=164672, episodic_return=0.0
global_step=164736, episodic_return=0.0
SPS: 3074
global_step=164872, episodic_return=0.0
global_step=165000, episodic_return=0.0
global_step=165076, episodic_return=0.0
global_step=165140, episodic_return=0.0
global_step=165276, episodic_return=0.0
SPS: 3075
global_step=165396, episodic_return=0.739
global_step=165404, episodic_return=0.0
global_step=165480, episodic_return=0.0
global_step=165544, episodic_return=0.0
global_step=165568, episodic_return=0.8109999999999999
global_step=165800, episodic_return=0.0
global_step=165808, episodic_return=0.0
SPS: 3076
global_step=165948, episodic_return=0.0
global_step=165972, episodic_return=0.0
global_step=166204, episodic_return=0.0
global_step=166212, episodic_return=0.0
global_step=166352, episodic_return=0.0
global_step=166368, episodic_return=0.6399999999999999
global_step=166376, episodic_return=0.0
SPS: 3077
global_step=166492, episodic_return=0.379
global_step=166508, episodic_return=0.694
global_step=166756, episodic_return=0.0
global_step=166780, episodic_return=0.0
global_step=166896, episodic_return=0.0
global_step=166904, episodic_return=0.6759999999999999
global_step=166912, episodic_return=0.0
SPS: 3078
global_step=167184, episodic_return=0.0
global_step=167300, episodic_return=0.0
global_step=167308, episodic_return=0.0
global_step=167316, episodic_return=0.0
global_step=167320, episodic_return=0.964
SPS: 3080
global_step=167588, episodic_return=0.0
global_step=167712, episodic_return=0.0
global_step=167720, episodic_return=0.0
global_step=167724, episodic_return=0.0
SPS: 3081
global_step=167992, episodic_return=0.0
global_step=168116, episodic_return=0.0
global_step=168124, episodic_return=0.0
global_step=168128, episodic_return=0.0
global_step=168396, episodic_return=0.0
SPS: 3082
global_step=168520, episodic_return=0.0
global_step=168528, episodic_return=0.0
global_step=168532, episodic_return=0.0
global_step=168800, episodic_return=0.0
global_step=168924, episodic_return=0.0
global_step=168932, episodic_return=0.0
global_step=168936, episodic_return=0.0
SPS: 3084
global_step=169044, episodic_return=0.757
global_step=169204, episodic_return=0.0
global_step=169288, episodic_return=0.45999999999999996
global_step=169328, episodic_return=0.0
global_step=169340, episodic_return=0.0
global_step=169448, episodic_return=0.766
SPS: 3085
global_step=169608, episodic_return=0.0
global_step=169692, episodic_return=0.0
global_step=169732, episodic_return=0.0
global_step=169852, episodic_return=0.0
SPS: 3086
global_step=170012, episodic_return=0.0
global_step=170016, episodic_return=0.2799999999999999
global_step=170136, episodic_return=0.0
global_step=170256, episodic_return=0.0
global_step=170416, episodic_return=0.0
global_step=170420, episodic_return=0.0
SPS: 3087
global_step=170540, episodic_return=0.0
global_step=170596, episodic_return=0.883
global_step=170604, episodic_return=0.595
global_step=170660, episodic_return=0.0
global_step=170692, episodic_return=0.8109999999999999
global_step=170820, episodic_return=0.0
global_step=170920, episodic_return=0.4959999999999999
global_step=171000, episodic_return=0.0
SPS: 3088
global_step=171064, episodic_return=0.0
global_step=171224, episodic_return=0.0
global_step=171324, episodic_return=0.0
global_step=171404, episodic_return=0.0
global_step=171468, episodic_return=0.0
SPS: 3089
global_step=171628, episodic_return=0.0
global_step=171628, episodic_return=0.649
global_step=171712, episodic_return=0.82
global_step=171728, episodic_return=0.0
global_step=171808, episodic_return=0.0
global_step=172032, episodic_return=0.0
SPS: 3090
global_step=172116, episodic_return=0.0
global_step=172132, episodic_return=0.0
global_step=172212, episodic_return=0.0
global_step=172336, episodic_return=0.514
global_step=172356, episodic_return=0.685
global_step=172436, episodic_return=0.0
global_step=172536, episodic_return=0.0
SPS: 3091
global_step=172740, episodic_return=0.0
global_step=172760, episodic_return=0.0
global_step=172840, episodic_return=0.0
global_step=172940, episodic_return=0.0
global_step=173044, episodic_return=0.775
SPS: 3092
global_step=173144, episodic_return=0.0
global_step=173164, episodic_return=0.0
global_step=173244, episodic_return=0.0
global_step=173448, episodic_return=0.0
global_step=173548, episodic_return=0.0
global_step=173568, episodic_return=0.0
SPS: 3093
global_step=173584, episodic_return=0.973
global_step=173648, episodic_return=0.0
global_step=173852, episodic_return=0.0
global_step=173952, episodic_return=0.0
global_step=173988, episodic_return=0.0
global_step=174052, episodic_return=0.0
SPS: 3092
global_step=174136, episodic_return=0.82
global_step=174256, episodic_return=0.0
global_step=174356, episodic_return=0.0
global_step=174392, episodic_return=0.0
global_step=174540, episodic_return=0.0
global_step=174556, episodic_return=0.5589999999999999
global_step=174572, episodic_return=0.9369999999999999
SPS: 3093
global_step=174660, episodic_return=0.0
global_step=174684, episodic_return=0.757
global_step=174796, episodic_return=0.0
global_step=174960, episodic_return=0.0
global_step=175064, episodic_return=0.0
global_step=175088, episodic_return=0.0
SPS: 3094
global_step=175200, episodic_return=0.0
global_step=175364, episodic_return=0.0
global_step=175404, episodic_return=0.919
global_step=175416, episodic_return=0.2709999999999999
global_step=175468, episodic_return=0.0
global_step=175544, episodic_return=0.838
global_step=175604, episodic_return=0.0
SPS: 3095
global_step=175644, episodic_return=0.784
global_step=175808, episodic_return=0.0
global_step=175820, episodic_return=0.0
global_step=176008, episodic_return=0.0
global_step=176048, episodic_return=0.0
SPS: 3096
global_step=176212, episodic_return=0.0
global_step=176224, episodic_return=0.0
global_step=176412, episodic_return=0.0
global_step=176452, episodic_return=0.0
global_step=176616, episodic_return=0.0
global_step=176628, episodic_return=0.0
SPS: 3097
global_step=176816, episodic_return=0.0
global_step=176856, episodic_return=0.0
global_step=177020, episodic_return=0.0
global_step=177032, episodic_return=0.0
global_step=177080, episodic_return=0.901
SPS: 3098
global_step=177200, episodic_return=0.739
global_step=177220, episodic_return=0.0
global_step=177260, episodic_return=0.0
global_step=177424, episodic_return=0.0
global_step=177604, episodic_return=0.0
global_step=177624, episodic_return=0.0
global_step=177648, episodic_return=0.91
global_step=177664, episodic_return=0.0
SPS: 3099
global_step=177828, episodic_return=0.0
global_step=178028, episodic_return=0.0
global_step=178052, episodic_return=0.0
global_step=178068, episodic_return=0.0
global_step=178072, episodic_return=0.91
SPS: 3100
global_step=178232, episodic_return=0.0
global_step=178456, episodic_return=0.0
global_step=178472, episodic_return=0.0
global_step=178476, episodic_return=0.0
global_step=178604, episodic_return=0.712
global_step=178636, episodic_return=0.0
SPS: 3101
global_step=178780, episodic_return=0.613
global_step=178860, episodic_return=0.0
global_step=178880, episodic_return=0.0
global_step=179040, episodic_return=0.0
global_step=179184, episodic_return=0.0
SPS: 3102
global_step=179264, episodic_return=0.0
global_step=179284, episodic_return=0.0
global_step=179444, episodic_return=0.0
global_step=179588, episodic_return=0.0
global_step=179668, episodic_return=0.09999999999999998
global_step=179688, episodic_return=0.0
SPS: 3103
global_step=179792, episodic_return=0.73
global_step=179848, episodic_return=0.0
global_step=179992, episodic_return=0.0
global_step=180092, episodic_return=0.0
global_step=180196, episodic_return=0.0
SPS: 3104
global_step=180252, episodic_return=0.0
global_step=180396, episodic_return=0.0
global_step=180496, episodic_return=0.0
global_step=180600, episodic_return=0.0
global_step=180656, episodic_return=0.0
SPS: 3105
global_step=180800, episodic_return=0.0
global_step=180900, episodic_return=0.0
global_step=180908, episodic_return=0.766
global_step=181004, episodic_return=0.0
global_step=181060, episodic_return=0.0
global_step=181140, episodic_return=0.703
SPS: 3106
global_step=181304, episodic_return=0.0
global_step=181312, episodic_return=0.0
global_step=181456, episodic_return=0.685
global_step=181464, episodic_return=0.0
global_step=181544, episodic_return=0.0
global_step=181640, episodic_return=0.595
global_step=181708, episodic_return=0.0
SPS: 3107
global_step=181868, episodic_return=0.0
global_step=181948, episodic_return=0.0
global_step=181996, episodic_return=0.361
global_step=182044, episodic_return=0.0
global_step=182272, episodic_return=0.0
SPS: 3108
global_step=182352, episodic_return=0.0
global_step=182400, episodic_return=0.0
global_step=182448, episodic_return=0.0
global_step=182568, episodic_return=0.739
global_step=182676, episodic_return=0.0
global_step=182756, episodic_return=0.0
SPS: 3109
global_step=182804, episodic_return=0.0
global_step=182972, episodic_return=0.0
global_step=183080, episodic_return=0.0
global_step=183160, episodic_return=0.0
global_step=183208, episodic_return=0.0
global_step=183284, episodic_return=0.30699999999999994
SPS: 3110
global_step=183484, episodic_return=0.0
global_step=183564, episodic_return=0.0
global_step=183608, episodic_return=0.91
global_step=183612, episodic_return=0.0
global_step=183628, episodic_return=0.964
global_step=183688, episodic_return=0.0
SPS: 3111
global_step=183888, episodic_return=0.0
global_step=183928, episodic_return=0.33399999999999996
global_step=184016, episodic_return=0.0
global_step=184092, episodic_return=0.0
global_step=184248, episodic_return=0.487
global_step=184292, episodic_return=0.0
SPS: 3111
global_step=184332, episodic_return=0.919
global_step=184332, episodic_return=0.0
global_step=184496, episodic_return=0.0
global_step=184652, episodic_return=0.0
global_step=184736, episodic_return=0.0
global_step=184736, episodic_return=0.0
SPS: 3113
global_step=184900, episodic_return=0.0
global_step=185056, episodic_return=0.0
global_step=185140, episodic_return=0.0
global_step=185140, episodic_return=0.0
global_step=185148, episodic_return=0.45099999999999996
SPS: 3114
global_step=185460, episodic_return=0.0
global_step=185544, episodic_return=0.0
global_step=185544, episodic_return=0.0
global_step=185552, episodic_return=0.0
global_step=185560, episodic_return=0.784
SPS: 3115
global_step=185948, episodic_return=0.0
global_step=185948, episodic_return=0.0
global_step=185956, episodic_return=0.0
global_step=185964, episodic_return=0.0
global_step=185984, episodic_return=0.9279999999999999
global_step=186352, episodic_return=0.0
global_step=186360, episodic_return=0.0
global_step=186368, episodic_return=0.0
SPS: 3116
global_step=186388, episodic_return=0.0
global_step=186756, episodic_return=0.0
global_step=186764, episodic_return=0.0
global_step=186772, episodic_return=0.0
global_step=186792, episodic_return=0.0
SPS: 3117
global_step=186900, episodic_return=0.685
global_step=187168, episodic_return=0.0
global_step=187176, episodic_return=0.0
global_step=187196, episodic_return=0.0
global_step=187304, episodic_return=0.0
SPS: 3118
global_step=187420, episodic_return=0.45999999999999996
global_step=187572, episodic_return=0.0
global_step=187600, episodic_return=0.0
global_step=187628, episodic_return=0.883
global_step=187664, episodic_return=0.865
global_step=187708, episodic_return=0.0
global_step=187824, episodic_return=0.0
global_step=187884, episodic_return=0.43299999999999994
SPS: 3119
global_step=188068, episodic_return=0.0
global_step=188112, episodic_return=0.0
global_step=188228, episodic_return=0.0
global_step=188288, episodic_return=0.0
SPS: 3120
global_step=188472, episodic_return=0.0
global_step=188516, episodic_return=0.0
global_step=188632, episodic_return=0.0
global_step=188692, episodic_return=0.0
global_step=188876, episodic_return=0.0
global_step=188920, episodic_return=0.0
SPS: 3121
global_step=188948, episodic_return=0.847
global_step=189036, episodic_return=0.0
global_step=189096, episodic_return=0.0
global_step=189324, episodic_return=0.0
global_step=189352, episodic_return=0.0
global_step=189400, episodic_return=0.32499999999999996
global_step=189440, episodic_return=0.0
SPS: 3121
global_step=189728, episodic_return=0.0
global_step=189756, episodic_return=0.0
global_step=189804, episodic_return=0.0
global_step=189844, episodic_return=0.0
global_step=189872, episodic_return=0.946
SPS: 3122
global_step=190132, episodic_return=0.0
global_step=190160, episodic_return=0.0
global_step=190208, episodic_return=0.0
global_step=190276, episodic_return=0.0
SPS: 3123
global_step=190536, episodic_return=0.0
global_step=190564, episodic_return=0.0
global_step=190612, episodic_return=0.0
global_step=190680, episodic_return=0.09999999999999998
global_step=190940, episodic_return=0.0
global_step=190968, episodic_return=0.0
SPS: 3124
global_step=191016, episodic_return=0.0
global_step=191024, episodic_return=0.235
global_step=191184, episodic_return=0.649
global_step=191344, episodic_return=0.0
global_step=191372, episodic_return=0.0
global_step=191420, episodic_return=0.0
SPS: 3125
global_step=191588, episodic_return=0.0
global_step=191748, episodic_return=0.0
global_step=191776, episodic_return=0.0
global_step=191824, episodic_return=0.0
global_step=191992, episodic_return=0.0
SPS: 3124
global_step=192120, episodic_return=0.721
global_step=192152, episodic_return=0.0
global_step=192180, episodic_return=0.0
global_step=192228, episodic_return=0.0
SPS: 3125
global_step=192524, episodic_return=0.0
global_step=192556, episodic_return=0.0
global_step=192584, episodic_return=0.0
global_step=192632, episodic_return=0.0
global_step=192756, episodic_return=0.622
global_step=192928, episodic_return=0.0
global_step=192960, episodic_return=0.0
SPS: 3126
global_step=193036, episodic_return=0.0
global_step=193128, episodic_return=0.631
global_step=193160, episodic_return=0.0
global_step=193332, episodic_return=0.0
global_step=193440, episodic_return=0.0
global_step=193532, episodic_return=0.0
SPS: 3127
global_step=193564, episodic_return=0.0
global_step=193736, episodic_return=0.0
global_step=193844, episodic_return=0.0
global_step=193936, episodic_return=0.0
global_step=193968, episodic_return=0.0
SPS: 3128
global_step=194140, episodic_return=0.0
global_step=194248, episodic_return=0.0
global_step=194252, episodic_return=0.29799999999999993
global_step=194372, episodic_return=0.0
global_step=194544, episodic_return=0.0
SPS: 3129
global_step=194652, episodic_return=0.0
global_step=194656, episodic_return=0.0
global_step=194740, episodic_return=0.82
global_step=194776, episodic_return=0.0
global_step=194948, episodic_return=0.0
global_step=195056, episodic_return=0.0
SPS: 3130
global_step=195092, episodic_return=0.9279999999999999
global_step=195144, episodic_return=0.0
global_step=195180, episodic_return=0.0
global_step=195352, episodic_return=0.0
global_step=195496, episodic_return=0.0
global_step=195548, episodic_return=0.0
global_step=195584, episodic_return=0.0
SPS: 3131
global_step=195756, episodic_return=0.0
global_step=195900, episodic_return=0.0
global_step=195952, episodic_return=0.0
global_step=195988, episodic_return=0.0
SPS: 3132
global_step=196160, episodic_return=0.0
global_step=196304, episodic_return=0.0
global_step=196356, episodic_return=0.0
global_step=196392, episodic_return=0.0
global_step=196420, episodic_return=0.42399999999999993
SPS: 3133
global_step=196708, episodic_return=0.0
global_step=196760, episodic_return=0.0
global_step=196796, episodic_return=0.0
global_step=196824, episodic_return=0.0
global_step=196936, episodic_return=0.613
global_step=197112, episodic_return=0.0
SPS: 3134
global_step=197200, episodic_return=0.0
global_step=197228, episodic_return=0.0
global_step=197340, episodic_return=0.0
global_step=197516, episodic_return=0.0
global_step=197604, episodic_return=0.0
global_step=197632, episodic_return=0.0
SPS: 3135
global_step=197744, episodic_return=0.0
global_step=197840, episodic_return=0.478
global_step=197908, episodic_return=0.6399999999999999
global_step=197920, episodic_return=0.0
global_step=198036, episodic_return=0.0
global_step=198052, episodic_return=0.685
SPS: 3136
global_step=198244, episodic_return=0.0
global_step=198324, episodic_return=0.0
global_step=198440, episodic_return=0.0
global_step=198456, episodic_return=0.0
global_step=198648, episodic_return=0.0
SPS: 3137
global_step=198728, episodic_return=0.0
global_step=198844, episodic_return=0.0
global_step=198860, episodic_return=0.0
global_step=199052, episodic_return=0.0
global_step=199132, episodic_return=0.0
SPS: 3137
global_step=199204, episodic_return=0.19899999999999995
global_step=199264, episodic_return=0.0
global_step=199384, episodic_return=0.739
global_step=199456, episodic_return=0.0
global_step=199536, episodic_return=0.0
global_step=199608, episodic_return=0.0
SPS: 3138
global_step=199788, episodic_return=0.0
global_step=199860, episodic_return=0.0
global_step=199940, episodic_return=0.0
global_step=200012, episodic_return=0.847
global_step=200012, episodic_return=0.0
global_step=200172, episodic_return=0.649
global_step=200180, episodic_return=0.991
global_step=200192, episodic_return=0.0
SPS: 3139
global_step=200264, episodic_return=0.82
global_step=200264, episodic_return=0.0
global_step=200352, episodic_return=0.8109999999999999
global_step=200416, episodic_return=0.0
global_step=200576, episodic_return=0.5049999999999999
global_step=200596, episodic_return=0.0
global_step=200668, episodic_return=0.0
SPS: 3140
global_step=200820, episodic_return=0.0
global_step=200840, episodic_return=0.622
global_step=200980, episodic_return=0.0
global_step=200992, episodic_return=0.118
global_step=201008, episodic_return=0.973
SPS: 3140
global_step=201224, episodic_return=0.0
global_step=201244, episodic_return=0.0
global_step=201244, episodic_return=0.964
global_step=201300, episodic_return=0.2889999999999999
global_step=201412, episodic_return=0.0
global_step=201600, episodic_return=0.33399999999999996
global_step=201648, episodic_return=0.0
global_step=201648, episodic_return=0.0
SPS: 3141
global_step=201816, episodic_return=0.0
global_step=201836, episodic_return=0.586
global_step=202004, episodic_return=0.0
global_step=202052, episodic_return=0.0
global_step=202192, episodic_return=0.694
global_step=202220, episodic_return=0.0
global_step=202240, episodic_return=0.0
SPS: 3142
global_step=202316, episodic_return=0.73
global_step=202408, episodic_return=0.0
global_step=202624, episodic_return=0.0
global_step=202644, episodic_return=0.0
global_step=202720, episodic_return=0.0
SPS: 3143
global_step=202812, episodic_return=0.0
global_step=202920, episodic_return=0.5589999999999999
global_step=203028, episodic_return=0.0
global_step=203048, episodic_return=0.0
global_step=203048, episodic_return=0.964
global_step=203088, episodic_return=0.919
global_step=203216, episodic_return=0.0
SPS: 3143
global_step=203324, episodic_return=0.0
global_step=203452, episodic_return=0.0
global_step=203460, episodic_return=0.703
global_step=203492, episodic_return=0.0
global_step=203620, episodic_return=0.0
global_step=203720, episodic_return=0.784
SPS: 3144
global_step=203856, episodic_return=0.0
global_step=203864, episodic_return=0.0
global_step=203896, episodic_return=0.0
global_step=203900, episodic_return=0.9279999999999999
global_step=204124, episodic_return=0.0
global_step=204260, episodic_return=0.0
SPS: 3145
global_step=204300, episodic_return=0.0
global_step=204304, episodic_return=0.0
global_step=204528, episodic_return=0.0
global_step=204664, episodic_return=0.0
global_step=204704, episodic_return=0.0
global_step=204708, episodic_return=0.0
global_step=204796, episodic_return=0.802
SPS: 3146
global_step=204908, episodic_return=0.757
global_step=204932, episodic_return=0.0
global_step=205068, episodic_return=0.0
global_step=205112, episodic_return=0.0
global_step=205160, episodic_return=0.802
global_step=205208, episodic_return=0.901
global_step=205312, episodic_return=0.0
SPS: 3147
global_step=205336, episodic_return=0.0
global_step=205432, episodic_return=0.739
global_step=205516, episodic_return=0.0
global_step=205592, episodic_return=0.649
global_step=205612, episodic_return=0.0
global_step=205640, episodic_return=0.946
global_step=205724, episodic_return=0.82
global_step=205740, episodic_return=0.0
SPS: 3147
global_step=205920, episodic_return=0.0
global_step=205948, episodic_return=0.946
global_step=205996, episodic_return=0.0
global_step=206128, episodic_return=0.0
global_step=206144, episodic_return=0.0
global_step=206156, episodic_return=0.946
SPS: 3148
global_step=206352, episodic_return=0.0
global_step=206376, episodic_return=0.955
global_step=206388, episodic_return=0.982
global_step=206400, episodic_return=0.0
global_step=206420, episodic_return=0.9369999999999999
global_step=206456, episodic_return=0.9279999999999999
global_step=206548, episodic_return=0.0
global_step=206560, episodic_return=0.0
global_step=206740, episodic_return=0.37
global_step=206804, episodic_return=0.0
SPS: 3149
global_step=206952, episodic_return=0.0
global_step=206964, episodic_return=0.0
global_step=207144, episodic_return=0.0
global_step=207208, episodic_return=0.0
global_step=207356, episodic_return=0.0
SPS: 3150
global_step=207368, episodic_return=0.0
global_step=207372, episodic_return=0.973
global_step=207548, episodic_return=0.0
global_step=207612, episodic_return=0.0
global_step=207772, episodic_return=0.0
global_step=207776, episodic_return=0.0
global_step=207840, episodic_return=0.856
SPS: 3150
global_step=207952, episodic_return=0.0
global_step=207960, episodic_return=0.991
global_step=208016, episodic_return=0.0
global_step=208180, episodic_return=0.0
global_step=208244, episodic_return=0.0
global_step=208364, episodic_return=0.0
SPS: 3151
global_step=208420, episodic_return=0.0
global_step=208584, episodic_return=0.0
global_step=208648, episodic_return=0.0
global_step=208768, episodic_return=0.0
global_step=208824, episodic_return=0.0
SPS: 3152
global_step=208988, episodic_return=0.0
global_step=209052, episodic_return=0.0
global_step=209172, episodic_return=0.0
global_step=209228, episodic_return=0.0
global_step=209392, episodic_return=0.0
SPS: 3151
global_step=209456, episodic_return=0.0
global_step=209576, episodic_return=0.0
global_step=209632, episodic_return=0.0
global_step=209796, episodic_return=0.0
global_step=209804, episodic_return=0.22599999999999998
SPS: 3152
global_step=209980, episodic_return=0.0
global_step=210036, episodic_return=0.0
global_step=210180, episodic_return=0.5589999999999999
global_step=210200, episodic_return=0.0
global_step=210208, episodic_return=0.0
global_step=210280, episodic_return=0.45999999999999996
global_step=210352, episodic_return=0.667
SPS: 3153
global_step=210584, episodic_return=0.0
global_step=210612, episodic_return=0.0
global_step=210684, episodic_return=0.0
global_step=210712, episodic_return=0.946
global_step=210756, episodic_return=0.0
SPS: 3154
global_step=210988, episodic_return=0.0
global_step=211016, episodic_return=0.0
global_step=211116, episodic_return=0.0
global_step=211160, episodic_return=0.0
global_step=211332, episodic_return=0.622
global_step=211352, episodic_return=0.478
global_step=211392, episodic_return=0.0
global_step=211420, episodic_return=0.0
SPS: 3154
global_step=211484, episodic_return=0.802
global_step=211736, episodic_return=0.0
global_step=211756, episodic_return=0.0
global_step=211756, episodic_return=0.964
global_step=211824, episodic_return=0.0
global_step=211888, episodic_return=0.0
SPS: 3155
global_step=212096, episodic_return=0.3969999999999999
global_step=212160, episodic_return=0.0
global_step=212160, episodic_return=0.0
global_step=212292, episodic_return=0.0
global_step=212336, episodic_return=0.91
SPS: 3156
global_step=212500, episodic_return=0.0
global_step=212564, episodic_return=0.0
global_step=212564, episodic_return=0.0
global_step=212624, episodic_return=0.874
global_step=212660, episodic_return=0.7929999999999999
global_step=212740, episodic_return=0.0
global_step=212904, episodic_return=0.0
SPS: 3157
global_step=213028, episodic_return=0.0
global_step=213064, episodic_return=0.0
global_step=213144, episodic_return=0.0
global_step=213308, episodic_return=0.0
global_step=213432, episodic_return=0.0
global_step=213468, episodic_return=0.0
SPS: 3157
global_step=213548, episodic_return=0.0
global_step=213556, episodic_return=0.8109999999999999
global_step=213712, episodic_return=0.0
global_step=213836, episodic_return=0.0
global_step=213868, episodic_return=0.2889999999999999
global_step=213936, episodic_return=0.5049999999999999
global_step=213960, episodic_return=0.0
global_step=214016, episodic_return=0.883
SPS: 3158
global_step=214240, episodic_return=0.0
global_step=214272, episodic_return=0.0
global_step=214340, episodic_return=0.0
global_step=214396, episodic_return=0.73
global_step=214420, episodic_return=0.0
global_step=214472, episodic_return=0.712
SPS: 3159
global_step=214644, episodic_return=0.0
global_step=214732, episodic_return=0.8109999999999999
global_step=214800, episodic_return=0.0
global_step=214824, episodic_return=0.0
global_step=214876, episodic_return=0.0
global_step=214924, episodic_return=0.73
global_step=214980, episodic_return=0.6579999999999999
SPS: 3159
global_step=215136, episodic_return=0.0
global_step=215176, episodic_return=0.44199999999999995
global_step=215252, episodic_return=0.16299999999999992
global_step=215312, episodic_return=0.874
global_step=215384, episodic_return=0.0
global_step=215388, episodic_return=0.838
global_step=215436, episodic_return=0.892
global_step=215540, episodic_return=0.0
SPS: 3160
global_step=215580, episodic_return=0.0
global_step=215660, episodic_return=0.5049999999999999
global_step=215792, episodic_return=0.0
global_step=215944, episodic_return=0.0
global_step=215984, episodic_return=0.0
global_step=216064, episodic_return=0.0
SPS: 3161
global_step=216180, episodic_return=0.136
global_step=216324, episodic_return=0.244
global_step=216348, episodic_return=0.0
global_step=216468, episodic_return=0.0
SPS: 3162
global_step=216584, episodic_return=0.0
global_step=216624, episodic_return=0.6579999999999999
global_step=216728, episodic_return=0.0
global_step=216752, episodic_return=0.0
global_step=216988, episodic_return=0.0
global_step=217028, episodic_return=0.0
SPS: 3162
global_step=217132, episodic_return=0.0
global_step=217156, episodic_return=0.0
global_step=217172, episodic_return=0.595
global_step=217432, episodic_return=0.0
global_step=217536, episodic_return=0.0
global_step=217560, episodic_return=0.0
global_step=217576, episodic_return=0.0
SPS: 3163
global_step=217668, episodic_return=0.766
global_step=217836, episodic_return=0.0
global_step=217940, episodic_return=0.0
global_step=217980, episodic_return=0.0
global_step=218072, episodic_return=0.0
SPS: 3164
global_step=218196, episodic_return=0.19899999999999995
global_step=218312, episodic_return=0.262
global_step=218344, episodic_return=0.0
global_step=218476, episodic_return=0.0
global_step=218484, episodic_return=0.694
global_step=218600, episodic_return=0.0
SPS: 3164
global_step=218716, episodic_return=0.0
global_step=218880, episodic_return=0.0
global_step=218888, episodic_return=0.0
global_step=219004, episodic_return=0.0
global_step=219044, episodic_return=0.919
global_step=219120, episodic_return=0.0
SPS: 3165
global_step=219184, episodic_return=0.865
global_step=219192, episodic_return=0.6759999999999999
global_step=219284, episodic_return=0.0
global_step=219292, episodic_return=0.0
global_step=219404, episodic_return=0.757
global_step=219448, episodic_return=0.91
global_step=219536, episodic_return=0.21699999999999997
global_step=219596, episodic_return=0.0
global_step=219612, episodic_return=0.973
SPS: 3166
global_step=219688, episodic_return=0.0
global_step=219852, episodic_return=0.0
global_step=219940, episodic_return=0.0
global_step=220016, episodic_return=0.0
global_step=220072, episodic_return=0.883
global_step=220092, episodic_return=0.0
SPS: 3166
global_step=220256, episodic_return=0.0
global_step=220344, episodic_return=0.0
global_step=220476, episodic_return=0.0
global_step=220496, episodic_return=0.0
global_step=220548, episodic_return=0.892
global_step=220572, episodic_return=0.7929999999999999
global_step=220660, episodic_return=0.0
SPS: 3167
global_step=220748, episodic_return=0.0
global_step=220952, episodic_return=0.0
global_step=220976, episodic_return=0.0
global_step=221064, episodic_return=0.0
global_step=221100, episodic_return=0.73
global_step=221152, episodic_return=0.0
SPS: 3167
global_step=221240, episodic_return=0.613
global_step=221356, episodic_return=0.0
global_step=221504, episodic_return=0.0
global_step=221528, episodic_return=0.955
global_step=221552, episodic_return=0.30699999999999994
global_step=221556, episodic_return=0.0
SPS: 3168
global_step=221760, episodic_return=0.0
global_step=221932, episodic_return=0.0
global_step=221956, episodic_return=0.0
global_step=221960, episodic_return=0.0
global_step=222164, episodic_return=0.0
SPS: 3169
global_step=222336, episodic_return=0.0
global_step=222360, episodic_return=0.0
global_step=222364, episodic_return=0.0
global_step=222568, episodic_return=0.0
SPS: 3170
global_step=222740, episodic_return=0.0
global_step=222764, episodic_return=0.0
global_step=222768, episodic_return=0.0
global_step=222972, episodic_return=0.0
global_step=223144, episodic_return=0.0
global_step=223168, episodic_return=0.0
global_step=223172, episodic_return=0.0
SPS: 3171
global_step=223328, episodic_return=0.595
global_step=223376, episodic_return=0.0
global_step=223408, episodic_return=0.9369999999999999
global_step=223572, episodic_return=0.0
global_step=223576, episodic_return=0.0
global_step=223732, episodic_return=0.0
SPS: 3172
global_step=223812, episodic_return=0.0
global_step=223924, episodic_return=0.757
global_step=223976, episodic_return=0.0
global_step=223980, episodic_return=0.0
global_step=224068, episodic_return=0.802
global_step=224136, episodic_return=0.0
SPS: 3172
global_step=224288, episodic_return=0.667
global_step=224304, episodic_return=0.973
global_step=224328, episodic_return=0.0
global_step=224360, episodic_return=0.9369999999999999
global_step=224384, episodic_return=0.0
global_step=224472, episodic_return=0.0
global_step=224504, episodic_return=0.9369999999999999
global_step=224708, episodic_return=0.0
global_step=224764, episodic_return=0.0
SPS: 3173
global_step=224788, episodic_return=0.0
global_step=224908, episodic_return=0.0
global_step=224976, episodic_return=0.4059999999999999
global_step=224992, episodic_return=0.55
global_step=225168, episodic_return=0.0
SPS: 3173
global_step=225312, episodic_return=0.0
global_step=225380, episodic_return=0.0
global_step=225396, episodic_return=0.0
global_step=225572, episodic_return=0.0
global_step=225656, episodic_return=0.42399999999999993
global_step=225672, episodic_return=0.973
global_step=225708, episodic_return=0.9279999999999999
global_step=225708, episodic_return=0.2709999999999999
global_step=225716, episodic_return=0.0
global_step=225752, episodic_return=0.604
SPS: 3173
global_step=225932, episodic_return=0.5049999999999999
global_step=226112, episodic_return=0.0
global_step=226120, episodic_return=0.0
global_step=226140, episodic_return=0.946
global_step=226156, episodic_return=0.0
global_step=226260, episodic_return=0.739
global_step=226296, episodic_return=0.694
SPS: 3174
global_step=226336, episodic_return=0.0
global_step=226360, episodic_return=0.784
global_step=226524, episodic_return=0.0
global_step=226700, episodic_return=0.0
global_step=226740, episodic_return=0.0
global_step=226764, episodic_return=0.0
SPS: 3174
global_step=226928, episodic_return=0.0
global_step=226952, episodic_return=0.44199999999999995
global_step=227144, episodic_return=0.0
global_step=227144, episodic_return=0.5229999999999999
global_step=227168, episodic_return=0.0
SPS: 3175
global_step=227356, episodic_return=0.0
global_step=227548, episodic_return=0.0
global_step=227548, episodic_return=0.0
global_step=227556, episodic_return=0.5589999999999999
global_step=227572, episodic_return=0.0
global_step=227584, episodic_return=0.9279999999999999
global_step=227728, episodic_return=0.685
SPS: 3175
global_step=227952, episodic_return=0.0
global_step=227960, episodic_return=0.0
global_step=227976, episodic_return=0.0
global_step=228132, episodic_return=0.0
SPS: 3176
global_step=228356, episodic_return=0.0
global_step=228364, episodic_return=0.0
global_step=228380, episodic_return=0.0
global_step=228480, episodic_return=0.22599999999999998
global_step=228672, episodic_return=0.577
global_step=228684, episodic_return=0.32499999999999996
global_step=228760, episodic_return=0.0
global_step=228764, episodic_return=0.802
global_step=228768, episodic_return=0.0
global_step=228788, episodic_return=0.955
SPS: 3177
global_step=229088, episodic_return=0.0
global_step=229164, episodic_return=0.0
global_step=229172, episodic_return=0.0
global_step=229192, episodic_return=0.0
SPS: 3178
global_step=229492, episodic_return=0.0
global_step=229568, episodic_return=0.0
global_step=229576, episodic_return=0.0
global_step=229596, episodic_return=0.0
global_step=229608, episodic_return=0.748
global_step=229800, episodic_return=0.577
SPS: 3178
global_step=229972, episodic_return=0.0
global_step=229980, episodic_return=0.0
global_step=230000, episodic_return=0.0
global_step=230204, episodic_return=0.0
global_step=230368, episodic_return=0.6399999999999999
global_step=230376, episodic_return=0.0
global_step=230384, episodic_return=0.0
SPS: 3179
global_step=230404, episodic_return=0.0
global_step=230428, episodic_return=0.955
global_step=230696, episodic_return=0.2889999999999999
global_step=230772, episodic_return=0.0
global_step=230788, episodic_return=0.0
global_step=230832, episodic_return=0.0
global_step=230908, episodic_return=0.703
SPS: 3180
global_step=231100, episodic_return=0.0
global_step=231180, episodic_return=0.22599999999999998
global_step=231192, episodic_return=0.0
global_step=231228, episodic_return=0.9279999999999999
global_step=231312, episodic_return=0.0
global_step=231392, episodic_return=0.532
SPS: 3180
global_step=231504, episodic_return=0.0
global_step=231612, episodic_return=0.514
global_step=231632, episodic_return=0.0
global_step=231716, episodic_return=0.0
global_step=231764, episodic_return=0.42399999999999993
SPS: 3181
global_step=232016, episodic_return=0.0
global_step=232032, episodic_return=0.29799999999999993
global_step=232036, episodic_return=0.0
global_step=232044, episodic_return=0.946
global_step=232052, episodic_return=0.991
global_step=232084, episodic_return=0.901
global_step=232168, episodic_return=0.0
global_step=232404, episodic_return=0.17199999999999993
SPS: 3182
global_step=232456, episodic_return=0.0
global_step=232488, episodic_return=0.0
global_step=232572, episodic_return=0.0
global_step=232732, episodic_return=0.45999999999999996
global_step=232808, episodic_return=0.0
global_step=232860, episodic_return=0.0
SPS: 3183
global_step=232976, episodic_return=0.0
global_step=233136, episodic_return=0.0
global_step=233212, episodic_return=0.0
global_step=233264, episodic_return=0.0
global_step=233380, episodic_return=0.0
SPS: 3183
global_step=233540, episodic_return=0.0
global_step=233616, episodic_return=0.0
global_step=233668, episodic_return=0.0
global_step=233784, episodic_return=0.0
global_step=233944, episodic_return=0.0
SPS: 3184
global_step=234020, episodic_return=0.0
global_step=234072, episodic_return=0.0
global_step=234092, episodic_return=0.6759999999999999
global_step=234188, episodic_return=0.0
global_step=234424, episodic_return=0.0
global_step=234476, episodic_return=0.0
global_step=234496, episodic_return=0.0
SPS: 3185
global_step=234592, episodic_return=0.0
global_step=234760, episodic_return=0.37
global_step=234784, episodic_return=0.955
global_step=234828, episodic_return=0.0
global_step=234852, episodic_return=0.955
global_step=234900, episodic_return=0.0
global_step=234996, episodic_return=0.0
SPS: 3185
global_step=235188, episodic_return=0.0
global_step=235224, episodic_return=0.9279999999999999
global_step=235256, episodic_return=0.0
global_step=235260, episodic_return=0.4149999999999999
global_step=235288, episodic_return=0.865
global_step=235304, episodic_return=0.0
global_step=235408, episodic_return=0.775
SPS: 3186
global_step=235660, episodic_return=0.0
global_step=235664, episodic_return=0.0
global_step=235692, episodic_return=0.0
global_step=235812, episodic_return=0.0
SPS: 3186
global_step=236064, episodic_return=0.0
global_step=236068, episodic_return=0.0
global_step=236096, episodic_return=0.0
global_step=236216, episodic_return=0.0
global_step=236236, episodic_return=0.964
global_step=236328, episodic_return=0.487
global_step=236408, episodic_return=0.829
global_step=236468, episodic_return=0.0
global_step=236472, episodic_return=0.0
SPS: 3187
global_step=236600, episodic_return=0.577
global_step=236640, episodic_return=0.0
global_step=236872, episodic_return=0.0
global_step=236876, episodic_return=0.0
global_step=237004, episodic_return=0.0
global_step=237044, episodic_return=0.0
SPS: 3187
global_step=237276, episodic_return=0.0
global_step=237280, episodic_return=0.0
global_step=237408, episodic_return=0.0
global_step=237448, episodic_return=0.0
SPS: 3188
global_step=237680, episodic_return=0.0
global_step=237684, episodic_return=0.0
global_step=237812, episodic_return=0.0
global_step=237852, episodic_return=0.0
global_step=237924, episodic_return=0.757
global_step=237996, episodic_return=0.685
SPS: 3189
global_step=238084, episodic_return=0.0
global_step=238088, episodic_return=0.0
global_step=238328, episodic_return=0.0
global_step=238400, episodic_return=0.0
global_step=238488, episodic_return=0.0
global_step=238492, episodic_return=0.0
global_step=238520, episodic_return=0.739
SPS: 3189
global_step=238600, episodic_return=0.766
global_step=238732, episodic_return=0.0
global_step=238884, episodic_return=0.118
global_step=238924, episodic_return=0.0
global_step=239004, episodic_return=0.0
global_step=239032, episodic_return=0.946
SPS: 3190
global_step=239136, episodic_return=0.0
global_step=239288, episodic_return=0.0
global_step=239328, episodic_return=0.0
global_step=239436, episodic_return=0.0
global_step=239532, episodic_return=0.7929999999999999
global_step=239540, episodic_return=0.0
SPS: 3191
global_step=239692, episodic_return=0.0
global_step=239732, episodic_return=0.0
global_step=239936, episodic_return=0.0
global_step=239944, episodic_return=0.0
global_step=239968, episodic_return=0.9369999999999999
global_step=240064, episodic_return=0.739
global_step=240096, episodic_return=0.0
SPS: 3191
global_step=240136, episodic_return=0.0
global_step=240240, episodic_return=0.685
global_step=240252, episodic_return=0.748
global_step=240272, episodic_return=0.5409999999999999
global_step=240372, episodic_return=0.0
SPS: 3192
global_step=240644, episodic_return=0.0
global_step=240656, episodic_return=0.0
global_step=240676, episodic_return=0.0
global_step=240720, episodic_return=0.865
global_step=240776, episodic_return=0.0
global_step=240784, episodic_return=0.694
global_step=240892, episodic_return=0.748
global_step=241080, episodic_return=0.0
global_step=241124, episodic_return=0.0
SPS: 3192
global_step=241188, episodic_return=0.0
global_step=241296, episodic_return=0.0
global_step=241464, episodic_return=0.244
global_step=241484, episodic_return=0.0
global_step=241592, episodic_return=0.0
global_step=241604, episodic_return=0.694
global_step=241648, episodic_return=0.6399999999999999
SPS: 3193
global_step=241700, episodic_return=0.0
global_step=241960, episodic_return=0.42399999999999993
global_step=241988, episodic_return=0.946
global_step=241996, episodic_return=0.0
global_step=242008, episodic_return=0.0
global_step=242052, episodic_return=0.0
global_step=242128, episodic_return=0.838
SPS: 3193
global_step=242392, episodic_return=0.0
global_step=242400, episodic_return=0.0
global_step=242412, episodic_return=0.0
global_step=242532, episodic_return=0.0
global_step=242580, episodic_return=0.901
global_step=242604, episodic_return=0.55
SPS: 3194
global_step=242796, episodic_return=0.0
global_step=242808, episodic_return=0.55
global_step=242816, episodic_return=0.0
global_step=242984, episodic_return=0.0
global_step=243200, episodic_return=0.0
SPS: 3195
global_step=243212, episodic_return=0.0
global_step=243220, episodic_return=0.0
global_step=243388, episodic_return=0.0
global_step=243604, episodic_return=0.0
global_step=243616, episodic_return=0.0
global_step=243624, episodic_return=0.0
SPS: 3195
global_step=243792, episodic_return=0.0
global_step=244008, episodic_return=0.0
global_step=244020, episodic_return=0.0
global_step=244028, episodic_return=0.0
global_step=244048, episodic_return=0.919
global_step=244060, episodic_return=0.9369999999999999
global_step=244196, episodic_return=0.0
SPS: 3195
global_step=244264, episodic_return=0.45999999999999996
global_step=244268, episodic_return=0.514
global_step=244300, episodic_return=0.9369999999999999
global_step=244464, episodic_return=0.0
global_step=244520, episodic_return=0.514
global_step=244600, episodic_return=0.0
global_step=244668, episodic_return=0.0
SPS: 3195
global_step=244868, episodic_return=0.0
global_step=244868, episodic_return=0.4059999999999999
global_step=244924, episodic_return=0.0
global_step=244968, episodic_return=0.784
global_step=245072, episodic_return=0.0
global_step=245160, episodic_return=0.478
global_step=245172, episodic_return=0.32499999999999996
SPS: 3196
global_step=245372, episodic_return=0.0
global_step=245476, episodic_return=0.0
global_step=245564, episodic_return=0.0
global_step=245576, episodic_return=0.0
SPS: 3196
global_step=245768, episodic_return=0.55
global_step=245776, episodic_return=0.0
global_step=245880, episodic_return=0.0
global_step=245980, episodic_return=0.0
global_step=246172, episodic_return=0.0
global_step=246180, episodic_return=0.0
SPS: 3197
global_step=246284, episodic_return=0.0
global_step=246384, episodic_return=0.0
global_step=246576, episodic_return=0.0
global_step=246584, episodic_return=0.0
global_step=246688, episodic_return=0.0
global_step=246748, episodic_return=0.874
SPS: 3197
global_step=246788, episodic_return=0.0
global_step=246980, episodic_return=0.0
global_step=246988, episodic_return=0.0
global_step=247152, episodic_return=0.0
global_step=247192, episodic_return=0.0
global_step=247280, episodic_return=0.8109999999999999
global_step=247296, episodic_return=0.29799999999999993
SPS: 3198
global_step=247392, episodic_return=0.0
global_step=247556, episodic_return=0.0
global_step=247684, episodic_return=0.0
global_step=247700, episodic_return=0.0
global_step=247724, episodic_return=0.919
global_step=247796, episodic_return=0.0
SPS: 3199
global_step=247960, episodic_return=0.0
global_step=248104, episodic_return=0.0
global_step=248128, episodic_return=0.0
global_step=248200, episodic_return=0.0
SPS: 3199
global_step=248364, episodic_return=0.0
global_step=248424, episodic_return=0.34299999999999997
global_step=248508, episodic_return=0.0
global_step=248540, episodic_return=0.9369999999999999
global_step=248604, episodic_return=0.0
global_step=248632, episodic_return=0.802
global_step=248668, episodic_return=0.865
global_step=248768, episodic_return=0.0
global_step=248828, episodic_return=0.0
SPS: 3200
global_step=249036, episodic_return=0.0
global_step=249072, episodic_return=0.0
global_step=249172, episodic_return=0.0
global_step=249204, episodic_return=0.712
global_step=249232, episodic_return=0.0
SPS: 3200
global_step=249440, episodic_return=0.0
global_step=249576, episodic_return=0.0
global_step=249608, episodic_return=0.0
global_step=249636, episodic_return=0.0
global_step=249844, episodic_return=0.0
SPS: 3201
global_step=249980, episodic_return=0.0
global_step=250000, episodic_return=0.964
global_step=250012, episodic_return=0.0
global_step=250040, episodic_return=0.0
global_step=250068, episodic_return=0.5049999999999999
SPS: 3202
global_step=250388, episodic_return=0.2889999999999999
global_step=250404, episodic_return=0.18999999999999995
global_step=250404, episodic_return=0.0
global_step=250416, episodic_return=0.0
global_step=250792, episodic_return=0.0
global_step=250808, episodic_return=0.0
global_step=250808, episodic_return=0.0
global_step=250820, episodic_return=0.0
global_step=250844, episodic_return=0.955
SPS: 3202
global_step=251196, episodic_return=0.0
global_step=251212, episodic_return=0.0
global_step=251212, episodic_return=0.0
global_step=251248, episodic_return=0.0
SPS: 3203
global_step=251600, episodic_return=0.0
global_step=251616, episodic_return=0.0
global_step=251616, episodic_return=0.0
global_step=251652, episodic_return=0.0
global_step=251652, episodic_return=0.9279999999999999
SPS: 3204
global_step=252004, episodic_return=0.0
global_step=252020, episodic_return=0.0
global_step=252056, episodic_return=0.0
global_step=252056, episodic_return=0.0
global_step=252408, episodic_return=0.0
SPS: 3204
global_step=252424, episodic_return=0.0
global_step=252448, episodic_return=0.955
global_step=252460, episodic_return=0.0
global_step=252460, episodic_return=0.0
global_step=252480, episodic_return=0.964
global_step=252500, episodic_return=0.919
global_step=252812, episodic_return=0.0
global_step=252852, episodic_return=0.0
global_step=252884, episodic_return=0.0
global_step=252904, episodic_return=0.0
global_step=252920, episodic_return=0.9279999999999999
SPS: 3205
global_step=252956, episodic_return=0.9279999999999999
global_step=253216, episodic_return=0.0
global_step=253256, episodic_return=0.0
global_step=253308, episodic_return=0.0
global_step=253360, episodic_return=0.0
SPS: 3205
global_step=253620, episodic_return=0.0
global_step=253660, episodic_return=0.0
global_step=253712, episodic_return=0.0
global_step=253740, episodic_return=0.739
global_step=253764, episodic_return=0.0
global_step=253888, episodic_return=0.73
SPS: 3205
global_step=254064, episodic_return=0.0
global_step=254116, episodic_return=0.0
global_step=254144, episodic_return=0.0
global_step=254172, episodic_return=0.883
global_step=254292, episodic_return=0.0
SPS: 3206
global_step=254468, episodic_return=0.0
global_step=254480, episodic_return=0.982
global_step=254548, episodic_return=0.0
global_step=254576, episodic_return=0.0
global_step=254696, episodic_return=0.0
global_step=254884, episodic_return=0.0
global_step=254936, episodic_return=0.892
global_step=254952, episodic_return=0.0
SPS: 3206
global_step=254980, episodic_return=0.91
global_step=254980, episodic_return=0.0
global_step=255012, episodic_return=0.9369999999999999
global_step=255100, episodic_return=0.0
global_step=255108, episodic_return=0.721
global_step=255356, episodic_return=0.0
global_step=255416, episodic_return=0.0
SPS: 3207
global_step=255504, episodic_return=0.0
global_step=255512, episodic_return=0.0
global_step=255760, episodic_return=0.0
global_step=255820, episodic_return=0.0
global_step=255908, episodic_return=0.0
global_step=255916, episodic_return=0.0
SPS: 3207
global_step=256164, episodic_return=0.0
global_step=256192, episodic_return=0.946
global_step=256224, episodic_return=0.0
global_step=256312, episodic_return=0.0
global_step=256320, episodic_return=0.0
SPS: 3208
global_step=256596, episodic_return=0.0
global_step=256628, episodic_return=0.0
global_step=256716, episodic_return=0.0
global_step=256724, episodic_return=0.0
global_step=257000, episodic_return=0.0
SPS: 3208
global_step=257032, episodic_return=0.0
global_step=257036, episodic_return=0.9279999999999999
global_step=257108, episodic_return=0.838
global_step=257120, episodic_return=0.0
global_step=257128, episodic_return=0.0
global_step=257184, episodic_return=0.865
global_step=257440, episodic_return=0.0
global_step=257512, episodic_return=0.0
global_step=257532, episodic_return=0.0
SPS: 3209
global_step=257560, episodic_return=0.946
global_step=257588, episodic_return=0.0
global_step=257772, episodic_return=0.595
global_step=257844, episodic_return=0.0
global_step=257872, episodic_return=0.784
global_step=257916, episodic_return=0.0
global_step=257964, episodic_return=0.0
SPS: 3209
global_step=258248, episodic_return=0.0
global_step=258276, episodic_return=0.0
global_step=258320, episodic_return=0.0
global_step=258368, episodic_return=0.0
SPS: 3210
global_step=258652, episodic_return=0.0
global_step=258680, episodic_return=0.0
global_step=258724, episodic_return=0.0
global_step=258772, episodic_return=0.0
global_step=258980, episodic_return=0.33399999999999996
global_step=259004, episodic_return=0.379
global_step=259056, episodic_return=0.0
SPS: 3210
global_step=259080, episodic_return=0.955
global_step=259176, episodic_return=0.0
global_step=259176, episodic_return=0.7929999999999999
global_step=259384, episodic_return=0.0
global_step=259408, episodic_return=0.0
global_step=259492, episodic_return=0.766
global_step=259580, episodic_return=0.0
global_step=259580, episodic_return=0.0
SPS: 3211
global_step=259752, episodic_return=0.622
global_step=259812, episodic_return=0.0
global_step=259896, episodic_return=0.0
global_step=259984, episodic_return=0.0
SPS: 3211
global_step=260156, episodic_return=0.0
global_step=260216, episodic_return=0.0
global_step=260300, episodic_return=0.0
global_step=260388, episodic_return=0.0
global_step=260560, episodic_return=0.0
SPS: 3212
global_step=260620, episodic_return=0.0
global_step=260696, episodic_return=0.838
global_step=260704, episodic_return=0.0
global_step=260792, episodic_return=0.0
global_step=260808, episodic_return=0.973
global_step=260964, episodic_return=0.0
global_step=261100, episodic_return=0.0
global_step=261108, episodic_return=0.0
SPS: 3212
global_step=261152, episodic_return=0.91
global_step=261212, episodic_return=0.0
global_step=261368, episodic_return=0.0
global_step=261504, episodic_return=0.0
global_step=261556, episodic_return=0.0
global_step=261616, episodic_return=0.0
SPS: 3212
global_step=261772, episodic_return=0.0
global_step=261784, episodic_return=0.982
global_step=261880, episodic_return=0.7929999999999999
global_step=261908, episodic_return=0.0
global_step=261960, episodic_return=0.0
global_step=262020, episodic_return=0.0
SPS: 3212
global_step=262284, episodic_return=0.0
global_step=262312, episodic_return=0.0
global_step=262364, episodic_return=0.0
global_step=262408, episodic_return=0.73
global_step=262424, episodic_return=0.0
SPS: 3212
global_step=262716, episodic_return=0.0
global_step=262768, episodic_return=0.0
global_step=262812, episodic_return=0.0
global_step=262828, episodic_return=0.0
global_step=263120, episodic_return=0.0
SPS: 3212
global_step=263172, episodic_return=0.0
global_step=263216, episodic_return=0.0
global_step=263232, episodic_return=0.0
global_step=263244, episodic_return=0.847
global_step=263524, episodic_return=0.0
global_step=263620, episodic_return=0.0
global_step=263636, episodic_return=0.0
global_step=263648, episodic_return=0.0
global_step=263668, episodic_return=0.964
SPS: 3213
global_step=263928, episodic_return=0.0
global_step=264024, episodic_return=0.0
global_step=264040, episodic_return=0.0
global_step=264072, episodic_return=0.0
SPS: 3213
global_step=264332, episodic_return=0.0
global_step=264428, episodic_return=0.0
global_step=264444, episodic_return=0.0
global_step=264456, episodic_return=0.14500000000000002
SPS: 3214
global_step=264736, episodic_return=0.0
global_step=264832, episodic_return=0.0
global_step=264848, episodic_return=0.0
global_step=264860, episodic_return=0.0
global_step=264924, episodic_return=0.802
global_step=265140, episodic_return=0.0
SPS: 3215
global_step=265252, episodic_return=0.0
global_step=265264, episodic_return=0.0
global_step=265328, episodic_return=0.0
global_step=265544, episodic_return=0.0
global_step=265656, episodic_return=0.0
global_step=265668, episodic_return=0.0
SPS: 3215
global_step=265732, episodic_return=0.0
global_step=265948, episodic_return=0.0
global_step=266060, episodic_return=0.0
global_step=266072, episodic_return=0.0
global_step=266136, episodic_return=0.0
SPS: 3216
global_step=266352, episodic_return=0.0
global_step=266464, episodic_return=0.0
global_step=266476, episodic_return=0.0
global_step=266540, episodic_return=0.0
global_step=266580, episodic_return=0.919
SPS: 3216
global_step=266756, episodic_return=0.0
global_step=266868, episodic_return=0.0
global_step=266880, episodic_return=0.0
global_step=266984, episodic_return=0.0
global_step=267160, episodic_return=0.0
SPS: 3217
global_step=267272, episodic_return=0.0
global_step=267284, episodic_return=0.0
global_step=267384, episodic_return=0.784
global_step=267388, episodic_return=0.0
global_step=267548, episodic_return=0.3879999999999999
global_step=267564, episodic_return=0.0
global_step=267692, episodic_return=0.721
SPS: 3217
global_step=267788, episodic_return=0.0
global_step=267792, episodic_return=0.0
global_step=267900, episodic_return=0.757
global_step=267952, episodic_return=0.0
global_step=268096, episodic_return=0.0
global_step=268196, episodic_return=0.0
SPS: 3218
global_step=268304, episodic_return=0.0
global_step=268356, episodic_return=0.0
global_step=268500, episodic_return=0.0
global_step=268576, episodic_return=0.15400000000000003
global_step=268592, episodic_return=0.973
global_step=268708, episodic_return=0.0
global_step=268760, episodic_return=0.0
SPS: 3218
global_step=268904, episodic_return=0.0
global_step=268956, episodic_return=0.18999999999999995
global_step=269076, episodic_return=0.739
global_step=269100, episodic_return=0.5680000000000001
global_step=269112, episodic_return=0.0
global_step=269164, episodic_return=0.0
global_step=269256, episodic_return=0.685
SPS: 3219
global_step=269480, episodic_return=0.0
global_step=269504, episodic_return=0.0
global_step=269568, episodic_return=0.0
global_step=269660, episodic_return=0.0
global_step=269668, episodic_return=0.784
global_step=269696, episodic_return=0.9279999999999999
global_step=269708, episodic_return=0.982
SPS: 3219
global_step=269884, episodic_return=0.0
global_step=269908, episodic_return=0.0
global_step=270072, episodic_return=0.0
global_step=270112, episodic_return=0.0
global_step=270288, episodic_return=0.0
global_step=270312, episodic_return=0.0
SPS: 3220
global_step=270372, episodic_return=0.42399999999999993
global_step=270476, episodic_return=0.0
global_step=270500, episodic_return=0.721
global_step=270560, episodic_return=0.82
global_step=270692, episodic_return=0.0
global_step=270716, episodic_return=0.0
SPS: 3220
global_step=270904, episodic_return=0.0
global_step=270960, episodic_return=0.10899999999999999
global_step=271096, episodic_return=0.0
global_step=271120, episodic_return=0.0
global_step=271236, episodic_return=0.694
global_step=271308, episodic_return=0.0
SPS: 3220
global_step=271364, episodic_return=0.0
global_step=271524, episodic_return=0.0
global_step=271640, episodic_return=0.0
global_step=271712, episodic_return=0.0
global_step=271768, episodic_return=0.0
SPS: 3221
global_step=271928, episodic_return=0.0
global_step=272044, episodic_return=0.0
global_step=272116, episodic_return=0.847
global_step=272116, episodic_return=0.0
global_step=272172, episodic_return=0.0
global_step=272260, episodic_return=0.8109999999999999
global_step=272332, episodic_return=0.0
SPS: 3222
global_step=272520, episodic_return=0.0
global_step=272520, episodic_return=0.0
global_step=272664, episodic_return=0.0
global_step=272736, episodic_return=0.0
SPS: 3222
global_step=272924, episodic_return=0.0
global_step=272924, episodic_return=0.0
global_step=273068, episodic_return=0.0
global_step=273140, episodic_return=0.0
global_step=273288, episodic_return=0.18999999999999995
global_step=273328, episodic_return=0.0
global_step=273372, episodic_return=0.487
SPS: 3223
global_step=273472, episodic_return=0.0
global_step=273692, episodic_return=0.0
global_step=273732, episodic_return=0.0
global_step=273760, episodic_return=0.856
global_step=273776, episodic_return=0.0
global_step=273780, episodic_return=0.901
global_step=273876, episodic_return=0.0
SPS: 3223
global_step=274084, episodic_return=0.32499999999999996
global_step=274164, episodic_return=0.0
global_step=274180, episodic_return=0.0
global_step=274280, episodic_return=0.0
SPS: 3224
global_step=274488, episodic_return=0.0
global_step=274568, episodic_return=0.0
global_step=274584, episodic_return=0.0
global_step=274604, episodic_return=0.9279999999999999
global_step=274684, episodic_return=0.0
global_step=274892, episodic_return=0.0
SPS: 3224
global_step=274988, episodic_return=0.0
global_step=275008, episodic_return=0.0
global_step=275088, episodic_return=0.0
global_step=275096, episodic_return=0.55
global_step=275132, episodic_return=0.9279999999999999
global_step=275208, episodic_return=0.838
global_step=275392, episodic_return=0.0
global_step=275412, episodic_return=0.0
SPS: 3224
global_step=275492, episodic_return=0.0
global_step=275612, episodic_return=0.0
global_step=275796, episodic_return=0.0
global_step=275816, episodic_return=0.0
global_step=275896, episodic_return=0.0
SPS: 3225
global_step=276016, episodic_return=0.0
global_step=276200, episodic_return=0.0
global_step=276220, episodic_return=0.0
global_step=276300, episodic_return=0.0
global_step=276420, episodic_return=0.0
SPS: 3226
global_step=276604, episodic_return=0.0
global_step=276624, episodic_return=0.0
global_step=276704, episodic_return=0.0
global_step=276824, episodic_return=0.0
global_step=276960, episodic_return=0.703
SPS: 3226
global_step=277008, episodic_return=0.0
global_step=277028, episodic_return=0.0
global_step=277108, episodic_return=0.0
global_step=277304, episodic_return=0.5680000000000001
global_step=277364, episodic_return=0.0
global_step=277412, episodic_return=0.0
global_step=277432, episodic_return=0.0
SPS: 3226
global_step=277708, episodic_return=0.0
global_step=277768, episodic_return=0.0
global_step=277792, episodic_return=0.955
global_step=277816, episodic_return=0.0
global_step=277836, episodic_return=0.0
global_step=277844, episodic_return=0.946
global_step=277904, episodic_return=0.874
SPS: 3227
global_step=278112, episodic_return=0.0
global_step=278196, episodic_return=0.0
global_step=278240, episodic_return=0.0
global_step=278308, episodic_return=0.0
global_step=278516, episodic_return=0.0
SPS: 3227
global_step=278600, episodic_return=0.0
global_step=278644, episodic_return=0.0
global_step=278712, episodic_return=0.0
global_step=278756, episodic_return=0.91
global_step=278920, episodic_return=0.0
global_step=279004, episodic_return=0.0
SPS: 3228
global_step=279048, episodic_return=0.0
global_step=279160, episodic_return=0.0
global_step=279324, episodic_return=0.0
global_step=279408, episodic_return=0.0
global_step=279432, episodic_return=0.766
global_step=279452, episodic_return=0.0
SPS: 3227
global_step=279564, episodic_return=0.0
global_step=279812, episodic_return=0.0
global_step=279836, episodic_return=0.0
global_step=279856, episodic_return=0.0
global_step=279912, episodic_return=0.838
global_step=279968, episodic_return=0.0
SPS: 3228
global_step=280216, episodic_return=0.0
global_step=280260, episodic_return=0.0
global_step=280316, episodic_return=0.0
global_step=280372, episodic_return=0.0
SPS: 3228
global_step=280620, episodic_return=0.0
global_step=280664, episodic_return=0.0
global_step=280720, episodic_return=0.0
global_step=280776, episodic_return=0.0
global_step=281024, episodic_return=0.0
global_step=281068, episodic_return=0.0
global_step=281084, episodic_return=0.31599999999999995
SPS: 3229
global_step=281124, episodic_return=0.0
global_step=281428, episodic_return=0.0
global_step=281472, episodic_return=0.0
global_step=281488, episodic_return=0.0
global_step=281528, episodic_return=0.0
SPS: 3229
global_step=281832, episodic_return=0.0
global_step=281876, episodic_return=0.0
global_step=281892, episodic_return=0.0
global_step=281932, episodic_return=0.0
SPS: 3230
global_step=282236, episodic_return=0.0
global_step=282280, episodic_return=0.0
global_step=282296, episodic_return=0.0
global_step=282336, episodic_return=0.0
global_step=282336, episodic_return=0.919
global_step=282400, episodic_return=0.865
global_step=282432, episodic_return=0.9369999999999999
SPS: 3230
global_step=282640, episodic_return=0.0
global_step=282684, episodic_return=0.0
global_step=282740, episodic_return=0.0
global_step=282756, episodic_return=0.847
global_step=282836, episodic_return=0.0
global_step=282872, episodic_return=0.712
global_step=282976, episodic_return=0.694
global_step=283044, episodic_return=0.0
SPS: 3231
global_step=283160, episodic_return=0.0
global_step=283276, episodic_return=0.0
global_step=283380, episodic_return=0.0
global_step=283448, episodic_return=0.0
global_step=283564, episodic_return=0.0
SPS: 3231
global_step=283680, episodic_return=0.0
global_step=283784, episodic_return=0.0
global_step=283816, episodic_return=0.9369999999999999
global_step=283852, episodic_return=0.0
global_step=283968, episodic_return=0.0
global_step=283976, episodic_return=0.73
global_step=284008, episodic_return=0.9369999999999999
global_step=284084, episodic_return=0.0
SPS: 3231
global_step=284200, episodic_return=0.748
global_step=284220, episodic_return=0.0
global_step=284264, episodic_return=0.865
global_step=284372, episodic_return=0.0
global_step=284412, episodic_return=0.0
global_step=284520, episodic_return=0.766
global_step=284624, episodic_return=0.0
global_step=284668, episodic_return=0.0
SPS: 3232
global_step=284688, episodic_return=0.631
global_step=284732, episodic_return=0.91
global_step=284748, episodic_return=0.973
global_step=284776, episodic_return=0.0
global_step=284804, episodic_return=0.946
global_step=284920, episodic_return=0.748
global_step=285028, episodic_return=0.0
global_step=285072, episodic_return=0.0
global_step=285088, episodic_return=0.874
global_step=285104, episodic_return=0.973
global_step=285152, episodic_return=0.0
SPS: 3232
global_step=285268, episodic_return=0.748
global_step=285324, episodic_return=0.0
global_step=285392, episodic_return=0.856
global_step=285448, episodic_return=0.604
global_step=285476, episodic_return=0.0
global_step=285508, episodic_return=0.0
SPS: 3232
global_step=285704, episodic_return=0.5680000000000001
global_step=285796, episodic_return=0.0
global_step=285852, episodic_return=0.0
global_step=285880, episodic_return=0.0
global_step=286108, episodic_return=0.0
global_step=286200, episodic_return=0.0
SPS: 3233
global_step=286256, episodic_return=0.0
global_step=286284, episodic_return=0.0
global_step=286340, episodic_return=0.883
global_step=286512, episodic_return=0.0
global_step=286604, episodic_return=0.0
global_step=286660, episodic_return=0.09999999999999998
SPS: 3233
global_step=286744, episodic_return=0.0
global_step=286860, episodic_return=0.748
global_step=286916, episodic_return=0.0
global_step=287008, episodic_return=0.0
global_step=287064, episodic_return=0.0
SPS: 3233
global_step=287264, episodic_return=0.0
global_step=287320, episodic_return=0.0
global_step=287412, episodic_return=0.0
global_step=287468, episodic_return=0.0
global_step=287668, episodic_return=0.0
global_step=287724, episodic_return=0.0
SPS: 3234
global_step=287816, episodic_return=0.0
global_step=287852, episodic_return=0.9279999999999999
global_step=287872, episodic_return=0.0
global_step=288072, episodic_return=0.0
global_step=288128, episodic_return=0.0
global_step=288256, episodic_return=0.0
SPS: 3234
global_step=288276, episodic_return=0.0
global_step=288292, episodic_return=0.9279999999999999
global_step=288476, episodic_return=0.0
global_step=288532, episodic_return=0.0
global_step=288680, episodic_return=0.0
global_step=288696, episodic_return=0.0
SPS: 3235
global_step=288820, episodic_return=0.694
global_step=288848, episodic_return=0.946
global_step=288880, episodic_return=0.0
global_step=288936, episodic_return=0.0
global_step=288972, episodic_return=0.802
global_step=288980, episodic_return=0.712
global_step=289100, episodic_return=0.0
SPS: 3235
global_step=289340, episodic_return=0.0
global_step=289376, episodic_return=0.0
global_step=289384, episodic_return=0.0
global_step=289504, episodic_return=0.0
global_step=289744, episodic_return=0.0
global_step=289780, episodic_return=0.0
global_step=289788, episodic_return=0.0
global_step=289788, episodic_return=0.91
SPS: 3235
global_step=289796, episodic_return=0.991
global_step=289908, episodic_return=0.0
global_step=290184, episodic_return=0.0
global_step=290192, episodic_return=0.0
global_step=290200, episodic_return=0.0
SPS: 3236
global_step=290312, episodic_return=0.0
global_step=290588, episodic_return=0.0
global_step=290596, episodic_return=0.0
global_step=290604, episodic_return=0.0
global_step=290628, episodic_return=0.955
global_step=290716, episodic_return=0.0
global_step=290724, episodic_return=0.991
SPS: 3236
global_step=290992, episodic_return=0.0
global_step=291000, episodic_return=0.0
global_step=291032, episodic_return=0.0
global_step=291128, episodic_return=0.0
SPS: 3237
global_step=291396, episodic_return=0.0
global_step=291404, episodic_return=0.0
global_step=291436, episodic_return=0.0
global_step=291532, episodic_return=0.0
global_step=291800, episodic_return=0.0
global_step=291808, episodic_return=0.0
global_step=291840, episodic_return=0.0
SPS: 3237
global_step=291900, episodic_return=0.802
global_step=291936, episodic_return=0.0
global_step=292204, episodic_return=0.0
global_step=292244, episodic_return=0.0
global_step=292304, episodic_return=0.0
global_step=292340, episodic_return=0.0
SPS: 3237
global_step=292356, episodic_return=0.973
global_step=292412, episodic_return=0.631
global_step=292472, episodic_return=0.874
global_step=292608, episodic_return=0.0
global_step=292708, episodic_return=0.0
global_step=292760, episodic_return=0.0
global_step=292792, episodic_return=0.9369999999999999
SPS: 3238
global_step=292876, episodic_return=0.0
global_step=293012, episodic_return=0.0
global_step=293112, episodic_return=0.0
global_step=293112, episodic_return=0.2889999999999999
global_step=293268, episodic_return=0.6579999999999999
global_step=293280, episodic_return=0.0
SPS: 3238
global_step=293400, episodic_return=0.712
global_step=293416, episodic_return=0.0
global_step=293500, episodic_return=0.82
global_step=293516, episodic_return=0.0
global_step=293612, episodic_return=0.757
global_step=293684, episodic_return=0.0
global_step=293804, episodic_return=0.0
SPS: 3238
global_step=293920, episodic_return=0.0
global_step=294016, episodic_return=0.0
global_step=294032, episodic_return=0.4959999999999999
global_step=294088, episodic_return=0.0
global_step=294324, episodic_return=0.0
SPS: 3239
global_step=294420, episodic_return=0.0
global_step=294436, episodic_return=0.0
global_step=294492, episodic_return=0.0
global_step=294544, episodic_return=0.766
global_step=294728, episodic_return=0.0
global_step=294824, episodic_return=0.0
global_step=294896, episodic_return=0.0
SPS: 3239
global_step=294936, episodic_return=0.919
global_step=294948, episodic_return=0.0
global_step=295132, episodic_return=0.0
global_step=295228, episodic_return=0.0
global_step=295264, episodic_return=0.9279999999999999
global_step=295340, episodic_return=0.0
global_step=295352, episodic_return=0.0
global_step=295412, episodic_return=0.874
SPS: 3239
global_step=295536, episodic_return=0.0
global_step=295668, episodic_return=0.0
global_step=295744, episodic_return=0.0
global_step=295816, episodic_return=0.0
global_step=295900, episodic_return=0.6579999999999999
SPS: 3240
global_step=295940, episodic_return=0.0
global_step=296004, episodic_return=0.253
global_step=296128, episodic_return=0.73
global_step=296196, episodic_return=0.34299999999999997
global_step=296220, episodic_return=0.0
global_step=296344, episodic_return=0.0
global_step=296420, episodic_return=0.838
global_step=296440, episodic_return=0.964
SPS: 3240
global_step=296532, episodic_return=0.0
global_step=296600, episodic_return=0.0
global_step=296624, episodic_return=0.0
global_step=296844, episodic_return=0.0
global_step=296904, episodic_return=0.874
global_step=296936, episodic_return=0.0
SPS: 3239
global_step=297004, episodic_return=0.0
global_step=297016, episodic_return=0.982
global_step=297028, episodic_return=0.0
global_step=297308, episodic_return=0.0
global_step=297340, episodic_return=0.0
global_step=297420, episodic_return=0.0
global_step=297432, episodic_return=0.0
SPS: 3240
global_step=297712, episodic_return=0.0
global_step=297744, episodic_return=0.0
global_step=297824, episodic_return=0.0
global_step=297836, episodic_return=0.0
SPS: 3240
global_step=298116, episodic_return=0.0
global_step=298148, episodic_return=0.0
global_step=298180, episodic_return=0.865
global_step=298228, episodic_return=0.0
global_step=298240, episodic_return=0.0
global_step=298264, episodic_return=0.955
SPS: 3241
global_step=298552, episodic_return=0.0
global_step=298584, episodic_return=0.0
global_step=298632, episodic_return=0.0
global_step=298668, episodic_return=0.0
global_step=298956, episodic_return=0.0
global_step=298988, episodic_return=0.0
SPS: 3241
global_step=299036, episodic_return=0.0
global_step=299060, episodic_return=0.775
global_step=299072, episodic_return=0.0
global_step=299092, episodic_return=0.964
global_step=299392, episodic_return=0.0
global_step=299440, episodic_return=0.0
global_step=299464, episodic_return=0.0
global_step=299496, episodic_return=0.0
global_step=299516, episodic_return=0.892
SPS: 3241
global_step=299528, episodic_return=0.982
global_step=299796, episodic_return=0.0
global_step=299844, episodic_return=0.0
global_step=299852, episodic_return=0.2799999999999999
global_step=299900, episodic_return=0.0
global_step=299940, episodic_return=0.8109999999999999
SPS: 3242
global_step=300048, episodic_return=0.766
global_step=300200, episodic_return=0.0
global_step=300248, episodic_return=0.0
global_step=300304, episodic_return=0.0
global_step=300380, episodic_return=0.604
global_step=300388, episodic_return=0.991
global_step=300452, episodic_return=0.0
SPS: 3242
global_step=300652, episodic_return=0.0
global_step=300708, episodic_return=0.0
global_step=300756, episodic_return=0.775
global_step=300792, episodic_return=0.0
global_step=300856, episodic_return=0.0
global_step=300888, episodic_return=0.9369999999999999
global_step=300912, episodic_return=0.6579999999999999
global_step=300940, episodic_return=0.946
global_step=301020, episodic_return=0.829
SPS: 3242
global_step=301112, episodic_return=0.0
global_step=301196, episodic_return=0.0
global_step=301292, episodic_return=0.0
global_step=301424, episodic_return=0.0
global_step=301512, episodic_return=0.8109999999999999
global_step=301516, episodic_return=0.0
global_step=301516, episodic_return=0.2889999999999999
SPS: 3243
global_step=301696, episodic_return=0.0
global_step=301916, episodic_return=0.0
global_step=301920, episodic_return=0.0
global_step=301920, episodic_return=0.0
SPS: 3243
global_step=302100, episodic_return=0.0
global_step=302320, episodic_return=0.0
global_step=302324, episodic_return=0.0
global_step=302324, episodic_return=0.0
global_step=302492, episodic_return=0.631
global_step=302504, episodic_return=0.0
SPS: 3244
global_step=302724, episodic_return=0.0
global_step=302728, episodic_return=0.0
global_step=302896, episodic_return=0.0
global_step=302908, episodic_return=0.0
global_step=303040, episodic_return=0.685
SPS: 3244
global_step=303128, episodic_return=0.0
global_step=303132, episodic_return=0.0
global_step=303312, episodic_return=0.0
global_step=303444, episodic_return=0.0
global_step=303532, episodic_return=0.0
global_step=303536, episodic_return=0.0
SPS: 3245
global_step=303672, episodic_return=0.694
global_step=303716, episodic_return=0.0
global_step=303848, episodic_return=0.0
global_step=303940, episodic_return=0.0
global_step=304076, episodic_return=0.0
global_step=304096, episodic_return=0.964
global_step=304120, episodic_return=0.0
SPS: 3245
global_step=304252, episodic_return=0.0
global_step=304344, episodic_return=0.0
global_step=304500, episodic_return=0.0
global_step=304524, episodic_return=0.0
global_step=304628, episodic_return=0.721
SPS: 3245
global_step=304656, episodic_return=0.0
global_step=304748, episodic_return=0.0
global_step=304796, episodic_return=0.694
global_step=304928, episodic_return=0.0
global_step=305032, episodic_return=0.0
global_step=305152, episodic_return=0.0
SPS: 3246
global_step=305200, episodic_return=0.0
global_step=305268, episodic_return=0.244
global_step=305436, episodic_return=0.0
global_step=305556, episodic_return=0.0
global_step=305604, episodic_return=0.0
SPS: 3246
global_step=305672, episodic_return=0.0
global_step=305840, episodic_return=0.0
global_step=305960, episodic_return=0.0
global_step=306008, episodic_return=0.0
global_step=306064, episodic_return=0.5049999999999999
global_step=306076, episodic_return=0.0
global_step=306096, episodic_return=0.9369999999999999
SPS: 3246
global_step=306276, episodic_return=0.604
global_step=306364, episodic_return=0.0
global_step=306412, episodic_return=0.0
global_step=306480, episodic_return=0.0
global_step=306600, episodic_return=0.739
global_step=306680, episodic_return=0.0
SPS: 3247
global_step=306768, episodic_return=0.0
global_step=306816, episodic_return=0.0
global_step=306936, episodic_return=0.631
global_step=307004, episodic_return=0.0
global_step=307084, episodic_return=0.0
SPS: 3247
global_step=307220, episodic_return=0.0
global_step=307340, episodic_return=0.0
global_step=307408, episodic_return=0.0
global_step=307488, episodic_return=0.0
global_step=307500, episodic_return=0.802
global_step=307552, episodic_return=0.532
global_step=307624, episodic_return=0.0
SPS: 3248
global_step=307892, episodic_return=0.0
global_step=307904, episodic_return=0.0
global_step=307956, episodic_return=0.0
global_step=308028, episodic_return=0.0
SPS: 3248
global_step=308260, episodic_return=0.487
global_step=308296, episodic_return=0.0
global_step=308308, episodic_return=0.0
global_step=308360, episodic_return=0.0
global_step=308404, episodic_return=0.7929999999999999
global_step=308528, episodic_return=0.73
global_step=308580, episodic_return=0.892
global_step=308664, episodic_return=0.0
global_step=308700, episodic_return=0.0
SPS: 3248
global_step=308764, episodic_return=0.0
global_step=308788, episodic_return=0.955
global_step=308888, episodic_return=0.586
global_step=308984, episodic_return=0.0
global_step=309068, episodic_return=0.0
global_step=309116, episodic_return=0.901
global_step=309192, episodic_return=0.0
global_step=309228, episodic_return=0.9279999999999999
SPS: 3249
global_step=309292, episodic_return=0.0
global_step=309388, episodic_return=0.0
global_step=309520, episodic_return=0.0
global_step=309564, episodic_return=0.613
global_step=309588, episodic_return=0.856
global_step=309632, episodic_return=0.0
global_step=309696, episodic_return=0.0
SPS: 3249
global_step=309776, episodic_return=0.685
global_step=309968, episodic_return=0.0
global_step=309992, episodic_return=0.0
global_step=310028, episodic_return=0.874
global_step=310100, episodic_return=0.0
global_step=310180, episodic_return=0.0
SPS: 3249
global_step=310280, episodic_return=0.784
global_step=310352, episodic_return=0.19899999999999995
global_step=310432, episodic_return=0.0
global_step=310504, episodic_return=0.0
global_step=310528, episodic_return=0.955
global_step=310684, episodic_return=0.0
global_step=310756, episodic_return=0.0
SPS: 3250
global_step=310836, episodic_return=0.0
global_step=310840, episodic_return=0.82
global_step=310928, episodic_return=0.802
global_step=310932, episodic_return=0.0
global_step=311088, episodic_return=0.0
global_step=311220, episodic_return=0.15400000000000003
SPS: 3250
global_step=311332, episodic_return=0.0
global_step=311336, episodic_return=0.0
global_step=311492, episodic_return=0.0
global_step=311624, episodic_return=0.0
global_step=311708, episodic_return=0.5229999999999999
global_step=311736, episodic_return=0.0
global_step=311740, episodic_return=0.0
global_step=311804, episodic_return=0.856
SPS: 3250
global_step=312028, episodic_return=0.0
global_step=312112, episodic_return=0.0
global_step=312144, episodic_return=0.0
global_step=312208, episodic_return=0.0
global_step=312304, episodic_return=0.649
SPS: 3251
global_step=312324, episodic_return=0.964
global_step=312344, episodic_return=0.29799999999999993
global_step=312512, episodic_return=0.10899999999999999
global_step=312612, episodic_return=0.0
global_step=312728, episodic_return=0.0
global_step=312748, episodic_return=0.0
SPS: 3251
global_step=312916, episodic_return=0.0
global_step=312976, episodic_return=0.874
global_step=313016, episodic_return=0.0
global_step=313108, episodic_return=0.802
global_step=313132, episodic_return=0.0
global_step=313152, episodic_return=0.0
SPS: 3252
global_step=313368, episodic_return=0.5229999999999999
global_step=313380, episodic_return=0.0
global_step=313512, episodic_return=0.0
global_step=313536, episodic_return=0.0
global_step=313636, episodic_return=0.4059999999999999
global_step=313648, episodic_return=0.703
global_step=313768, episodic_return=0.739
global_step=313784, episodic_return=0.0
SPS: 3252
global_step=313940, episodic_return=0.0
global_step=314040, episodic_return=0.0
global_step=314064, episodic_return=0.955
global_step=314112, episodic_return=0.622
global_step=314172, episodic_return=0.0
global_step=314172, episodic_return=0.874
global_step=314188, episodic_return=0.0
global_step=314224, episodic_return=0.892
SPS: 3251
global_step=314468, episodic_return=0.0
global_step=314496, episodic_return=0.946
global_step=314576, episodic_return=0.0
global_step=314592, episodic_return=0.0
global_step=314628, episodic_return=0.0
global_step=314728, episodic_return=0.784
global_step=314832, episodic_return=0.775
global_step=314852, episodic_return=0.964
SPS: 3252
global_step=314900, episodic_return=0.0
global_step=314976, episodic_return=0.838
global_step=314980, episodic_return=0.0
global_step=314996, episodic_return=0.0
global_step=315012, episodic_return=0.9279999999999999
global_step=315040, episodic_return=0.91
global_step=315256, episodic_return=0.0
global_step=315368, episodic_return=0.757
global_step=315384, episodic_return=0.0
SPS: 3252
global_step=315416, episodic_return=0.0
global_step=315444, episodic_return=0.0
global_step=315484, episodic_return=0.919
global_step=315536, episodic_return=0.739
global_step=315772, episodic_return=0.0
global_step=315788, episodic_return=0.0
global_step=315816, episodic_return=0.262
SPS: 3252
global_step=315940, episodic_return=0.631
global_step=315940, episodic_return=0.0
global_step=315972, episodic_return=0.9369999999999999
global_step=316192, episodic_return=0.0
global_step=316220, episodic_return=0.0
global_step=316344, episodic_return=0.0
global_step=316376, episodic_return=0.0
SPS: 3253
global_step=316588, episodic_return=0.532
global_step=316596, episodic_return=0.0
global_step=316624, episodic_return=0.0
global_step=316748, episodic_return=0.0
global_step=316760, episodic_return=0.982
SPS: 3253
global_step=316992, episodic_return=0.0
global_step=317000, episodic_return=0.0
global_step=317028, episodic_return=0.0
global_step=317052, episodic_return=0.874
global_step=317164, episodic_return=0.0
global_step=317176, episodic_return=0.73
global_step=317204, episodic_return=0.946
global_step=317312, episodic_return=0.30699999999999994
global_step=317432, episodic_return=0.0
SPS: 3254
global_step=317484, episodic_return=0.892
global_step=317568, episodic_return=0.0
global_step=317608, episodic_return=0.0
global_step=317660, episodic_return=0.802
global_step=317716, episodic_return=0.0
global_step=317888, episodic_return=0.0
SPS: 3254
global_step=318012, episodic_return=0.0
global_step=318064, episodic_return=0.0
global_step=318120, episodic_return=0.0
global_step=318292, episodic_return=0.0
global_step=318376, episodic_return=0.82
global_step=318416, episodic_return=0.0
global_step=318436, episodic_return=0.964
SPS: 3254
global_step=318468, episodic_return=0.0
global_step=318524, episodic_return=0.0
global_step=318780, episodic_return=0.0
global_step=318840, episodic_return=0.874
global_step=318840, episodic_return=0.0
global_step=318872, episodic_return=0.0
global_step=318892, episodic_return=0.964
global_step=318928, episodic_return=0.0
SPS: 3255
global_step=318992, episodic_return=0.865
global_step=319244, episodic_return=0.0
global_step=319244, episodic_return=0.0
global_step=319296, episodic_return=0.0
global_step=319396, episodic_return=0.0
SPS: 3255
global_step=319648, episodic_return=0.0
global_step=319648, episodic_return=0.0
global_step=319696, episodic_return=0.33399999999999996
global_step=319700, episodic_return=0.0
global_step=319704, episodic_return=0.883
SPS: 3255
global_step=320052, episodic_return=0.0
global_step=320100, episodic_return=0.0
global_step=320104, episodic_return=0.0
global_step=320108, episodic_return=0.0
global_step=320236, episodic_return=0.721
global_step=320456, episodic_return=0.0
global_step=320504, episodic_return=0.0
global_step=320508, episodic_return=0.0
SPS: 3256
global_step=320640, episodic_return=0.0
global_step=320860, episodic_return=0.0
global_step=320888, episodic_return=0.15400000000000003
global_step=320908, episodic_return=0.0
SPS: 3256
global_step=321044, episodic_return=0.0
global_step=321264, episodic_return=0.0
global_step=321292, episodic_return=0.0
global_step=321312, episodic_return=0.0
global_step=321428, episodic_return=0.748
global_step=321448, episodic_return=0.0
global_step=321508, episodic_return=0.829
SPS: 3256
global_step=321668, episodic_return=0.0
global_step=321696, episodic_return=0.0
global_step=321852, episodic_return=0.0
global_step=321888, episodic_return=0.9279999999999999
global_step=321912, episodic_return=0.0
SPS: 3257
global_step=322072, episodic_return=0.0
global_step=322100, episodic_return=0.0
global_step=322292, episodic_return=0.0
global_step=322316, episodic_return=0.0
global_step=322364, episodic_return=0.901
global_step=322388, episodic_return=0.7929999999999999
global_step=322476, episodic_return=0.0
global_step=322504, episodic_return=0.0
global_step=322512, episodic_return=0.991
SPS: 3257
global_step=322768, episodic_return=0.0
global_step=322792, episodic_return=0.0
global_step=322880, episodic_return=0.0
global_step=322916, episodic_return=0.0
SPS: 3258
global_step=323172, episodic_return=0.0
global_step=323196, episodic_return=0.0
global_step=323284, episodic_return=0.0
global_step=323320, episodic_return=0.0
global_step=323524, episodic_return=0.469
global_step=323576, episodic_return=0.0
SPS: 3258
global_step=323600, episodic_return=0.0
global_step=323704, episodic_return=0.775
global_step=323724, episodic_return=0.0
global_step=323928, episodic_return=0.0
global_step=323980, episodic_return=0.0
global_step=324032, episodic_return=0.775
SPS: 3258
global_step=324108, episodic_return=0.0
global_step=324128, episodic_return=0.0
global_step=324148, episodic_return=0.919
global_step=324236, episodic_return=0.8109999999999999
global_step=324384, episodic_return=0.0
global_step=324436, episodic_return=0.0
global_step=324436, episodic_return=0.31599999999999995
global_step=324564, episodic_return=0.721
SPS: 3258
global_step=324640, episodic_return=0.0
global_step=324788, episodic_return=0.0
global_step=324840, episodic_return=0.0
global_step=324916, episodic_return=0.838
global_step=324968, episodic_return=0.0
global_step=325044, episodic_return=0.0
global_step=325112, episodic_return=0.856
SPS: 3259
global_step=325192, episodic_return=0.0
global_step=325232, episodic_return=0.4149999999999999
global_step=325320, episodic_return=0.0
global_step=325516, episodic_return=0.0
global_step=325572, episodic_return=0.883
global_step=325596, episodic_return=0.0
SPS: 3259
global_step=325636, episodic_return=0.0
global_step=325724, episodic_return=0.0
global_step=325936, episodic_return=0.244
global_step=325976, episodic_return=0.0
global_step=326040, episodic_return=0.0
global_step=326128, episodic_return=0.0
SPS: 3259
global_step=326220, episodic_return=0.604
global_step=326340, episodic_return=0.0
global_step=326380, episodic_return=0.0
global_step=326472, episodic_return=0.712
global_step=326532, episodic_return=0.0
global_step=326624, episodic_return=0.0
global_step=326632, episodic_return=0.991
global_step=326632, episodic_return=0.784
SPS: 3260
global_step=326784, episodic_return=0.0
global_step=326876, episodic_return=0.0
global_step=326916, episodic_return=0.919
global_step=326940, episodic_return=0.955
global_step=327036, episodic_return=0.0
global_step=327036, episodic_return=0.0
SPS: 3260
global_step=327188, episodic_return=0.0
global_step=327200, episodic_return=0.982
global_step=327244, episodic_return=0.91
global_step=327284, episodic_return=0.919
global_step=327344, episodic_return=0.0
global_step=327440, episodic_return=0.0
global_step=327440, episodic_return=0.0
global_step=327456, episodic_return=0.973
global_step=327492, episodic_return=0.6759999999999999
global_step=327636, episodic_return=0.604
SPS: 3260
global_step=327688, episodic_return=0.0
global_step=327844, episodic_return=0.0
global_step=327896, episodic_return=0.0
global_step=327948, episodic_return=0.892
global_step=328040, episodic_return=0.0
global_step=328092, episodic_return=0.0
global_step=328188, episodic_return=0.6759999999999999
SPS: 3261
global_step=328248, episodic_return=0.0
global_step=328352, episodic_return=0.0
global_step=328496, episodic_return=0.0
global_step=328592, episodic_return=0.0
global_step=328652, episodic_return=0.0
SPS: 3261
global_step=328756, episodic_return=0.0
global_step=328824, episodic_return=0.622
global_step=328900, episodic_return=0.0
global_step=328996, episodic_return=0.0
global_step=329088, episodic_return=0.4149999999999999
global_step=329160, episodic_return=0.0
SPS: 3261
global_step=329264, episodic_return=0.775
global_step=329304, episodic_return=0.0
global_step=329400, episodic_return=0.0
global_step=329492, episodic_return=0.0
global_step=329668, episodic_return=0.0
global_step=329708, episodic_return=0.0
global_step=329712, episodic_return=0.514
SPS: 3262
global_step=329804, episodic_return=0.0
global_step=329852, episodic_return=0.685
global_step=329924, episodic_return=0.43299999999999994
global_step=329964, episodic_return=0.44199999999999995
global_step=330004, episodic_return=0.919
global_step=330208, episodic_return=0.0
SPS: 3262
global_step=330256, episodic_return=0.0
global_step=330264, episodic_return=0.883
global_step=330328, episodic_return=0.0
global_step=330372, episodic_return=0.748
global_step=330408, episodic_return=0.0
global_step=330668, episodic_return=0.0
global_step=330704, episodic_return=0.9279999999999999
global_step=330732, episodic_return=0.0
SPS: 3262
global_step=330776, episodic_return=0.0
global_step=330812, episodic_return=0.0
global_step=331108, episodic_return=0.0
global_step=331136, episodic_return=0.0
global_step=331180, episodic_return=0.0
global_step=331216, episodic_return=0.0
global_step=331252, episodic_return=0.847
SPS: 3263
global_step=331368, episodic_return=0.748
global_step=331512, episodic_return=0.0
global_step=331540, episodic_return=0.0
global_step=331620, episodic_return=0.0
global_step=331772, episodic_return=0.0
SPS: 3262
global_step=331784, episodic_return=0.6399999999999999
global_step=331916, episodic_return=0.0
global_step=331944, episodic_return=0.0
global_step=331976, episodic_return=0.874
global_step=332160, episodic_return=0.5229999999999999
global_step=332176, episodic_return=0.0
global_step=332188, episodic_return=0.0
SPS: 3263
global_step=332380, episodic_return=0.0
global_step=332564, episodic_return=0.0
global_step=332572, episodic_return=0.577
global_step=332580, episodic_return=0.0
global_step=332592, episodic_return=0.0
global_step=332620, episodic_return=0.946
global_step=332624, episodic_return=0.874
SPS: 3263
global_step=332976, episodic_return=0.0
global_step=332984, episodic_return=0.0
global_step=333008, episodic_return=0.9369999999999999
global_step=333024, episodic_return=0.0
global_step=333028, episodic_return=0.0
global_step=333300, episodic_return=0.352
SPS: 3263
global_step=333388, episodic_return=0.0
global_step=333416, episodic_return=0.946
global_step=333428, episodic_return=0.0
global_step=333432, episodic_return=0.0
global_step=333704, episodic_return=0.0
global_step=333736, episodic_return=0.32499999999999996
global_step=333820, episodic_return=0.0
SPS: 3264
global_step=333832, episodic_return=0.0
global_step=334108, episodic_return=0.0
global_step=334140, episodic_return=0.0
global_step=334224, episodic_return=0.0
global_step=334236, episodic_return=0.0
SPS: 3264
global_step=334344, episodic_return=0.739
global_step=334380, episodic_return=0.9279999999999999
global_step=334480, episodic_return=0.244
global_step=334512, episodic_return=0.0
global_step=334524, episodic_return=0.91
global_step=334640, episodic_return=0.0
global_step=334700, episodic_return=0.874
global_step=334784, episodic_return=0.0
SPS: 3264
global_step=334916, episodic_return=0.0
global_step=334928, episodic_return=0.0
global_step=335104, episodic_return=0.0
global_step=335188, episodic_return=0.0
global_step=335320, episodic_return=0.0
global_step=335332, episodic_return=0.0
SPS: 3264
global_step=335508, episodic_return=0.0
global_step=335584, episodic_return=0.44199999999999995
global_step=335592, episodic_return=0.0
global_step=335616, episodic_return=0.955
global_step=335684, episodic_return=0.613
global_step=335724, episodic_return=0.0
global_step=335828, episodic_return=0.532
SPS: 3265
global_step=335944, episodic_return=0.748
global_step=335988, episodic_return=0.0
global_step=336088, episodic_return=0.0
global_step=336100, episodic_return=0.982
global_step=336128, episodic_return=0.0
global_step=336348, episodic_return=0.0
SPS: 3265
global_step=336392, episodic_return=0.0
global_step=336504, episodic_return=0.0
global_step=336532, episodic_return=0.0
global_step=336752, episodic_return=0.0
global_step=336796, episodic_return=0.0
global_step=336836, episodic_return=0.919
SPS: 3265
global_step=336908, episodic_return=0.0
global_step=336936, episodic_return=0.0
global_step=336936, episodic_return=0.784
global_step=336984, episodic_return=0.901
global_step=337156, episodic_return=0.0
global_step=337312, episodic_return=0.0
global_step=337340, episodic_return=0.0
global_step=337388, episodic_return=0.0
SPS: 3266
global_step=337560, episodic_return=0.0
global_step=337716, episodic_return=0.0
global_step=337744, episodic_return=0.0
global_step=337792, episodic_return=0.0
global_step=337860, episodic_return=0.856
SPS: 3266
global_step=337964, episodic_return=0.0
global_step=338012, episodic_return=0.34299999999999997
global_step=338148, episodic_return=0.0
global_step=338264, episodic_return=0.0
global_step=338368, episodic_return=0.0
global_step=338416, episodic_return=0.0
SPS: 3267
global_step=338552, episodic_return=0.0
global_step=338668, episodic_return=0.0
global_step=338772, episodic_return=0.0
global_step=338820, episodic_return=0.0
SPS: 3267
global_step=338956, episodic_return=0.0
global_step=339072, episodic_return=0.0
global_step=339176, episodic_return=0.0
global_step=339224, episodic_return=0.0
global_step=339360, episodic_return=0.0
global_step=339372, episodic_return=0.6759999999999999
global_step=339380, episodic_return=0.964
global_step=339380, episodic_return=0.55
SPS: 3267
global_step=339476, episodic_return=0.0
global_step=339588, episodic_return=0.757
global_step=339776, episodic_return=0.0
global_step=339784, episodic_return=0.0
global_step=339784, episodic_return=0.0
global_step=339828, episodic_return=0.892
global_step=339872, episodic_return=0.91
global_step=339908, episodic_return=0.73
global_step=339920, episodic_return=0.901
SPS: 3267
global_step=339992, episodic_return=0.0
global_step=340048, episodic_return=0.4149999999999999
global_step=340104, episodic_return=0.5680000000000001
global_step=340324, episodic_return=0.0
global_step=340396, episodic_return=0.0
global_step=340452, episodic_return=0.0
SPS: 3268
global_step=340508, episodic_return=0.0
global_step=340728, episodic_return=0.0
global_step=340740, episodic_return=0.361
global_step=340796, episodic_return=0.856
global_step=340800, episodic_return=0.0
global_step=340912, episodic_return=0.0
SPS: 3268
global_step=341072, episodic_return=0.3879999999999999
global_step=341144, episodic_return=0.0
global_step=341204, episodic_return=0.0
global_step=341276, episodic_return=0.712
global_step=341316, episodic_return=0.0
global_step=341316, episodic_return=0.757
global_step=341444, episodic_return=0.721
global_step=341444, episodic_return=0.17199999999999993
global_step=341468, episodic_return=0.955
SPS: 3268
global_step=341680, episodic_return=0.0
global_step=341720, episodic_return=0.0
global_step=341820, episodic_return=0.21699999999999997
global_step=341848, episodic_return=0.0
global_step=341876, episodic_return=0.883
SPS: 3269
global_step=342084, episodic_return=0.0
global_step=342124, episodic_return=0.0
global_step=342216, episodic_return=0.712
global_step=342252, episodic_return=0.0
global_step=342264, episodic_return=0.136
global_step=342288, episodic_return=0.955
global_step=342528, episodic_return=0.0
SPS: 3269
global_step=342620, episodic_return=0.0
global_step=342656, episodic_return=0.0
global_step=342692, episodic_return=0.0
global_step=342820, episodic_return=0.5589999999999999
global_step=342932, episodic_return=0.0
global_step=342976, episodic_return=0.37
SPS: 3269
global_step=343060, episodic_return=0.0
global_step=343224, episodic_return=0.0
global_step=343336, episodic_return=0.0
global_step=343380, episodic_return=0.0
global_step=343464, episodic_return=0.0
SPS: 3270
global_step=343628, episodic_return=0.0
global_step=343716, episodic_return=0.8109999999999999
global_step=343740, episodic_return=0.0
global_step=343784, episodic_return=0.0
global_step=343868, episodic_return=0.0
global_step=344044, episodic_return=0.613
SPS: 3270
global_step=344120, episodic_return=0.0
global_step=344144, episodic_return=0.0
global_step=344188, episodic_return=0.0
global_step=344448, episodic_return=0.0
global_step=344512, episodic_return=0.865
global_step=344524, episodic_return=0.0
global_step=344548, episodic_return=0.0
SPS: 3270
global_step=344592, episodic_return=0.0
global_step=344720, episodic_return=0.721
global_step=344760, episodic_return=0.919
global_step=344916, episodic_return=0.0
global_step=344928, episodic_return=0.0
global_step=344952, episodic_return=0.0
global_step=344972, episodic_return=0.883
global_step=345004, episodic_return=0.9369999999999999
global_step=345028, episodic_return=0.955
global_step=345080, episodic_return=0.721
SPS: 3270
global_step=345108, episodic_return=0.829
global_step=345164, episodic_return=0.0
global_step=345196, episodic_return=0.748
global_step=345236, episodic_return=0.919
global_step=345244, episodic_return=0.703
global_step=345332, episodic_return=0.0
global_step=345492, episodic_return=0.45099999999999996
global_step=345568, episodic_return=0.0
SPS: 3271
global_step=345640, episodic_return=0.0
global_step=345736, episodic_return=0.0
global_step=345896, episodic_return=0.0
global_step=345920, episodic_return=0.955
global_step=345972, episodic_return=0.0
global_step=346044, episodic_return=0.0
SPS: 3271
global_step=346140, episodic_return=0.0
global_step=346176, episodic_return=0.9279999999999999
global_step=346324, episodic_return=0.0
global_step=346376, episodic_return=0.0
global_step=346444, episodic_return=0.739
global_step=346448, episodic_return=0.0
global_step=346580, episodic_return=0.0
SPS: 3271
global_step=346780, episodic_return=0.0
global_step=346848, episodic_return=0.0
global_step=346852, episodic_return=0.0
global_step=346984, episodic_return=0.0
global_step=347028, episodic_return=0.91
SPS: 3272
global_step=347184, episodic_return=0.0
global_step=347252, episodic_return=0.0
global_step=347256, episodic_return=0.0
global_step=347432, episodic_return=0.0
global_step=347588, episodic_return=0.0
global_step=347624, episodic_return=0.577
SPS: 3272
global_step=347656, episodic_return=0.0
global_step=347660, episodic_return=0.0
global_step=347992, episodic_return=0.0
global_step=348028, episodic_return=0.0
global_step=348060, episodic_return=0.0
global_step=348064, episodic_return=0.0
SPS: 3272
global_step=348396, episodic_return=0.0
global_step=348432, episodic_return=0.0
global_step=348464, episodic_return=0.0
global_step=348468, episodic_return=0.0
SPS: 3273
global_step=348800, episodic_return=0.0
global_step=348836, episodic_return=0.0
global_step=348868, episodic_return=0.0
global_step=348872, episodic_return=0.0
global_step=348900, episodic_return=0.946
global_step=348972, episodic_return=0.775
SPS: 3271
global_step=349204, episodic_return=0.0
global_step=349240, episodic_return=0.0
global_step=349304, episodic_return=0.0
global_step=349376, episodic_return=0.0
global_step=349412, episodic_return=0.9279999999999999
global_step=349608, episodic_return=0.0
global_step=349644, episodic_return=0.0
SPS: 3272
global_step=349708, episodic_return=0.0
global_step=349816, episodic_return=0.0
global_step=350012, episodic_return=0.0
global_step=350048, episodic_return=0.0
global_step=350112, episodic_return=0.0
global_step=350116, episodic_return=0.856
SPS: 3272
global_step=350220, episodic_return=0.0
global_step=350416, episodic_return=0.0
global_step=350516, episodic_return=0.0
global_step=350520, episodic_return=0.0
global_step=350624, episodic_return=0.0
SPS: 3273
global_step=350820, episodic_return=0.0
global_step=350920, episodic_return=0.0
global_step=350924, episodic_return=0.0
global_step=351028, episodic_return=0.0
global_step=351224, episodic_return=0.0
SPS: 3273
global_step=351324, episodic_return=0.0
global_step=351328, episodic_return=0.0
global_step=351432, episodic_return=0.0
global_step=351596, episodic_return=0.17199999999999993
global_step=351616, episodic_return=0.964
global_step=351728, episodic_return=0.0
global_step=351732, episodic_return=0.0
SPS: 3273
global_step=351836, episodic_return=0.0
global_step=352020, episodic_return=0.0
global_step=352132, episodic_return=0.0
global_step=352136, episodic_return=0.0
global_step=352240, episodic_return=0.0
SPS: 3273
global_step=352292, episodic_return=0.3969999999999999
global_step=352536, episodic_return=0.0
global_step=352540, episodic_return=0.0
global_step=352580, episodic_return=0.91
global_step=352644, episodic_return=0.0
global_step=352696, episodic_return=0.0
global_step=352716, episodic_return=0.964
SPS: 3274
global_step=352944, episodic_return=0.0
global_step=352984, episodic_return=0.0
global_step=353048, episodic_return=0.0
global_step=353080, episodic_return=0.9369999999999999
global_step=353120, episodic_return=0.0
SPS: 3274
global_step=353348, episodic_return=0.0
global_step=353388, episodic_return=0.0
global_step=353484, episodic_return=0.0
global_step=353524, episodic_return=0.0
global_step=353752, episodic_return=0.0
global_step=353792, episodic_return=0.0
SPS: 3274
global_step=353888, episodic_return=0.0
global_step=353928, episodic_return=0.0
global_step=354156, episodic_return=0.0
global_step=354176, episodic_return=0.14500000000000002
global_step=354292, episodic_return=0.0
SPS: 3275
global_step=354332, episodic_return=0.0
global_step=354560, episodic_return=0.0
global_step=354564, episodic_return=0.487
global_step=354580, episodic_return=0.0
global_step=354696, episodic_return=0.0
SPS: 3275
global_step=354948, episodic_return=0.136
global_step=354968, episodic_return=0.0
global_step=354984, episodic_return=0.0
global_step=355100, episodic_return=0.0
SPS: 3275
global_step=355352, episodic_return=0.0
global_step=355372, episodic_return=0.0
global_step=355388, episodic_return=0.0
global_step=355504, episodic_return=0.0
global_step=355756, episodic_return=0.0
global_step=355776, episodic_return=0.0
global_step=355792, episodic_return=0.0
global_step=355824, episodic_return=0.9369999999999999
SPS: 3275
global_step=355908, episodic_return=0.0
global_step=355948, episodic_return=0.622
global_step=356160, episodic_return=0.0
global_step=356228, episodic_return=0.0
global_step=356312, episodic_return=0.0
global_step=356352, episodic_return=0.0
SPS: 3276
global_step=356564, episodic_return=0.0
global_step=356632, episodic_return=0.0
global_step=356712, episodic_return=0.829
global_step=356716, episodic_return=0.0
global_step=356724, episodic_return=0.991
global_step=356756, episodic_return=0.0
SPS: 3276
global_step=356968, episodic_return=0.0
global_step=357116, episodic_return=0.0
global_step=357128, episodic_return=0.0
global_step=357160, episodic_return=0.0
global_step=357372, episodic_return=0.0
SPS: 3276
global_step=357520, episodic_return=0.0
global_step=357532, episodic_return=0.0
global_step=357552, episodic_return=0.9369999999999999
global_step=357564, episodic_return=0.0
global_step=357640, episodic_return=0.838
global_step=357776, episodic_return=0.0
SPS: 3277
global_step=357936, episodic_return=0.0
global_step=357956, episodic_return=0.0
global_step=358044, episodic_return=0.0
global_step=358180, episodic_return=0.0
global_step=358340, episodic_return=0.0
global_step=358360, episodic_return=0.0
global_step=358400, episodic_return=0.874
SPS: 3277
global_step=358432, episodic_return=0.847
global_step=358448, episodic_return=0.0
global_step=358484, episodic_return=0.9279999999999999
global_step=358584, episodic_return=0.0
global_step=358804, episodic_return=0.0
global_step=358836, episodic_return=0.0
global_step=358888, episodic_return=0.0
global_step=358908, episodic_return=0.964
SPS: 3277
global_step=358936, episodic_return=0.21699999999999997
global_step=359208, episodic_return=0.0
global_step=359240, episodic_return=0.0
global_step=359276, episodic_return=0.244
global_step=359312, episodic_return=0.0
SPS: 3277
global_step=359612, episodic_return=0.0
global_step=359644, episodic_return=0.0
global_step=359680, episodic_return=0.0
global_step=359716, episodic_return=0.0
global_step=359808, episodic_return=0.6399999999999999
SPS: 3278
global_step=360016, episodic_return=0.0
global_step=360084, episodic_return=0.0
global_step=360120, episodic_return=0.0
global_step=360212, episodic_return=0.0
global_step=360420, episodic_return=0.0
SPS: 3278
global_step=360488, episodic_return=0.0
global_step=360524, episodic_return=0.0
global_step=360616, episodic_return=0.0
global_step=360636, episodic_return=0.6759999999999999
global_step=360640, episodic_return=0.514
global_step=360696, episodic_return=0.829
global_step=360928, episodic_return=0.0
SPS: 3278
global_step=361040, episodic_return=0.0
global_step=361044, episodic_return=0.0
global_step=361100, episodic_return=0.0
global_step=361332, episodic_return=0.0
global_step=361444, episodic_return=0.0
global_step=361448, episodic_return=0.0
global_step=361472, episodic_return=0.694
SPS: 3279
global_step=361504, episodic_return=0.0
global_step=361848, episodic_return=0.0
global_step=361852, episodic_return=0.0
global_step=361876, episodic_return=0.0
global_step=361908, episodic_return=0.0
global_step=361956, episodic_return=0.901
SPS: 3279
global_step=362252, episodic_return=0.0
global_step=362256, episodic_return=0.0
global_step=362280, episodic_return=0.0
global_step=362360, episodic_return=0.0
SPS: 3279
global_step=362656, episodic_return=0.0
global_step=362660, episodic_return=0.0
global_step=362684, episodic_return=0.0
global_step=362764, episodic_return=0.0
SPS: 3280
global_step=363060, episodic_return=0.0
global_step=363064, episodic_return=0.0
global_step=363088, episodic_return=0.0
global_step=363168, episodic_return=0.0
global_step=363232, episodic_return=0.631
global_step=363420, episodic_return=0.19899999999999995
global_step=363492, episodic_return=0.0
SPS: 3280
global_step=363572, episodic_return=0.0
global_step=363636, episodic_return=0.0
global_step=363824, episodic_return=0.0
global_step=363896, episodic_return=0.0
global_step=363976, episodic_return=0.0
SPS: 3280
global_step=364040, episodic_return=0.0
global_step=364228, episodic_return=0.0
global_step=364300, episodic_return=0.0
global_step=364380, episodic_return=0.0
global_step=364444, episodic_return=0.0
SPS: 3280
global_step=364632, episodic_return=0.0
global_step=364704, episodic_return=0.0
global_step=364784, episodic_return=0.0
global_step=364848, episodic_return=0.0
global_step=364868, episodic_return=0.82
global_step=364928, episodic_return=0.874
global_step=365036, episodic_return=0.0
SPS: 3281
global_step=365108, episodic_return=0.0
global_step=365252, episodic_return=0.0
global_step=365332, episodic_return=0.0
global_step=365440, episodic_return=0.0
global_step=365472, episodic_return=0.9369999999999999
global_step=365496, episodic_return=0.955
global_step=365508, episodic_return=0.613
global_step=365512, episodic_return=0.0
SPS: 3281
global_step=365632, episodic_return=0.739
global_step=365656, episodic_return=0.0
global_step=365900, episodic_return=0.0
global_step=365912, episodic_return=0.0
global_step=366036, episodic_return=0.0
global_step=366060, episodic_return=0.0
SPS: 3281
global_step=366220, episodic_return=0.2889999999999999
global_step=366316, episodic_return=0.0
global_step=366440, episodic_return=0.0
global_step=366464, episodic_return=0.0
SPS: 3280
global_step=366624, episodic_return=0.0
global_step=366720, episodic_return=0.0
global_step=366844, episodic_return=0.0
global_step=366868, episodic_return=0.0
global_step=367028, episodic_return=0.0
SPS: 3280
global_step=367124, episodic_return=0.0
global_step=367248, episodic_return=0.0
global_step=367272, episodic_return=0.0
global_step=367288, episodic_return=0.973
global_step=367424, episodic_return=0.613
global_step=367432, episodic_return=0.0
global_step=367528, episodic_return=0.0
SPS: 3280
global_step=367652, episodic_return=0.73
global_step=367668, episodic_return=0.973
global_step=367692, episodic_return=0.0
global_step=367828, episodic_return=0.0
global_step=367836, episodic_return=0.0
global_step=368072, episodic_return=0.0
global_step=368096, episodic_return=0.0
SPS: 3281
global_step=368232, episodic_return=0.0
global_step=368240, episodic_return=0.0
global_step=368476, episodic_return=0.0
global_step=368500, episodic_return=0.0
global_step=368636, episodic_return=0.0
SPS: 3281
global_step=368644, episodic_return=0.0
global_step=368880, episodic_return=0.0
global_step=368904, episodic_return=0.0
global_step=369040, episodic_return=0.0
global_step=369048, episodic_return=0.0
SPS: 3281
global_step=369284, episodic_return=0.0
global_step=369308, episodic_return=0.0
global_step=369444, episodic_return=0.0
global_step=369452, episodic_return=0.0
global_step=369620, episodic_return=0.613
global_step=369632, episodic_return=0.982
SPS: 3282
global_step=369688, episodic_return=0.0
global_step=369712, episodic_return=0.0
global_step=369824, episodic_return=0.757
global_step=369856, episodic_return=0.0
global_step=369888, episodic_return=0.5589999999999999
global_step=370036, episodic_return=0.0
global_step=370108, episodic_return=0.847
SPS: 3282
global_step=370228, episodic_return=0.0
global_step=370260, episodic_return=0.0
global_step=370292, episodic_return=0.0
global_step=370512, episodic_return=0.0
global_step=370632, episodic_return=0.0
global_step=370664, episodic_return=0.0
SPS: 3282
global_step=370696, episodic_return=0.0
global_step=370916, episodic_return=0.0
global_step=371036, episodic_return=0.0
global_step=371068, episodic_return=0.0
global_step=371100, episodic_return=0.0
SPS: 3283
global_step=371208, episodic_return=0.766
global_step=371228, episodic_return=0.577
global_step=371256, episodic_return=0.946
global_step=371320, episodic_return=0.0
global_step=371424, episodic_return=0.775
global_step=371472, episodic_return=0.0
global_step=371472, episodic_return=0.901
global_step=371612, episodic_return=0.0
global_step=371660, episodic_return=0.0
global_step=371684, episodic_return=0.955
SPS: 3283
global_step=371876, episodic_return=0.0
global_step=371876, episodic_return=0.0
global_step=371944, episodic_return=0.856
global_step=372016, episodic_return=0.0
global_step=372088, episodic_return=0.0
global_step=372108, episodic_return=0.802
global_step=372152, episodic_return=0.865
SPS: 3283
global_step=372280, episodic_return=0.0
global_step=372348, episodic_return=0.0
global_step=372512, episodic_return=0.0
global_step=372556, episodic_return=0.0
global_step=372684, episodic_return=0.0
global_step=372696, episodic_return=0.694
global_step=372696, episodic_return=0.982
SPS: 3283
global_step=372744, episodic_return=0.901
global_step=372752, episodic_return=0.0
global_step=372872, episodic_return=0.613
global_step=372916, episodic_return=0.0
global_step=373148, episodic_return=0.0
global_step=373156, episodic_return=0.0
global_step=373168, episodic_return=0.44199999999999995
SPS: 3283
global_step=373276, episodic_return=0.0
global_step=373304, episodic_return=0.6759999999999999
global_step=373552, episodic_return=0.0
global_step=373572, episodic_return=0.0
global_step=373640, episodic_return=0.856
global_step=373680, episodic_return=0.0
global_step=373688, episodic_return=0.901
global_step=373708, episodic_return=0.0
SPS: 3284
global_step=373796, episodic_return=0.748
global_step=373956, episodic_return=0.0
global_step=374092, episodic_return=0.0
global_step=374112, episodic_return=0.0
global_step=374200, episodic_return=0.0
SPS: 3284
global_step=374360, episodic_return=0.0
global_step=374496, episodic_return=0.0
global_step=374516, episodic_return=0.0
global_step=374604, episodic_return=0.0
global_step=374764, episodic_return=0.0
SPS: 3284
global_step=374816, episodic_return=0.532
global_step=374900, episodic_return=0.0
global_step=374920, episodic_return=0.0
global_step=374964, episodic_return=0.5589999999999999
global_step=375152, episodic_return=0.586
global_step=375220, episodic_return=0.0
SPS: 3284
global_step=375304, episodic_return=0.0
global_step=375324, episodic_return=0.0
global_step=375404, episodic_return=0.595
global_step=375428, episodic_return=0.73
global_step=375556, episodic_return=0.0
global_step=375652, episodic_return=0.45099999999999996
global_step=375728, episodic_return=0.0
SPS: 3285
global_step=375832, episodic_return=0.0
global_step=375960, episodic_return=0.0
global_step=376056, episodic_return=0.0
global_step=376132, episodic_return=0.0
global_step=376236, episodic_return=0.0
SPS: 3285
global_step=376364, episodic_return=0.0
global_step=376388, episodic_return=0.667
global_step=376460, episodic_return=0.0
global_step=376508, episodic_return=0.685
global_step=376536, episodic_return=0.0
global_step=376792, episodic_return=0.0
SPS: 3286
global_step=376864, episodic_return=0.0
global_step=376888, episodic_return=0.7929999999999999
global_step=376912, episodic_return=0.0
global_step=376932, episodic_return=0.856
global_step=376940, episodic_return=0.09999999999999998
global_step=377292, episodic_return=0.0
global_step=377316, episodic_return=0.0
global_step=377336, episodic_return=0.0
global_step=377344, episodic_return=0.0
global_step=377344, episodic_return=0.892
SPS: 3286
global_step=377720, episodic_return=0.0
global_step=377740, episodic_return=0.0
global_step=377748, episodic_return=0.0
global_step=377748, episodic_return=0.0
global_step=377764, episodic_return=0.973
SPS: 3286
global_step=377932, episodic_return=0.532
global_step=377952, episodic_return=0.532
global_step=377984, episodic_return=0.514
global_step=378012, episodic_return=0.874
global_step=378044, episodic_return=0.757
global_step=378132, episodic_return=0.8109999999999999
global_step=378152, episodic_return=0.0
global_step=378224, episodic_return=0.532
SPS: 3286
global_step=378388, episodic_return=0.0
global_step=378536, episodic_return=0.0
global_step=378556, episodic_return=0.0
global_step=378628, episodic_return=0.0
global_step=378692, episodic_return=0.865
global_step=378792, episodic_return=0.0
SPS: 3287
global_step=378940, episodic_return=0.0
global_step=378960, episodic_return=0.0
global_step=378976, episodic_return=0.9279999999999999
global_step=379096, episodic_return=0.0
global_step=379196, episodic_return=0.0
global_step=379248, episodic_return=0.667
global_step=379364, episodic_return=0.0
global_step=379380, episodic_return=0.0
SPS: 3287
global_step=379600, episodic_return=0.0
global_step=379652, episodic_return=0.0
global_step=379768, episodic_return=0.0
global_step=379784, episodic_return=0.0
SPS: 3287
global_step=380004, episodic_return=0.0
global_step=380056, episodic_return=0.0
global_step=380172, episodic_return=0.0
global_step=380188, episodic_return=0.0
global_step=380244, episodic_return=0.883
global_step=380356, episodic_return=0.757
global_step=380408, episodic_return=0.0
SPS: 3287
global_step=380460, episodic_return=0.0
global_step=380476, episodic_return=0.739
global_step=380516, episodic_return=0.919
global_step=380540, episodic_return=0.829
global_step=380576, episodic_return=0.0
global_step=380620, episodic_return=0.91
global_step=380624, episodic_return=0.82
global_step=380680, episodic_return=0.3969999999999999
global_step=380920, episodic_return=0.0
SPS: 3287
global_step=381024, episodic_return=0.0
global_step=381028, episodic_return=0.0
global_step=381084, episodic_return=0.0
global_step=381104, episodic_return=0.838
global_step=381108, episodic_return=0.955
global_step=381120, episodic_return=0.7929999999999999
global_step=381324, episodic_return=0.0
global_step=381388, episodic_return=0.865
SPS: 3287
global_step=381508, episodic_return=0.0
global_step=381512, episodic_return=0.0
global_step=381524, episodic_return=0.0
global_step=381536, episodic_return=0.946
global_step=381552, episodic_return=0.919
global_step=381748, episodic_return=0.532
global_step=381792, episodic_return=0.0
global_step=381820, episodic_return=0.847
global_step=381872, episodic_return=0.829
global_step=381892, episodic_return=0.964
global_step=381928, episodic_return=0.0
global_step=381952, episodic_return=0.955
SPS: 3287
global_step=381956, episodic_return=0.0
global_step=381996, episodic_return=0.613
global_step=382296, episodic_return=0.0
global_step=382356, episodic_return=0.0
global_step=382360, episodic_return=0.0
global_step=382400, episodic_return=0.0
SPS: 3288
global_step=382700, episodic_return=0.0
global_step=382756, episodic_return=0.883
global_step=382760, episodic_return=0.0
global_step=382764, episodic_return=0.0
global_step=382804, episodic_return=0.0
global_step=382868, episodic_return=0.766
global_step=382956, episodic_return=0.5589999999999999
SPS: 3288
global_step=383168, episodic_return=0.0
global_step=383208, episodic_return=0.0
global_step=383272, episodic_return=0.0
global_step=383360, episodic_return=0.0
SPS: 3288
global_step=383572, episodic_return=0.0
global_step=383612, episodic_return=0.0
global_step=383676, episodic_return=0.0
global_step=383764, episodic_return=0.0
global_step=383968, episodic_return=0.55
global_step=383976, episodic_return=0.0
SPS: 3288
global_step=384016, episodic_return=0.0
global_step=384016, episodic_return=0.919
global_step=384080, episodic_return=0.0
global_step=384124, episodic_return=0.91
global_step=384244, episodic_return=0.4959999999999999
global_step=384372, episodic_return=0.0
global_step=384420, episodic_return=0.0
SPS: 3288
global_step=384528, episodic_return=0.0
global_step=384648, episodic_return=0.0
global_step=384776, episodic_return=0.0
global_step=384824, episodic_return=0.0
global_step=384932, episodic_return=0.0
SPS: 3288
global_step=385052, episodic_return=0.0
global_step=385180, episodic_return=0.0
global_step=385228, episodic_return=0.0
global_step=385336, episodic_return=0.0
global_step=385388, episodic_return=0.649
global_step=385408, episodic_return=0.964
global_step=385456, episodic_return=0.0
global_step=385488, episodic_return=0.667
SPS: 3288
global_step=385584, episodic_return=0.0
global_step=385652, episodic_return=0.856
global_step=385760, episodic_return=0.766
global_step=385812, episodic_return=0.0
global_step=385860, episodic_return=0.0
global_step=385892, episodic_return=0.0
global_step=385984, episodic_return=0.622
SPS: 3289
global_step=386164, episodic_return=0.0
global_step=386264, episodic_return=0.0
global_step=386296, episodic_return=0.0
global_step=386308, episodic_return=0.982
global_step=386388, episodic_return=0.0
SPS: 3289
global_step=386568, episodic_return=0.0
global_step=386596, episodic_return=0.262
global_step=386712, episodic_return=0.0
global_step=386780, episodic_return=0.595
global_step=386792, episodic_return=0.0
global_step=386916, episodic_return=0.73
global_step=386972, episodic_return=0.0
SPS: 3289
global_step=387116, episodic_return=0.0
global_step=387184, episodic_return=0.0
global_step=387200, episodic_return=0.973
global_step=387320, episodic_return=0.0
global_step=387376, episodic_return=0.0
global_step=387408, episodic_return=0.9369999999999999
global_step=387520, episodic_return=0.0
SPS: 3290
global_step=387604, episodic_return=0.0
global_step=387724, episodic_return=0.0
global_step=387812, episodic_return=0.0
global_step=387924, episodic_return=0.0
global_step=388008, episodic_return=0.0
SPS: 3290
global_step=388128, episodic_return=0.0
global_step=388216, episodic_return=0.0
global_step=388324, episodic_return=0.766
global_step=388328, episodic_return=0.0
global_step=388412, episodic_return=0.0
global_step=388532, episodic_return=0.0
SPS: 3290
global_step=388728, episodic_return=0.0
global_step=388732, episodic_return=0.0
global_step=388816, episodic_return=0.0
global_step=388904, episodic_return=0.8109999999999999
global_step=388936, episodic_return=0.0
global_step=388936, episodic_return=0.9369999999999999
SPS: 3290
global_step=389132, episodic_return=0.0
global_step=389136, episodic_return=0.0
global_step=389264, episodic_return=0.2709999999999999
global_step=389340, episodic_return=0.0
global_step=389536, episodic_return=0.0
global_step=389540, episodic_return=0.0
SPS: 3291
global_step=389644, episodic_return=0.775
global_step=389668, episodic_return=0.0
global_step=389668, episodic_return=0.712
global_step=389744, episodic_return=0.0
global_step=390048, episodic_return=0.0
global_step=390072, episodic_return=0.0
global_step=390072, episodic_return=0.0
global_step=390084, episodic_return=0.9279999999999999
SPS: 3291
global_step=390148, episodic_return=0.0
global_step=390152, episodic_return=0.856
global_step=390264, episodic_return=0.757
global_step=390476, episodic_return=0.0
global_step=390476, episodic_return=0.0
global_step=390552, episodic_return=0.0
global_step=390628, episodic_return=0.667
SPS: 3291
global_step=390668, episodic_return=0.0
global_step=390880, episodic_return=0.0
global_step=390916, episodic_return=0.9279999999999999
global_step=390956, episodic_return=0.0
global_step=391032, episodic_return=0.0
global_step=391072, episodic_return=0.0
global_step=391092, episodic_return=0.874
SPS: 3292
global_step=391320, episodic_return=0.0
global_step=391360, episodic_return=0.0
global_step=391476, episodic_return=0.0
global_step=391496, episodic_return=0.0
global_step=391516, episodic_return=0.919
SPS: 3292
global_step=391724, episodic_return=0.0
global_step=391764, episodic_return=0.0
global_step=391900, episodic_return=0.0
global_step=391920, episodic_return=0.0
global_step=392052, episodic_return=0.712
global_step=392128, episodic_return=0.0
global_step=392168, episodic_return=0.0
SPS: 3292
global_step=392304, episodic_return=0.0
global_step=392340, episodic_return=0.9279999999999999
global_step=392456, episodic_return=0.0
global_step=392532, episodic_return=0.0
global_step=392572, episodic_return=0.0
global_step=392636, episodic_return=0.775
SPS: 3292
global_step=392744, episodic_return=0.0
global_step=392860, episodic_return=0.0
global_step=392976, episodic_return=0.0
global_step=393040, episodic_return=0.0
global_step=393148, episodic_return=0.0
SPS: 3292
global_step=393264, episodic_return=0.0
global_step=393372, episodic_return=0.5049999999999999
global_step=393380, episodic_return=0.0
global_step=393396, episodic_return=0.973
global_step=393444, episodic_return=0.0
global_step=393600, episodic_return=0.6579999999999999
global_step=393668, episodic_return=0.0
SPS: 3293
global_step=393776, episodic_return=0.0
global_step=393800, episodic_return=0.0
global_step=393832, episodic_return=0.487
global_step=394072, episodic_return=0.0
global_step=394180, episodic_return=0.0
global_step=394204, episodic_return=0.0
global_step=394236, episodic_return=0.0
SPS: 3293
global_step=394476, episodic_return=0.0
global_step=394584, episodic_return=0.0
global_step=394608, episodic_return=0.0
global_step=394640, episodic_return=0.0
SPS: 3293
global_step=394780, episodic_return=0.5680000000000001
global_step=394880, episodic_return=0.0
global_step=395012, episodic_return=0.0
global_step=395028, episodic_return=0.973
global_step=395044, episodic_return=0.0
global_step=395184, episodic_return=0.0
global_step=395232, episodic_return=0.586
SPS: 3293
global_step=395284, episodic_return=0.0
global_step=395284, episodic_return=0.892
global_step=395432, episodic_return=0.0
global_step=395536, episodic_return=0.44199999999999995
global_step=395588, episodic_return=0.0
global_step=395688, episodic_return=0.09999999999999998
SPS: 3294
global_step=395836, episodic_return=0.0
global_step=395940, episodic_return=0.0
global_step=395992, episodic_return=0.0
global_step=396092, episodic_return=0.0
global_step=396240, episodic_return=0.0
SPS: 3294
global_step=396344, episodic_return=0.0
global_step=396396, episodic_return=0.0
global_step=396448, episodic_return=0.892
global_step=396496, episodic_return=0.0
global_step=396644, episodic_return=0.0
global_step=396748, episodic_return=0.0
SPS: 3294
global_step=396852, episodic_return=0.0
global_step=396900, episodic_return=0.0
global_step=396932, episodic_return=0.361
global_step=396940, episodic_return=0.991
global_step=397048, episodic_return=0.766
global_step=397152, episodic_return=0.0
global_step=397256, episodic_return=0.0
global_step=397304, episodic_return=0.0
SPS: 3295
global_step=397328, episodic_return=0.847
global_step=397452, episodic_return=0.0
global_step=397520, episodic_return=0.856
global_step=397556, episodic_return=0.0
global_step=397708, episodic_return=0.0
global_step=397732, episodic_return=0.0
global_step=397772, episodic_return=0.865
SPS: 3295
global_step=397924, episodic_return=0.0
global_step=397960, episodic_return=0.0
global_step=398084, episodic_return=0.73
global_step=398136, episodic_return=0.0
global_step=398176, episodic_return=0.0
global_step=398264, episodic_return=0.604
global_step=398308, episodic_return=0.91
global_step=398328, episodic_return=0.0
SPS: 3295
global_step=398484, episodic_return=0.6579999999999999
global_step=398540, episodic_return=0.0
global_step=398580, episodic_return=0.0
global_step=398680, episodic_return=0.694
global_step=398696, episodic_return=0.973
global_step=398708, episodic_return=0.721
global_step=398712, episodic_return=0.0
global_step=398720, episodic_return=0.955
SPS: 3295
global_step=398888, episodic_return=0.0
global_step=399112, episodic_return=0.0
global_step=399116, episodic_return=0.0
global_step=399124, episodic_return=0.0
global_step=399292, episodic_return=0.0
SPS: 3295
global_step=399516, episodic_return=0.0
global_step=399520, episodic_return=0.0
global_step=399528, episodic_return=0.0
global_step=399576, episodic_return=0.883
global_step=399696, episodic_return=0.0
global_step=399700, episodic_return=0.622
global_step=399784, episodic_return=0.8109999999999999
SPS: 3295
global_step=399920, episodic_return=0.0
global_step=399980, episodic_return=0.0
global_step=400104, episodic_return=0.0
global_step=400128, episodic_return=0.955
global_step=400188, episodic_return=0.0
global_step=400324, episodic_return=0.0
global_step=400384, episodic_return=0.0
SPS: 3296
global_step=400504, episodic_return=0.739
global_step=400532, episodic_return=0.0
global_step=400548, episodic_return=0.91
global_step=400572, episodic_return=0.919
global_step=400584, episodic_return=0.118
global_step=400728, episodic_return=0.0
global_step=400864, episodic_return=0.703
global_step=400896, episodic_return=0.9369999999999999
SPS: 3296
global_step=400952, episodic_return=0.0
global_step=400976, episodic_return=0.0
global_step=400988, episodic_return=0.0
global_step=401300, episodic_return=0.0
global_step=401356, episodic_return=0.0
global_step=401380, episodic_return=0.0
global_step=401392, episodic_return=0.0
SPS: 3296
global_step=401508, episodic_return=0.748
global_step=401704, episodic_return=0.0
global_step=401760, episodic_return=0.0
global_step=401784, episodic_return=0.0
global_step=401912, episodic_return=0.0
SPS: 3295
global_step=401944, episodic_return=0.649
global_step=402020, episodic_return=0.766
global_step=402088, episodic_return=0.685
global_step=402108, episodic_return=0.0
global_step=402164, episodic_return=0.0
global_step=402240, episodic_return=0.838
global_step=402424, episodic_return=0.0
SPS: 3296
global_step=402492, episodic_return=0.0
global_step=402508, episodic_return=0.973
global_step=402512, episodic_return=0.0
global_step=402644, episodic_return=0.0
global_step=402680, episodic_return=0.9279999999999999
global_step=402828, episodic_return=0.0
global_step=402912, episodic_return=0.0
global_step=402916, episodic_return=0.0
SPS: 3296
global_step=403008, episodic_return=0.802
global_step=403084, episodic_return=0.0
global_step=403232, episodic_return=0.0
global_step=403296, episodic_return=0.361
global_step=403316, episodic_return=0.0
SPS: 3296
global_step=403488, episodic_return=0.0
global_step=403636, episodic_return=0.0
global_step=403700, episodic_return=0.0
global_step=403720, episodic_return=0.0
global_step=403892, episodic_return=0.0
SPS: 3297
global_step=404040, episodic_return=0.0
global_step=404104, episodic_return=0.0
global_step=404108, episodic_return=0.856
global_step=404124, episodic_return=0.0
global_step=404192, episodic_return=0.856
global_step=404296, episodic_return=0.0
SPS: 3297
global_step=404508, episodic_return=0.0
global_step=404512, episodic_return=0.0
global_step=404596, episodic_return=0.0
global_step=404612, episodic_return=0.784
global_step=404700, episodic_return=0.0
global_step=404912, episodic_return=0.0
SPS: 3297
global_step=405000, episodic_return=0.0
global_step=405016, episodic_return=0.0
global_step=405096, episodic_return=0.595
global_step=405104, episodic_return=0.0
global_step=405404, episodic_return=0.0
global_step=405420, episodic_return=0.0
global_step=405432, episodic_return=0.253
SPS: 3297
global_step=405508, episodic_return=0.0
global_step=405808, episodic_return=0.0
global_step=405824, episodic_return=0.0
global_step=405836, episodic_return=0.0
global_step=405884, episodic_return=0.901
global_step=405912, episodic_return=0.0
SPS: 3298
global_step=406092, episodic_return=0.5409999999999999
global_step=406212, episodic_return=0.0
global_step=406228, episodic_return=0.0
global_step=406316, episodic_return=0.0
global_step=406496, episodic_return=0.0
SPS: 3298
global_step=406616, episodic_return=0.0
global_step=406632, episodic_return=0.0
global_step=406720, episodic_return=0.0
global_step=406900, episodic_return=0.0
global_step=407020, episodic_return=0.0
global_step=407036, episodic_return=0.0
SPS: 3298
global_step=407124, episodic_return=0.0
global_step=407304, episodic_return=0.0
global_step=407424, episodic_return=0.0
global_step=407440, episodic_return=0.0
global_step=407484, episodic_return=0.91
global_step=407496, episodic_return=0.847
global_step=407528, episodic_return=0.0
SPS: 3299
global_step=407708, episodic_return=0.0
global_step=407888, episodic_return=0.0
global_step=407900, episodic_return=0.0
global_step=407932, episodic_return=0.0
SPS: 3299
global_step=408112, episodic_return=0.0
global_step=408248, episodic_return=0.19899999999999995
global_step=408304, episodic_return=0.0
global_step=408336, episodic_return=0.0
global_step=408516, episodic_return=0.0
SPS: 3299
global_step=408652, episodic_return=0.0
global_step=408708, episodic_return=0.0
global_step=408740, episodic_return=0.0
global_step=408920, episodic_return=0.0
global_step=409056, episodic_return=0.0
SPS: 3299
global_step=409112, episodic_return=0.0
global_step=409144, episodic_return=0.0
global_step=409324, episodic_return=0.0
global_step=409460, episodic_return=0.0
global_step=409516, episodic_return=0.0
global_step=409548, episodic_return=0.0
SPS: 3299
global_step=409728, episodic_return=0.0
global_step=409740, episodic_return=0.982
global_step=409812, episodic_return=0.847
global_step=409832, episodic_return=0.17199999999999993
global_step=409856, episodic_return=0.244
global_step=409952, episodic_return=0.0
global_step=410036, episodic_return=0.5049999999999999
SPS: 3300
global_step=410132, episodic_return=0.604
global_step=410236, episodic_return=0.0
global_step=410260, episodic_return=0.0
global_step=410440, episodic_return=0.0
global_step=410536, episodic_return=0.0
SPS: 3300
global_step=410640, episodic_return=0.0
global_step=410664, episodic_return=0.0
global_step=410668, episodic_return=0.946
global_step=410728, episodic_return=0.865
global_step=410844, episodic_return=0.0
global_step=410856, episodic_return=0.721
global_step=410940, episodic_return=0.0
global_step=410960, episodic_return=0.775
global_step=411008, episodic_return=0.901
global_step=411072, episodic_return=0.0
SPS: 3300
global_step=411248, episodic_return=0.0
global_step=411344, episodic_return=0.0
global_step=411412, episodic_return=0.0
global_step=411456, episodic_return=0.5409999999999999
global_step=411476, episodic_return=0.0
global_step=411512, episodic_return=0.784
global_step=411564, episodic_return=0.892
SPS: 3300
global_step=411748, episodic_return=0.0
global_step=411800, episodic_return=0.892
global_step=411860, episodic_return=0.0
global_step=411880, episodic_return=0.0
global_step=411968, episodic_return=0.0
global_step=412136, episodic_return=0.631
SPS: 3301
global_step=412204, episodic_return=0.0
global_step=412232, episodic_return=0.946
global_step=412264, episodic_return=0.0
global_step=412284, episodic_return=0.0
global_step=412316, episodic_return=0.892
global_step=412540, episodic_return=0.0
global_step=412636, episodic_return=0.0
SPS: 3301
global_step=412688, episodic_return=0.0
global_step=412720, episodic_return=0.0
global_step=412944, episodic_return=0.0
global_step=413040, episodic_return=0.0
global_step=413092, episodic_return=0.0
global_step=413124, episodic_return=0.0
global_step=413136, episodic_return=0.91
SPS: 3301
global_step=413348, episodic_return=0.0
global_step=413388, episodic_return=0.919
global_step=413444, episodic_return=0.0
global_step=413528, episodic_return=0.0
global_step=413540, episodic_return=0.0
global_step=413592, episodic_return=0.892
global_step=413688, episodic_return=0.33399999999999996
SPS: 3301
global_step=413848, episodic_return=0.0
global_step=413932, episodic_return=0.0
global_step=413996, episodic_return=0.0
global_step=414092, episodic_return=0.0
SPS: 3301
global_step=414216, episodic_return=0.73
global_step=414252, episodic_return=0.0
global_step=414336, episodic_return=0.0
global_step=414360, episodic_return=0.18999999999999995
global_step=414428, episodic_return=0.532
global_step=414656, episodic_return=0.0
SPS: 3302
global_step=414740, episodic_return=0.0
global_step=414764, episodic_return=0.0
global_step=414768, episodic_return=0.946
global_step=414832, episodic_return=0.0
global_step=415060, episodic_return=0.0
global_step=415156, episodic_return=0.127
global_step=415172, episodic_return=0.0
SPS: 3302
global_step=415236, episodic_return=0.0
global_step=415464, episodic_return=0.0
global_step=415560, episodic_return=0.0
global_step=415576, episodic_return=0.0
global_step=415640, episodic_return=0.0
SPS: 3302
global_step=415868, episodic_return=0.0
global_step=415964, episodic_return=0.0
global_step=415980, episodic_return=0.0
global_step=416044, episodic_return=0.0
global_step=416136, episodic_return=0.4059999999999999
SPS: 3302
global_step=416368, episodic_return=0.0
global_step=416384, episodic_return=0.0
global_step=416448, episodic_return=0.0
global_step=416540, episodic_return=0.0
global_step=416564, episodic_return=0.955
global_step=416584, episodic_return=0.964
global_step=416716, episodic_return=0.712
SPS: 3303
global_step=416772, episodic_return=0.0
global_step=416788, episodic_return=0.0
global_step=416852, episodic_return=0.0
global_step=417052, episodic_return=0.5589999999999999
global_step=417120, episodic_return=0.0
global_step=417176, episodic_return=0.0
global_step=417192, episodic_return=0.0
SPS: 3303
global_step=417456, episodic_return=0.0
global_step=417524, episodic_return=0.0
global_step=417580, episodic_return=0.0
global_step=417596, episodic_return=0.0
global_step=417616, episodic_return=0.964
global_step=417616, episodic_return=0.9279999999999999
global_step=417616, episodic_return=0.802
global_step=417728, episodic_return=0.757
SPS: 3303
global_step=417860, episodic_return=0.0
global_step=418020, episodic_return=0.0
global_step=418020, episodic_return=0.0
global_step=418100, episodic_return=0.829
global_step=418132, episodic_return=0.0
global_step=418140, episodic_return=0.739
global_step=418264, episodic_return=0.0
SPS: 3303
global_step=418504, episodic_return=0.0
global_step=418536, episodic_return=0.0
global_step=418544, episodic_return=0.0
global_step=418588, episodic_return=0.82
global_step=418600, episodic_return=0.253
global_step=418724, episodic_return=0.586
SPS: 3303
global_step=418948, episodic_return=0.0
global_step=418992, episodic_return=0.0
global_step=419004, episodic_return=0.0
global_step=419084, episodic_return=0.703
global_step=419128, episodic_return=0.0
SPS: 3303
global_step=419360, episodic_return=0.3879999999999999
global_step=419396, episodic_return=0.0
global_step=419408, episodic_return=0.0
global_step=419424, episodic_return=0.973
global_step=419452, episodic_return=0.883
global_step=419532, episodic_return=0.0
global_step=419764, episodic_return=0.0
global_step=419828, episodic_return=0.0
SPS: 3303
global_step=419856, episodic_return=0.0
global_step=419904, episodic_return=0.694
global_step=419936, episodic_return=0.0
global_step=420076, episodic_return=0.694
global_step=420188, episodic_return=0.757
global_step=420232, episodic_return=0.0
global_step=420260, episodic_return=0.0
global_step=420280, episodic_return=0.901
global_step=420296, episodic_return=0.127
global_step=420336, episodic_return=0.838
SPS: 3303
global_step=420592, episodic_return=0.0
global_step=420684, episodic_return=0.0
global_step=420700, episodic_return=0.0
global_step=420740, episodic_return=0.0
global_step=420768, episodic_return=0.856
SPS: 3304
global_step=420996, episodic_return=0.0
global_step=421072, episodic_return=0.838
global_step=421088, episodic_return=0.0
global_step=421088, episodic_return=0.973
global_step=421144, episodic_return=0.0
global_step=421172, episodic_return=0.0
SPS: 3304
global_step=421492, episodic_return=0.0
global_step=421492, episodic_return=0.0
global_step=421548, episodic_return=0.0
global_step=421576, episodic_return=0.0
global_step=421816, episodic_return=0.2799999999999999
SPS: 3304
global_step=421896, episodic_return=0.0
global_step=421952, episodic_return=0.0
global_step=421980, episodic_return=0.0
global_step=422220, episodic_return=0.0
global_step=422300, episodic_return=0.0
global_step=422356, episodic_return=0.0
global_step=422384, episodic_return=0.0
SPS: 3305
global_step=422624, episodic_return=0.0
global_step=422704, episodic_return=0.0
global_step=422760, episodic_return=0.0
global_step=422788, episodic_return=0.0
SPS: 3305
global_step=423028, episodic_return=0.0
global_step=423108, episodic_return=0.0
global_step=423164, episodic_return=0.0
global_step=423192, episodic_return=0.0
global_step=423264, episodic_return=0.847
SPS: 3305
global_step=423432, episodic_return=0.0
global_step=423452, episodic_return=0.586
global_step=423464, episodic_return=0.9369999999999999
global_step=423512, episodic_return=0.0
global_step=423532, episodic_return=0.964
global_step=423568, episodic_return=0.0
global_step=423832, episodic_return=0.18099999999999994
global_step=423856, episodic_return=0.0
global_step=423936, episodic_return=0.0
SPS: 3305
global_step=423972, episodic_return=0.0
global_step=424236, episodic_return=0.0
global_step=424260, episodic_return=0.0
global_step=424292, episodic_return=0.883
global_step=424340, episodic_return=0.0
global_step=424376, episodic_return=0.0
SPS: 3306
global_step=424664, episodic_return=0.0
global_step=424696, episodic_return=0.0
global_step=424744, episodic_return=0.0
global_step=424780, episodic_return=0.0
global_step=424808, episodic_return=0.757
SPS: 3306
global_step=425068, episodic_return=0.0
global_step=425148, episodic_return=0.0
global_step=425184, episodic_return=0.0
global_step=425212, episodic_return=0.0
global_step=425408, episodic_return=0.244
SPS: 3306
global_step=425552, episodic_return=0.0
global_step=425588, episodic_return=0.0
global_step=425616, episodic_return=0.0
global_step=425812, episodic_return=0.0
global_step=425836, episodic_return=0.955
global_step=425952, episodic_return=0.253
global_step=425956, episodic_return=0.0
SPS: 3306
global_step=425992, episodic_return=0.0
global_step=426016, episodic_return=0.874
global_step=426036, episodic_return=0.964
global_step=426240, episodic_return=0.0
global_step=426356, episodic_return=0.0
global_step=426396, episodic_return=0.0
global_step=426440, episodic_return=0.0
SPS: 3307
global_step=426584, episodic_return=0.4959999999999999
global_step=426644, episodic_return=0.09999999999999998
global_step=426712, episodic_return=0.856
global_step=426792, episodic_return=0.829
global_step=426800, episodic_return=0.0
global_step=426828, episodic_return=0.946
global_step=426844, episodic_return=0.0
global_step=426988, episodic_return=0.0
SPS: 3307
global_step=427196, episodic_return=0.0
global_step=427232, episodic_return=0.0
global_step=427248, episodic_return=0.0
global_step=427392, episodic_return=0.0
SPS: 3307
global_step=427600, episodic_return=0.0
global_step=427636, episodic_return=0.0
global_step=427652, episodic_return=0.0
global_step=427796, episodic_return=0.0
global_step=428004, episodic_return=0.0
SPS: 3307
global_step=428040, episodic_return=0.0
global_step=428056, episodic_return=0.0
global_step=428200, episodic_return=0.0
global_step=428232, episodic_return=0.9369999999999999
global_step=428240, episodic_return=0.991
global_step=428408, episodic_return=0.18099999999999994
global_step=428408, episodic_return=0.0
global_step=428460, episodic_return=0.0
SPS: 3308
global_step=428644, episodic_return=0.0
global_step=428728, episodic_return=0.2889999999999999
global_step=428756, episodic_return=0.757
global_step=428796, episodic_return=0.919
global_step=428812, episodic_return=0.0
global_step=428832, episodic_return=0.775
global_step=428856, episodic_return=0.874
global_step=428864, episodic_return=0.0
global_step=428884, episodic_return=0.847
SPS: 3308
global_step=429236, episodic_return=0.0
global_step=429260, episodic_return=0.0
global_step=429268, episodic_return=0.0
global_step=429288, episodic_return=0.0
global_step=429304, episodic_return=0.973
global_step=429416, episodic_return=0.757
SPS: 3308
global_step=429640, episodic_return=0.0
global_step=429664, episodic_return=0.0
global_step=429672, episodic_return=0.0
global_step=429700, episodic_return=0.9279999999999999
global_step=429704, episodic_return=0.865
global_step=429820, episodic_return=0.0
global_step=430076, episodic_return=0.0
SPS: 3308
global_step=430104, episodic_return=0.0
global_step=430108, episodic_return=0.0
global_step=430224, episodic_return=0.0
global_step=430388, episodic_return=0.379
global_step=430400, episodic_return=0.34299999999999997
global_step=430480, episodic_return=0.0
SPS: 3308
global_step=430628, episodic_return=0.0
global_step=430792, episodic_return=0.0
global_step=430804, episodic_return=0.0
global_step=430884, episodic_return=0.0
global_step=431032, episodic_return=0.0
SPS: 3309
global_step=431124, episodic_return=0.262
global_step=431208, episodic_return=0.0
global_step=431288, episodic_return=0.0
global_step=431436, episodic_return=0.0
global_step=431528, episodic_return=0.0
global_step=431556, episodic_return=0.946
global_step=431612, episodic_return=0.0
SPS: 3309
global_step=431668, episodic_return=0.757
global_step=431692, episodic_return=0.0
global_step=431704, episodic_return=0.9279999999999999
global_step=431840, episodic_return=0.0
global_step=432016, episodic_return=0.0
global_step=432096, episodic_return=0.0
global_step=432108, episodic_return=0.0
SPS: 3309
global_step=432136, episodic_return=0.919
global_step=432244, episodic_return=0.0
global_step=432420, episodic_return=0.0
global_step=432512, episodic_return=0.0
global_step=432516, episodic_return=0.3969999999999999
global_step=432540, episodic_return=0.0
global_step=432628, episodic_return=0.748
SPS: 3309
global_step=432644, episodic_return=0.973
global_step=432648, episodic_return=0.766
global_step=432712, episodic_return=0.865
global_step=432824, episodic_return=0.0
global_step=432920, episodic_return=0.0
global_step=433048, episodic_return=0.0
global_step=433116, episodic_return=0.0
SPS: 3309
global_step=433228, episodic_return=0.0
global_step=433324, episodic_return=0.0
global_step=433452, episodic_return=0.0
global_step=433520, episodic_return=0.0
global_step=433556, episodic_return=0.9279999999999999
global_step=433632, episodic_return=0.0
SPS: 3309
global_step=433728, episodic_return=0.0
global_step=433856, episodic_return=0.0
global_step=433960, episodic_return=0.0
global_step=434036, episodic_return=0.0
global_step=434096, episodic_return=0.874
global_step=434108, episodic_return=0.982
global_step=434132, episodic_return=0.0
global_step=434172, episodic_return=0.865
SPS: 3309
global_step=434260, episodic_return=0.0
global_step=434364, episodic_return=0.0
global_step=434536, episodic_return=0.0
global_step=434576, episodic_return=0.0
global_step=434588, episodic_return=0.5049999999999999
global_step=434664, episodic_return=0.0
SPS: 3310
global_step=434892, episodic_return=0.4959999999999999
global_step=434940, episodic_return=0.0
global_step=434952, episodic_return=0.982
global_step=434980, episodic_return=0.0
global_step=434992, episodic_return=0.0
SPS: 3310
global_step=435296, episodic_return=0.0
global_step=435356, episodic_return=0.0
global_step=435384, episodic_return=0.0
global_step=435396, episodic_return=0.0
global_step=435408, episodic_return=0.955
global_step=435448, episodic_return=0.919
global_step=435532, episodic_return=0.82
global_step=435700, episodic_return=0.0
SPS: 3310
global_step=435760, episodic_return=0.0
global_step=435780, episodic_return=0.964
global_step=435800, episodic_return=0.0
global_step=435832, episodic_return=0.33399999999999996
global_step=436104, episodic_return=0.0
global_step=436184, episodic_return=0.0
global_step=436204, episodic_return=0.0
SPS: 3310
global_step=436236, episodic_return=0.0
global_step=436508, episodic_return=0.0
global_step=436588, episodic_return=0.0
global_step=436608, episodic_return=0.0
global_step=436640, episodic_return=0.09999999999999998
SPS: 3310
global_step=436912, episodic_return=0.0
global_step=436992, episodic_return=0.0
global_step=437012, episodic_return=0.0
global_step=437044, episodic_return=0.0
global_step=437096, episodic_return=0.82
SPS: 3310
global_step=437296, episodic_return=0.44199999999999995
global_step=437316, episodic_return=0.0
global_step=437396, episodic_return=0.0
global_step=437404, episodic_return=0.8109999999999999
global_step=437500, episodic_return=0.0
global_step=437700, episodic_return=0.0
global_step=437724, episodic_return=0.955
SPS: 3310
global_step=437800, episodic_return=0.0
global_step=437808, episodic_return=0.0
global_step=437872, episodic_return=0.865
global_step=437904, episodic_return=0.0
global_step=438128, episodic_return=0.0
global_step=438204, episodic_return=0.0
SPS: 3310
global_step=438276, episodic_return=0.0
global_step=438308, episodic_return=0.0
global_step=438532, episodic_return=0.0
global_step=438608, episodic_return=0.0
global_step=438680, episodic_return=0.0
global_step=438712, episodic_return=0.0
SPS: 3311
global_step=438936, episodic_return=0.0
global_step=439012, episodic_return=0.0
global_step=439084, episodic_return=0.0
global_step=439116, episodic_return=0.0
SPS: 3311
global_step=439340, episodic_return=0.0
global_step=439416, episodic_return=0.0
global_step=439428, episodic_return=0.8109999999999999
global_step=439488, episodic_return=0.0
global_step=439520, episodic_return=0.0
global_step=439584, episodic_return=0.7929999999999999
global_step=439748, episodic_return=0.4959999999999999
SPS: 3311
global_step=439820, episodic_return=0.0
global_step=439832, episodic_return=0.0
global_step=439988, episodic_return=0.0
global_step=440152, episodic_return=0.0
global_step=440224, episodic_return=0.0
global_step=440236, episodic_return=0.0
global_step=440276, episodic_return=0.892
SPS: 3311
global_step=440392, episodic_return=0.0
global_step=440556, episodic_return=0.0
global_step=440640, episodic_return=0.0
global_step=440660, episodic_return=0.964
global_step=440680, episodic_return=0.0
global_step=440752, episodic_return=0.802
global_step=440796, episodic_return=0.0
SPS: 3312
global_step=440960, episodic_return=0.0
global_step=441036, episodic_return=0.37
global_step=441084, episodic_return=0.0
global_step=441200, episodic_return=0.0
global_step=441268, episodic_return=0.595
global_step=441292, episodic_return=0.955
SPS: 3312
global_step=441364, episodic_return=0.0
global_step=441440, episodic_return=0.0
global_step=441604, episodic_return=0.0
global_step=441696, episodic_return=0.0
global_step=441768, episodic_return=0.0
global_step=441844, episodic_return=0.0
SPS: 3312
global_step=442008, episodic_return=0.0
global_step=442100, episodic_return=0.0
global_step=442172, episodic_return=0.0
global_step=442208, episodic_return=0.9279999999999999
global_step=442224, episodic_return=0.973
global_step=442248, episodic_return=0.0
SPS: 3312
global_step=442412, episodic_return=0.0
global_step=442452, episodic_return=0.55
global_step=442504, episodic_return=0.0
global_step=442528, episodic_return=0.838
global_step=442628, episodic_return=0.0
global_step=442652, episodic_return=0.73
global_step=442660, episodic_return=0.991
global_step=442816, episodic_return=0.0
SPS: 3312
global_step=442908, episodic_return=0.0
global_step=443032, episodic_return=0.0
global_step=443064, episodic_return=0.0
global_step=443220, episodic_return=0.0
global_step=443312, episodic_return=0.0
SPS: 3313
global_step=443436, episodic_return=0.0
global_step=443468, episodic_return=0.0
global_step=443624, episodic_return=0.0
global_step=443716, episodic_return=0.0
global_step=443840, episodic_return=0.0
global_step=443864, episodic_return=0.955
global_step=443872, episodic_return=0.0
SPS: 3313
global_step=444028, episodic_return=0.0
global_step=444052, episodic_return=0.955
global_step=444120, episodic_return=0.0
global_step=444268, episodic_return=0.0
global_step=444276, episodic_return=0.0
global_step=444336, episodic_return=0.874
SPS: 3313
global_step=444456, episodic_return=0.0
global_step=444524, episodic_return=0.0
global_step=444568, episodic_return=0.91
global_step=444636, episodic_return=0.604
global_step=444672, episodic_return=0.0
global_step=444684, episodic_return=0.901
global_step=444740, episodic_return=0.0
SPS: 3313
global_step=444972, episodic_return=0.0
global_step=445076, episodic_return=0.0
global_step=445088, episodic_return=0.0
global_step=445144, episodic_return=0.0
global_step=445356, episodic_return=0.14500000000000002
SPS: 3314
global_step=445480, episodic_return=0.0
global_step=445492, episodic_return=0.0
global_step=445548, episodic_return=0.0
global_step=445760, episodic_return=0.0
global_step=445884, episodic_return=0.0
global_step=445896, episodic_return=0.0
global_step=445952, episodic_return=0.0
SPS: 3314
global_step=446164, episodic_return=0.0
global_step=446288, episodic_return=0.0
global_step=446300, episodic_return=0.0
global_step=446356, episodic_return=0.0
global_step=446444, episodic_return=0.8109999999999999
SPS: 3314
global_step=446568, episodic_return=0.0
global_step=446648, episodic_return=0.55
global_step=446692, episodic_return=0.0
global_step=446704, episodic_return=0.0
global_step=446764, episodic_return=0.847
global_step=446804, episodic_return=0.919
global_step=446972, episodic_return=0.0
SPS: 3314
global_step=447052, episodic_return=0.0
global_step=447108, episodic_return=0.0
global_step=447208, episodic_return=0.0
global_step=447224, episodic_return=0.973
global_step=447376, episodic_return=0.0
global_step=447456, episodic_return=0.0
SPS: 3314
global_step=447512, episodic_return=0.0
global_step=447528, episodic_return=0.973
global_step=447628, episodic_return=0.0
global_step=447668, episodic_return=0.919
global_step=447780, episodic_return=0.0
global_step=447860, episodic_return=0.0
global_step=447932, episodic_return=0.0
SPS: 3315
global_step=448072, episodic_return=0.0
global_step=448184, episodic_return=0.0
global_step=448264, episodic_return=0.0
global_step=448336, episodic_return=0.0
global_step=448476, episodic_return=0.0
SPS: 3315
global_step=448588, episodic_return=0.0
global_step=448668, episodic_return=0.0
global_step=448720, episodic_return=0.712
global_step=448740, episodic_return=0.0
global_step=448764, episodic_return=0.91
global_step=448880, episodic_return=0.0
SPS: 3315
global_step=449072, episodic_return=0.0
global_step=449144, episodic_return=0.0
global_step=449168, episodic_return=0.0
global_step=449208, episodic_return=0.919
global_step=449284, episodic_return=0.0
global_step=449328, episodic_return=0.739
global_step=449476, episodic_return=0.0
SPS: 3315
global_step=449548, episodic_return=0.0
global_step=449688, episodic_return=0.0
global_step=449732, episodic_return=0.0
global_step=449880, episodic_return=0.0
global_step=449952, episodic_return=0.0
SPS: 3315
global_step=450092, episodic_return=0.0
global_step=450136, episodic_return=0.0
global_step=450164, episodic_return=0.946
global_step=450284, episodic_return=0.0
global_step=450356, episodic_return=0.0
global_step=450496, episodic_return=0.0
SPS: 3316
global_step=450568, episodic_return=0.0
global_step=450640, episodic_return=0.847
global_step=450688, episodic_return=0.0
global_step=450760, episodic_return=0.0
global_step=450792, episodic_return=0.9369999999999999
global_step=450892, episodic_return=0.784
global_step=450900, episodic_return=0.0
global_step=450956, episodic_return=0.865
global_step=451044, episodic_return=0.0
SPS: 3316
global_step=451092, episodic_return=0.0
global_step=451304, episodic_return=0.0
global_step=451360, episodic_return=0.0
global_step=451448, episodic_return=0.0
global_step=451496, episodic_return=0.0
global_step=451572, episodic_return=0.73
SPS: 3316
global_step=451708, episodic_return=0.0
global_step=451764, episodic_return=0.0
global_step=451900, episodic_return=0.0
global_step=451976, episodic_return=0.0
global_step=452024, episodic_return=0.901
global_step=452048, episodic_return=0.6759999999999999
SPS: 3316
global_step=452112, episodic_return=0.0
global_step=452152, episodic_return=0.136
global_step=452172, episodic_return=0.73
global_step=452216, episodic_return=0.577
global_step=452308, episodic_return=0.6579999999999999
global_step=452516, episodic_return=0.0
global_step=452576, episodic_return=0.0
SPS: 3316
global_step=452620, episodic_return=0.0
global_step=452672, episodic_return=0.892
global_step=452712, episodic_return=0.0
global_step=452768, episodic_return=0.883
global_step=452860, episodic_return=0.37
global_step=452920, episodic_return=0.0
global_step=453076, episodic_return=0.0
SPS: 3317
global_step=453172, episodic_return=0.0
global_step=453264, episodic_return=0.0
global_step=453316, episodic_return=0.892
global_step=453324, episodic_return=0.0
global_step=453480, episodic_return=0.0
global_step=453480, episodic_return=0.31599999999999995
global_step=453604, episodic_return=0.73
global_step=453604, episodic_return=0.73
SPS: 3317
global_step=453712, episodic_return=0.766
global_step=453720, episodic_return=0.0
global_step=453728, episodic_return=0.0
global_step=453904, episodic_return=0.33399999999999996
global_step=453956, episodic_return=0.892
global_step=454116, episodic_return=0.0
global_step=454124, episodic_return=0.0
global_step=454132, episodic_return=0.0
SPS: 3316
global_step=454208, episodic_return=0.82
global_step=454360, episodic_return=0.0
global_step=454492, episodic_return=0.712
global_step=454520, episodic_return=0.0
global_step=454536, episodic_return=0.0
global_step=454564, episodic_return=0.91
global_step=454612, episodic_return=0.0
SPS: 3316
global_step=454708, episodic_return=0.7929999999999999
global_step=454896, episodic_return=0.0
global_step=454940, episodic_return=0.0
global_step=454968, episodic_return=0.0
global_step=455080, episodic_return=0.757
global_step=455112, episodic_return=0.0
global_step=455112, episodic_return=0.622
SPS: 3316
global_step=455248, episodic_return=0.703
global_step=455300, episodic_return=0.0
global_step=455484, episodic_return=0.0
global_step=455516, episodic_return=0.0
global_step=455652, episodic_return=0.0
SPS: 3316
global_step=455704, episodic_return=0.0
global_step=455772, episodic_return=0.856
global_step=455888, episodic_return=0.0
global_step=455920, episodic_return=0.0
global_step=456056, episodic_return=0.0
global_step=456176, episodic_return=0.0
SPS: 3317
global_step=456292, episodic_return=0.0
global_step=456324, episodic_return=0.0
global_step=456460, episodic_return=0.0
global_step=456484, episodic_return=0.649
global_step=456548, episodic_return=0.8109999999999999
global_step=456580, episodic_return=0.0
global_step=456696, episodic_return=0.0
SPS: 3317
global_step=456720, episodic_return=0.694
global_step=456888, episodic_return=0.0
global_step=456952, episodic_return=0.0
global_step=457100, episodic_return=0.0
global_step=457124, episodic_return=0.0
SPS: 3317
global_step=457292, episodic_return=0.0
global_step=457356, episodic_return=0.0
global_step=457496, episodic_return=0.17199999999999993
global_step=457504, episodic_return=0.0
global_step=457544, episodic_return=0.919
global_step=457696, episodic_return=0.0
SPS: 3317
global_step=457760, episodic_return=0.0
global_step=457900, episodic_return=0.0
global_step=457948, episodic_return=0.0
global_step=458100, episodic_return=0.0
global_step=458164, episodic_return=0.0
global_step=458176, episodic_return=0.838
global_step=458188, episodic_return=0.361
SPS: 3317
global_step=458252, episodic_return=0.838
global_step=458352, episodic_return=0.0
global_step=458376, episodic_return=0.586
global_step=458428, episodic_return=0.613
global_step=458456, episodic_return=0.946
global_step=458568, episodic_return=0.0
SPS: 3317
global_step=458756, episodic_return=0.0
global_step=458780, episodic_return=0.0
global_step=458860, episodic_return=0.0
global_step=458936, episodic_return=0.838
global_step=458972, episodic_return=0.0
global_step=459048, episodic_return=0.757
global_step=459160, episodic_return=0.0
global_step=459184, episodic_return=0.0
SPS: 3318
global_step=459356, episodic_return=0.5680000000000001
global_step=459376, episodic_return=0.0
global_step=459452, episodic_return=0.0
global_step=459588, episodic_return=0.0
global_step=459656, episodic_return=0.33399999999999996
SPS: 3318
global_step=459780, episodic_return=0.0
global_step=459856, episodic_return=0.0
global_step=459936, episodic_return=0.829
global_step=459992, episodic_return=0.0
global_step=460060, episodic_return=0.0
global_step=460184, episodic_return=0.0
SPS: 3318
global_step=460296, episodic_return=0.757
global_step=460340, episodic_return=0.0
global_step=460396, episodic_return=0.0
global_step=460464, episodic_return=0.0
global_step=460548, episodic_return=0.82
global_step=460700, episodic_return=0.0
global_step=460720, episodic_return=0.964
global_step=460744, episodic_return=0.0
global_step=460800, episodic_return=0.0
SPS: 3318
global_step=460952, episodic_return=0.0
global_step=460980, episodic_return=0.946
global_step=461124, episodic_return=0.0
global_step=461148, episodic_return=0.0
global_step=461160, episodic_return=0.982
global_step=461184, episodic_return=0.955
global_step=461204, episodic_return=0.0
SPS: 3318
global_step=461384, episodic_return=0.0
global_step=461528, episodic_return=0.0
global_step=461588, episodic_return=0.0
global_step=461608, episodic_return=0.0
global_step=461788, episodic_return=0.0
SPS: 3318
global_step=461872, episodic_return=0.82
global_step=461932, episodic_return=0.0
global_step=461992, episodic_return=0.0
global_step=462012, episodic_return=0.0
global_step=462172, episodic_return=0.649
global_step=462276, episodic_return=0.0
global_step=462336, episodic_return=0.0
SPS: 3318
global_step=462396, episodic_return=0.0
global_step=462428, episodic_return=0.667
global_step=462448, episodic_return=0.757
global_step=462512, episodic_return=0.244
global_step=462748, episodic_return=0.478
global_step=462800, episodic_return=0.0
global_step=462828, episodic_return=0.10899999999999999
SPS: 3318
global_step=462852, episodic_return=0.0
global_step=462984, episodic_return=0.595
global_step=463076, episodic_return=0.802
global_step=463152, episodic_return=0.0
global_step=463232, episodic_return=0.0
global_step=463256, episodic_return=0.0
global_step=463276, episodic_return=0.91
SPS: 3319
global_step=463480, episodic_return=0.0
global_step=463496, episodic_return=0.514
global_step=463512, episodic_return=0.973
global_step=463556, episodic_return=0.0
global_step=463660, episodic_return=0.0
global_step=463744, episodic_return=0.82
global_step=463840, episodic_return=0.7929999999999999
SPS: 3319
global_step=463884, episodic_return=0.0
global_step=463916, episodic_return=0.0
global_step=463960, episodic_return=0.0
global_step=464244, episodic_return=0.0
global_step=464288, episodic_return=0.0
global_step=464320, episodic_return=0.0
global_step=464364, episodic_return=0.0
SPS: 3319
global_step=464648, episodic_return=0.0
global_step=464692, episodic_return=0.0
global_step=464724, episodic_return=0.0
global_step=464768, episodic_return=0.0
global_step=464800, episodic_return=0.9369999999999999
SPS: 3319
global_step=465052, episodic_return=0.0
global_step=465096, episodic_return=0.0
global_step=465116, episodic_return=0.964
global_step=465128, episodic_return=0.0
global_step=465132, episodic_return=0.973
global_step=465204, episodic_return=0.0
SPS: 3319
global_step=465456, episodic_return=0.0
global_step=465532, episodic_return=0.0
global_step=465536, episodic_return=0.0
global_step=465564, episodic_return=0.946
global_step=465572, episodic_return=0.919
global_step=465608, episodic_return=0.0
global_step=465628, episodic_return=0.622
global_step=465668, episodic_return=0.874
global_step=465760, episodic_return=0.712
SPS: 3319
global_step=465968, episodic_return=0.0
global_step=465976, episodic_return=0.0
global_step=466072, episodic_return=0.0
global_step=466164, episodic_return=0.0
global_step=466372, episodic_return=0.0
global_step=466380, episodic_return=0.0
global_step=466396, episodic_return=0.487
SPS: 3319
global_step=466448, episodic_return=0.892
global_step=466464, episodic_return=0.82
global_step=466476, episodic_return=0.0
global_step=466776, episodic_return=0.0
global_step=466852, episodic_return=0.0
global_step=466868, episodic_return=0.0
global_step=466880, episodic_return=0.0
SPS: 3319
global_step=467036, episodic_return=0.42399999999999993
global_step=467068, episodic_return=0.9369999999999999
global_step=467072, episodic_return=0.55
global_step=467256, episodic_return=0.0
global_step=467284, episodic_return=0.0
global_step=467360, episodic_return=0.352
global_step=467444, episodic_return=0.82
SPS: 3320
global_step=467476, episodic_return=0.0
global_step=467660, episodic_return=0.0
global_step=467688, episodic_return=0.0
global_step=467804, episodic_return=0.685
global_step=467848, episodic_return=0.0
global_step=467880, episodic_return=0.0
global_step=467884, episodic_return=0.829
SPS: 3320
global_step=468092, episodic_return=0.0
global_step=468180, episodic_return=0.262
global_step=468284, episodic_return=0.775
global_step=468284, episodic_return=0.0
global_step=468288, episodic_return=0.0
global_step=468312, episodic_return=0.946
global_step=468340, episodic_return=0.946
global_step=468372, episodic_return=0.82
global_step=468408, episodic_return=0.856
SPS: 3320
global_step=468488, episodic_return=0.829
global_step=468496, episodic_return=0.0
global_step=468688, episodic_return=0.0
global_step=468732, episodic_return=0.91
global_step=468736, episodic_return=0.18999999999999995
global_step=468772, episodic_return=0.919
global_step=468892, episodic_return=0.0
global_step=468900, episodic_return=0.0
SPS: 3320
global_step=469096, episodic_return=0.5680000000000001
global_step=469140, episodic_return=0.0
global_step=469176, episodic_return=0.0
global_step=469188, episodic_return=0.901
global_step=469296, episodic_return=0.0
global_step=469500, episodic_return=0.0
SPS: 3320
global_step=469548, episodic_return=0.44199999999999995
global_step=469580, episodic_return=0.0
global_step=469592, episodic_return=0.0
global_step=469600, episodic_return=0.964
global_step=469668, episodic_return=0.838
global_step=469904, episodic_return=0.0
global_step=469916, episodic_return=0.45099999999999996
global_step=469952, episodic_return=0.0
global_step=470004, episodic_return=0.0
SPS: 3320
global_step=470060, episodic_return=0.685
global_step=470308, episodic_return=0.0
global_step=470356, episodic_return=0.0
global_step=470408, episodic_return=0.0
global_step=470464, episodic_return=0.0
SPS: 3320
global_step=470712, episodic_return=0.0
global_step=470760, episodic_return=0.0
global_step=470812, episodic_return=0.0
global_step=470828, episodic_return=0.973
global_step=470868, episodic_return=0.0
global_step=470888, episodic_return=0.964
global_step=470904, episodic_return=0.973
global_step=470956, episodic_return=0.721
SPS: 3320
global_step=471116, episodic_return=0.0
global_step=471164, episodic_return=0.0
global_step=471300, episodic_return=0.235
global_step=471308, episodic_return=0.0
global_step=471336, episodic_return=0.622
global_step=471520, episodic_return=0.0
SPS: 3320
global_step=471556, episodic_return=0.9279999999999999
global_step=471648, episodic_return=0.22599999999999998
global_step=471712, episodic_return=0.0
global_step=471740, episodic_return=0.0
global_step=471768, episodic_return=0.883
global_step=471824, episodic_return=0.883
global_step=471896, episodic_return=0.847
global_step=471960, episodic_return=0.0
global_step=472052, episodic_return=0.0
SPS: 3320
global_step=472144, episodic_return=0.0
global_step=472300, episodic_return=0.0
global_step=472364, episodic_return=0.0
global_step=472456, episodic_return=0.0
global_step=472548, episodic_return=0.0
SPS: 3320
global_step=472704, episodic_return=0.0
global_step=472768, episodic_return=0.0
global_step=472860, episodic_return=0.0
global_step=472952, episodic_return=0.0
SPS: 3320
global_step=473108, episodic_return=0.0
global_step=473172, episodic_return=0.0
global_step=473200, episodic_return=0.946
global_step=473264, episodic_return=0.0
global_step=473356, episodic_return=0.0
global_step=473372, episodic_return=0.4149999999999999
global_step=473456, episodic_return=0.784
global_step=473484, episodic_return=0.946
SPS: 3320
global_step=473604, episodic_return=0.0
global_step=473668, episodic_return=0.0
global_step=473696, episodic_return=0.802
global_step=473776, episodic_return=0.0
global_step=473888, episodic_return=0.0
global_step=473940, episodic_return=0.892
global_step=474056, episodic_return=0.136
global_step=474100, episodic_return=0.0
SPS: 3320
global_step=474180, episodic_return=0.0
global_step=474308, episodic_return=0.5409999999999999
global_step=474344, episodic_return=0.0
global_step=474460, episodic_return=0.0
global_step=474584, episodic_return=0.0
SPS: 3321
global_step=474636, episodic_return=0.352
global_step=474712, episodic_return=0.0
global_step=474864, episodic_return=0.0
global_step=474988, episodic_return=0.0
global_step=475032, episodic_return=0.91
global_step=475040, episodic_return=0.0
global_step=475116, episodic_return=0.0
SPS: 3321
global_step=475268, episodic_return=0.0
global_step=475340, episodic_return=0.33399999999999996
global_step=475396, episodic_return=0.721
global_step=475436, episodic_return=0.0
global_step=475520, episodic_return=0.0
SPS: 3321
global_step=475660, episodic_return=0.694
global_step=475744, episodic_return=0.0
global_step=475800, episodic_return=0.0
global_step=475840, episodic_return=0.0
global_step=475864, episodic_return=0.865
global_step=476064, episodic_return=0.0
global_step=476148, episodic_return=0.0
SPS: 3321
global_step=476244, episodic_return=0.0
global_step=476268, episodic_return=0.0
global_step=476468, episodic_return=0.0
global_step=476552, episodic_return=0.0
global_step=476648, episodic_return=0.0
global_step=476672, episodic_return=0.0
SPS: 3321
global_step=476760, episodic_return=0.8109999999999999
global_step=476852, episodic_return=0.55
global_step=476872, episodic_return=0.0
global_step=476956, episodic_return=0.0
global_step=477024, episodic_return=0.4149999999999999
SPS: 3321
global_step=477256, episodic_return=0.0
global_step=477276, episodic_return=0.0
global_step=477360, episodic_return=0.0
global_step=477428, episodic_return=0.0
global_step=477660, episodic_return=0.0
global_step=477680, episodic_return=0.0
SPS: 3322
global_step=477764, episodic_return=0.0
global_step=477832, episodic_return=0.0
global_step=477848, episodic_return=0.586
global_step=478084, episodic_return=0.0
global_step=478168, episodic_return=0.0
SPS: 3322
global_step=478236, episodic_return=0.0
global_step=478252, episodic_return=0.0
global_step=478256, episodic_return=0.8109999999999999
global_step=478488, episodic_return=0.0
global_step=478640, episodic_return=0.0
global_step=478656, episodic_return=0.0
global_step=478660, episodic_return=0.0
SPS: 3322
global_step=478740, episodic_return=0.829
global_step=478832, episodic_return=0.577
global_step=478892, episodic_return=0.0
global_step=479060, episodic_return=0.0
global_step=479136, episodic_return=0.838
global_step=479144, episodic_return=0.0
SPS: 3322
global_step=479236, episodic_return=0.0
global_step=479296, episodic_return=0.0
global_step=479540, episodic_return=0.0
global_step=479548, episodic_return=0.0
global_step=479640, episodic_return=0.0
global_step=479700, episodic_return=0.0
SPS: 3322
global_step=479892, episodic_return=0.577
global_step=479944, episodic_return=0.0
global_step=479952, episodic_return=0.0
global_step=480044, episodic_return=0.0
global_step=480116, episodic_return=0.847
global_step=480124, episodic_return=0.487
global_step=480148, episodic_return=0.9369999999999999
SPS: 3322
global_step=480348, episodic_return=0.0
global_step=480356, episodic_return=0.0
global_step=480528, episodic_return=0.0
global_step=480552, episodic_return=0.0
global_step=480752, episodic_return=0.0
global_step=480760, episodic_return=0.0
global_step=480768, episodic_return=0.469
SPS: 3322
global_step=480832, episodic_return=0.847
global_step=480956, episodic_return=0.0
global_step=481156, episodic_return=0.0
global_step=481172, episodic_return=0.0
global_step=481236, episodic_return=0.0
SPS: 3323
global_step=481360, episodic_return=0.0
global_step=481560, episodic_return=0.0
global_step=481576, episodic_return=0.0
global_step=481640, episodic_return=0.0
global_step=481764, episodic_return=0.0
SPS: 3323
global_step=481832, episodic_return=0.577
global_step=481964, episodic_return=0.0
global_step=481980, episodic_return=0.0
global_step=482168, episodic_return=0.0
global_step=482204, episodic_return=0.469
global_step=482236, episodic_return=0.0
SPS: 3323
global_step=482384, episodic_return=0.0
global_step=482572, episodic_return=0.0
global_step=482608, episodic_return=0.0
global_step=482640, episodic_return=0.0
global_step=482732, episodic_return=0.802
global_step=482772, episodic_return=0.6399999999999999
global_step=482788, episodic_return=0.0
SPS: 3323
global_step=482976, episodic_return=0.0
global_step=483136, episodic_return=0.0
global_step=483176, episodic_return=0.0
global_step=483192, episodic_return=0.0
global_step=483324, episodic_return=0.712
SPS: 3323
global_step=483380, episodic_return=0.0
global_step=483448, episodic_return=0.3969999999999999
global_step=483540, episodic_return=0.0
global_step=483728, episodic_return=0.0
global_step=483784, episodic_return=0.0
SPS: 3324
global_step=483852, episodic_return=0.0
global_step=483944, episodic_return=0.0
global_step=484132, episodic_return=0.0
global_step=484148, episodic_return=0.973
global_step=484188, episodic_return=0.0
global_step=484220, episodic_return=0.18099999999999994
global_step=484348, episodic_return=0.0
SPS: 3324
global_step=484552, episodic_return=0.0
global_step=484592, episodic_return=0.0
global_step=484624, episodic_return=0.0
global_step=484680, episodic_return=0.8109999999999999
global_step=484712, episodic_return=0.9369999999999999
global_step=484752, episodic_return=0.0
global_step=484804, episodic_return=0.44199999999999995
global_step=484824, episodic_return=0.964
global_step=484840, episodic_return=0.8109999999999999
SPS: 3324
global_step=484956, episodic_return=0.712
global_step=485028, episodic_return=0.0
global_step=485116, episodic_return=0.0
global_step=485128, episodic_return=0.784
global_step=485172, episodic_return=0.262
global_step=485188, episodic_return=0.973
global_step=485204, episodic_return=0.973
global_step=485240, episodic_return=0.37
global_step=485244, episodic_return=0.748
SPS: 3324
global_step=485520, episodic_return=0.0
global_step=485608, episodic_return=0.0
global_step=485644, episodic_return=0.0
global_step=485648, episodic_return=0.0
global_step=485740, episodic_return=0.712
global_step=485768, episodic_return=0.946
global_step=485776, episodic_return=0.712
global_step=485828, episodic_return=0.31599999999999995
global_step=485856, episodic_return=0.946
global_step=485868, episodic_return=0.802
SPS: 3324
global_step=486052, episodic_return=0.0
global_step=486172, episodic_return=0.0
global_step=486180, episodic_return=0.721
global_step=486260, episodic_return=0.0
global_step=486272, episodic_return=0.0
SPS: 3324
global_step=486576, episodic_return=0.0
global_step=486584, episodic_return=0.0
global_step=486664, episodic_return=0.0
global_step=486676, episodic_return=0.0
global_step=486732, episodic_return=0.6579999999999999
global_step=486872, episodic_return=0.694
SPS: 3324
global_step=486988, episodic_return=0.0
global_step=487068, episodic_return=0.0
global_step=487080, episodic_return=0.0
global_step=487276, episodic_return=0.0
global_step=487296, episodic_return=0.964
global_step=487392, episodic_return=0.0
SPS: 3324
global_step=487472, episodic_return=0.0
global_step=487484, episodic_return=0.0
global_step=487500, episodic_return=0.946
global_step=487508, episodic_return=0.748
global_step=487572, episodic_return=0.847
global_step=487700, episodic_return=0.0
global_step=487792, episodic_return=0.31599999999999995
global_step=487840, episodic_return=0.694
global_step=487892, episodic_return=0.892
global_step=487912, episodic_return=0.739
global_step=487912, episodic_return=0.0
SPS: 3324
global_step=487976, episodic_return=0.0
global_step=488296, episodic_return=0.0
global_step=488316, episodic_return=0.0
global_step=488316, episodic_return=0.0
global_step=488340, episodic_return=0.91
global_step=488380, episodic_return=0.0
global_step=488396, episodic_return=0.883
global_step=488432, episodic_return=0.748
SPS: 3324
global_step=488520, episodic_return=0.73
global_step=488720, episodic_return=0.0
global_step=488784, episodic_return=0.0
global_step=488836, episodic_return=0.0
global_step=488924, episodic_return=0.0
SPS: 3324
global_step=489056, episodic_return=0.712
global_step=489068, episodic_return=0.37
global_step=489124, episodic_return=0.0
global_step=489240, episodic_return=0.0
global_step=489424, episodic_return=0.595
global_step=489460, episodic_return=0.0
global_step=489472, episodic_return=0.0
SPS: 3324
global_step=489528, episodic_return=0.0
global_step=489640, episodic_return=0.604
global_step=489708, episodic_return=0.37
global_step=489744, episodic_return=0.9279999999999999
global_step=489776, episodic_return=0.703
global_step=489876, episodic_return=0.0
global_step=489932, episodic_return=0.0
global_step=489932, episodic_return=0.883
SPS: 3324
global_step=490148, episodic_return=0.0
global_step=490180, episodic_return=0.0
global_step=490260, episodic_return=0.757
global_step=490336, episodic_return=0.0
global_step=490336, episodic_return=0.0
global_step=490384, episodic_return=0.55
global_step=490464, episodic_return=0.829
SPS: 3324
global_step=490560, episodic_return=0.5049999999999999
global_step=490664, episodic_return=0.0
global_step=490688, episodic_return=0.955
global_step=490740, episodic_return=0.0
global_step=490868, episodic_return=0.0
global_step=490896, episodic_return=0.6579999999999999
global_step=490940, episodic_return=0.91
global_step=490964, episodic_return=0.0
SPS: 3324
global_step=491092, episodic_return=0.0
global_step=491272, episodic_return=0.0
global_step=491344, episodic_return=0.0
global_step=491368, episodic_return=0.0
global_step=491408, episodic_return=0.703
global_step=491460, episodic_return=0.748
global_step=491496, episodic_return=0.0
SPS: 3324
global_step=491772, episodic_return=0.0
global_step=491812, episodic_return=0.0
global_step=491864, episodic_return=0.0
global_step=491900, episodic_return=0.0
SPS: 3325
global_step=492108, episodic_return=0.5409999999999999
global_step=492176, episodic_return=0.0
global_step=492216, episodic_return=0.0
global_step=492264, episodic_return=0.8109999999999999
global_step=492268, episodic_return=0.0
global_step=492512, episodic_return=0.0
SPS: 3325
global_step=492620, episodic_return=0.0
global_step=492648, episodic_return=0.703
global_step=492668, episodic_return=0.0
global_step=492672, episodic_return=0.0
global_step=492684, episodic_return=0.9279999999999999
global_step=493024, episodic_return=0.0
SPS: 3325
global_step=493072, episodic_return=0.0
global_step=493076, episodic_return=0.0
global_step=493088, episodic_return=0.0
global_step=493100, episodic_return=0.955
global_step=493224, episodic_return=0.5589999999999999
global_step=493476, episodic_return=0.0
global_step=493492, episodic_return=0.0
global_step=493504, episodic_return=0.0
global_step=493524, episodic_return=0.964
global_step=493548, episodic_return=0.955
SPS: 3325
global_step=493572, episodic_return=0.829
global_step=493628, episodic_return=0.0
global_step=493880, episodic_return=0.0
global_step=493888, episodic_return=0.244
global_step=493904, episodic_return=0.955
global_step=493976, episodic_return=0.0
global_step=494032, episodic_return=0.0
SPS: 3325
global_step=494104, episodic_return=0.5229999999999999
global_step=494308, episodic_return=0.0
global_step=494380, episodic_return=0.0
global_step=494436, episodic_return=0.0
global_step=494508, episodic_return=0.0
global_step=494584, episodic_return=0.838
SPS: 3325
global_step=494608, episodic_return=0.955
global_step=494608, episodic_return=0.33399999999999996
global_step=494628, episodic_return=0.964
global_step=494644, episodic_return=0.4149999999999999
global_step=494792, episodic_return=0.6759999999999999
global_step=494840, episodic_return=0.0
global_step=495012, episodic_return=0.0
global_step=495032, episodic_return=0.0
global_step=495056, episodic_return=0.91
global_step=495068, episodic_return=0.9279999999999999
global_step=495076, episodic_return=0.964
global_step=495084, episodic_return=0.973
SPS: 3325
global_step=495196, episodic_return=0.0
global_step=495200, episodic_return=0.73
global_step=495244, episodic_return=0.0
global_step=495356, episodic_return=0.3969999999999999
global_step=495392, episodic_return=0.9279999999999999
global_step=495412, episodic_return=0.964
global_step=495600, episodic_return=0.0
global_step=495604, episodic_return=0.0
SPS: 3326
global_step=495620, episodic_return=0.973
global_step=495648, episodic_return=0.0
global_step=495816, episodic_return=0.0
global_step=496004, episodic_return=0.0
global_step=496024, episodic_return=0.0
global_step=496052, episodic_return=0.0
SPS: 3326
global_step=496144, episodic_return=0.694
global_step=496152, episodic_return=0.784
global_step=496220, episodic_return=0.0
global_step=496428, episodic_return=0.0
global_step=496432, episodic_return=0.532
global_step=496444, episodic_return=0.33399999999999996
global_step=496500, episodic_return=0.856
global_step=496536, episodic_return=0.9279999999999999
global_step=496556, episodic_return=0.0
SPS: 3326
global_step=496832, episodic_return=0.0
global_step=496848, episodic_return=0.0
global_step=496940, episodic_return=0.0
global_step=496960, episodic_return=0.0
SPS: 3326
global_step=497236, episodic_return=0.0
global_step=497252, episodic_return=0.0
global_step=497328, episodic_return=0.802
global_step=497344, episodic_return=0.0
global_step=497364, episodic_return=0.0
global_step=497656, episodic_return=0.0
SPS: 3326
global_step=497732, episodic_return=0.0
global_step=497748, episodic_return=0.0
global_step=497768, episodic_return=0.0
global_step=498060, episodic_return=0.0
global_step=498136, episodic_return=0.0
global_step=498144, episodic_return=0.991
global_step=498152, episodic_return=0.0
global_step=498172, episodic_return=0.0
SPS: 3327
global_step=498184, episodic_return=0.9369999999999999
global_step=498224, episodic_return=0.919
global_step=498464, episodic_return=0.0
global_step=498548, episodic_return=0.0
global_step=498568, episodic_return=0.964
global_step=498576, episodic_return=0.0
global_step=498628, episodic_return=0.0
global_step=498668, episodic_return=0.919
global_step=498680, episodic_return=0.757
SPS: 3327
global_step=498740, episodic_return=0.847
global_step=498868, episodic_return=0.0
global_step=498980, episodic_return=0.0
global_step=499068, episodic_return=0.5589999999999999
global_step=499084, episodic_return=0.0
global_step=499144, episodic_return=0.0
SPS: 3327
global_step=499384, episodic_return=0.0
global_step=499472, episodic_return=0.0
global_step=499488, episodic_return=0.0
global_step=499548, episodic_return=0.0
global_step=499604, episodic_return=0.748
SPS: 3327
Saved agent to runs/g1_yoff__baseline_fixed__1__1779559961/agent.pt
[1;34mwandb[0m: 
[1;34mwandb[0m: 🚀 View run [33mg1_yoff__baseline_fixed__1__1779559961[0m at: [34mhttps://wandb.ai/animeconqueror108-university-of-southern-mississippi/ppo-spurious/runs/nbg7hn5y[0m
[1;34mwandb[0m: Find logs at: [1;35mwandb/run-20260523_131242-nbg7hn5y/logs[0m
[done] Sat May 23 01:15:49 PM CDT 2026  name=baseline_fixed
