Unloading shared
  WARNING: Did not unuse /cm/shared/modulefiles
[start] Sat May 23 01:37:44 PM CDT 2026  host=node047  task=0  name=baseline_fixed
name
NVIDIA L40S
global_step=400, episodic_return=0.0
global_step=400, episodic_return=0.0
global_step=400, episodic_return=0.0
global_step=400, episodic_return=0.0
SPS: 1013
global_step=804, episodic_return=0.0
global_step=804, episodic_return=0.0
global_step=804, episodic_return=0.0
global_step=804, episodic_return=0.0
SPS: 1508
global_step=1208, episodic_return=0.0
global_step=1208, episodic_return=0.0
global_step=1208, episodic_return=0.0
global_step=1208, episodic_return=0.0
SPS: 1805
global_step=1612, episodic_return=0.0
global_step=1612, episodic_return=0.0
global_step=1612, episodic_return=0.0
global_step=1612, episodic_return=0.0
global_step=2016, episodic_return=0.0
global_step=2016, episodic_return=0.0
global_step=2016, episodic_return=0.0
global_step=2016, episodic_return=0.0
SPS: 1996
global_step=2420, episodic_return=0.0
global_step=2420, episodic_return=0.0
global_step=2420, episodic_return=0.0
global_step=2420, episodic_return=0.0
SPS: 2137
global_step=2824, episodic_return=0.0
global_step=2824, episodic_return=0.0
global_step=2824, episodic_return=0.0
global_step=2824, episodic_return=0.0
SPS: 2243
global_step=3228, episodic_return=0.0
global_step=3228, episodic_return=0.0
global_step=3228, episodic_return=0.0
global_step=3228, episodic_return=0.0
SPS: 2326
global_step=3596, episodic_return=0.18099999999999994
global_step=3632, episodic_return=0.0
global_step=3632, episodic_return=0.0
global_step=3632, episodic_return=0.0
global_step=3856, episodic_return=0.5049999999999999
global_step=4000, episodic_return=0.0
global_step=4036, episodic_return=0.0
global_step=4036, episodic_return=0.0
SPS: 2388
global_step=4260, episodic_return=0.0
global_step=4404, episodic_return=0.0
global_step=4440, episodic_return=0.0
global_step=4440, episodic_return=0.0
SPS: 2440
global_step=4664, episodic_return=0.0
global_step=4808, episodic_return=0.0
global_step=4844, episodic_return=0.0
global_step=4844, episodic_return=0.0
global_step=4944, episodic_return=0.784
global_step=5068, episodic_return=0.0
SPS: 2486
global_step=5212, episodic_return=0.0
global_step=5248, episodic_return=0.0
global_step=5348, episodic_return=0.0
global_step=5472, episodic_return=0.0
global_step=5616, episodic_return=0.0
SPS: 2524
global_step=5652, episodic_return=0.0
global_step=5752, episodic_return=0.0
global_step=5876, episodic_return=0.0
global_step=6020, episodic_return=0.0
global_step=6056, episodic_return=0.0
SPS: 2554
global_step=6156, episodic_return=0.0
global_step=6280, episodic_return=0.0
global_step=6400, episodic_return=0.15400000000000003
global_step=6460, episodic_return=0.0
global_step=6560, episodic_return=0.0
SPS: 2581
global_step=6684, episodic_return=0.0
global_step=6804, episodic_return=0.0
global_step=6864, episodic_return=0.0
global_step=6964, episodic_return=0.0
global_step=7088, episodic_return=0.0
SPS: 2604
global_step=7208, episodic_return=0.0
global_step=7268, episodic_return=0.0
global_step=7368, episodic_return=0.0
global_step=7492, episodic_return=0.0
global_step=7612, episodic_return=0.0
global_step=7672, episodic_return=0.0
SPS: 2622
global_step=7772, episodic_return=0.0
global_step=7896, episodic_return=0.0
global_step=8016, episodic_return=0.0
global_step=8076, episodic_return=0.0
global_step=8176, episodic_return=0.0
SPS: 2639
global_step=8300, episodic_return=0.0
global_step=8420, episodic_return=0.0
global_step=8480, episodic_return=0.0
global_step=8580, episodic_return=0.0
global_step=8704, episodic_return=0.0
SPS: 2655
global_step=8824, episodic_return=0.0
global_step=8884, episodic_return=0.0
global_step=8984, episodic_return=0.0
global_step=9108, episodic_return=0.0
SPS: 2669
global_step=9228, episodic_return=0.0
global_step=9288, episodic_return=0.0
global_step=9388, episodic_return=0.0
global_step=9512, episodic_return=0.0
global_step=9632, episodic_return=0.0
global_step=9692, episodic_return=0.0
SPS: 2683
global_step=9792, episodic_return=0.0
global_step=9916, episodic_return=0.0
global_step=10036, episodic_return=0.0
global_step=10096, episodic_return=0.0
global_step=10196, episodic_return=0.0
SPS: 2693
global_step=10320, episodic_return=0.0
global_step=10440, episodic_return=0.0
global_step=10500, episodic_return=0.0
global_step=10600, episodic_return=0.0
global_step=10724, episodic_return=0.0
SPS: 2703
global_step=10844, episodic_return=0.0
global_step=10904, episodic_return=0.0
global_step=11004, episodic_return=0.0
global_step=11128, episodic_return=0.0
global_step=11248, episodic_return=0.0
SPS: 2712
global_step=11308, episodic_return=0.0
global_step=11408, episodic_return=0.0
global_step=11532, episodic_return=0.0
global_step=11548, episodic_return=0.33399999999999996
global_step=11600, episodic_return=0.892
global_step=11712, episodic_return=0.0
SPS: 2719
global_step=11812, episodic_return=0.0
global_step=11936, episodic_return=0.0
global_step=12004, episodic_return=0.0
global_step=12116, episodic_return=0.0
global_step=12216, episodic_return=0.0
SPS: 2725
global_step=12340, episodic_return=0.0
global_step=12408, episodic_return=0.0
global_step=12520, episodic_return=0.0
global_step=12620, episodic_return=0.0
global_step=12744, episodic_return=0.0
SPS: 2732
global_step=12812, episodic_return=0.0
global_step=12924, episodic_return=0.0
global_step=13024, episodic_return=0.0
global_step=13148, episodic_return=0.0
global_step=13216, episodic_return=0.0
SPS: 2737
global_step=13328, episodic_return=0.0
global_step=13428, episodic_return=0.0
global_step=13552, episodic_return=0.0
global_step=13620, episodic_return=0.0
global_step=13732, episodic_return=0.0
SPS: 2744
global_step=13832, episodic_return=0.0
global_step=13928, episodic_return=0.7929999999999999
global_step=13956, episodic_return=0.0
global_step=14024, episodic_return=0.0
global_step=14136, episodic_return=0.0
global_step=14332, episodic_return=0.0
SPS: 2750
global_step=14360, episodic_return=0.0
global_step=14428, episodic_return=0.0
global_step=14540, episodic_return=0.0
global_step=14736, episodic_return=0.0
global_step=14764, episodic_return=0.0
global_step=14832, episodic_return=0.0
SPS: 2754
global_step=14944, episodic_return=0.0
global_step=15140, episodic_return=0.0
global_step=15168, episodic_return=0.0
global_step=15236, episodic_return=0.0
global_step=15348, episodic_return=0.0
SPS: 2759
global_step=15544, episodic_return=0.0
global_step=15572, episodic_return=0.0
global_step=15640, episodic_return=0.0
global_step=15752, episodic_return=0.0
SPS: 2765
global_step=15948, episodic_return=0.0
global_step=15976, episodic_return=0.0
global_step=16044, episodic_return=0.0
global_step=16156, episodic_return=0.0
global_step=16352, episodic_return=0.0
global_step=16380, episodic_return=0.0
SPS: 2768
global_step=16388, episodic_return=0.991
global_step=16448, episodic_return=0.0
global_step=16560, episodic_return=0.0
global_step=16756, episodic_return=0.0
global_step=16792, episodic_return=0.0
global_step=16852, episodic_return=0.0
SPS: 2772
global_step=16964, episodic_return=0.0
global_step=17160, episodic_return=0.0
global_step=17196, episodic_return=0.0
global_step=17256, episodic_return=0.0
global_step=17368, episodic_return=0.0
SPS: 2777
global_step=17564, episodic_return=0.0
global_step=17600, episodic_return=0.0
global_step=17660, episodic_return=0.0
global_step=17772, episodic_return=0.0
SPS: 2781
global_step=17968, episodic_return=0.0
global_step=18004, episodic_return=0.0
global_step=18064, episodic_return=0.0
global_step=18176, episodic_return=0.0
global_step=18372, episodic_return=0.0
global_step=18408, episodic_return=0.0
SPS: 2785
global_step=18468, episodic_return=0.0
global_step=18580, episodic_return=0.0
global_step=18776, episodic_return=0.0
global_step=18812, episodic_return=0.0
global_step=18872, episodic_return=0.0
SPS: 2790
global_step=18984, episodic_return=0.0
global_step=19180, episodic_return=0.0
global_step=19216, episodic_return=0.0
global_step=19276, episodic_return=0.0
global_step=19388, episodic_return=0.0
SPS: 2794
global_step=19520, episodic_return=0.244
global_step=19620, episodic_return=0.0
global_step=19680, episodic_return=0.0
global_step=19792, episodic_return=0.0
global_step=19924, episodic_return=0.0
SPS: 2797
global_step=20024, episodic_return=0.0
global_step=20084, episodic_return=0.0
global_step=20196, episodic_return=0.0
global_step=20328, episodic_return=0.0
global_step=20428, episodic_return=0.0
SPS: 2801
global_step=20488, episodic_return=0.0
global_step=20600, episodic_return=0.0
global_step=20732, episodic_return=0.0
global_step=20832, episodic_return=0.0
global_step=20892, episodic_return=0.0
SPS: 2805
global_step=21004, episodic_return=0.0
global_step=21136, episodic_return=0.0
global_step=21236, episodic_return=0.0
global_step=21296, episodic_return=0.0
global_step=21408, episodic_return=0.0
SPS: 2809
global_step=21540, episodic_return=0.0
global_step=21640, episodic_return=0.0
global_step=21700, episodic_return=0.0
global_step=21812, episodic_return=0.0
global_step=21944, episodic_return=0.0
SPS: 2812
global_step=22044, episodic_return=0.0
global_step=22104, episodic_return=0.0
global_step=22216, episodic_return=0.0
global_step=22348, episodic_return=0.0
global_step=22448, episodic_return=0.0
global_step=22508, episodic_return=0.0
SPS: 2815
global_step=22620, episodic_return=0.0
global_step=22752, episodic_return=0.0
global_step=22852, episodic_return=0.0
global_step=22912, episodic_return=0.0
global_step=23024, episodic_return=0.0
SPS: 2819
global_step=23156, episodic_return=0.0
global_step=23256, episodic_return=0.0
global_step=23316, episodic_return=0.0
global_step=23428, episodic_return=0.0
global_step=23492, episodic_return=0.613
SPS: 2821
global_step=23560, episodic_return=0.0
global_step=23660, episodic_return=0.0
global_step=23832, episodic_return=0.0
global_step=23896, episodic_return=0.0
global_step=23964, episodic_return=0.0
global_step=24064, episodic_return=0.0
SPS: 2824
global_step=24236, episodic_return=0.0
global_step=24300, episodic_return=0.0
global_step=24336, episodic_return=0.9279999999999999
global_step=24368, episodic_return=0.0
global_step=24468, episodic_return=0.0
SPS: 2826
global_step=24640, episodic_return=0.0
global_step=24740, episodic_return=0.0
global_step=24772, episodic_return=0.0
global_step=24872, episodic_return=0.0
global_step=25044, episodic_return=0.3969999999999999
global_step=25044, episodic_return=0.0
SPS: 2827
global_step=25144, episodic_return=0.0
global_step=25276, episodic_return=0.0
global_step=25448, episodic_return=0.0
global_step=25448, episodic_return=0.0
global_step=25548, episodic_return=0.0
SPS: 2829
global_step=25680, episodic_return=0.0
global_step=25852, episodic_return=0.0
global_step=25852, episodic_return=0.0
global_step=25952, episodic_return=0.0
global_step=26084, episodic_return=0.0
SPS: 2831
global_step=26256, episodic_return=0.0
global_step=26256, episodic_return=0.0
global_step=26356, episodic_return=0.0
global_step=26488, episodic_return=0.0
SPS: 2834
global_step=26660, episodic_return=0.0
global_step=26660, episodic_return=0.0
global_step=26760, episodic_return=0.0
global_step=26892, episodic_return=0.0
global_step=27064, episodic_return=0.0
global_step=27064, episodic_return=0.0
SPS: 2837
global_step=27164, episodic_return=0.0
global_step=27200, episodic_return=0.31599999999999995
global_step=27468, episodic_return=0.0
global_step=27468, episodic_return=0.0
global_step=27500, episodic_return=0.33399999999999996
global_step=27568, episodic_return=0.0
SPS: 2839
global_step=27704, episodic_return=0.703
global_step=27872, episodic_return=0.0
global_step=27872, episodic_return=0.0
global_step=27904, episodic_return=0.0
global_step=28108, episodic_return=0.0
SPS: 2841
global_step=28276, episodic_return=0.0
global_step=28276, episodic_return=0.0
global_step=28308, episodic_return=0.0
global_step=28392, episodic_return=0.748
global_step=28512, episodic_return=0.0
global_step=28548, episodic_return=0.469
global_step=28576, episodic_return=0.865
SPS: 2843
global_step=28680, episodic_return=0.0
global_step=28796, episodic_return=0.0
global_step=28952, episodic_return=0.0
global_step=28980, episodic_return=0.0
global_step=29084, episodic_return=0.0
SPS: 2845
global_step=29200, episodic_return=0.0
global_step=29356, episodic_return=0.0
global_step=29384, episodic_return=0.0
global_step=29488, episodic_return=0.0
global_step=29604, episodic_return=0.0
SPS: 2846
global_step=29760, episodic_return=0.0
global_step=29788, episodic_return=0.0
global_step=29892, episodic_return=0.0
global_step=30008, episodic_return=0.0
global_step=30164, episodic_return=0.0
global_step=30192, episodic_return=0.0
SPS: 2847
global_step=30296, episodic_return=0.0
global_step=30412, episodic_return=0.0
global_step=30568, episodic_return=0.0
global_step=30596, episodic_return=0.0
global_step=30700, episodic_return=0.0
SPS: 2849
global_step=30816, episodic_return=0.0
global_step=30972, episodic_return=0.0
global_step=31000, episodic_return=0.0
global_step=31104, episodic_return=0.0
global_step=31220, episodic_return=0.0
SPS: 2851
global_step=31376, episodic_return=0.0
global_step=31404, episodic_return=0.0
global_step=31508, episodic_return=0.0
global_step=31624, episodic_return=0.0
SPS: 2851
global_step=31780, episodic_return=0.0
global_step=31808, episodic_return=0.0
global_step=31912, episodic_return=0.0
global_step=32028, episodic_return=0.0
global_step=32040, episodic_return=0.42399999999999993
global_step=32212, episodic_return=0.0
SPS: 2852
global_step=32316, episodic_return=0.0
global_step=32432, episodic_return=0.0
global_step=32444, episodic_return=0.0
global_step=32616, episodic_return=0.0
global_step=32720, episodic_return=0.0
SPS: 2853
global_step=32836, episodic_return=0.0
global_step=32848, episodic_return=0.0
global_step=33020, episodic_return=0.0
global_step=33124, episodic_return=0.0
global_step=33240, episodic_return=0.0
global_step=33252, episodic_return=0.0
SPS: 2854
global_step=33424, episodic_return=0.0
global_step=33528, episodic_return=0.0
global_step=33644, episodic_return=0.0
global_step=33656, episodic_return=0.0
SPS: 2856
global_step=33828, episodic_return=0.0
global_step=33932, episodic_return=0.0
global_step=34048, episodic_return=0.0
global_step=34060, episodic_return=0.0
global_step=34232, episodic_return=0.0
SPS: 2857
global_step=34336, episodic_return=0.0
global_step=34452, episodic_return=0.0
global_step=34464, episodic_return=0.0
global_step=34636, episodic_return=0.0
global_step=34740, episodic_return=0.0
SPS: 2859
global_step=34856, episodic_return=0.0
global_step=34868, episodic_return=0.0
global_step=35040, episodic_return=0.0
global_step=35144, episodic_return=0.0
global_step=35260, episodic_return=0.0
global_step=35272, episodic_return=0.0
SPS: 2860
global_step=35444, episodic_return=0.0
global_step=35548, episodic_return=0.0
global_step=35664, episodic_return=0.0
global_step=35676, episodic_return=0.0
SPS: 2862
global_step=35848, episodic_return=0.0
global_step=35952, episodic_return=0.0
global_step=36068, episodic_return=0.0
global_step=36080, episodic_return=0.0
global_step=36252, episodic_return=0.0
SPS: 2863
global_step=36356, episodic_return=0.0
global_step=36472, episodic_return=0.0
global_step=36484, episodic_return=0.0
global_step=36656, episodic_return=0.0
global_step=36760, episodic_return=0.0
SPS: 2865
global_step=36876, episodic_return=0.0
global_step=36888, episodic_return=0.0
global_step=37060, episodic_return=0.0
global_step=37164, episodic_return=0.0
global_step=37280, episodic_return=0.0
global_step=37292, episodic_return=0.0
SPS: 2866
global_step=37464, episodic_return=0.0
global_step=37568, episodic_return=0.0
global_step=37684, episodic_return=0.0
global_step=37696, episodic_return=0.0
global_step=37868, episodic_return=0.0
SPS: 2867
global_step=37972, episodic_return=0.0
global_step=38088, episodic_return=0.0
global_step=38100, episodic_return=0.0
global_step=38272, episodic_return=0.0
global_step=38376, episodic_return=0.0
SPS: 2869
global_step=38492, episodic_return=0.0
global_step=38504, episodic_return=0.0
global_step=38676, episodic_return=0.0
global_step=38780, episodic_return=0.0
global_step=38896, episodic_return=0.0
global_step=38908, episodic_return=0.0
SPS: 2870
global_step=39080, episodic_return=0.0
global_step=39184, episodic_return=0.0
global_step=39300, episodic_return=0.0
global_step=39312, episodic_return=0.0
SPS: 2871
global_step=39484, episodic_return=0.0
global_step=39588, episodic_return=0.0
global_step=39704, episodic_return=0.0
global_step=39716, episodic_return=0.0
global_step=39888, episodic_return=0.0
SPS: 2873
global_step=39992, episodic_return=0.0
global_step=40108, episodic_return=0.0
global_step=40120, episodic_return=0.0
global_step=40292, episodic_return=0.0
global_step=40396, episodic_return=0.0
SPS: 2873
global_step=40512, episodic_return=0.0
global_step=40524, episodic_return=0.0
global_step=40696, episodic_return=0.0
global_step=40800, episodic_return=0.0
global_step=40916, episodic_return=0.0
global_step=40928, episodic_return=0.0
SPS: 2874
global_step=41100, episodic_return=0.0
global_step=41204, episodic_return=0.0
global_step=41320, episodic_return=0.0
global_step=41332, episodic_return=0.0
SPS: 2875
global_step=41504, episodic_return=0.0
global_step=41608, episodic_return=0.0
global_step=41724, episodic_return=0.0
global_step=41736, episodic_return=0.0
global_step=41908, episodic_return=0.0
SPS: 2876
global_step=42012, episodic_return=0.0
global_step=42128, episodic_return=0.0
global_step=42140, episodic_return=0.0
global_step=42312, episodic_return=0.0
global_step=42416, episodic_return=0.0
global_step=42468, episodic_return=0.892
SPS: 2877
global_step=42532, episodic_return=0.0
global_step=42544, episodic_return=0.0
global_step=42716, episodic_return=0.0
global_step=42872, episodic_return=0.0
global_step=42936, episodic_return=0.0
global_step=42948, episodic_return=0.0
SPS: 2878
global_step=43120, episodic_return=0.0
global_step=43276, episodic_return=0.0
global_step=43340, episodic_return=0.0
global_step=43352, episodic_return=0.0
SPS: 2879
global_step=43524, episodic_return=0.0
global_step=43680, episodic_return=0.0
global_step=43744, episodic_return=0.0
global_step=43756, episodic_return=0.0
global_step=43928, episodic_return=0.0
global_step=43984, episodic_return=0.32499999999999996
SPS: 2879
global_step=44148, episodic_return=0.0
global_step=44160, episodic_return=0.0
global_step=44332, episodic_return=0.0
global_step=44388, episodic_return=0.0
SPS: 2880
global_step=44552, episodic_return=0.0
global_step=44564, episodic_return=0.0
global_step=44736, episodic_return=0.0
global_step=44792, episodic_return=0.0
global_step=44956, episodic_return=0.0
global_step=44968, episodic_return=0.0
SPS: 2881
global_step=45140, episodic_return=0.0
global_step=45196, episodic_return=0.0
global_step=45360, episodic_return=0.0
global_step=45372, episodic_return=0.0
global_step=45544, episodic_return=0.0
SPS: 2882
global_step=45600, episodic_return=0.0
global_step=45764, episodic_return=0.0
global_step=45776, episodic_return=0.0
global_step=45948, episodic_return=0.0
global_step=46004, episodic_return=0.0
SPS: 2883
global_step=46168, episodic_return=0.0
global_step=46180, episodic_return=0.0
global_step=46352, episodic_return=0.0
global_step=46408, episodic_return=0.0
global_step=46572, episodic_return=0.0
global_step=46584, episodic_return=0.0
SPS: 2883
global_step=46756, episodic_return=0.0
global_step=46812, episodic_return=0.0
global_step=46976, episodic_return=0.0
global_step=46988, episodic_return=0.0
SPS: 2884
global_step=47160, episodic_return=0.0
global_step=47216, episodic_return=0.0
global_step=47380, episodic_return=0.0
global_step=47392, episodic_return=0.0
global_step=47564, episodic_return=0.0
SPS: 2885
global_step=47620, episodic_return=0.0
global_step=47684, episodic_return=0.739
global_step=47784, episodic_return=0.0
global_step=47796, episodic_return=0.0
global_step=48024, episodic_return=0.0
global_step=48088, episodic_return=0.0
SPS: 2885
global_step=48188, episodic_return=0.0
global_step=48200, episodic_return=0.0
global_step=48428, episodic_return=0.0
global_step=48492, episodic_return=0.0
global_step=48592, episodic_return=0.0
global_step=48604, episodic_return=0.0
SPS: 2886
global_step=48832, episodic_return=0.0
global_step=48896, episodic_return=0.0
global_step=48996, episodic_return=0.0
global_step=49008, episodic_return=0.0
SPS: 2887
global_step=49236, episodic_return=0.0
global_step=49300, episodic_return=0.0
global_step=49400, episodic_return=0.0
global_step=49412, episodic_return=0.0
global_step=49640, episodic_return=0.0
SPS: 2887
global_step=49704, episodic_return=0.0
global_step=49804, episodic_return=0.0
global_step=49816, episodic_return=0.0
global_step=50044, episodic_return=0.0
global_step=50108, episodic_return=0.0
SPS: 2888
global_step=50208, episodic_return=0.0
global_step=50220, episodic_return=0.0
global_step=50448, episodic_return=0.0
global_step=50512, episodic_return=0.0
global_step=50612, episodic_return=0.0
global_step=50624, episodic_return=0.0
SPS: 2889
global_step=50768, episodic_return=0.6579999999999999
global_step=50852, episodic_return=0.0
global_step=50916, episodic_return=0.0
global_step=51028, episodic_return=0.0
global_step=51172, episodic_return=0.0
SPS: 2889
global_step=51224, episodic_return=0.5680000000000001
global_step=51256, episodic_return=0.0
global_step=51320, episodic_return=0.0
global_step=51380, episodic_return=0.874
global_step=51504, episodic_return=0.262
global_step=51628, episodic_return=0.0
global_step=51660, episodic_return=0.0
global_step=51708, episodic_return=0.829
SPS: 2890
global_step=51784, episodic_return=0.0
global_step=51908, episodic_return=0.0
global_step=52064, episodic_return=0.0
global_step=52112, episodic_return=0.0
global_step=52188, episodic_return=0.0
SPS: 2890
global_step=52312, episodic_return=0.0
global_step=52468, episodic_return=0.0
global_step=52516, episodic_return=0.0
global_step=52592, episodic_return=0.0
global_step=52716, episodic_return=0.0
SPS: 2891
global_step=52872, episodic_return=0.0
global_step=52920, episodic_return=0.0
global_step=52996, episodic_return=0.0
global_step=53120, episodic_return=0.0
SPS: 2892
global_step=53276, episodic_return=0.0
global_step=53324, episodic_return=0.0
global_step=53400, episodic_return=0.0
global_step=53524, episodic_return=0.0
global_step=53676, episodic_return=0.10899999999999999
global_step=53728, episodic_return=0.0
SPS: 2893
global_step=53804, episodic_return=0.0
global_step=53928, episodic_return=0.0
global_step=54080, episodic_return=0.0
global_step=54132, episodic_return=0.0
global_step=54208, episodic_return=0.0
SPS: 2893
global_step=54332, episodic_return=0.0
global_step=54480, episodic_return=0.3969999999999999
global_step=54484, episodic_return=0.0
global_step=54536, episodic_return=0.0
global_step=54736, episodic_return=0.0
SPS: 2894
global_step=54884, episodic_return=0.0
global_step=54888, episodic_return=0.0
global_step=54940, episodic_return=0.0
global_step=55140, episodic_return=0.0
global_step=55228, episodic_return=0.8109999999999999
global_step=55288, episodic_return=0.0
global_step=55292, episodic_return=0.0
SPS: 2895
global_step=55344, episodic_return=0.0
global_step=55632, episodic_return=0.0
global_step=55680, episodic_return=0.136
global_step=55692, episodic_return=0.0
global_step=55716, episodic_return=0.82
global_step=55748, episodic_return=0.0
SPS: 2895
global_step=55896, episodic_return=0.55
global_step=56084, episodic_return=0.0
global_step=56120, episodic_return=0.0
global_step=56152, episodic_return=0.0
global_step=56300, episodic_return=0.0
SPS: 2896
global_step=56488, episodic_return=0.0
global_step=56524, episodic_return=0.0
global_step=56556, episodic_return=0.0
global_step=56704, episodic_return=0.0
SPS: 2897
global_step=56892, episodic_return=0.0
global_step=56904, episodic_return=0.15400000000000003
global_step=56960, episodic_return=0.0
global_step=57108, episodic_return=0.0
global_step=57296, episodic_return=0.0
global_step=57308, episodic_return=0.0
SPS: 2897
global_step=57364, episodic_return=0.0
global_step=57512, episodic_return=0.0
global_step=57700, episodic_return=0.0
global_step=57712, episodic_return=0.0
global_step=57768, episodic_return=0.0
SPS: 2898
global_step=57916, episodic_return=0.0
global_step=58104, episodic_return=0.0
global_step=58116, episodic_return=0.0
global_step=58172, episodic_return=0.0
global_step=58320, episodic_return=0.0
SPS: 2899
global_step=58508, episodic_return=0.0
global_step=58520, episodic_return=0.0
global_step=58576, episodic_return=0.0
global_step=58724, episodic_return=0.0
SPS: 2900
global_step=58912, episodic_return=0.0
global_step=58924, episodic_return=0.0
global_step=58980, episodic_return=0.0
global_step=59128, episodic_return=0.0
global_step=59316, episodic_return=0.0
global_step=59328, episodic_return=0.0
global_step=59384, episodic_return=0.0
SPS: 2900
global_step=59532, episodic_return=0.0
global_step=59720, episodic_return=0.0
global_step=59732, episodic_return=0.0
global_step=59788, episodic_return=0.0
SPS: 2901
global_step=59936, episodic_return=0.0
global_step=60124, episodic_return=0.0
global_step=60136, episodic_return=0.0
global_step=60192, episodic_return=0.0
global_step=60340, episodic_return=0.0
SPS: 2902
global_step=60528, episodic_return=0.0
global_step=60540, episodic_return=0.0
global_step=60596, episodic_return=0.0
global_step=60744, episodic_return=0.0
SPS: 2903
global_step=60932, episodic_return=0.0
global_step=60944, episodic_return=0.0
global_step=61000, episodic_return=0.0
global_step=61148, episodic_return=0.0
global_step=61336, episodic_return=0.0
global_step=61348, episodic_return=0.0
global_step=61404, episodic_return=0.0
global_step=61440, episodic_return=0.352
SPS: 2903
global_step=61740, episodic_return=0.0
global_step=61752, episodic_return=0.0
global_step=61808, episodic_return=0.0
global_step=61844, episodic_return=0.0
global_step=61928, episodic_return=0.739
SPS: 2904
global_step=62144, episodic_return=0.0
global_step=62156, episodic_return=0.0
global_step=62248, episodic_return=0.0
global_step=62332, episodic_return=0.0
SPS: 2904
global_step=62548, episodic_return=0.0
global_step=62560, episodic_return=0.0
global_step=62652, episodic_return=0.0
global_step=62736, episodic_return=0.0
global_step=62952, episodic_return=0.0
global_step=62964, episodic_return=0.0
SPS: 2905
global_step=63056, episodic_return=0.0
global_step=63140, episodic_return=0.0
global_step=63356, episodic_return=0.0
global_step=63368, episodic_return=0.0
global_step=63460, episodic_return=0.0
SPS: 2906
global_step=63544, episodic_return=0.0
global_step=63760, episodic_return=0.0
global_step=63764, episodic_return=0.32499999999999996
global_step=63772, episodic_return=0.0
global_step=63860, episodic_return=0.784
global_step=63948, episodic_return=0.0
SPS: 2906
global_step=64168, episodic_return=0.0
global_step=64176, episodic_return=0.0
global_step=64264, episodic_return=0.0
global_step=64268, episodic_return=0.784
global_step=64352, episodic_return=0.0
SPS: 2907
global_step=64580, episodic_return=0.0
global_step=64668, episodic_return=0.0
global_step=64672, episodic_return=0.0
global_step=64716, episodic_return=0.91
global_step=64756, episodic_return=0.0
global_step=64984, episodic_return=0.0
SPS: 2907
global_step=65072, episodic_return=0.0
global_step=65120, episodic_return=0.0
global_step=65160, episodic_return=0.0
global_step=65388, episodic_return=0.0
global_step=65476, episodic_return=0.0
global_step=65524, episodic_return=0.0
SPS: 2908
global_step=65564, episodic_return=0.0
global_step=65792, episodic_return=0.0
global_step=65880, episodic_return=0.0
global_step=65928, episodic_return=0.0
global_step=65968, episodic_return=0.0
SPS: 2908
global_step=66196, episodic_return=0.0
global_step=66284, episodic_return=0.0
global_step=66332, episodic_return=0.0
global_step=66372, episodic_return=0.0
SPS: 2909
global_step=66600, episodic_return=0.0
global_step=66688, episodic_return=0.0
global_step=66736, episodic_return=0.0
global_step=66776, episodic_return=0.0
global_step=66924, episodic_return=0.2799999999999999
global_step=66964, episodic_return=0.4959999999999999
SPS: 2909
global_step=67092, episodic_return=0.0
global_step=67180, episodic_return=0.0
global_step=67328, episodic_return=0.0
global_step=67368, episodic_return=0.0
global_step=67496, episodic_return=0.09999999999999998
global_step=67584, episodic_return=0.0
SPS: 2909
global_step=67732, episodic_return=0.0
global_step=67772, episodic_return=0.0
global_step=67900, episodic_return=0.0
global_step=67988, episodic_return=0.0
SPS: 2910
global_step=68136, episodic_return=0.0
global_step=68176, episodic_return=0.0
global_step=68304, episodic_return=0.0
global_step=68392, episodic_return=0.0
global_step=68540, episodic_return=0.0
global_step=68580, episodic_return=0.0
SPS: 2910
global_step=68708, episodic_return=0.0
global_step=68796, episodic_return=0.0
global_step=68944, episodic_return=0.0
global_step=68984, episodic_return=0.0
global_step=69112, episodic_return=0.0
SPS: 2911
global_step=69200, episodic_return=0.0
global_step=69348, episodic_return=0.0
global_step=69388, episodic_return=0.0
global_step=69516, episodic_return=0.0
global_step=69604, episodic_return=0.0
SPS: 2911
global_step=69752, episodic_return=0.0
global_step=69792, episodic_return=0.0
global_step=69920, episodic_return=0.0
global_step=70008, episodic_return=0.0
SPS: 2912
global_step=70156, episodic_return=0.0
global_step=70196, episodic_return=0.0
global_step=70324, episodic_return=0.0
global_step=70412, episodic_return=0.0
global_step=70560, episodic_return=0.0
global_step=70600, episodic_return=0.0
global_step=70636, episodic_return=0.5049999999999999
SPS: 2912
global_step=70728, episodic_return=0.0
global_step=70896, episodic_return=0.42399999999999993
global_step=70964, episodic_return=0.0
global_step=71004, episodic_return=0.0
global_step=71132, episodic_return=0.0
SPS: 2912
global_step=71300, episodic_return=0.0
global_step=71368, episodic_return=0.0
global_step=71408, episodic_return=0.0
global_step=71536, episodic_return=0.0
global_step=71664, episodic_return=0.34299999999999997
SPS: 2912
global_step=71704, episodic_return=0.0
global_step=71812, episodic_return=0.0
global_step=71852, episodic_return=0.29799999999999993
global_step=72068, episodic_return=0.0
global_step=72108, episodic_return=0.0
SPS: 2913
global_step=72216, episodic_return=0.0
global_step=72256, episodic_return=0.0
global_step=72268, episodic_return=0.892
global_step=72472, episodic_return=0.0
global_step=72512, episodic_return=0.0
global_step=72612, episodic_return=0.694
global_step=72660, episodic_return=0.0
global_step=72668, episodic_return=0.883
global_step=72672, episodic_return=0.0
SPS: 2913
global_step=72916, episodic_return=0.0
global_step=73064, episodic_return=0.0
global_step=73072, episodic_return=0.0
global_step=73076, episodic_return=0.0
SPS: 2913
global_step=73236, episodic_return=0.2889999999999999
global_step=73468, episodic_return=0.0
global_step=73476, episodic_return=0.0
global_step=73480, episodic_return=0.0
global_step=73640, episodic_return=0.0
SPS: 2913
global_step=73872, episodic_return=0.0
global_step=73880, episodic_return=0.0
global_step=73884, episodic_return=0.0
global_step=73904, episodic_return=0.9369999999999999
global_step=74044, episodic_return=0.0
global_step=74112, episodic_return=0.856
global_step=74176, episodic_return=0.865
SPS: 2913
global_step=74284, episodic_return=0.0
global_step=74288, episodic_return=0.0
global_step=74308, episodic_return=0.0
global_step=74580, episodic_return=0.0
global_step=74688, episodic_return=0.0
global_step=74692, episodic_return=0.0
global_step=74712, episodic_return=0.0
SPS: 2913
global_step=74984, episodic_return=0.0
global_step=75092, episodic_return=0.0
global_step=75096, episodic_return=0.0
global_step=75116, episodic_return=0.0
global_step=75196, episodic_return=0.532
SPS: 2914
global_step=75316, episodic_return=0.5049999999999999
global_step=75500, episodic_return=0.0
global_step=75520, episodic_return=0.0
global_step=75600, episodic_return=0.0
global_step=75720, episodic_return=0.0
SPS: 2914
global_step=75904, episodic_return=0.0
global_step=75924, episodic_return=0.0
global_step=76004, episodic_return=0.0
global_step=76124, episodic_return=0.0
SPS: 2914
global_step=76308, episodic_return=0.0
global_step=76328, episodic_return=0.0
global_step=76408, episodic_return=0.0
global_step=76528, episodic_return=0.0
global_step=76712, episodic_return=0.0
global_step=76732, episodic_return=0.0
SPS: 2914
global_step=76812, episodic_return=0.0
global_step=76932, episodic_return=0.0
global_step=77116, episodic_return=0.0
global_step=77136, episodic_return=0.0
global_step=77216, episodic_return=0.0
SPS: 2915
global_step=77336, episodic_return=0.0
global_step=77520, episodic_return=0.0
global_step=77540, episodic_return=0.0
global_step=77620, episodic_return=0.0
global_step=77740, episodic_return=0.0
SPS: 2915
global_step=77924, episodic_return=0.0
global_step=77944, episodic_return=0.0
global_step=78024, episodic_return=0.0
global_step=78144, episodic_return=0.0
global_step=78328, episodic_return=0.0
SPS: 2915
global_step=78348, episodic_return=0.0
global_step=78428, episodic_return=0.0
global_step=78548, episodic_return=0.0
global_step=78732, episodic_return=0.0
global_step=78752, episodic_return=0.0
global_step=78832, episodic_return=0.0
SPS: 2915
global_step=78952, episodic_return=0.0
global_step=79136, episodic_return=0.0
global_step=79156, episodic_return=0.0
global_step=79160, episodic_return=0.955
global_step=79236, episodic_return=0.0
global_step=79356, episodic_return=0.0
SPS: 2915
global_step=79560, episodic_return=0.0
global_step=79564, episodic_return=0.0
global_step=79640, episodic_return=0.0
global_step=79760, episodic_return=0.0
SPS: 2915
global_step=79964, episodic_return=0.0
global_step=79968, episodic_return=0.0
global_step=80004, episodic_return=0.18999999999999995
global_step=80164, episodic_return=0.0
global_step=80344, episodic_return=0.604
global_step=80368, episodic_return=0.0
global_step=80372, episodic_return=0.0
SPS: 2915
global_step=80408, episodic_return=0.0
global_step=80748, episodic_return=0.0
global_step=80772, episodic_return=0.0
global_step=80776, episodic_return=0.0
global_step=80812, episodic_return=0.0
SPS: 2916
global_step=81152, episodic_return=0.0
global_step=81176, episodic_return=0.0
global_step=81180, episodic_return=0.0
global_step=81216, episodic_return=0.0
global_step=81368, episodic_return=0.586
SPS: 2916
global_step=81556, episodic_return=0.0
global_step=81580, episodic_return=0.0
global_step=81620, episodic_return=0.0
global_step=81772, episodic_return=0.0
SPS: 2916
global_step=81960, episodic_return=0.0
global_step=81984, episodic_return=0.0
global_step=82024, episodic_return=0.0
global_step=82176, episodic_return=0.0
global_step=82364, episodic_return=0.0
global_step=82388, episodic_return=0.0
global_step=82428, episodic_return=0.0
SPS: 2916
global_step=82580, episodic_return=0.0
global_step=82768, episodic_return=0.0
global_step=82792, episodic_return=0.0
global_step=82832, episodic_return=0.0
SPS: 2916
global_step=82984, episodic_return=0.0
global_step=83172, episodic_return=0.0
global_step=83196, episodic_return=0.0
global_step=83236, episodic_return=0.0
global_step=83388, episodic_return=0.0
SPS: 2917
global_step=83576, episodic_return=0.0
global_step=83600, episodic_return=0.0
global_step=83620, episodic_return=0.964
global_step=83640, episodic_return=0.0
global_step=83792, episodic_return=0.0
SPS: 2917
global_step=83980, episodic_return=0.0
global_step=84024, episodic_return=0.0
global_step=84044, episodic_return=0.0
global_step=84196, episodic_return=0.0
global_step=84384, episodic_return=0.0
global_step=84428, episodic_return=0.0
global_step=84448, episodic_return=0.0
SPS: 2917
global_step=84600, episodic_return=0.0
global_step=84788, episodic_return=0.0
global_step=84832, episodic_return=0.0
global_step=84852, episodic_return=0.0
SPS: 2917
global_step=85004, episodic_return=0.0
global_step=85192, episodic_return=0.0
global_step=85236, episodic_return=0.0
global_step=85256, episodic_return=0.0
global_step=85408, episodic_return=0.0
SPS: 2917
global_step=85596, episodic_return=0.0
global_step=85600, episodic_return=0.577
global_step=85640, episodic_return=0.0
global_step=85660, episodic_return=0.0
global_step=86000, episodic_return=0.0
global_step=86004, episodic_return=0.0
SPS: 2917
global_step=86044, episodic_return=0.0
global_step=86064, episodic_return=0.0
global_step=86404, episodic_return=0.0
global_step=86408, episodic_return=0.0
global_step=86448, episodic_return=0.0
global_step=86468, episodic_return=0.0
SPS: 2917
global_step=86808, episodic_return=0.0
global_step=86812, episodic_return=0.0
global_step=86852, episodic_return=0.0
global_step=86872, episodic_return=0.0
SPS: 2918
global_step=87212, episodic_return=0.0
global_step=87216, episodic_return=0.0
global_step=87256, episodic_return=0.0
global_step=87276, episodic_return=0.0
global_step=87324, episodic_return=0.757
SPS: 2917
global_step=87620, episodic_return=0.0
global_step=87660, episodic_return=0.0
global_step=87680, episodic_return=0.0
global_step=87728, episodic_return=0.0
global_step=88024, episodic_return=0.0
global_step=88064, episodic_return=0.0
SPS: 2917
global_step=88084, episodic_return=0.0
global_step=88132, episodic_return=0.0
global_step=88184, episodic_return=0.739
global_step=88428, episodic_return=0.0
global_step=88488, episodic_return=0.0
global_step=88536, episodic_return=0.0
SPS: 2918
global_step=88588, episodic_return=0.0
global_step=88832, episodic_return=0.0
global_step=88892, episodic_return=0.0
global_step=88940, episodic_return=0.0
global_step=88992, episodic_return=0.0
SPS: 2918
global_step=89176, episodic_return=0.478
global_step=89236, episodic_return=0.0
global_step=89296, episodic_return=0.0
global_step=89396, episodic_return=0.0
global_step=89580, episodic_return=0.0
SPS: 2918
global_step=89624, episodic_return=0.91
global_step=89640, episodic_return=0.0
global_step=89700, episodic_return=0.0
global_step=89704, episodic_return=0.829
global_step=89800, episodic_return=0.0
global_step=90044, episodic_return=0.0
global_step=90104, episodic_return=0.0
global_step=90108, episodic_return=0.0
SPS: 2918
global_step=90204, episodic_return=0.0
global_step=90448, episodic_return=0.0
global_step=90508, episodic_return=0.0
global_step=90512, episodic_return=0.0
global_step=90608, episodic_return=0.0
SPS: 2918
global_step=90852, episodic_return=0.0
global_step=90912, episodic_return=0.0
global_step=90916, episodic_return=0.0
global_step=91012, episodic_return=0.0
SPS: 2918
global_step=91256, episodic_return=0.0
global_step=91316, episodic_return=0.0
global_step=91320, episodic_return=0.0
global_step=91416, episodic_return=0.0
SPS: 2918
global_step=91660, episodic_return=0.0
global_step=91720, episodic_return=0.0
global_step=91724, episodic_return=0.0
global_step=91820, episodic_return=0.0
global_step=92064, episodic_return=0.0
global_step=92124, episodic_return=0.0
global_step=92128, episodic_return=0.0
SPS: 2919
global_step=92224, episodic_return=0.0
global_step=92232, episodic_return=0.775
global_step=92468, episodic_return=0.0
global_step=92528, episodic_return=0.0
global_step=92536, episodic_return=0.30699999999999994
global_step=92636, episodic_return=0.0
SPS: 2919
global_step=92872, episodic_return=0.0
global_step=92916, episodic_return=0.379
global_step=92932, episodic_return=0.0
global_step=92940, episodic_return=0.0
SPS: 2919
global_step=93276, episodic_return=0.0
global_step=93320, episodic_return=0.0
global_step=93336, episodic_return=0.0
global_step=93344, episodic_return=0.0
global_step=93680, episodic_return=0.0
SPS: 2919
global_step=93724, episodic_return=0.0
global_step=93740, episodic_return=0.0
global_step=93748, episodic_return=0.0
global_step=94084, episodic_return=0.0
global_step=94128, episodic_return=0.0
global_step=94144, episodic_return=0.0
global_step=94152, episodic_return=0.0
global_step=94156, episodic_return=0.847
SPS: 2919
global_step=94532, episodic_return=0.0
global_step=94548, episodic_return=0.0
global_step=94556, episodic_return=0.0
global_step=94560, episodic_return=0.0
SPS: 2920
global_step=94936, episodic_return=0.0
global_step=94952, episodic_return=0.0
global_step=94960, episodic_return=0.0
global_step=94964, episodic_return=0.0
global_step=95008, episodic_return=0.847
global_step=95140, episodic_return=0.613
SPS: 2920
global_step=95356, episodic_return=0.0
global_step=95364, episodic_return=0.0
global_step=95412, episodic_return=0.0
global_step=95544, episodic_return=0.0
SPS: 2920
global_step=95760, episodic_return=0.0
global_step=95768, episodic_return=0.0
global_step=95816, episodic_return=0.0
global_step=95948, episodic_return=0.0
global_step=96164, episodic_return=0.0
global_step=96172, episodic_return=0.0
global_step=96220, episodic_return=0.0
SPS: 2921
global_step=96352, episodic_return=0.0
global_step=96424, episodic_return=0.847
global_step=96568, episodic_return=0.0
global_step=96576, episodic_return=0.0
global_step=96624, episodic_return=0.0
SPS: 2921
global_step=96828, episodic_return=0.0
global_step=96972, episodic_return=0.0
global_step=96980, episodic_return=0.0
global_step=97028, episodic_return=0.0
global_step=97044, episodic_return=0.847
global_step=97232, episodic_return=0.0
SPS: 2921
global_step=97288, episodic_return=0.31599999999999995
global_step=97432, episodic_return=0.0
global_step=97448, episodic_return=0.0
global_step=97636, episodic_return=0.0
global_step=97692, episodic_return=0.0
SPS: 2921
global_step=97836, episodic_return=0.0
global_step=97852, episodic_return=0.0
global_step=98040, episodic_return=0.0
global_step=98096, episodic_return=0.0
global_step=98240, episodic_return=0.0
global_step=98256, episodic_return=0.0
SPS: 2921
global_step=98444, episodic_return=0.0
global_step=98500, episodic_return=0.0
global_step=98644, episodic_return=0.0
global_step=98660, episodic_return=0.0
global_step=98780, episodic_return=0.703
SPS: 2922
global_step=98848, episodic_return=0.0
global_step=98904, episodic_return=0.0
global_step=99056, episodic_return=0.5409999999999999
global_step=99064, episodic_return=0.0
global_step=99096, episodic_return=0.577
global_step=99184, episodic_return=0.0
SPS: 2921
global_step=99460, episodic_return=0.0
global_step=99468, episodic_return=0.0
global_step=99500, episodic_return=0.0
global_step=99588, episodic_return=0.0
SPS: 2922
global_step=99864, episodic_return=0.0
global_step=99872, episodic_return=0.0
global_step=99904, episodic_return=0.0
global_step=99908, episodic_return=0.9279999999999999
global_step=99992, episodic_return=0.0
global_step=100268, episodic_return=0.0
global_step=100308, episodic_return=0.0
global_step=100312, episodic_return=0.0
SPS: 2922
global_step=100396, episodic_return=0.0
global_step=100672, episodic_return=0.0
global_step=100712, episodic_return=0.0
global_step=100716, episodic_return=0.0
global_step=100800, episodic_return=0.0
SPS: 2922
global_step=100928, episodic_return=0.721
global_step=101076, episodic_return=0.0
global_step=101116, episodic_return=0.0
global_step=101120, episodic_return=0.0
global_step=101332, episodic_return=0.0
SPS: 2922
global_step=101480, episodic_return=0.0
global_step=101520, episodic_return=0.0
global_step=101524, episodic_return=0.0
global_step=101736, episodic_return=0.0
global_step=101796, episodic_return=0.874
global_step=101884, episodic_return=0.0
SPS: 2922
global_step=101924, episodic_return=0.0
global_step=101928, episodic_return=0.0
global_step=102144, episodic_return=0.42399999999999993
global_step=102200, episodic_return=0.0
global_step=102328, episodic_return=0.0
global_step=102332, episodic_return=0.0
SPS: 2922
global_step=102548, episodic_return=0.0
global_step=102604, episodic_return=0.0
global_step=102732, episodic_return=0.0
global_step=102736, episodic_return=0.0
SPS: 2923
global_step=102952, episodic_return=0.0
global_step=103008, episodic_return=0.0
global_step=103136, episodic_return=0.0
global_step=103140, episodic_return=0.0
global_step=103272, episodic_return=0.4149999999999999
global_step=103356, episodic_return=0.0
SPS: 2922
global_step=103540, episodic_return=0.0
global_step=103544, episodic_return=0.0
global_step=103676, episodic_return=0.0
global_step=103760, episodic_return=0.0
SPS: 2923
global_step=103944, episodic_return=0.0
global_step=103948, episodic_return=0.0
global_step=104080, episodic_return=0.0
global_step=104164, episodic_return=0.0
global_step=104348, episodic_return=0.0
global_step=104352, episodic_return=0.0
SPS: 2923
global_step=104484, episodic_return=0.0
global_step=104568, episodic_return=0.0
global_step=104600, episodic_return=0.45099999999999996
global_step=104604, episodic_return=0.43299999999999994
global_step=104888, episodic_return=0.0
SPS: 2923
global_step=104972, episodic_return=0.0
global_step=105004, episodic_return=0.0
global_step=105008, episodic_return=0.0
global_step=105104, episodic_return=0.7929999999999999
global_step=105292, episodic_return=0.0
global_step=105376, episodic_return=0.0
global_step=105380, episodic_return=0.3879999999999999
global_step=105408, episodic_return=0.0
SPS: 2923
global_step=105696, episodic_return=0.0
global_step=105764, episodic_return=0.856
global_step=105780, episodic_return=0.0
global_step=105784, episodic_return=0.0
global_step=105812, episodic_return=0.901
global_step=105812, episodic_return=0.0
global_step=105976, episodic_return=0.6399999999999999
SPS: 2923
global_step=106184, episodic_return=0.0
global_step=106188, episodic_return=0.0
global_step=106216, episodic_return=0.0
global_step=106260, episodic_return=0.91
global_step=106380, episodic_return=0.0
SPS: 2923
global_step=106588, episodic_return=0.0
global_step=106592, episodic_return=0.0
global_step=106664, episodic_return=0.0
global_step=106784, episodic_return=0.0
global_step=106920, episodic_return=0.2709999999999999
global_step=106992, episodic_return=0.0
SPS: 2923
global_step=107068, episodic_return=0.0
global_step=107188, episodic_return=0.0
global_step=107324, episodic_return=0.0
global_step=107396, episodic_return=0.0
global_step=107472, episodic_return=0.0
global_step=107488, episodic_return=0.802
SPS: 2923
global_step=107592, episodic_return=0.0
global_step=107728, episodic_return=0.0
global_step=107824, episodic_return=0.7929999999999999
global_step=107876, episodic_return=0.0
global_step=107892, episodic_return=0.0
global_step=107996, episodic_return=0.0
global_step=108020, episodic_return=0.5680000000000001
SPS: 2923
global_step=108280, episodic_return=0.0
global_step=108296, episodic_return=0.0
global_step=108400, episodic_return=0.0
global_step=108424, episodic_return=0.0
SPS: 2923
global_step=108684, episodic_return=0.0
global_step=108700, episodic_return=0.0
global_step=108716, episodic_return=0.29799999999999993
global_step=108828, episodic_return=0.0
global_step=108828, episodic_return=0.685
SPS: 2923
global_step=109104, episodic_return=0.0
global_step=109120, episodic_return=0.0
global_step=109232, episodic_return=0.0
global_step=109232, episodic_return=0.0
global_step=109504, episodic_return=0.14500000000000002
global_step=109508, episodic_return=0.0
SPS: 2923
global_step=109636, episodic_return=0.0
global_step=109636, episodic_return=0.0
global_step=109744, episodic_return=0.478
global_step=109908, episodic_return=0.0
global_step=110040, episodic_return=0.0
global_step=110040, episodic_return=0.0
SPS: 2923
global_step=110148, episodic_return=0.0
global_step=110192, episodic_return=0.91
global_step=110312, episodic_return=0.0
global_step=110444, episodic_return=0.0
global_step=110444, episodic_return=0.0
SPS: 2923
global_step=110596, episodic_return=0.0
global_step=110716, episodic_return=0.0
global_step=110836, episodic_return=0.469
global_step=110848, episodic_return=0.0
global_step=110848, episodic_return=0.0
SPS: 2923
global_step=111120, episodic_return=0.0
global_step=111240, episodic_return=0.0
global_step=111252, episodic_return=0.0
global_step=111252, episodic_return=0.0
global_step=111320, episodic_return=0.856
global_step=111524, episodic_return=0.0
SPS: 2923
global_step=111644, episodic_return=0.0
global_step=111656, episodic_return=0.0
global_step=111724, episodic_return=0.0
global_step=111928, episodic_return=0.0
global_step=112048, episodic_return=0.2799999999999999
global_step=112048, episodic_return=0.0
global_step=112060, episodic_return=0.0
SPS: 2923
global_step=112188, episodic_return=0.694
global_step=112244, episodic_return=0.5680000000000001
global_step=112316, episodic_return=0.847
global_step=112332, episodic_return=0.0
global_step=112452, episodic_return=0.4149999999999999
global_step=112464, episodic_return=0.0
global_step=112492, episodic_return=0.946
SPS: 2923
global_step=112720, episodic_return=0.0
global_step=112736, episodic_return=0.0
global_step=112856, episodic_return=0.0
global_step=112896, episodic_return=0.0
global_step=113124, episodic_return=0.0
global_step=113140, episodic_return=0.0
global_step=113148, episodic_return=0.991
SPS: 2923
global_step=113260, episodic_return=0.0
global_step=113300, episodic_return=0.0
global_step=113528, episodic_return=0.0
global_step=113552, episodic_return=0.0
global_step=113664, episodic_return=0.0
SPS: 2923
global_step=113704, episodic_return=0.0
global_step=113932, episodic_return=0.0
global_step=113956, episodic_return=0.0
global_step=114068, episodic_return=0.0
global_step=114108, episodic_return=0.0
global_step=114132, episodic_return=0.5589999999999999
SPS: 2923
global_step=114360, episodic_return=0.0
global_step=114472, episodic_return=0.0
global_step=114512, episodic_return=0.0
global_step=114536, episodic_return=0.0
SPS: 2923
global_step=114764, episodic_return=0.0
global_step=114876, episodic_return=0.0
global_step=114916, episodic_return=0.0
global_step=114940, episodic_return=0.0
global_step=114948, episodic_return=0.595
global_step=115020, episodic_return=0.829
SPS: 2923
global_step=115280, episodic_return=0.0
global_step=115320, episodic_return=0.0
global_step=115352, episodic_return=0.0
global_step=115424, episodic_return=0.0
global_step=115684, episodic_return=0.0
SPS: 2923
global_step=115724, episodic_return=0.0
global_step=115756, episodic_return=0.0
global_step=115812, episodic_return=0.721
global_step=115828, episodic_return=0.0
global_step=115976, episodic_return=0.44199999999999995
global_step=116160, episodic_return=0.0
global_step=116216, episodic_return=0.0
SPS: 2923
global_step=116232, episodic_return=0.0
global_step=116380, episodic_return=0.0
global_step=116564, episodic_return=0.0
global_step=116620, episodic_return=0.0
global_step=116636, episodic_return=0.0
global_step=116648, episodic_return=0.946
SPS: 2923
global_step=116784, episodic_return=0.0
global_step=116872, episodic_return=0.5049999999999999
global_step=116968, episodic_return=0.0
global_step=117040, episodic_return=0.0
global_step=117188, episodic_return=0.0
SPS: 2923
global_step=117276, episodic_return=0.0
global_step=117372, episodic_return=0.0
global_step=117444, episodic_return=0.0
global_step=117592, episodic_return=0.0
global_step=117680, episodic_return=0.0
SPS: 2923
global_step=117776, episodic_return=0.0
global_step=117820, episodic_return=0.16299999999999992
global_step=117996, episodic_return=0.0
global_step=118084, episodic_return=0.0
global_step=118180, episodic_return=0.0
global_step=118224, episodic_return=0.0
SPS: 2923
global_step=118400, episodic_return=0.0
global_step=118488, episodic_return=0.0
global_step=118584, episodic_return=0.0
global_step=118628, episodic_return=0.0
SPS: 2923
global_step=118804, episodic_return=0.0
global_step=118892, episodic_return=0.0
global_step=118988, episodic_return=0.0
global_step=119016, episodic_return=0.73
global_step=119032, episodic_return=0.0
global_step=119208, episodic_return=0.0
SPS: 2923
global_step=119392, episodic_return=0.0
global_step=119420, episodic_return=0.0
global_step=119436, episodic_return=0.0
global_step=119612, episodic_return=0.0
global_step=119796, episodic_return=0.0
SPS: 2923
global_step=119824, episodic_return=0.0
global_step=119840, episodic_return=0.0
global_step=120016, episodic_return=0.0
global_step=120024, episodic_return=0.991
global_step=120200, episodic_return=0.0
global_step=120228, episodic_return=0.0
global_step=120244, episodic_return=0.0
SPS: 2923
global_step=120428, episodic_return=0.0
global_step=120540, episodic_return=0.30699999999999994
global_step=120544, episodic_return=0.235
global_step=120648, episodic_return=0.0
global_step=120832, episodic_return=0.0
SPS: 2923
global_step=120852, episodic_return=0.30699999999999994
global_step=120948, episodic_return=0.0
global_step=121052, episodic_return=0.0
global_step=121236, episodic_return=0.0
global_step=121256, episodic_return=0.0
SPS: 2923
global_step=121352, episodic_return=0.0
global_step=121456, episodic_return=0.0
global_step=121640, episodic_return=0.0
global_step=121660, episodic_return=0.0
global_step=121756, episodic_return=0.0
global_step=121780, episodic_return=0.694
SPS: 2923
global_step=121860, episodic_return=0.0
global_step=122048, episodic_return=0.352
global_step=122064, episodic_return=0.0
global_step=122184, episodic_return=0.0
global_step=122264, episodic_return=0.0
SPS: 2923
global_step=122452, episodic_return=0.0
global_step=122468, episodic_return=0.0
global_step=122536, episodic_return=0.21699999999999997
global_step=122636, episodic_return=0.631
global_step=122668, episodic_return=0.0
global_step=122840, episodic_return=0.136
SPS: 2923
global_step=122940, episodic_return=0.0
global_step=123040, episodic_return=0.0
global_step=123072, episodic_return=0.0
global_step=123228, episodic_return=0.6579999999999999
global_step=123244, episodic_return=0.0
global_step=123344, episodic_return=0.0
SPS: 2923
global_step=123444, episodic_return=0.0
global_step=123632, episodic_return=0.0
global_step=123648, episodic_return=0.0
global_step=123664, episodic_return=0.2889999999999999
global_step=123848, episodic_return=0.0
SPS: 2923
global_step=124036, episodic_return=0.0
global_step=124052, episodic_return=0.0
global_step=124068, episodic_return=0.0
global_step=124160, episodic_return=0.802
global_step=124252, episodic_return=0.0
SPS: 2923
global_step=124440, episodic_return=0.0
global_step=124456, episodic_return=0.0
global_step=124476, episodic_return=0.964
global_step=124496, episodic_return=0.253
global_step=124656, episodic_return=0.0
global_step=124844, episodic_return=0.0
global_step=124880, episodic_return=0.0
global_step=124900, episodic_return=0.0
SPS: 2923
global_step=125060, episodic_return=0.0
global_step=125248, episodic_return=0.0
global_step=125284, episodic_return=0.0
global_step=125304, episodic_return=0.0
SPS: 2924
global_step=125464, episodic_return=0.0
global_step=125652, episodic_return=0.0
global_step=125688, episodic_return=0.0
global_step=125708, episodic_return=0.0
global_step=125836, episodic_return=0.17199999999999993
SPS: 2924
global_step=126056, episodic_return=0.0
global_step=126092, episodic_return=0.0
global_step=126108, episodic_return=0.10899999999999999
global_step=126240, episodic_return=0.0
global_step=126256, episodic_return=0.6759999999999999
global_step=126460, episodic_return=0.0
SPS: 2924
global_step=126496, episodic_return=0.0
global_step=126644, episodic_return=0.0
global_step=126660, episodic_return=0.0
global_step=126668, episodic_return=0.5409999999999999
global_step=126752, episodic_return=0.43299999999999994
SPS: 2924
global_step=127028, episodic_return=0.3879999999999999
global_step=127048, episodic_return=0.0
global_step=127064, episodic_return=0.0
global_step=127072, episodic_return=0.0
global_step=127432, episodic_return=0.0
global_step=127452, episodic_return=0.0
global_step=127468, episodic_return=0.0
global_step=127476, episodic_return=0.0
SPS: 2924
global_step=127836, episodic_return=0.0
global_step=127856, episodic_return=0.964
global_step=127856, episodic_return=0.0
global_step=127872, episodic_return=0.0
global_step=127880, episodic_return=0.0
SPS: 2924
global_step=128044, episodic_return=0.586
global_step=128208, episodic_return=0.253
global_step=128260, episodic_return=0.0
global_step=128284, episodic_return=0.0
global_step=128324, episodic_return=0.748
global_step=128448, episodic_return=0.0
SPS: 2924
global_step=128664, episodic_return=0.0
global_step=128688, episodic_return=0.0
global_step=128728, episodic_return=0.0
global_step=128804, episodic_return=0.748
global_step=128852, episodic_return=0.0
SPS: 2924
global_step=129068, episodic_return=0.0
global_step=129132, episodic_return=0.0
global_step=129208, episodic_return=0.0
global_step=129220, episodic_return=0.18099999999999994
global_step=129380, episodic_return=0.30699999999999994
global_step=129536, episodic_return=0.0
SPS: 2924
global_step=129612, episodic_return=0.0
global_step=129624, episodic_return=0.0
global_step=129784, episodic_return=0.0
global_step=129940, episodic_return=0.0
global_step=130016, episodic_return=0.0
global_step=130028, episodic_return=0.0
SPS: 2924
global_step=130188, episodic_return=0.0
global_step=130344, episodic_return=0.0
global_step=130420, episodic_return=0.0
global_step=130432, episodic_return=0.0
SPS: 2924
global_step=130592, episodic_return=0.0
global_step=130748, episodic_return=0.0
global_step=130820, episodic_return=0.136
global_step=130824, episodic_return=0.0
global_step=130848, episodic_return=0.955
global_step=130996, episodic_return=0.0
SPS: 2925
global_step=131152, episodic_return=0.0
global_step=131224, episodic_return=0.0
global_step=131252, episodic_return=0.0
global_step=131400, episodic_return=0.0
global_step=131536, episodic_return=0.14500000000000002
SPS: 2925
global_step=131628, episodic_return=0.0
global_step=131656, episodic_return=0.0
global_step=131804, episodic_return=0.0
global_step=131940, episodic_return=0.0
global_step=132004, episodic_return=0.865
global_step=132032, episodic_return=0.0
global_step=132060, episodic_return=0.0
SPS: 2925
global_step=132208, episodic_return=0.0
global_step=132408, episodic_return=0.0
global_step=132436, episodic_return=0.0
global_step=132464, episodic_return=0.0
SPS: 2925
global_step=132612, episodic_return=0.0
global_step=132664, episodic_return=0.4959999999999999
global_step=132812, episodic_return=0.0
global_step=132868, episodic_return=0.0
global_step=133016, episodic_return=0.0
global_step=133068, episodic_return=0.0
SPS: 2925
global_step=133216, episodic_return=0.0
global_step=133260, episodic_return=0.577
global_step=133272, episodic_return=0.0
global_step=133420, episodic_return=0.0
global_step=133620, episodic_return=0.0
SPS: 2925
global_step=133664, episodic_return=0.0
global_step=133676, episodic_return=0.0
global_step=133804, episodic_return=0.721
global_step=133824, episodic_return=0.0
global_step=133848, episodic_return=0.91
global_step=133940, episodic_return=0.802
global_step=134024, episodic_return=0.0
global_step=134068, episodic_return=0.0
SPS: 2925
global_step=134228, episodic_return=0.0
global_step=134272, episodic_return=0.91
global_step=134344, episodic_return=0.0
global_step=134400, episodic_return=0.721
global_step=134428, episodic_return=0.0
global_step=134444, episodic_return=0.91
global_step=134472, episodic_return=0.0
global_step=134564, episodic_return=0.739
SPS: 2925
global_step=134748, episodic_return=0.0
global_step=134832, episodic_return=0.0
global_step=134876, episodic_return=0.0
global_step=134968, episodic_return=0.0
global_step=135152, episodic_return=0.0
SPS: 2925
global_step=135236, episodic_return=0.0
global_step=135280, episodic_return=0.0
global_step=135372, episodic_return=0.0
global_step=135520, episodic_return=0.6759999999999999
global_step=135556, episodic_return=0.0
global_step=135640, episodic_return=0.0
SPS: 2926
global_step=135684, episodic_return=0.0
global_step=135728, episodic_return=0.91
global_step=135924, episodic_return=0.0
global_step=135960, episodic_return=0.0
global_step=136044, episodic_return=0.0
global_step=136076, episodic_return=0.748
global_step=136132, episodic_return=0.0
SPS: 2926
global_step=136328, episodic_return=0.0
global_step=136448, episodic_return=0.0
global_step=136480, episodic_return=0.0
global_step=136536, episodic_return=0.0
global_step=136700, episodic_return=0.6399999999999999
SPS: 2926
global_step=136732, episodic_return=0.0
global_step=136792, episodic_return=0.802
global_step=136852, episodic_return=0.0
global_step=136884, episodic_return=0.0
global_step=137136, episodic_return=0.0
global_step=137164, episodic_return=0.379
global_step=137196, episodic_return=0.0
SPS: 2926
global_step=137256, episodic_return=0.0
global_step=137540, episodic_return=0.0
global_step=137568, episodic_return=0.0
global_step=137600, episodic_return=0.0
global_step=137660, episodic_return=0.0
SPS: 2926
global_step=137784, episodic_return=0.595
global_step=137944, episodic_return=0.0
global_step=137972, episodic_return=0.0
global_step=138064, episodic_return=0.0
global_step=138188, episodic_return=0.0
SPS: 2926
global_step=138348, episodic_return=0.0
global_step=138376, episodic_return=0.0
global_step=138400, episodic_return=0.532
global_step=138468, episodic_return=0.0
global_step=138492, episodic_return=0.748
global_step=138752, episodic_return=0.0
SPS: 2926
global_step=138796, episodic_return=0.118
global_step=138804, episodic_return=0.991
global_step=138872, episodic_return=0.0
global_step=138892, episodic_return=0.694
global_step=138896, episodic_return=0.0
global_step=139160, episodic_return=0.4149999999999999
global_step=139208, episodic_return=0.0
SPS: 2926
global_step=139276, episodic_return=0.0
global_step=139296, episodic_return=0.0
global_step=139308, episodic_return=0.784
global_step=139564, episodic_return=0.0
global_step=139680, episodic_return=0.0
global_step=139700, episodic_return=0.0
global_step=139712, episodic_return=0.0
SPS: 2927
global_step=139968, episodic_return=0.0
global_step=139980, episodic_return=0.379
global_step=140028, episodic_return=0.29799999999999993
global_step=140060, episodic_return=0.802
global_step=140084, episodic_return=0.0
global_step=140200, episodic_return=0.694
SPS: 2927
global_step=140384, episodic_return=0.0
global_step=140432, episodic_return=0.0
global_step=140488, episodic_return=0.0
global_step=140604, episodic_return=0.0
global_step=140788, episodic_return=0.0
SPS: 2927
global_step=140836, episodic_return=0.0
global_step=140892, episodic_return=0.0
global_step=141008, episodic_return=0.0
global_step=141192, episodic_return=0.0
global_step=141240, episodic_return=0.0
global_step=141248, episodic_return=0.991
global_step=141260, episodic_return=0.856
global_step=141296, episodic_return=0.0
SPS: 2927
global_step=141332, episodic_return=0.847
global_step=141412, episodic_return=0.0
global_step=141548, episodic_return=0.5229999999999999
global_step=141632, episodic_return=0.82
global_step=141652, episodic_return=0.0
global_step=141700, episodic_return=0.0
global_step=141816, episodic_return=0.0
SPS: 2927
global_step=142036, episodic_return=0.0
global_step=142056, episodic_return=0.0
global_step=142104, episodic_return=0.0
global_step=142220, episodic_return=0.0
SPS: 2927
global_step=142420, episodic_return=0.5589999999999999
global_step=142440, episodic_return=0.0
global_step=142460, episodic_return=0.0
global_step=142508, episodic_return=0.0
global_step=142560, episodic_return=0.784
global_step=142824, episodic_return=0.0
global_step=142844, episodic_return=0.0
SPS: 2927
global_step=142912, episodic_return=0.0
global_step=142932, episodic_return=0.766
global_step=142964, episodic_return=0.0
global_step=143248, episodic_return=0.0
global_step=143316, episodic_return=0.0
global_step=143336, episodic_return=0.0
SPS: 2928
global_step=143368, episodic_return=0.0
global_step=143652, episodic_return=0.0
global_step=143668, episodic_return=0.33399999999999996
global_step=143720, episodic_return=0.0
global_step=143740, episodic_return=0.0
SPS: 2928
global_step=144056, episodic_return=0.0
global_step=144072, episodic_return=0.0
global_step=144124, episodic_return=0.0
global_step=144144, episodic_return=0.0
global_step=144192, episodic_return=0.901
global_step=144376, episodic_return=0.595
SPS: 2928
global_step=144460, episodic_return=0.0
global_step=144476, episodic_return=0.0
global_step=144528, episodic_return=0.0
global_step=144780, episodic_return=0.0
global_step=144864, episodic_return=0.0
global_step=144880, episodic_return=0.0
SPS: 2928
global_step=144932, episodic_return=0.0
global_step=145184, episodic_return=0.0
global_step=145268, episodic_return=0.0
global_step=145284, episodic_return=0.0
global_step=145336, episodic_return=0.0
SPS: 2928
global_step=145456, episodic_return=0.586
global_step=145508, episodic_return=0.892
global_step=145576, episodic_return=0.856
global_step=145588, episodic_return=0.0
global_step=145688, episodic_return=0.0
global_step=145740, episodic_return=0.0
SPS: 2928
global_step=145980, episodic_return=0.0
global_step=145992, episodic_return=0.0
global_step=146012, episodic_return=0.9369999999999999
global_step=146072, episodic_return=0.874
global_step=146092, episodic_return=0.0
global_step=146144, episodic_return=0.0
global_step=146308, episodic_return=0.29799999999999993
SPS: 2927
global_step=146476, episodic_return=0.0
global_step=146496, episodic_return=0.0
global_step=146548, episodic_return=0.0
global_step=146712, episodic_return=0.0
global_step=146880, episodic_return=0.0
global_step=146900, episodic_return=0.0
SPS: 2927
global_step=146952, episodic_return=0.0
global_step=147044, episodic_return=0.6399999999999999
global_step=147116, episodic_return=0.0
global_step=147304, episodic_return=0.0
global_step=147356, episodic_return=0.0
global_step=147420, episodic_return=0.748
global_step=147448, episodic_return=0.0
SPS: 2927
global_step=147520, episodic_return=0.0
global_step=147760, episodic_return=0.0
global_step=147824, episodic_return=0.0
global_step=147852, episodic_return=0.0
global_step=147924, episodic_return=0.0
SPS: 2927
global_step=147976, episodic_return=0.5229999999999999
global_step=148228, episodic_return=0.0
global_step=148256, episodic_return=0.0
global_step=148284, episodic_return=0.31599999999999995
global_step=148292, episodic_return=0.865
global_step=148328, episodic_return=0.0
global_step=148468, episodic_return=0.613
SPS: 2927
global_step=148660, episodic_return=0.0
global_step=148688, episodic_return=0.0
global_step=148732, episodic_return=0.0
global_step=148872, episodic_return=0.0
SPS: 2927
global_step=149064, episodic_return=0.0
global_step=149092, episodic_return=0.0
global_step=149136, episodic_return=0.0
global_step=149276, episodic_return=0.0
global_step=149468, episodic_return=0.0
global_step=149496, episodic_return=0.0
SPS: 2927
global_step=149540, episodic_return=0.0
global_step=149680, episodic_return=0.0
global_step=149872, episodic_return=0.0
global_step=149900, episodic_return=0.0
global_step=149944, episodic_return=0.0
SPS: 2927
global_step=150084, episodic_return=0.0
global_step=150224, episodic_return=0.2799999999999999
global_step=150276, episodic_return=0.0
global_step=150312, episodic_return=0.8109999999999999
global_step=150348, episodic_return=0.0
global_step=150488, episodic_return=0.0
global_step=150504, episodic_return=0.973
SPS: 2927
global_step=150556, episodic_return=0.379
global_step=150716, episodic_return=0.0
global_step=150752, episodic_return=0.0
global_step=150844, episodic_return=0.802
global_step=150908, episodic_return=0.865
global_step=150908, episodic_return=0.0
global_step=150960, episodic_return=0.0
SPS: 2927
global_step=151120, episodic_return=0.0
global_step=151156, episodic_return=0.9279999999999999
global_step=151188, episodic_return=0.4959999999999999
global_step=151252, episodic_return=0.7929999999999999
global_step=151312, episodic_return=0.0
global_step=151312, episodic_return=0.0
SPS: 2927
global_step=151592, episodic_return=0.0
global_step=151656, episodic_return=0.0
global_step=151716, episodic_return=0.0
global_step=151716, episodic_return=0.0
global_step=151852, episodic_return=0.5680000000000001
global_step=151996, episodic_return=0.0
SPS: 2926
global_step=152120, episodic_return=0.0
global_step=152120, episodic_return=0.0
global_step=152256, episodic_return=0.0
global_step=152400, episodic_return=0.0
global_step=152524, episodic_return=0.0
global_step=152524, episodic_return=0.0
SPS: 2926
global_step=152660, episodic_return=0.0
global_step=152672, episodic_return=0.982
global_step=152804, episodic_return=0.0
global_step=152928, episodic_return=0.0
global_step=152928, episodic_return=0.0
global_step=153076, episodic_return=0.0
SPS: 2926
global_step=153156, episodic_return=0.4959999999999999
global_step=153208, episodic_return=0.0
global_step=153332, episodic_return=0.0
global_step=153480, episodic_return=0.0
global_step=153488, episodic_return=0.379
global_step=153560, episodic_return=0.0
SPS: 2926
global_step=153640, episodic_return=0.31599999999999995
global_step=153884, episodic_return=0.0
global_step=153892, episodic_return=0.0
global_step=153964, episodic_return=0.0
global_step=154044, episodic_return=0.0
global_step=154084, episodic_return=0.919
SPS: 2926
global_step=154136, episodic_return=0.622
global_step=154288, episodic_return=0.0
global_step=154296, episodic_return=0.0
global_step=154392, episodic_return=0.43299999999999994
global_step=154488, episodic_return=0.0
global_step=154560, episodic_return=0.631
SPS: 2926
global_step=154692, episodic_return=0.0
global_step=154700, episodic_return=0.0
global_step=154892, episodic_return=0.0
global_step=154964, episodic_return=0.0
global_step=155096, episodic_return=0.0
global_step=155104, episodic_return=0.0
SPS: 2926
global_step=155260, episodic_return=0.6399999999999999
global_step=155296, episodic_return=0.0
global_step=155316, episodic_return=0.964
global_step=155368, episodic_return=0.0
global_step=155508, episodic_return=0.0
global_step=155516, episodic_return=0.43299999999999994
SPS: 2926
global_step=155720, episodic_return=0.0
global_step=155764, episodic_return=0.91
global_step=155772, episodic_return=0.0
global_step=155820, episodic_return=0.32499999999999996
global_step=155912, episodic_return=0.0
global_step=155928, episodic_return=0.766
global_step=156052, episodic_return=0.379
SPS: 2926
global_step=156168, episodic_return=0.0
global_step=156280, episodic_return=0.4959999999999999
global_step=156304, episodic_return=0.703
global_step=156316, episodic_return=0.0
global_step=156332, episodic_return=0.0
global_step=156352, episodic_return=0.847
global_step=156472, episodic_return=0.6579999999999999
global_step=156620, episodic_return=0.361
SPS: 2926
global_step=156708, episodic_return=0.0
global_step=156756, episodic_return=0.0
global_step=156788, episodic_return=0.631
global_step=156876, episodic_return=0.0
global_step=157112, episodic_return=0.0
global_step=157160, episodic_return=0.0
SPS: 2926
global_step=157192, episodic_return=0.0
global_step=157280, episodic_return=0.0
global_step=157448, episodic_return=0.631
global_step=157516, episodic_return=0.0
global_step=157548, episodic_return=0.9369999999999999
global_step=157564, episodic_return=0.0
global_step=157596, episodic_return=0.0
global_step=157604, episodic_return=0.6579999999999999
global_step=157696, episodic_return=0.784
SPS: 2925
global_step=157824, episodic_return=0.721
global_step=157868, episodic_return=0.91
global_step=157872, episodic_return=0.4059999999999999
global_step=157952, episodic_return=0.0
global_step=157968, episodic_return=0.0
SPS: 2925
global_step=158272, episodic_return=0.0
global_step=158276, episodic_return=0.0
global_step=158356, episodic_return=0.0
global_step=158372, episodic_return=0.0
global_step=158408, episodic_return=0.712
global_step=158676, episodic_return=0.0
SPS: 2925
global_step=158760, episodic_return=0.0
global_step=158776, episodic_return=0.0
global_step=158812, episodic_return=0.0
global_step=159080, episodic_return=0.0
global_step=159164, episodic_return=0.0
global_step=159180, episodic_return=0.0
global_step=159216, episodic_return=0.0
SPS: 2925
global_step=159444, episodic_return=0.379
global_step=159484, episodic_return=0.0
global_step=159584, episodic_return=0.0
global_step=159620, episodic_return=0.0
SPS: 2925
global_step=159848, episodic_return=0.0
global_step=159888, episodic_return=0.0
global_step=159940, episodic_return=0.892
global_step=159988, episodic_return=0.0
global_step=160024, episodic_return=0.0
global_step=160048, episodic_return=0.5589999999999999
SPS: 2925
global_step=160344, episodic_return=0.0
global_step=160360, episodic_return=0.973
global_step=160392, episodic_return=0.0
global_step=160428, episodic_return=0.0
global_step=160452, episodic_return=0.0
global_step=160764, episodic_return=0.0
SPS: 2925
global_step=160796, episodic_return=0.0
global_step=160832, episodic_return=0.0
global_step=160856, episodic_return=0.0
global_step=161168, episodic_return=0.0
global_step=161200, episodic_return=0.0
global_step=161236, episodic_return=0.0
global_step=161260, episodic_return=0.0
SPS: 2925
global_step=161320, episodic_return=0.739
global_step=161572, episodic_return=0.0
global_step=161576, episodic_return=0.29799999999999993
global_step=161640, episodic_return=0.0
global_step=161684, episodic_return=0.766
global_step=161724, episodic_return=0.0
SPS: 2925
global_step=161976, episodic_return=0.0
global_step=162044, episodic_return=0.0
global_step=162088, episodic_return=0.0
global_step=162128, episodic_return=0.0
global_step=162132, episodic_return=0.91
global_step=162144, episodic_return=0.973
global_step=162176, episodic_return=0.91
global_step=162288, episodic_return=0.757
SPS: 2925
global_step=162380, episodic_return=0.0
global_step=162448, episodic_return=0.0
global_step=162548, episodic_return=0.0
global_step=162692, episodic_return=0.0
global_step=162784, episodic_return=0.0
SPS: 2925
global_step=162852, episodic_return=0.0
global_step=162952, episodic_return=0.0
global_step=163096, episodic_return=0.0
global_step=163188, episodic_return=0.0
global_step=163256, episodic_return=0.0
global_step=163268, episodic_return=0.622
SPS: 2925
global_step=163356, episodic_return=0.0
global_step=163592, episodic_return=0.0
global_step=163660, episodic_return=0.0
global_step=163672, episodic_return=0.0
global_step=163760, episodic_return=0.0
SPS: 2925
global_step=163996, episodic_return=0.0
global_step=164064, episodic_return=0.0
global_step=164076, episodic_return=0.0
global_step=164164, episodic_return=0.0
global_step=164312, episodic_return=0.478
global_step=164320, episodic_return=0.6579999999999999
SPS: 2925
global_step=164400, episodic_return=0.0
global_step=164468, episodic_return=0.0
global_step=164508, episodic_return=0.766
global_step=164520, episodic_return=0.5409999999999999
global_step=164724, episodic_return=0.0
SPS: 2925
global_step=164872, episodic_return=0.0
global_step=164912, episodic_return=0.0
global_step=164924, episodic_return=0.0
global_step=165128, episodic_return=0.0
global_step=165276, episodic_return=0.0
global_step=165316, episodic_return=0.0
global_step=165328, episodic_return=0.0
global_step=165328, episodic_return=0.892
global_step=165360, episodic_return=0.91
SPS: 2925
global_step=165488, episodic_return=0.649
global_step=165532, episodic_return=0.0
global_step=165732, episodic_return=0.0
global_step=165764, episodic_return=0.0
SPS: 2925
global_step=165892, episodic_return=0.0
global_step=165936, episodic_return=0.0
global_step=166136, episodic_return=0.0
global_step=166168, episodic_return=0.0
global_step=166296, episodic_return=0.0
global_step=166340, episodic_return=0.0
global_step=166400, episodic_return=0.874
SPS: 2925
global_step=166540, episodic_return=0.0
global_step=166572, episodic_return=0.0
global_step=166700, episodic_return=0.0
global_step=166752, episodic_return=0.892
global_step=166804, episodic_return=0.0
SPS: 2925
global_step=166944, episodic_return=0.0
global_step=166976, episodic_return=0.0
global_step=167152, episodic_return=0.10899999999999999
global_step=167208, episodic_return=0.0
global_step=167348, episodic_return=0.0
global_step=167348, episodic_return=0.17199999999999993
SPS: 2925
global_step=167512, episodic_return=0.6399999999999999
global_step=167552, episodic_return=0.55
global_step=167556, episodic_return=0.0
global_step=167612, episodic_return=0.0
global_step=167628, episodic_return=0.847
global_step=167916, episodic_return=0.0
SPS: 2925
global_step=167956, episodic_return=0.0
global_step=168016, episodic_return=0.0
global_step=168032, episodic_return=0.0
global_step=168320, episodic_return=0.0
global_step=168360, episodic_return=0.0
global_step=168420, episodic_return=0.0
global_step=168436, episodic_return=0.0
global_step=168440, episodic_return=0.739
SPS: 2926
global_step=168536, episodic_return=0.784
global_step=168660, episodic_return=0.73
global_step=168764, episodic_return=0.0
global_step=168816, episodic_return=0.118
global_step=168844, episodic_return=0.0
SPS: 2926
global_step=168988, episodic_return=0.5049999999999999
global_step=169024, episodic_return=0.18999999999999995
global_step=169220, episodic_return=0.0
global_step=169248, episodic_return=0.0
global_step=169392, episodic_return=0.0
global_step=169428, episodic_return=0.0
SPS: 2926
global_step=169488, episodic_return=0.469
global_step=169624, episodic_return=0.5680000000000001
global_step=169624, episodic_return=0.0
global_step=169744, episodic_return=0.739
global_step=169796, episodic_return=0.0
global_step=169892, episodic_return=0.0
global_step=169960, episodic_return=0.6399999999999999
SPS: 2926
global_step=170028, episodic_return=0.0
global_step=170136, episodic_return=0.45999999999999996
global_step=170148, episodic_return=0.0
global_step=170188, episodic_return=0.649
global_step=170216, episodic_return=0.856
global_step=170224, episodic_return=0.9279999999999999
global_step=170364, episodic_return=0.0
global_step=170380, episodic_return=0.6399999999999999
global_step=170432, episodic_return=0.856
SPS: 2926
global_step=170540, episodic_return=0.0
global_step=170628, episodic_return=0.0
global_step=170784, episodic_return=0.0
global_step=170836, episodic_return=0.0
global_step=170944, episodic_return=0.0
SPS: 2926
global_step=171032, episodic_return=0.0
global_step=171188, episodic_return=0.0
global_step=171240, episodic_return=0.0
global_step=171348, episodic_return=0.0
global_step=171436, episodic_return=0.0
SPS: 2926
global_step=171524, episodic_return=0.8109999999999999
global_step=171592, episodic_return=0.0
global_step=171644, episodic_return=0.0
global_step=171652, episodic_return=0.991
global_step=171752, episodic_return=0.0
global_step=171928, episodic_return=0.0
global_step=171996, episodic_return=0.0
SPS: 2926
global_step=172056, episodic_return=0.0
global_step=172108, episodic_return=0.757
global_step=172148, episodic_return=0.919
global_step=172156, episodic_return=0.0
global_step=172332, episodic_return=0.0
global_step=172416, episodic_return=0.82
global_step=172460, episodic_return=0.0
global_step=172508, episodic_return=0.901
SPS: 2926
global_step=172552, episodic_return=0.0
global_step=172560, episodic_return=0.0
global_step=172620, episodic_return=0.856
global_step=172820, episodic_return=0.0
global_step=172912, episodic_return=0.0
global_step=172964, episodic_return=0.0
global_step=173024, episodic_return=0.0
SPS: 2926
global_step=173224, episodic_return=0.0
global_step=173260, episodic_return=0.9279999999999999
global_step=173316, episodic_return=0.0
global_step=173368, episodic_return=0.0
global_step=173428, episodic_return=0.0
SPS: 2926
global_step=173664, episodic_return=0.0
global_step=173720, episodic_return=0.0
global_step=173772, episodic_return=0.0
global_step=173832, episodic_return=0.0
global_step=174068, episodic_return=0.0
SPS: 2926
global_step=174124, episodic_return=0.0
global_step=174176, episodic_return=0.0
global_step=174236, episodic_return=0.0
global_step=174472, episodic_return=0.0
global_step=174528, episodic_return=0.0
global_step=174580, episodic_return=0.0
SPS: 2926
global_step=174640, episodic_return=0.0
global_step=174876, episodic_return=0.0
global_step=174932, episodic_return=0.0
global_step=174984, episodic_return=0.0
global_step=174984, episodic_return=0.235
SPS: 2926
global_step=175280, episodic_return=0.0
global_step=175336, episodic_return=0.0
global_step=175388, episodic_return=0.0
global_step=175388, episodic_return=0.0
global_step=175560, episodic_return=0.379
SPS: 2926
global_step=175740, episodic_return=0.0
global_step=175768, episodic_return=0.946
global_step=175792, episodic_return=0.0
global_step=175792, episodic_return=0.0
global_step=175964, episodic_return=0.0
SPS: 2927
global_step=176172, episodic_return=0.0
global_step=176196, episodic_return=0.0
global_step=176196, episodic_return=0.0
global_step=176352, episodic_return=0.6579999999999999
global_step=176368, episodic_return=0.0
global_step=176576, episodic_return=0.0
global_step=176600, episodic_return=0.0
SPS: 2927
global_step=176756, episodic_return=0.0
global_step=176772, episodic_return=0.0
global_step=176788, episodic_return=0.586
global_step=176980, episodic_return=0.0
global_step=177020, episodic_return=0.487
SPS: 2927
global_step=177160, episodic_return=0.0
global_step=177176, episodic_return=0.0
global_step=177384, episodic_return=0.0
global_step=177424, episodic_return=0.0
global_step=177564, episodic_return=0.0
global_step=177580, episodic_return=0.0
SPS: 2927
global_step=177788, episodic_return=0.0
global_step=177828, episodic_return=0.0
global_step=177968, episodic_return=0.0
global_step=177984, episodic_return=0.0
global_step=178100, episodic_return=0.748
SPS: 2927
global_step=178192, episodic_return=0.0
global_step=178232, episodic_return=0.0
global_step=178372, episodic_return=0.0
global_step=178496, episodic_return=0.32499999999999996
global_step=178504, episodic_return=0.0
global_step=178636, episodic_return=0.0
SPS: 2927
global_step=178776, episodic_return=0.0
global_step=178900, episodic_return=0.0
global_step=178908, episodic_return=0.0
global_step=178944, episodic_return=0.91
global_step=178988, episodic_return=0.829
global_step=179040, episodic_return=0.0
global_step=179100, episodic_return=0.6579999999999999
global_step=179180, episodic_return=0.0
SPS: 2927
global_step=179392, episodic_return=0.0
global_step=179444, episodic_return=0.0
global_step=179504, episodic_return=0.0
global_step=179584, episodic_return=0.0
SPS: 2927
global_step=179796, episodic_return=0.0
global_step=179848, episodic_return=0.0
global_step=179908, episodic_return=0.0
global_step=179948, episodic_return=0.667
global_step=179988, episodic_return=0.0
SPS: 2927
global_step=180252, episodic_return=0.0
global_step=180312, episodic_return=0.0
global_step=180352, episodic_return=0.0
global_step=180376, episodic_return=0.955
global_step=180392, episodic_return=0.0
global_step=180656, episodic_return=0.0
global_step=180716, episodic_return=0.0
SPS: 2927
global_step=180780, episodic_return=0.0
global_step=180796, episodic_return=0.0
global_step=180848, episodic_return=0.892
global_step=181060, episodic_return=0.0
global_step=181120, episodic_return=0.0
global_step=181184, episodic_return=0.0
SPS: 2927
global_step=181252, episodic_return=0.0
global_step=181400, episodic_return=0.379
global_step=181464, episodic_return=0.0
global_step=181588, episodic_return=0.0
global_step=181656, episodic_return=0.0
global_step=181684, episodic_return=0.946
SPS: 2927
global_step=181804, episodic_return=0.0
global_step=181868, episodic_return=0.0
global_step=181992, episodic_return=0.0
global_step=182088, episodic_return=0.0
global_step=182208, episodic_return=0.0
global_step=182272, episodic_return=0.0
SPS: 2928
global_step=182280, episodic_return=0.361
global_step=182492, episodic_return=0.0
global_step=182612, episodic_return=0.0
global_step=182676, episodic_return=0.0
global_step=182684, episodic_return=0.0
SPS: 2928
global_step=182896, episodic_return=0.0
global_step=183016, episodic_return=0.0
global_step=183080, episodic_return=0.0
global_step=183088, episodic_return=0.0
SPS: 2928
global_step=183300, episodic_return=0.0
global_step=183388, episodic_return=0.8109999999999999
global_step=183420, episodic_return=0.0
global_step=183484, episodic_return=0.0
global_step=183492, episodic_return=0.0
global_step=183792, episodic_return=0.0
SPS: 2928
global_step=183824, episodic_return=0.0
global_step=183888, episodic_return=0.0
global_step=183896, episodic_return=0.0
global_step=184196, episodic_return=0.0
global_step=184228, episodic_return=0.0
global_step=184292, episodic_return=0.0
global_step=184300, episodic_return=0.0
SPS: 2928
global_step=184600, episodic_return=0.0
global_step=184632, episodic_return=0.0
global_step=184652, episodic_return=0.964
global_step=184696, episodic_return=0.0
global_step=184704, episodic_return=0.0
global_step=184744, episodic_return=0.919
SPS: 2928
global_step=184992, episodic_return=0.127
global_step=185004, episodic_return=0.42399999999999993
global_step=185056, episodic_return=0.0
global_step=185100, episodic_return=0.0
SPS: 2928
global_step=185396, episodic_return=0.0
global_step=185408, episodic_return=0.0
global_step=185460, episodic_return=0.0
global_step=185504, episodic_return=0.0
global_step=185544, episodic_return=0.6759999999999999
global_step=185812, episodic_return=0.0
SPS: 2928
global_step=185864, episodic_return=0.0
global_step=185908, episodic_return=0.0
global_step=185948, episodic_return=0.0
global_step=186216, episodic_return=0.0
global_step=186268, episodic_return=0.0
global_step=186312, episodic_return=0.0
global_step=186352, episodic_return=0.0
SPS: 2928
global_step=186620, episodic_return=0.0
global_step=186672, episodic_return=0.0
global_step=186716, episodic_return=0.0
global_step=186756, episodic_return=0.0
SPS: 2928
global_step=186948, episodic_return=0.3879999999999999
global_step=187016, episodic_return=0.856
global_step=187024, episodic_return=0.0
global_step=187120, episodic_return=0.0
global_step=187160, episodic_return=0.0
SPS: 2928
global_step=187420, episodic_return=0.0
global_step=187428, episodic_return=0.0
global_step=187524, episodic_return=0.0
global_step=187564, episodic_return=0.0
global_step=187760, episodic_return=0.244
global_step=187780, episodic_return=0.964
global_step=187832, episodic_return=0.0
global_step=187860, episodic_return=0.829
SPS: 2928
global_step=187928, episodic_return=0.0
global_step=187968, episodic_return=0.0
global_step=187984, episodic_return=0.667
global_step=188120, episodic_return=0.577
global_step=188264, episodic_return=0.0
global_step=188372, episodic_return=0.0
global_step=188388, episodic_return=0.0
SPS: 2928
global_step=188420, episodic_return=0.901
global_step=188524, episodic_return=0.0
global_step=188616, episodic_return=0.802
global_step=188668, episodic_return=0.0
global_step=188748, episodic_return=0.829
global_step=188792, episodic_return=0.0
global_step=188824, episodic_return=0.0
SPS: 2928
global_step=189020, episodic_return=0.0
global_step=189152, episodic_return=0.0
global_step=189196, episodic_return=0.0
global_step=189228, episodic_return=0.0
global_step=189424, episodic_return=0.0
SPS: 2928
global_step=189556, episodic_return=0.0
global_step=189600, episodic_return=0.0
global_step=189632, episodic_return=0.0
global_step=189824, episodic_return=0.4059999999999999
global_step=189828, episodic_return=0.0
SPS: 2928
global_step=190004, episodic_return=0.0
global_step=190036, episodic_return=0.0
global_step=190068, episodic_return=0.865
global_step=190228, episodic_return=0.0
global_step=190232, episodic_return=0.0
global_step=190440, episodic_return=0.0
SPS: 2928
global_step=190472, episodic_return=0.0
global_step=190632, episodic_return=0.0
global_step=190636, episodic_return=0.0
global_step=190844, episodic_return=0.0
global_step=190876, episodic_return=0.0
SPS: 2928
global_step=191036, episodic_return=0.0
global_step=191040, episodic_return=0.0
global_step=191116, episodic_return=0.838
global_step=191248, episodic_return=0.0
global_step=191280, episodic_return=0.0
global_step=191440, episodic_return=0.0
SPS: 2928
global_step=191520, episodic_return=0.0
global_step=191652, episodic_return=0.0
global_step=191684, episodic_return=0.0
global_step=191744, episodic_return=0.802
global_step=191748, episodic_return=0.865
global_step=191844, episodic_return=0.0
global_step=191924, episodic_return=0.0
SPS: 2928
global_step=192148, episodic_return=0.0
global_step=192152, episodic_return=0.0
global_step=192248, episodic_return=0.0
global_step=192328, episodic_return=0.0
SPS: 2928
global_step=192552, episodic_return=0.0
global_step=192556, episodic_return=0.0
global_step=192652, episodic_return=0.0
global_step=192732, episodic_return=0.0
global_step=192832, episodic_return=0.784
global_step=192956, episodic_return=0.0
global_step=192960, episodic_return=0.0
global_step=193024, episodic_return=0.856
SPS: 2928
global_step=193056, episodic_return=0.0
global_step=193236, episodic_return=0.0
global_step=193364, episodic_return=0.0
global_step=193428, episodic_return=0.0
global_step=193456, episodic_return=0.946
global_step=193460, episodic_return=0.0
SPS: 2928
global_step=193640, episodic_return=0.0
global_step=193768, episodic_return=0.0
global_step=193860, episodic_return=0.0
global_step=193864, episodic_return=0.0
global_step=194044, episodic_return=0.0
SPS: 2927
global_step=194172, episodic_return=0.0
global_step=194264, episodic_return=0.0
global_step=194268, episodic_return=0.0
global_step=194448, episodic_return=0.0
SPS: 2927
global_step=194576, episodic_return=0.0
global_step=194588, episodic_return=0.694
global_step=194668, episodic_return=0.0
global_step=194672, episodic_return=0.0
global_step=194980, episodic_return=0.0
global_step=194992, episodic_return=0.0
global_step=195072, episodic_return=0.0
SPS: 2927
global_step=195076, episodic_return=0.0
global_step=195172, episodic_return=0.784
global_step=195212, episodic_return=0.919
global_step=195384, episodic_return=0.0
global_step=195396, episodic_return=0.0
global_step=195428, episodic_return=0.9369999999999999
global_step=195480, episodic_return=0.0
SPS: 2927
global_step=195616, episodic_return=0.0
global_step=195680, episodic_return=0.5589999999999999
global_step=195788, episodic_return=0.0
global_step=195832, episodic_return=0.0
global_step=196020, episodic_return=0.0
global_step=196084, episodic_return=0.0
SPS: 2927
global_step=196192, episodic_return=0.0
global_step=196236, episodic_return=0.0
global_step=196264, episodic_return=0.946
global_step=196424, episodic_return=0.0
global_step=196488, episodic_return=0.0
global_step=196596, episodic_return=0.0
SPS: 2927
global_step=196668, episodic_return=0.0
global_step=196692, episodic_return=0.7929999999999999
global_step=196828, episodic_return=0.0
global_step=196856, episodic_return=0.6399999999999999
global_step=196864, episodic_return=0.991
global_step=196892, episodic_return=0.946
global_step=196892, episodic_return=0.0
global_step=197072, episodic_return=0.0
SPS: 2927
global_step=197232, episodic_return=0.0
global_step=197296, episodic_return=0.0
global_step=197296, episodic_return=0.0
global_step=197476, episodic_return=0.0
global_step=197480, episodic_return=0.595
SPS: 2927
global_step=197636, episodic_return=0.0
global_step=197700, episodic_return=0.0
global_step=197880, episodic_return=0.0
global_step=197884, episodic_return=0.0
global_step=197896, episodic_return=0.5680000000000001
global_step=198040, episodic_return=0.0
SPS: 2927
global_step=198284, episodic_return=0.0
global_step=198288, episodic_return=0.0
global_step=198300, episodic_return=0.0
global_step=198444, episodic_return=0.0
global_step=198464, episodic_return=0.964
SPS: 2927
global_step=198688, episodic_return=0.0
global_step=198692, episodic_return=0.0
global_step=198704, episodic_return=0.0
global_step=198740, episodic_return=0.892
global_step=198772, episodic_return=0.856
global_step=198868, episodic_return=0.0
global_step=199024, episodic_return=0.44199999999999995
global_step=199096, episodic_return=0.0
global_step=199144, episodic_return=0.0
SPS: 2926
global_step=199192, episodic_return=0.901
global_step=199272, episodic_return=0.0
global_step=199392, episodic_return=0.34299999999999997
global_step=199400, episodic_return=0.5409999999999999
global_step=199428, episodic_return=0.0
global_step=199484, episodic_return=0.82
global_step=199516, episodic_return=0.9369999999999999
global_step=199676, episodic_return=0.0
SPS: 2926
global_step=199796, episodic_return=0.0
global_step=199832, episodic_return=0.0
global_step=199852, episodic_return=0.883
global_step=199920, episodic_return=0.0
global_step=200080, episodic_return=0.0
SPS: 2926
global_step=200236, episodic_return=0.0
global_step=200256, episodic_return=0.0
global_step=200324, episodic_return=0.0
global_step=200484, episodic_return=0.0
global_step=200640, episodic_return=0.0
global_step=200660, episodic_return=0.0
SPS: 2926
global_step=200728, episodic_return=0.0
global_step=200888, episodic_return=0.0
global_step=201044, episodic_return=0.29799999999999993
global_step=201044, episodic_return=0.0
global_step=201064, episodic_return=0.0
global_step=201092, episodic_return=0.901
global_step=201156, episodic_return=0.757
SPS: 2926
global_step=201272, episodic_return=0.604
global_step=201292, episodic_return=0.0
global_step=201468, episodic_return=0.0
global_step=201560, episodic_return=0.0
global_step=201676, episodic_return=0.0
global_step=201696, episodic_return=0.0
SPS: 2926
global_step=201872, episodic_return=0.0
global_step=201964, episodic_return=0.0
global_step=202080, episodic_return=0.0
global_step=202096, episodic_return=0.5049999999999999
global_step=202100, episodic_return=0.0
global_step=202116, episodic_return=0.973
SPS: 2926
global_step=202368, episodic_return=0.0
global_step=202420, episodic_return=0.2799999999999999
global_step=202484, episodic_return=0.0
global_step=202520, episodic_return=0.0
SPS: 2926
global_step=202772, episodic_return=0.0
global_step=202824, episodic_return=0.0
global_step=202888, episodic_return=0.0
global_step=202916, episodic_return=0.946
global_step=202924, episodic_return=0.0
global_step=202948, episodic_return=0.73
global_step=203176, episodic_return=0.0
SPS: 2926
global_step=203320, episodic_return=0.0
global_step=203328, episodic_return=0.0
global_step=203348, episodic_return=0.964
global_step=203352, episodic_return=0.0
global_step=203512, episodic_return=0.577
global_step=203524, episodic_return=0.982
global_step=203580, episodic_return=0.0
global_step=203752, episodic_return=0.0
global_step=203756, episodic_return=0.0
SPS: 2926
global_step=203928, episodic_return=0.0
global_step=203984, episodic_return=0.0
global_step=204056, episodic_return=0.721
global_step=204156, episodic_return=0.0
global_step=204160, episodic_return=0.0
SPS: 2926
global_step=204304, episodic_return=0.45099999999999996
global_step=204388, episodic_return=0.0
global_step=204560, episodic_return=0.0
global_step=204564, episodic_return=0.0
global_step=204708, episodic_return=0.0
global_step=204792, episodic_return=0.0
SPS: 2926
global_step=204964, episodic_return=0.0
global_step=204968, episodic_return=0.0
global_step=205112, episodic_return=0.0
global_step=205196, episodic_return=0.0
SPS: 2926
global_step=205356, episodic_return=0.649
global_step=205368, episodic_return=0.0
global_step=205372, episodic_return=0.0
global_step=205516, episodic_return=0.0
global_step=205524, episodic_return=0.991
global_step=205760, episodic_return=0.0
global_step=205772, episodic_return=0.0
global_step=205776, episodic_return=0.0
SPS: 2926
global_step=205928, episodic_return=0.0
global_step=206164, episodic_return=0.0
global_step=206176, episodic_return=0.0
global_step=206180, episodic_return=0.0
global_step=206332, episodic_return=0.0
global_step=206336, episodic_return=0.6579999999999999
SPS: 2926
global_step=206568, episodic_return=0.0
global_step=206580, episodic_return=0.0
global_step=206596, episodic_return=0.973
global_step=206736, episodic_return=0.0
global_step=206740, episodic_return=0.0
SPS: 2926
global_step=206864, episodic_return=0.73
global_step=206972, episodic_return=0.0
global_step=207000, episodic_return=0.0
global_step=207140, episodic_return=0.0
global_step=207268, episodic_return=0.0
SPS: 2926
global_step=207376, episodic_return=0.0
global_step=207404, episodic_return=0.0
global_step=207476, episodic_return=0.847
global_step=207544, episodic_return=0.0
global_step=207656, episodic_return=0.757
global_step=207672, episodic_return=0.0
global_step=207700, episodic_return=0.946
global_step=207736, episodic_return=0.9279999999999999
global_step=207780, episodic_return=0.0
SPS: 2926
global_step=207880, episodic_return=0.0
global_step=207936, episodic_return=0.6579999999999999
global_step=208060, episodic_return=0.0
global_step=208120, episodic_return=0.874
global_step=208140, episodic_return=0.0
global_step=208284, episodic_return=0.0
global_step=208340, episodic_return=0.0
SPS: 2926
global_step=208436, episodic_return=0.667
global_step=208524, episodic_return=0.0
global_step=208544, episodic_return=0.0
global_step=208596, episodic_return=0.847
global_step=208744, episodic_return=0.0
global_step=208808, episodic_return=0.865
global_step=208840, episodic_return=0.0
SPS: 2926
global_step=208948, episodic_return=0.0
global_step=209000, episodic_return=0.0
global_step=209212, episodic_return=0.0
global_step=209220, episodic_return=0.15400000000000003
global_step=209352, episodic_return=0.0
global_step=209404, episodic_return=0.0
SPS: 2926
global_step=209448, episodic_return=0.91
global_step=209592, episodic_return=0.469
global_step=209616, episodic_return=0.0
global_step=209624, episodic_return=0.0
global_step=209852, episodic_return=0.0
SPS: 2926
global_step=209996, episodic_return=0.0
global_step=210020, episodic_return=0.0
global_step=210028, episodic_return=0.0
global_step=210212, episodic_return=0.595
global_step=210256, episodic_return=0.0
global_step=210400, episodic_return=0.0
global_step=210424, episodic_return=0.0
SPS: 2926
global_step=210616, episodic_return=0.0
global_step=210660, episodic_return=0.0
global_step=210664, episodic_return=0.901
global_step=210804, episodic_return=0.0
global_step=210828, episodic_return=0.0
global_step=210888, episodic_return=0.874
SPS: 2926
global_step=210992, episodic_return=0.262
global_step=211068, episodic_return=0.0
global_step=211208, episodic_return=0.0
global_step=211292, episodic_return=0.0
global_step=211396, episodic_return=0.0
SPS: 2926
global_step=211472, episodic_return=0.0
global_step=211612, episodic_return=0.0
global_step=211668, episodic_return=0.3969999999999999
global_step=211696, episodic_return=0.0
global_step=211876, episodic_return=0.0
global_step=211936, episodic_return=0.2799999999999999
SPS: 2926
global_step=212036, episodic_return=0.649
global_step=212072, episodic_return=0.0
global_step=212100, episodic_return=0.0
global_step=212208, episodic_return=0.703
global_step=212340, episodic_return=0.0
global_step=212440, episodic_return=0.0
SPS: 2926
global_step=212504, episodic_return=0.0
global_step=212612, episodic_return=0.0
global_step=212744, episodic_return=0.0
global_step=212844, episodic_return=0.0
global_step=212908, episodic_return=0.0
global_step=212972, episodic_return=0.865
SPS: 2926
global_step=213016, episodic_return=0.0
global_step=213148, episodic_return=0.0
global_step=213240, episodic_return=0.4059999999999999
global_step=213248, episodic_return=0.0
global_step=213420, episodic_return=0.0
SPS: 2926
global_step=213552, episodic_return=0.0
global_step=213644, episodic_return=0.0
global_step=213652, episodic_return=0.0
global_step=213684, episodic_return=0.9369999999999999
global_step=213728, episodic_return=0.82
global_step=213824, episodic_return=0.0
global_step=213956, episodic_return=0.0
global_step=213960, episodic_return=0.487
SPS: 2926
global_step=214088, episodic_return=0.0
global_step=214228, episodic_return=0.0
global_step=214360, episodic_return=0.0
global_step=214364, episodic_return=0.0
global_step=214456, episodic_return=0.18099999999999994
global_step=214528, episodic_return=0.847
SPS: 2926
global_step=214548, episodic_return=0.586
global_step=214632, episodic_return=0.0
global_step=214768, episodic_return=0.0
global_step=214932, episodic_return=0.0
global_step=214952, episodic_return=0.0
global_step=214984, episodic_return=0.892
global_step=215036, episodic_return=0.0
SPS: 2926
global_step=215172, episodic_return=0.0
global_step=215356, episodic_return=0.0
global_step=215388, episodic_return=0.0
global_step=215408, episodic_return=0.964
global_step=215440, episodic_return=0.0
SPS: 2926
global_step=215576, episodic_return=0.0
global_step=215760, episodic_return=0.0
global_step=215812, episodic_return=0.0
global_step=215844, episodic_return=0.0
global_step=215980, episodic_return=0.0
SPS: 2926
global_step=216164, episodic_return=0.0
global_step=216188, episodic_return=0.235
global_step=216216, episodic_return=0.09999999999999998
global_step=216384, episodic_return=0.0
global_step=216400, episodic_return=0.478
SPS: 2926
global_step=216592, episodic_return=0.0
global_step=216620, episodic_return=0.0
global_step=216788, episodic_return=0.0
global_step=216804, episodic_return=0.0
global_step=216996, episodic_return=0.0
global_step=217024, episodic_return=0.0
global_step=217060, episodic_return=0.865
SPS: 2926
global_step=217136, episodic_return=0.838
global_step=217192, episodic_return=0.0
global_step=217208, episodic_return=0.0
global_step=217276, episodic_return=0.856
global_step=217428, episodic_return=0.0
global_step=217492, episodic_return=0.865
global_step=217540, episodic_return=0.0
global_step=217596, episodic_return=0.0
SPS: 2926
global_step=217680, episodic_return=0.0
global_step=217896, episodic_return=0.0
global_step=217944, episodic_return=0.0
global_step=218000, episodic_return=0.0
global_step=218084, episodic_return=0.0
SPS: 2926
global_step=218288, episodic_return=0.361
global_step=218300, episodic_return=0.0
global_step=218348, episodic_return=0.0
global_step=218488, episodic_return=0.0
SPS: 2926
global_step=218692, episodic_return=0.0
global_step=218704, episodic_return=0.0
global_step=218752, episodic_return=0.0
global_step=218892, episodic_return=0.0
global_step=219096, episodic_return=0.0
global_step=219104, episodic_return=0.10899999999999999
global_step=219124, episodic_return=0.946
SPS: 2926
global_step=219156, episodic_return=0.0
global_step=219176, episodic_return=0.892
global_step=219268, episodic_return=0.6399999999999999
global_step=219292, episodic_return=0.748
global_step=219296, episodic_return=0.0
global_step=219560, episodic_return=0.0
SPS: 2926
global_step=219672, episodic_return=0.0
global_step=219696, episodic_return=0.0
global_step=219700, episodic_return=0.0
global_step=219964, episodic_return=0.0
global_step=220076, episodic_return=0.0
global_step=220100, episodic_return=0.0
global_step=220104, episodic_return=0.0
SPS: 2926
global_step=220368, episodic_return=0.0
global_step=220480, episodic_return=0.0
global_step=220496, episodic_return=0.973
global_step=220504, episodic_return=0.0
global_step=220508, episodic_return=0.0
global_step=220524, episodic_return=0.973
global_step=220580, episodic_return=0.82
global_step=220612, episodic_return=0.9369999999999999
SPS: 2926
global_step=220772, episodic_return=0.0
global_step=220908, episodic_return=0.0
global_step=220928, episodic_return=0.0
global_step=221016, episodic_return=0.0
global_step=221036, episodic_return=0.766
global_step=221176, episodic_return=0.0
SPS: 2926
global_step=221312, episodic_return=0.0
global_step=221376, episodic_return=0.5589999999999999
global_step=221420, episodic_return=0.0
global_step=221440, episodic_return=0.0
global_step=221468, episodic_return=0.946
SPS: 2926
global_step=221716, episodic_return=0.0
global_step=221780, episodic_return=0.0
global_step=221824, episodic_return=0.0
global_step=221832, episodic_return=0.892
global_step=221872, episodic_return=0.0
global_step=221936, episodic_return=0.775
global_step=221964, episodic_return=0.946
global_step=222004, episodic_return=0.604
global_step=222120, episodic_return=0.0
SPS: 2926
global_step=222260, episodic_return=0.43299999999999994
global_step=222276, episodic_return=0.0
global_step=222280, episodic_return=0.649
global_step=222368, episodic_return=0.0
global_step=222464, episodic_return=0.55
global_step=222680, episodic_return=0.0
global_step=222684, episodic_return=0.0
SPS: 2926
global_step=222772, episodic_return=0.0
global_step=222788, episodic_return=0.766
global_step=222868, episodic_return=0.0
global_step=223088, episodic_return=0.0
global_step=223176, episodic_return=0.0
global_step=223192, episodic_return=0.0
SPS: 2926
global_step=223272, episodic_return=0.0
global_step=223452, episodic_return=0.42399999999999993
global_step=223492, episodic_return=0.0
global_step=223544, episodic_return=0.892
global_step=223580, episodic_return=0.0
global_step=223676, episodic_return=0.0
SPS: 2926
global_step=223856, episodic_return=0.0
global_step=223948, episodic_return=0.0
global_step=223980, episodic_return=0.73
global_step=223984, episodic_return=0.0
global_step=224036, episodic_return=0.892
global_step=224080, episodic_return=0.0
SPS: 2926
global_step=224352, episodic_return=0.0
global_step=224384, episodic_return=0.0
global_step=224440, episodic_return=0.0
global_step=224484, episodic_return=0.0
global_step=224584, episodic_return=0.5589999999999999
global_step=224692, episodic_return=0.5409999999999999
global_step=224756, episodic_return=0.0
SPS: 2926
global_step=224844, episodic_return=0.0
global_step=224988, episodic_return=0.0
global_step=225076, episodic_return=0.487
global_step=225096, episodic_return=0.0
global_step=225160, episodic_return=0.0
SPS: 2926
global_step=225288, episodic_return=0.577
global_step=225300, episodic_return=0.5049999999999999
global_step=225392, episodic_return=0.0
global_step=225452, episodic_return=0.6399999999999999
global_step=225564, episodic_return=0.0
global_step=225704, episodic_return=0.0
SPS: 2926
global_step=225796, episodic_return=0.0
global_step=225856, episodic_return=0.0
global_step=225968, episodic_return=0.0
global_step=226108, episodic_return=0.0
global_step=226200, episodic_return=0.0
global_step=226260, episodic_return=0.0
SPS: 2926
global_step=226372, episodic_return=0.0
global_step=226424, episodic_return=0.29799999999999993
global_step=226480, episodic_return=0.514
global_step=226488, episodic_return=0.865
global_step=226512, episodic_return=0.955
global_step=226604, episodic_return=0.0
global_step=226776, episodic_return=0.0
SPS: 2926
global_step=226884, episodic_return=0.0
global_step=226916, episodic_return=0.0
global_step=227008, episodic_return=0.0
global_step=227180, episodic_return=0.0
global_step=227288, episodic_return=0.0
global_step=227320, episodic_return=0.0
SPS: 2926
global_step=227412, episodic_return=0.0
global_step=227584, episodic_return=0.0
global_step=227692, episodic_return=0.0
global_step=227724, episodic_return=0.0
global_step=227816, episodic_return=0.0
SPS: 2926
global_step=227988, episodic_return=0.0
global_step=228096, episodic_return=0.0
global_step=228128, episodic_return=0.0
global_step=228220, episodic_return=0.0
global_step=228224, episodic_return=0.7929999999999999
global_step=228264, episodic_return=0.91
SPS: 2926
global_step=228392, episodic_return=0.0
global_step=228500, episodic_return=0.0
global_step=228612, episodic_return=0.757
global_step=228628, episodic_return=0.0
global_step=228668, episodic_return=0.0
global_step=228796, episodic_return=0.0
SPS: 2926
global_step=229016, episodic_return=0.0
global_step=229032, episodic_return=0.0
global_step=229072, episodic_return=0.0
global_step=229120, episodic_return=0.901
global_step=229180, episodic_return=0.6759999999999999
global_step=229200, episodic_return=0.0
global_step=229316, episodic_return=0.703
SPS: 2926
global_step=229420, episodic_return=0.0
global_step=229524, episodic_return=0.0
global_step=229604, episodic_return=0.0
global_step=229720, episodic_return=0.0
global_step=229772, episodic_return=0.892
global_step=229780, episodic_return=0.991
global_step=229824, episodic_return=0.0
global_step=229844, episodic_return=0.2889999999999999
SPS: 2926
global_step=229960, episodic_return=0.604
global_step=230008, episodic_return=0.0
global_step=230228, episodic_return=0.0
global_step=230248, episodic_return=0.0
global_step=230364, episodic_return=0.0
SPS: 2927
global_step=230412, episodic_return=0.0
global_step=230632, episodic_return=0.0
global_step=230652, episodic_return=0.0
global_step=230768, episodic_return=0.0
global_step=230816, episodic_return=0.0
SPS: 2927
global_step=231036, episodic_return=0.0
global_step=231056, episodic_return=0.0
global_step=231080, episodic_return=0.91
global_step=231172, episodic_return=0.0
global_step=231220, episodic_return=0.0
global_step=231272, episodic_return=0.5229999999999999
global_step=231336, episodic_return=0.748
SPS: 2927
global_step=231484, episodic_return=0.0
global_step=231576, episodic_return=0.469
global_step=231576, episodic_return=0.0
global_step=231676, episodic_return=0.0
global_step=231888, episodic_return=0.0
SPS: 2927
global_step=231980, episodic_return=0.0
global_step=231980, episodic_return=0.0
global_step=232008, episodic_return=0.946
global_step=232080, episodic_return=0.0
global_step=232292, episodic_return=0.0
global_step=232384, episodic_return=0.0
global_step=232412, episodic_return=0.0
SPS: 2927
global_step=232484, episodic_return=0.0
global_step=232540, episodic_return=0.6579999999999999
global_step=232696, episodic_return=0.0
global_step=232816, episodic_return=0.0
global_step=232888, episodic_return=0.0
global_step=232944, episodic_return=0.0
SPS: 2927
global_step=233100, episodic_return=0.0
global_step=233108, episodic_return=0.6399999999999999
global_step=233220, episodic_return=0.0
global_step=233252, episodic_return=0.9369999999999999
global_step=233284, episodic_return=0.613
global_step=233292, episodic_return=0.0
SPS: 2927
global_step=233504, episodic_return=0.0
global_step=233656, episodic_return=0.0
global_step=233688, episodic_return=0.0
global_step=233696, episodic_return=0.0
global_step=233720, episodic_return=0.955
global_step=233908, episodic_return=0.0
SPS: 2927
global_step=234060, episodic_return=0.0
global_step=234092, episodic_return=0.0
global_step=234124, episodic_return=0.0
global_step=234312, episodic_return=0.0
global_step=234464, episodic_return=0.0
global_step=234496, episodic_return=0.0
SPS: 2927
global_step=234528, episodic_return=0.0
global_step=234716, episodic_return=0.0
global_step=234720, episodic_return=0.5049999999999999
global_step=234868, episodic_return=0.0
global_step=234904, episodic_return=0.595
global_step=234932, episodic_return=0.0
SPS: 2927
global_step=235120, episodic_return=0.0
global_step=235272, episodic_return=0.0
global_step=235308, episodic_return=0.0
global_step=235336, episodic_return=0.0
global_step=235508, episodic_return=0.622
SPS: 2927
global_step=235524, episodic_return=0.0
global_step=235676, episodic_return=0.0
global_step=235712, episodic_return=0.0
global_step=235912, episodic_return=0.0
global_step=235928, episodic_return=0.0
global_step=235960, episodic_return=0.37
global_step=235996, episodic_return=0.82
SPS: 2927
global_step=236116, episodic_return=0.0
global_step=236232, episodic_return=0.748
global_step=236332, episodic_return=0.0
global_step=236364, episodic_return=0.0
global_step=236368, episodic_return=0.9279999999999999
global_step=236400, episodic_return=0.0
SPS: 2927
global_step=236636, episodic_return=0.0
global_step=236768, episodic_return=0.0
global_step=236772, episodic_return=0.0
global_step=236804, episodic_return=0.0
global_step=236928, episodic_return=0.6579999999999999
global_step=237040, episodic_return=0.0
SPS: 2927
global_step=237172, episodic_return=0.0
global_step=237208, episodic_return=0.0
global_step=237332, episodic_return=0.0
global_step=237444, episodic_return=0.0
SPS: 2927
global_step=237576, episodic_return=0.0
global_step=237612, episodic_return=0.0
global_step=237736, episodic_return=0.0
global_step=237784, episodic_return=0.622
global_step=237848, episodic_return=0.0
global_step=237980, episodic_return=0.0
global_step=238028, episodic_return=0.901
SPS: 2927
global_step=238140, episodic_return=0.0
global_step=238188, episodic_return=0.0
global_step=238252, episodic_return=0.0
global_step=238316, episodic_return=0.613
global_step=238420, episodic_return=0.775
global_step=238428, episodic_return=0.469
global_step=238432, episodic_return=0.0
global_step=238484, episodic_return=0.892
SPS: 2927
global_step=238656, episodic_return=0.0
global_step=238824, episodic_return=0.0
global_step=238832, episodic_return=0.0
global_step=238888, episodic_return=0.0
global_step=239020, episodic_return=0.18999999999999995
SPS: 2927
global_step=239120, episodic_return=0.361
global_step=239228, episodic_return=0.0
global_step=239292, episodic_return=0.0
global_step=239424, episodic_return=0.0
global_step=239524, episodic_return=0.0
SPS: 2927
global_step=239632, episodic_return=0.0
global_step=239696, episodic_return=0.0
global_step=239828, episodic_return=0.0
global_step=239928, episodic_return=0.0
global_step=240036, episodic_return=0.0
global_step=240100, episodic_return=0.0
SPS: 2927
global_step=240232, episodic_return=0.0
global_step=240332, episodic_return=0.0
global_step=240352, episodic_return=0.739
global_step=240364, episodic_return=0.4149999999999999
global_step=240440, episodic_return=0.0
SPS: 2927
global_step=240736, episodic_return=0.0
global_step=240756, episodic_return=0.0
global_step=240768, episodic_return=0.0
global_step=240844, episodic_return=0.0
global_step=240848, episodic_return=0.802
global_step=241140, episodic_return=0.0
SPS: 2927
global_step=241172, episodic_return=0.0
global_step=241248, episodic_return=0.0
global_step=241252, episodic_return=0.0
global_step=241324, episodic_return=0.847
global_step=241544, episodic_return=0.0
global_step=241576, episodic_return=0.0
global_step=241644, episodic_return=0.784
global_step=241652, episodic_return=0.0
SPS: 2927
global_step=241680, episodic_return=0.9279999999999999
global_step=241692, episodic_return=0.748
global_step=241728, episodic_return=0.0
global_step=241904, episodic_return=0.613
global_step=242056, episodic_return=0.0
global_step=242084, episodic_return=0.0
global_step=242096, episodic_return=0.0
SPS: 2927
global_step=242308, episodic_return=0.0
global_step=242460, episodic_return=0.0
global_step=242488, episodic_return=0.0
global_step=242500, episodic_return=0.0
SPS: 2928
global_step=242712, episodic_return=0.0
global_step=242844, episodic_return=0.712
global_step=242864, episodic_return=0.0
global_step=242892, episodic_return=0.0
global_step=242904, episodic_return=0.0
global_step=242976, episodic_return=0.757
SPS: 2928
global_step=243248, episodic_return=0.0
global_step=243296, episodic_return=0.0
global_step=243308, episodic_return=0.0
global_step=243380, episodic_return=0.0
global_step=243464, episodic_return=0.5229999999999999
global_step=243492, episodic_return=0.595
global_step=243700, episodic_return=0.0
SPS: 2928
global_step=243784, episodic_return=0.0
global_step=243868, episodic_return=0.0
global_step=243896, episodic_return=0.0
global_step=244104, episodic_return=0.0
global_step=244188, episodic_return=0.0
SPS: 2928
global_step=244272, episodic_return=0.0
global_step=244300, episodic_return=0.0
global_step=244508, episodic_return=0.0
global_step=244592, episodic_return=0.0
global_step=244676, episodic_return=0.0
global_step=244704, episodic_return=0.0
SPS: 2928
global_step=244912, episodic_return=0.0
global_step=244924, episodic_return=0.514
global_step=244996, episodic_return=0.0
global_step=245080, episodic_return=0.0
global_step=245096, episodic_return=0.595
SPS: 2928
global_step=245328, episodic_return=0.0
global_step=245400, episodic_return=0.0
global_step=245440, episodic_return=0.235
global_step=245484, episodic_return=0.0
global_step=245732, episodic_return=0.0
SPS: 2928
global_step=245804, episodic_return=0.0
global_step=245844, episodic_return=0.0
global_step=245888, episodic_return=0.0
global_step=246136, episodic_return=0.0
global_step=246208, episodic_return=0.0
global_step=246248, episodic_return=0.0
SPS: 2928
global_step=246292, episodic_return=0.0
global_step=246540, episodic_return=0.0
global_step=246612, episodic_return=0.0
global_step=246652, episodic_return=0.0
global_step=246696, episodic_return=0.0
SPS: 2928
global_step=246944, episodic_return=0.0
global_step=247016, episodic_return=0.0
global_step=247056, episodic_return=0.0
global_step=247100, episodic_return=0.0
global_step=247232, episodic_return=0.712
SPS: 2928
global_step=247348, episodic_return=0.0
global_step=247420, episodic_return=0.0
global_step=247460, episodic_return=0.0
global_step=247636, episodic_return=0.0
global_step=247752, episodic_return=0.0
SPS: 2928
global_step=247824, episodic_return=0.0
global_step=247864, episodic_return=0.0
global_step=247976, episodic_return=0.244
global_step=248156, episodic_return=0.0
global_step=248228, episodic_return=0.0
global_step=248268, episodic_return=0.0
SPS: 2928
global_step=248368, episodic_return=0.694
global_step=248380, episodic_return=0.0
global_step=248560, episodic_return=0.0
global_step=248612, episodic_return=0.892
global_step=248672, episodic_return=0.0
global_step=248772, episodic_return=0.0
global_step=248784, episodic_return=0.0
SPS: 2928
global_step=248896, episodic_return=0.5049999999999999
global_step=249016, episodic_return=0.0
global_step=249176, episodic_return=0.0
global_step=249188, episodic_return=0.0
global_step=249212, episodic_return=0.9279999999999999
global_step=249300, episodic_return=0.0
SPS: 2928
global_step=249420, episodic_return=0.0
global_step=249592, episodic_return=0.0
global_step=249616, episodic_return=0.0
global_step=249660, episodic_return=0.856
global_step=249672, episodic_return=0.883
global_step=249704, episodic_return=0.0
global_step=249824, episodic_return=0.0
SPS: 2928
global_step=249868, episodic_return=0.5680000000000001
global_step=250064, episodic_return=0.0
global_step=250088, episodic_return=0.514
global_step=250108, episodic_return=0.0
global_step=250228, episodic_return=0.0
SPS: 2928
global_step=250468, episodic_return=0.0
global_step=250492, episodic_return=0.0
global_step=250512, episodic_return=0.0
global_step=250544, episodic_return=0.9369999999999999
global_step=250592, episodic_return=0.784
global_step=250632, episodic_return=0.0
global_step=250872, episodic_return=0.0
SPS: 2928
global_step=250948, episodic_return=0.0
global_step=250996, episodic_return=0.0
global_step=251036, episodic_return=0.0
global_step=251076, episodic_return=0.919
global_step=251276, episodic_return=0.0
global_step=251352, episodic_return=0.0
global_step=251392, episodic_return=0.748
SPS: 2928
global_step=251400, episodic_return=0.0
global_step=251480, episodic_return=0.0
global_step=251708, episodic_return=0.31599999999999995
global_step=251756, episodic_return=0.0
global_step=251796, episodic_return=0.0
global_step=251864, episodic_return=0.766
global_step=251884, episodic_return=0.0
SPS: 2928
global_step=251920, episodic_return=0.9279999999999999
global_step=251976, episodic_return=0.757
global_step=251988, episodic_return=0.982
global_step=252112, episodic_return=0.0
global_step=252200, episodic_return=0.0
global_step=252324, episodic_return=0.0
global_step=252392, episodic_return=0.0
global_step=252412, episodic_return=0.964
SPS: 2928
global_step=252516, episodic_return=0.0
global_step=252548, episodic_return=0.703
global_step=252604, episodic_return=0.0
global_step=252676, episodic_return=0.721
global_step=252728, episodic_return=0.0
global_step=252844, episodic_return=0.748
global_step=252920, episodic_return=0.0
SPS: 2928
global_step=253008, episodic_return=0.0
global_step=253080, episodic_return=0.0
global_step=253148, episodic_return=0.694
global_step=253168, episodic_return=0.8109999999999999
global_step=253248, episodic_return=0.0
global_step=253324, episodic_return=0.0
SPS: 2928
global_step=253552, episodic_return=0.0
global_step=253572, episodic_return=0.0
global_step=253652, episodic_return=0.0
global_step=253672, episodic_return=0.964
global_step=253728, episodic_return=0.0
global_step=253804, episodic_return=0.838
SPS: 2928
global_step=253956, episodic_return=0.0
global_step=253976, episodic_return=0.0
global_step=254076, episodic_return=0.0
global_step=254208, episodic_return=0.0
global_step=254360, episodic_return=0.0
global_step=254364, episodic_return=0.6579999999999999
global_step=254380, episodic_return=0.0
SPS: 2928
global_step=254480, episodic_return=0.0
global_step=254500, episodic_return=0.703
global_step=254764, episodic_return=0.0
global_step=254784, episodic_return=0.0
global_step=254820, episodic_return=0.9279999999999999
global_step=254884, episodic_return=0.0
global_step=254904, episodic_return=0.0
global_step=254908, episodic_return=0.8109999999999999
SPS: 2928
global_step=254988, episodic_return=0.829
global_step=255168, episodic_return=0.0
global_step=255288, episodic_return=0.0
global_step=255308, episodic_return=0.0
global_step=255364, episodic_return=0.883
global_step=255392, episodic_return=0.0
SPS: 2928
global_step=255572, episodic_return=0.0
global_step=255692, episodic_return=0.0
global_step=255716, episodic_return=0.955
global_step=255768, episodic_return=0.0
global_step=255796, episodic_return=0.0
global_step=255880, episodic_return=0.757
global_step=255976, episodic_return=0.0
SPS: 2928
global_step=256120, episodic_return=0.0
global_step=256200, episodic_return=0.0
global_step=256256, episodic_return=0.883
global_step=256284, episodic_return=0.0
global_step=256380, episodic_return=0.0
SPS: 2928
global_step=256524, episodic_return=0.0
global_step=256580, episodic_return=0.5589999999999999
global_step=256660, episodic_return=0.0
global_step=256688, episodic_return=0.0
global_step=256928, episodic_return=0.0
global_step=256984, episodic_return=0.0
SPS: 2928
global_step=257064, episodic_return=0.0
global_step=257092, episodic_return=0.0
global_step=257332, episodic_return=0.0
global_step=257344, episodic_return=0.19899999999999995
global_step=257468, episodic_return=0.0
global_step=257496, episodic_return=0.0
SPS: 2928
global_step=257556, episodic_return=0.874
global_step=257668, episodic_return=0.253
global_step=257748, episodic_return=0.0
global_step=257872, episodic_return=0.0
global_step=257960, episodic_return=0.0
SPS: 2928
global_step=258072, episodic_return=0.0
global_step=258108, episodic_return=0.478
global_step=258120, episodic_return=0.982
global_step=258152, episodic_return=0.0
global_step=258296, episodic_return=0.253
global_step=258332, episodic_return=0.532
global_step=258360, episodic_return=0.865
global_step=258476, episodic_return=0.0
global_step=258556, episodic_return=0.0
SPS: 2928
global_step=258736, episodic_return=0.0
global_step=258764, episodic_return=0.0
global_step=258800, episodic_return=0.865
global_step=258880, episodic_return=0.0
global_step=258960, episodic_return=0.0
SPS: 2928
global_step=259168, episodic_return=0.0
global_step=259204, episodic_return=0.0
global_step=259224, episodic_return=0.883
global_step=259284, episodic_return=0.0
global_step=259364, episodic_return=0.0
global_step=259524, episodic_return=0.649
SPS: 2928
global_step=259608, episodic_return=0.0
global_step=259628, episodic_return=0.0
global_step=259652, episodic_return=0.955
global_step=259688, episodic_return=0.0
global_step=259928, episodic_return=0.0
global_step=260012, episodic_return=0.0
global_step=260040, episodic_return=0.757
global_step=260056, episodic_return=0.0
global_step=260092, episodic_return=0.0
SPS: 2928
global_step=260120, episodic_return=0.865
global_step=260284, episodic_return=0.45999999999999996
global_step=260416, episodic_return=0.0
global_step=260496, episodic_return=0.0
global_step=260524, episodic_return=0.0
SPS: 2928
global_step=260688, episodic_return=0.0
global_step=260740, episodic_return=0.5229999999999999
global_step=260820, episodic_return=0.0
global_step=260900, episodic_return=0.0
global_step=261092, episodic_return=0.0
SPS: 2928
global_step=261144, episodic_return=0.0
global_step=261224, episodic_return=0.0
global_step=261304, episodic_return=0.0
global_step=261312, episodic_return=0.8109999999999999
global_step=261496, episodic_return=0.0
global_step=261548, episodic_return=0.0
SPS: 2928
global_step=261708, episodic_return=0.0
global_step=261716, episodic_return=0.0
global_step=261900, episodic_return=0.0
global_step=261952, episodic_return=0.0
global_step=262112, episodic_return=0.0
global_step=262120, episodic_return=0.0
SPS: 2928
global_step=262304, episodic_return=0.0
global_step=262356, episodic_return=0.0
global_step=262516, episodic_return=0.0
global_step=262524, episodic_return=0.0
SPS: 2928
global_step=262708, episodic_return=0.0
global_step=262760, episodic_return=0.0
global_step=262788, episodic_return=0.946
global_step=262920, episodic_return=0.0
global_step=262928, episodic_return=0.0
global_step=263004, episodic_return=0.82
global_step=263112, episodic_return=0.0
global_step=263124, episodic_return=0.5680000000000001
SPS: 2928
global_step=263192, episodic_return=0.0
global_step=263228, episodic_return=0.9279999999999999
global_step=263408, episodic_return=0.0
global_step=263516, episodic_return=0.0
global_step=263528, episodic_return=0.0
global_step=263632, episodic_return=0.0
SPS: 2928
global_step=263812, episodic_return=0.0
global_step=263920, episodic_return=0.0
global_step=263932, episodic_return=0.0
global_step=264036, episodic_return=0.0
SPS: 2928
global_step=264216, episodic_return=0.0
global_step=264324, episodic_return=0.0
global_step=264336, episodic_return=0.0
global_step=264368, episodic_return=0.667
global_step=264440, episodic_return=0.0
global_step=264616, episodic_return=0.613
SPS: 2928
global_step=264728, episodic_return=0.0
global_step=264740, episodic_return=0.0
global_step=264772, episodic_return=0.0
global_step=265020, episodic_return=0.0
global_step=265132, episodic_return=0.0
global_step=265144, episodic_return=0.0
global_step=265164, episodic_return=0.964
global_step=265176, episodic_return=0.0
SPS: 2928
global_step=265220, episodic_return=0.5589999999999999
global_step=265232, episodic_return=0.982
global_step=265308, episodic_return=0.712
global_step=265452, episodic_return=0.685
global_step=265488, episodic_return=0.2799999999999999
global_step=265536, episodic_return=0.0
global_step=265548, episodic_return=0.874
global_step=265636, episodic_return=0.0
global_step=265700, episodic_return=0.865
SPS: 2927
global_step=265856, episodic_return=0.0
global_step=265864, episodic_return=0.6399999999999999
global_step=265940, episodic_return=0.0
global_step=265952, episodic_return=0.0
SPS: 2927
global_step=266260, episodic_return=0.0
global_step=266268, episodic_return=0.0
global_step=266344, episodic_return=0.0
global_step=266356, episodic_return=0.0
global_step=266664, episodic_return=0.0
global_step=266672, episodic_return=0.0
global_step=266708, episodic_return=0.91
global_step=266748, episodic_return=0.0
SPS: 2927
global_step=266760, episodic_return=0.0
global_step=266816, episodic_return=0.856
global_step=267076, episodic_return=0.0
global_step=267112, episodic_return=0.0
global_step=267164, episodic_return=0.0
global_step=267220, episodic_return=0.0
SPS: 2927
global_step=267480, episodic_return=0.0
global_step=267516, episodic_return=0.0
global_step=267568, episodic_return=0.0
global_step=267624, episodic_return=0.0
global_step=267652, episodic_return=0.82
SPS: 2927
global_step=267884, episodic_return=0.0
global_step=267920, episodic_return=0.0
global_step=268028, episodic_return=0.0
global_step=268056, episodic_return=0.0
global_step=268184, episodic_return=0.6579999999999999
global_step=268216, episodic_return=0.262
SPS: 2927
global_step=268324, episodic_return=0.0
global_step=268460, episodic_return=0.0
global_step=268512, episodic_return=0.892
global_step=268588, episodic_return=0.0
global_step=268600, episodic_return=0.14500000000000002
global_step=268728, episodic_return=0.0
SPS: 2927
global_step=268896, episodic_return=0.31599999999999995
global_step=268916, episodic_return=0.0
global_step=269004, episodic_return=0.0
global_step=269116, episodic_return=0.757
global_step=269132, episodic_return=0.0
global_step=269300, episodic_return=0.0
SPS: 2927
global_step=269320, episodic_return=0.0
global_step=269520, episodic_return=0.0
global_step=269536, episodic_return=0.0
global_step=269704, episodic_return=0.0
global_step=269724, episodic_return=0.0
SPS: 2927
global_step=269924, episodic_return=0.0
global_step=269940, episodic_return=0.0
global_step=269956, episodic_return=0.9369999999999999
global_step=270108, episodic_return=0.0
global_step=270128, episodic_return=0.0
global_step=270204, episodic_return=0.838
global_step=270252, episodic_return=0.901
SPS: 2927
global_step=270344, episodic_return=0.0
global_step=270360, episodic_return=0.0
global_step=270512, episodic_return=0.0
global_step=270656, episodic_return=0.0
global_step=270748, episodic_return=0.0
global_step=270764, episodic_return=0.0
SPS: 2927
global_step=270916, episodic_return=0.0
global_step=271060, episodic_return=0.0
global_step=271152, episodic_return=0.0
global_step=271168, episodic_return=0.0
global_step=271276, episodic_return=0.5229999999999999
global_step=271320, episodic_return=0.0
SPS: 2927
global_step=271524, episodic_return=0.45099999999999996
global_step=271556, episodic_return=0.0
global_step=271572, episodic_return=0.0
global_step=271644, episodic_return=0.739
global_step=271644, episodic_return=0.8109999999999999
global_step=271724, episodic_return=0.0
SPS: 2928
global_step=271976, episodic_return=0.0
global_step=272048, episodic_return=0.0
global_step=272048, episodic_return=0.0
global_step=272128, episodic_return=0.0
global_step=272380, episodic_return=0.0
SPS: 2928
global_step=272452, episodic_return=0.0
global_step=272452, episodic_return=0.0
global_step=272532, episodic_return=0.0
global_step=272596, episodic_return=0.865
global_step=272784, episodic_return=0.0
global_step=272856, episodic_return=0.0
global_step=272856, episodic_return=0.0
SPS: 2928
global_step=273000, episodic_return=0.0
global_step=273188, episodic_return=0.0
global_step=273260, episodic_return=0.0
global_step=273260, episodic_return=0.0
global_step=273404, episodic_return=0.0
SPS: 2928
global_step=273420, episodic_return=0.649
global_step=273592, episodic_return=0.0
global_step=273664, episodic_return=0.0
global_step=273704, episodic_return=0.919
global_step=273808, episodic_return=0.0
global_step=273824, episodic_return=0.0
SPS: 2928
global_step=273996, episodic_return=0.0
global_step=274108, episodic_return=0.0
global_step=274152, episodic_return=0.91
global_step=274212, episodic_return=0.0
global_step=274228, episodic_return=0.0
global_step=274244, episodic_return=0.973
global_step=274400, episodic_return=0.0
SPS: 2928
global_step=274556, episodic_return=0.0
global_step=274616, episodic_return=0.0
global_step=274648, episodic_return=0.0
global_step=274804, episodic_return=0.0
SPS: 2928
global_step=274960, episodic_return=0.0
global_step=275020, episodic_return=0.0
global_step=275052, episodic_return=0.0
global_step=275208, episodic_return=0.0
global_step=275364, episodic_return=0.0
global_step=275424, episodic_return=0.0
global_step=275456, episodic_return=0.0
SPS: 2928
global_step=275612, episodic_return=0.0
global_step=275768, episodic_return=0.0
global_step=275828, episodic_return=0.0
global_step=275860, episodic_return=0.0
SPS: 2928
global_step=276016, episodic_return=0.0
global_step=276172, episodic_return=0.0
global_step=276232, episodic_return=0.0
global_step=276264, episodic_return=0.0
global_step=276420, episodic_return=0.0
SPS: 2928
global_step=276576, episodic_return=0.0
global_step=276636, episodic_return=0.0
global_step=276660, episodic_return=0.955
global_step=276668, episodic_return=0.0
global_step=276816, episodic_return=0.6579999999999999
global_step=276824, episodic_return=0.0
global_step=276980, episodic_return=0.0
SPS: 2928
global_step=277052, episodic_return=0.847
global_step=277072, episodic_return=0.0
global_step=277220, episodic_return=0.0
global_step=277228, episodic_return=0.0
global_step=277456, episodic_return=0.0
global_step=277476, episodic_return=0.0
SPS: 2928
global_step=277624, episodic_return=0.0
global_step=277632, episodic_return=0.0
global_step=277756, episodic_return=0.712
global_step=277860, episodic_return=0.0
global_step=277880, episodic_return=0.0
SPS: 2928
global_step=278036, episodic_return=0.0
global_step=278160, episodic_return=0.0
global_step=278264, episodic_return=0.0
global_step=278284, episodic_return=0.0
global_step=278308, episodic_return=0.3969999999999999
SPS: 2928
global_step=278564, episodic_return=0.0
global_step=278668, episodic_return=0.0
global_step=278688, episodic_return=0.0
global_step=278688, episodic_return=0.964
global_step=278712, episodic_return=0.0
global_step=278968, episodic_return=0.0
SPS: 2928
global_step=279092, episodic_return=0.0
global_step=279092, episodic_return=0.0
global_step=279116, episodic_return=0.0
global_step=279372, episodic_return=0.0
global_step=279496, episodic_return=0.0
global_step=279496, episodic_return=0.0
global_step=279520, episodic_return=0.0
SPS: 2928
global_step=279676, episodic_return=0.32499999999999996
global_step=279736, episodic_return=0.874
global_step=279900, episodic_return=0.0
global_step=279900, episodic_return=0.0
global_step=279924, episodic_return=0.0
SPS: 2928
global_step=280140, episodic_return=0.0
global_step=280304, episodic_return=0.0
global_step=280304, episodic_return=0.0
global_step=280328, episodic_return=0.0
global_step=280348, episodic_return=0.964
global_step=280384, episodic_return=0.829
global_step=280384, episodic_return=0.9279999999999999
global_step=280412, episodic_return=0.946
global_step=280456, episodic_return=0.847
global_step=280508, episodic_return=0.892
global_step=280544, episodic_return=0.0
SPS: 2928
global_step=280708, episodic_return=0.0
global_step=280812, episodic_return=0.775
global_step=280816, episodic_return=0.0
global_step=280912, episodic_return=0.0
global_step=280948, episodic_return=0.0
global_step=280992, episodic_return=0.91
global_step=281088, episodic_return=0.3969999999999999
SPS: 2928
global_step=281144, episodic_return=0.667
global_step=281180, episodic_return=0.802
global_step=281216, episodic_return=0.0
global_step=281252, episodic_return=0.9279999999999999
global_step=281316, episodic_return=0.0
global_step=281320, episodic_return=0.613
global_step=281368, episodic_return=0.586
global_step=281384, episodic_return=0.973
SPS: 2928
global_step=281656, episodic_return=0.0
global_step=281720, episodic_return=0.0
global_step=281724, episodic_return=0.0
global_step=281788, episodic_return=0.0
global_step=281812, episodic_return=0.6579999999999999
SPS: 2928
global_step=282124, episodic_return=0.0
global_step=282128, episodic_return=0.0
global_step=282192, episodic_return=0.0
global_step=282216, episodic_return=0.0
global_step=282432, episodic_return=0.469
global_step=282528, episodic_return=0.0
global_step=282532, episodic_return=0.0
global_step=282620, episodic_return=0.0
SPS: 2928
global_step=282836, episodic_return=0.0
global_step=282932, episodic_return=0.0
global_step=282936, episodic_return=0.0
global_step=283000, episodic_return=0.856
global_step=283012, episodic_return=0.838
global_step=283024, episodic_return=0.0
global_step=283048, episodic_return=0.955
SPS: 2928
global_step=283240, episodic_return=0.0
global_step=283404, episodic_return=0.0
global_step=283416, episodic_return=0.0
global_step=283452, episodic_return=0.0
global_step=283472, episodic_return=0.856
global_step=283600, episodic_return=0.19899999999999995
SPS: 2928
global_step=283820, episodic_return=0.0
global_step=283856, episodic_return=0.0
global_step=283876, episodic_return=0.0
global_step=284004, episodic_return=0.0
SPS: 2928
global_step=284224, episodic_return=0.0
global_step=284260, episodic_return=0.0
global_step=284280, episodic_return=0.0
global_step=284408, episodic_return=0.0
global_step=284496, episodic_return=0.478
global_step=284516, episodic_return=0.352
global_step=284532, episodic_return=0.973
SPS: 2928
global_step=284684, episodic_return=0.0
global_step=284812, episodic_return=0.0
global_step=284900, episodic_return=0.0
global_step=284936, episodic_return=0.0
global_step=285040, episodic_return=0.775
global_step=285088, episodic_return=0.0
SPS: 2928
global_step=285216, episodic_return=0.0
global_step=285304, episodic_return=0.0
global_step=285444, episodic_return=0.0
global_step=285492, episodic_return=0.0
global_step=285620, episodic_return=0.0
SPS: 2928
global_step=285708, episodic_return=0.0
global_step=285848, episodic_return=0.0
global_step=285896, episodic_return=0.0
global_step=285904, episodic_return=0.991
global_step=286024, episodic_return=0.0
global_step=286048, episodic_return=0.5589999999999999
global_step=286056, episodic_return=0.9369999999999999
global_step=286112, episodic_return=0.0
SPS: 2928
global_step=286308, episodic_return=0.0
global_step=286452, episodic_return=0.0
global_step=286460, episodic_return=0.0
global_step=286476, episodic_return=0.631
global_step=286500, episodic_return=0.955
global_step=286516, episodic_return=0.0
SPS: 2928
global_step=286852, episodic_return=0.10899999999999999
global_step=286864, episodic_return=0.0
global_step=286904, episodic_return=0.0
global_step=286920, episodic_return=0.0
global_step=286928, episodic_return=0.955
SPS: 2928
global_step=287256, episodic_return=0.0
global_step=287268, episodic_return=0.0
global_step=287324, episodic_return=0.0
global_step=287332, episodic_return=0.0
global_step=287392, episodic_return=0.856
global_step=287572, episodic_return=0.469
global_step=287624, episodic_return=0.892
global_step=287660, episodic_return=0.0
global_step=287672, episodic_return=0.0
SPS: 2928
global_step=287796, episodic_return=0.0
global_step=288028, episodic_return=0.0
global_step=288064, episodic_return=0.0
global_step=288076, episodic_return=0.0
global_step=288200, episodic_return=0.0
SPS: 2928
global_step=288432, episodic_return=0.0
global_step=288468, episodic_return=0.0
global_step=288480, episodic_return=0.0
global_step=288572, episodic_return=0.17199999999999993
SPS: 2928
global_step=288836, episodic_return=0.0
global_step=288872, episodic_return=0.0
global_step=288884, episodic_return=0.0
global_step=288976, episodic_return=0.0
global_step=289240, episodic_return=0.0
global_step=289276, episodic_return=0.0
SPS: 2928
global_step=289284, episodic_return=0.991
global_step=289288, episodic_return=0.0
global_step=289380, episodic_return=0.0
global_step=289440, episodic_return=0.874
global_step=289584, episodic_return=0.34299999999999997
global_step=289644, episodic_return=0.0
global_step=289688, episodic_return=0.0
SPS: 2928
global_step=289844, episodic_return=0.0
global_step=289980, episodic_return=0.703
global_step=289988, episodic_return=0.0
global_step=290000, episodic_return=0.964
global_step=290048, episodic_return=0.0
global_step=290092, episodic_return=0.0
SPS: 2929
global_step=290392, episodic_return=0.0
global_step=290404, episodic_return=0.0
global_step=290452, episodic_return=0.0
global_step=290496, episodic_return=0.0
global_step=290796, episodic_return=0.0
global_step=290808, episodic_return=0.0
SPS: 2929
global_step=290856, episodic_return=0.0
global_step=290900, episodic_return=0.0
global_step=291200, episodic_return=0.0
global_step=291212, episodic_return=0.0
global_step=291256, episodic_return=0.883
global_step=291260, episodic_return=0.0
global_step=291284, episodic_return=0.955
global_step=291304, episodic_return=0.0
SPS: 2929
global_step=291616, episodic_return=0.0
global_step=291660, episodic_return=0.0
global_step=291688, episodic_return=0.0
global_step=291708, episodic_return=0.0
global_step=291740, episodic_return=0.892
global_step=291772, episodic_return=0.757
SPS: 2929
global_step=292020, episodic_return=0.0
global_step=292112, episodic_return=0.0
global_step=292124, episodic_return=0.775
global_step=292144, episodic_return=0.0
global_step=292176, episodic_return=0.0
global_step=292220, episodic_return=0.91
global_step=292228, episodic_return=0.748
global_step=292300, episodic_return=0.829
global_step=292304, episodic_return=0.838
SPS: 2929
global_step=292528, episodic_return=0.0
global_step=292548, episodic_return=0.0
global_step=292684, episodic_return=0.6579999999999999
global_step=292704, episodic_return=0.0
global_step=292708, episodic_return=0.0
SPS: 2929
global_step=292952, episodic_return=0.0
global_step=293088, episodic_return=0.0
global_step=293108, episodic_return=0.0
global_step=293112, episodic_return=0.0
global_step=293252, episodic_return=0.33399999999999996
global_step=293304, episodic_return=0.5229999999999999
global_step=293316, episodic_return=0.982
SPS: 2929
global_step=293476, episodic_return=0.649
global_step=293512, episodic_return=0.0
global_step=293516, episodic_return=0.0
global_step=293520, episodic_return=0.91
global_step=293656, episodic_return=0.0
global_step=293672, episodic_return=0.667
global_step=293692, episodic_return=0.604
SPS: 2929
global_step=293920, episodic_return=0.0
global_step=294060, episodic_return=0.0
global_step=294076, episodic_return=0.0
global_step=294096, episodic_return=0.0
global_step=294324, episodic_return=0.0
SPS: 2929
global_step=294464, episodic_return=0.0
global_step=294480, episodic_return=0.0
global_step=294500, episodic_return=0.0
global_step=294512, episodic_return=0.9369999999999999
global_step=294728, episodic_return=0.0
global_step=294868, episodic_return=0.0
global_step=294904, episodic_return=0.0
SPS: 2929
global_step=294916, episodic_return=0.0
global_step=295132, episodic_return=0.0
global_step=295272, episodic_return=0.0
global_step=295308, episodic_return=0.0
global_step=295320, episodic_return=0.0
global_step=295408, episodic_return=0.703
global_step=295416, episodic_return=0.991
SPS: 2929
global_step=295536, episodic_return=0.0
global_step=295712, episodic_return=0.0
global_step=295724, episodic_return=0.0
global_step=295776, episodic_return=0.19899999999999995
SPS: 2929
global_step=295940, episodic_return=0.0
global_step=296048, episodic_return=0.766
global_step=296116, episodic_return=0.0
global_step=296128, episodic_return=0.0
global_step=296180, episodic_return=0.0
global_step=296428, episodic_return=0.45099999999999996
SPS: 2929
global_step=296452, episodic_return=0.0
global_step=296520, episodic_return=0.0
global_step=296532, episodic_return=0.0
global_step=296832, episodic_return=0.0
global_step=296856, episodic_return=0.0
global_step=296924, episodic_return=0.0
global_step=296936, episodic_return=0.0
global_step=296952, episodic_return=0.946
SPS: 2929
global_step=297236, episodic_return=0.0
global_step=297260, episodic_return=0.0
global_step=297272, episodic_return=0.982
global_step=297340, episodic_return=0.0
global_step=297356, episodic_return=0.0
global_step=297392, episodic_return=0.6579999999999999
SPS: 2929
global_step=297676, episodic_return=0.0
global_step=297744, episodic_return=0.0
global_step=297760, episodic_return=0.0
global_step=297796, episodic_return=0.0
SPS: 2929
global_step=298080, episodic_return=0.0
global_step=298140, episodic_return=0.235
global_step=298148, episodic_return=0.0
global_step=298164, episodic_return=0.0
global_step=298428, episodic_return=0.361
global_step=298484, episodic_return=0.0
SPS: 2929
global_step=298552, episodic_return=0.0
global_step=298568, episodic_return=0.0
global_step=298832, episodic_return=0.0
global_step=298884, episodic_return=0.10899999999999999
global_step=298956, episodic_return=0.0
global_step=298972, episodic_return=0.0
SPS: 2929
global_step=299236, episodic_return=0.0
global_step=299288, episodic_return=0.0
global_step=299360, episodic_return=0.0
global_step=299376, episodic_return=0.0
SPS: 2930
global_step=299640, episodic_return=0.0
global_step=299692, episodic_return=0.0
global_step=299704, episodic_return=0.865
global_step=299764, episodic_return=0.0
global_step=299780, episodic_return=0.0
SPS: 2930
global_step=300096, episodic_return=0.0
global_step=300108, episodic_return=0.0
global_step=300168, episodic_return=0.0
global_step=300184, episodic_return=0.0
global_step=300292, episodic_return=0.73
global_step=300500, episodic_return=0.0
global_step=300512, episodic_return=0.0
SPS: 2930
global_step=300588, episodic_return=0.0
global_step=300696, episodic_return=0.0
global_step=300904, episodic_return=0.0
global_step=300916, episodic_return=0.0
global_step=300992, episodic_return=0.0
SPS: 2930
global_step=301100, episodic_return=0.0
global_step=301108, episodic_return=0.55
global_step=301220, episodic_return=0.739
global_step=301320, episodic_return=0.0
global_step=301352, episodic_return=0.45999999999999996
global_step=301372, episodic_return=0.964
global_step=301396, episodic_return=0.0
global_step=301432, episodic_return=0.874
SPS: 2930
global_step=301624, episodic_return=0.0
global_step=301724, episodic_return=0.0
global_step=301800, episodic_return=0.0
global_step=301836, episodic_return=0.0
global_step=301992, episodic_return=0.6579999999999999
global_step=302028, episodic_return=0.0
SPS: 2930
global_step=302128, episodic_return=0.0
global_step=302204, episodic_return=0.0
global_step=302396, episodic_return=0.0
global_step=302432, episodic_return=0.0
global_step=302524, episodic_return=0.802
global_step=302532, episodic_return=0.0
SPS: 2930
global_step=302608, episodic_return=0.0
global_step=302632, episodic_return=0.766
global_step=302800, episodic_return=0.0
global_step=302936, episodic_return=0.0
global_step=303012, episodic_return=0.0
global_step=303036, episodic_return=0.0
SPS: 2930
global_step=303204, episodic_return=0.0
global_step=303340, episodic_return=0.0
global_step=303416, episodic_return=0.0
global_step=303440, episodic_return=0.0
global_step=303608, episodic_return=0.0
SPS: 2930
global_step=303640, episodic_return=0.5589999999999999
global_step=303744, episodic_return=0.0
global_step=303820, episodic_return=0.0
global_step=304012, episodic_return=0.0
global_step=304044, episodic_return=0.0
SPS: 2930
global_step=304148, episodic_return=0.0
global_step=304168, episodic_return=0.6579999999999999
global_step=304176, episodic_return=0.712
global_step=304204, episodic_return=0.883
global_step=304224, episodic_return=0.0
global_step=304572, episodic_return=0.0
global_step=304580, episodic_return=0.0
global_step=304608, episodic_return=0.0
global_step=304628, episodic_return=0.0
SPS: 2930
global_step=304668, episodic_return=0.874
global_step=304756, episodic_return=0.613
global_step=304776, episodic_return=0.6759999999999999
global_step=304976, episodic_return=0.0
global_step=305072, episodic_return=0.0
SPS: 2930
global_step=305160, episodic_return=0.0
global_step=305180, episodic_return=0.0
global_step=305380, episodic_return=0.0
global_step=305400, episodic_return=0.514
global_step=305404, episodic_return=0.262
global_step=305504, episodic_return=0.73
global_step=305564, episodic_return=0.0
SPS: 2930
global_step=305804, episodic_return=0.0
global_step=305808, episodic_return=0.0
global_step=305908, episodic_return=0.0
global_step=305968, episodic_return=0.0
SPS: 2930
global_step=306200, episodic_return=0.487
global_step=306208, episodic_return=0.0
global_step=306212, episodic_return=0.0
global_step=306312, episodic_return=0.0
global_step=306312, episodic_return=0.784
global_step=306448, episodic_return=0.703
global_step=306516, episodic_return=0.856
global_step=306604, episodic_return=0.0
global_step=306612, episodic_return=0.0
global_step=306640, episodic_return=0.946
SPS: 2930
global_step=306716, episodic_return=0.0
global_step=306752, episodic_return=0.478
global_step=306960, episodic_return=0.5409999999999999
global_step=307008, episodic_return=0.0
global_step=307044, episodic_return=0.0
global_step=307120, episodic_return=0.0
global_step=307132, episodic_return=0.8109999999999999
SPS: 2930
global_step=307364, episodic_return=0.0
global_step=307412, episodic_return=0.0
global_step=307524, episodic_return=0.0
global_step=307536, episodic_return=0.0
global_step=307576, episodic_return=0.6399999999999999
global_step=307704, episodic_return=0.631
SPS: 2930
global_step=307768, episodic_return=0.0
global_step=307928, episodic_return=0.0
global_step=307980, episodic_return=0.0
global_step=308108, episodic_return=0.0
global_step=308172, episodic_return=0.0
global_step=308184, episodic_return=0.55
SPS: 2930
global_step=308332, episodic_return=0.0
global_step=308360, episodic_return=0.44199999999999995
global_step=308508, episodic_return=0.613
global_step=308576, episodic_return=0.0
global_step=308588, episodic_return=0.0
SPS: 2930
global_step=308764, episodic_return=0.0
global_step=308772, episodic_return=0.4149999999999999
global_step=308980, episodic_return=0.0
global_step=308992, episodic_return=0.0
global_step=309168, episodic_return=0.0
global_step=309176, episodic_return=0.0
SPS: 2930
global_step=309344, episodic_return=0.631
global_step=309384, episodic_return=0.0
global_step=309396, episodic_return=0.0
global_step=309496, episodic_return=0.757
global_step=309572, episodic_return=0.0
global_step=309748, episodic_return=0.0
SPS: 2931
global_step=309800, episodic_return=0.0
global_step=309832, episodic_return=0.9369999999999999
global_step=309892, episodic_return=0.2889999999999999
global_step=309900, episodic_return=0.0
global_step=310044, episodic_return=0.685
global_step=310152, episodic_return=0.0
global_step=310236, episodic_return=0.0
SPS: 2931
global_step=310284, episodic_return=0.901
global_step=310296, episodic_return=0.0
global_step=310448, episodic_return=0.0
global_step=310552, episodic_return=0.43299999999999994
global_step=310556, episodic_return=0.0
global_step=310628, episodic_return=0.847
global_step=310688, episodic_return=0.0
SPS: 2931
global_step=310812, episodic_return=0.595
global_step=310852, episodic_return=0.0
global_step=310880, episodic_return=0.946
global_step=310888, episodic_return=0.5589999999999999
global_step=310956, episodic_return=0.0
global_step=311004, episodic_return=0.901
global_step=311216, episodic_return=0.0
global_step=311284, episodic_return=0.0
global_step=311292, episodic_return=0.0
SPS: 2931
global_step=311360, episodic_return=0.685
global_step=311408, episodic_return=0.0
global_step=311452, episodic_return=0.649
global_step=311556, episodic_return=0.775
global_step=311688, episodic_return=0.0
global_step=311764, episodic_return=0.0
SPS: 2931
global_step=311812, episodic_return=0.0
global_step=311960, episodic_return=0.0
global_step=312092, episodic_return=0.0
global_step=312156, episodic_return=0.5680000000000001
global_step=312168, episodic_return=0.0
global_step=312216, episodic_return=0.0
SPS: 2931
global_step=312496, episodic_return=0.0
global_step=312560, episodic_return=0.0
global_step=312572, episodic_return=0.0
global_step=312584, episodic_return=0.982
global_step=312620, episodic_return=0.0
global_step=312732, episodic_return=0.622
SPS: 2931
global_step=312900, episodic_return=0.0
global_step=312924, episodic_return=0.955
global_step=312988, episodic_return=0.0
global_step=313024, episodic_return=0.0
global_step=313108, episodic_return=0.82
global_step=313136, episodic_return=0.0
global_step=313192, episodic_return=0.883
global_step=313328, episodic_return=0.0
SPS: 2931
global_step=313392, episodic_return=0.0
global_step=313468, episodic_return=0.838
global_step=313512, episodic_return=0.0
global_step=313568, episodic_return=0.883
global_step=313596, episodic_return=0.0
global_step=313732, episodic_return=0.0
SPS: 2931
global_step=313872, episodic_return=0.0
global_step=313972, episodic_return=0.0
global_step=314000, episodic_return=0.0
global_step=314136, episodic_return=0.0
global_step=314276, episodic_return=0.0
SPS: 2931
global_step=314376, episodic_return=0.0
global_step=314404, episodic_return=0.0
global_step=314428, episodic_return=0.955
global_step=314540, episodic_return=0.0
global_step=314620, episodic_return=0.235
global_step=314644, episodic_return=0.955
global_step=314672, episodic_return=0.712
global_step=314736, episodic_return=0.865
global_step=314780, episodic_return=0.0
global_step=314832, episodic_return=0.0
SPS: 2931
global_step=315048, episodic_return=0.0
global_step=315140, episodic_return=0.0
global_step=315184, episodic_return=0.0
global_step=315236, episodic_return=0.0
global_step=315368, episodic_return=0.595
SPS: 2931
global_step=315424, episodic_return=0.883
global_step=315452, episodic_return=0.0
global_step=315544, episodic_return=0.0
global_step=315640, episodic_return=0.0
global_step=315828, episodic_return=0.0
global_step=315856, episodic_return=0.0
SPS: 2931
global_step=315948, episodic_return=0.0
global_step=316044, episodic_return=0.0
global_step=316232, episodic_return=0.0
global_step=316260, episodic_return=0.0
global_step=316352, episodic_return=0.0
SPS: 2931
global_step=316448, episodic_return=0.5229999999999999
global_step=316448, episodic_return=0.0
global_step=316664, episodic_return=0.0
global_step=316732, episodic_return=0.37
global_step=316756, episodic_return=0.0
global_step=316852, episodic_return=0.0
SPS: 2931
global_step=316936, episodic_return=0.82
global_step=317068, episodic_return=0.0
global_step=317136, episodic_return=0.0
global_step=317160, episodic_return=0.0
global_step=317340, episodic_return=0.0
SPS: 2931
global_step=317472, episodic_return=0.0
global_step=317540, episodic_return=0.0
global_step=317564, episodic_return=0.0
global_step=317696, episodic_return=0.712
global_step=317744, episodic_return=0.0
global_step=317816, episodic_return=0.235
global_step=317944, episodic_return=0.0
SPS: 2931
global_step=318100, episodic_return=0.0
global_step=318148, episodic_return=0.0
global_step=318220, episodic_return=0.0
global_step=318228, episodic_return=0.991
global_step=318348, episodic_return=0.0
global_step=318384, episodic_return=0.9279999999999999
SPS: 2931
global_step=318504, episodic_return=0.0
global_step=318552, episodic_return=0.0
global_step=318632, episodic_return=0.0
global_step=318788, episodic_return=0.0
global_step=318812, episodic_return=0.955
global_step=318908, episodic_return=0.0
global_step=318956, episodic_return=0.0
SPS: 2931
global_step=319036, episodic_return=0.0
global_step=319216, episodic_return=0.0
global_step=319312, episodic_return=0.0
global_step=319340, episodic_return=0.946
global_step=319360, episodic_return=0.0
global_step=319440, episodic_return=0.0
SPS: 2931
global_step=319620, episodic_return=0.0
global_step=319744, episodic_return=0.0
global_step=319764, episodic_return=0.0
global_step=319844, episodic_return=0.0
SPS: 2931
global_step=320024, episodic_return=0.0
global_step=320148, episodic_return=0.0
global_step=320152, episodic_return=0.721
global_step=320168, episodic_return=0.0
global_step=320248, episodic_return=0.0
global_step=320304, episodic_return=0.667
global_step=320328, episodic_return=0.955
global_step=320420, episodic_return=0.802
SPS: 2931
global_step=320552, episodic_return=0.0
global_step=320572, episodic_return=0.0
global_step=320652, episodic_return=0.0
global_step=320824, episodic_return=0.0
global_step=320876, episodic_return=0.5049999999999999
global_step=320956, episodic_return=0.0
global_step=320976, episodic_return=0.0
SPS: 2931
global_step=321084, episodic_return=0.5409999999999999
global_step=321228, episodic_return=0.0
global_step=321324, episodic_return=0.7929999999999999
global_step=321360, episodic_return=0.0
global_step=321380, episodic_return=0.0
global_step=321488, episodic_return=0.0
global_step=321532, episodic_return=0.667
SPS: 2931
global_step=321728, episodic_return=0.0
global_step=321764, episodic_return=0.0
global_step=321804, episodic_return=0.838
global_step=321892, episodic_return=0.0
global_step=321936, episodic_return=0.0
global_step=321964, episodic_return=0.946
SPS: 2931
global_step=322112, episodic_return=0.22599999999999998
global_step=322208, episodic_return=0.0
global_step=322296, episodic_return=0.0
global_step=322368, episodic_return=0.0
global_step=322416, episodic_return=0.739
global_step=322464, episodic_return=0.21699999999999997
global_step=322484, episodic_return=0.748
SPS: 2931
global_step=322612, episodic_return=0.0
global_step=322820, episodic_return=0.0
global_step=322868, episodic_return=0.0
global_step=322888, episodic_return=0.0
global_step=323016, episodic_return=0.0
global_step=323064, episodic_return=0.613
SPS: 2931
global_step=323224, episodic_return=0.0
global_step=323272, episodic_return=0.0
global_step=323388, episodic_return=0.748
global_step=323420, episodic_return=0.0
global_step=323432, episodic_return=0.982
global_step=323468, episodic_return=0.0
global_step=323560, episodic_return=0.721
SPS: 2931
global_step=323604, episodic_return=0.91
global_step=323628, episodic_return=0.0
global_step=323716, episodic_return=0.757
global_step=323792, episodic_return=0.0
global_step=323872, episodic_return=0.0
global_step=324032, episodic_return=0.0
SPS: 2931
global_step=324120, episodic_return=0.0
global_step=324196, episodic_return=0.0
global_step=324276, episodic_return=0.0
global_step=324436, episodic_return=0.0
global_step=324524, episodic_return=0.0
global_step=324560, episodic_return=0.73
global_step=324600, episodic_return=0.0
SPS: 2931
global_step=324680, episodic_return=0.0
global_step=324688, episodic_return=0.991
global_step=324880, episodic_return=0.2889999999999999
global_step=324928, episodic_return=0.0
global_step=325004, episodic_return=0.0
global_step=325092, episodic_return=0.0
SPS: 2931
global_step=325284, episodic_return=0.0
global_step=325328, episodic_return=0.91
global_step=325332, episodic_return=0.0
global_step=325408, episodic_return=0.0
global_step=325496, episodic_return=0.0
global_step=325528, episodic_return=0.9369999999999999
global_step=325632, episodic_return=0.32499999999999996
SPS: 2931
global_step=325688, episodic_return=0.649
global_step=325736, episodic_return=0.0
global_step=325812, episodic_return=0.0
global_step=325844, episodic_return=0.766
global_step=325912, episodic_return=0.379
global_step=326092, episodic_return=0.0
SPS: 2931
global_step=326216, episodic_return=0.0
global_step=326248, episodic_return=0.0
global_step=326312, episodic_return=0.514
global_step=326316, episodic_return=0.784
global_step=326316, episodic_return=0.0
global_step=326652, episodic_return=0.0
SPS: 2931
global_step=326716, episodic_return=0.0
global_step=326720, episodic_return=0.0
global_step=326720, episodic_return=0.0
global_step=327056, episodic_return=0.0
global_step=327108, episodic_return=0.892
global_step=327120, episodic_return=0.0
global_step=327124, episodic_return=0.0
global_step=327124, episodic_return=0.0
SPS: 2931
global_step=327244, episodic_return=0.739
global_step=327512, episodic_return=0.0
global_step=327524, episodic_return=0.0
global_step=327528, episodic_return=0.0
global_step=327580, episodic_return=0.856
global_step=327648, episodic_return=0.0
global_step=327672, episodic_return=0.685
SPS: 2931
global_step=327928, episodic_return=0.0
global_step=327984, episodic_return=0.0
global_step=328052, episodic_return=0.0
global_step=328076, episodic_return=0.0
SPS: 2931
global_step=328292, episodic_return=0.469
global_step=328332, episodic_return=0.0
global_step=328388, episodic_return=0.0
global_step=328412, episodic_return=0.829
global_step=328480, episodic_return=0.0
global_step=328620, episodic_return=0.694
global_step=328696, episodic_return=0.0
SPS: 2931
global_step=328776, episodic_return=0.829
global_step=328792, episodic_return=0.0
global_step=328816, episodic_return=0.0
global_step=328860, episodic_return=0.91
global_step=329024, episodic_return=0.0
global_step=329180, episodic_return=0.0
global_step=329196, episodic_return=0.0
SPS: 2931
global_step=329264, episodic_return=0.0
global_step=329348, episodic_return=0.631
global_step=329376, episodic_return=0.21699999999999997
global_step=329444, episodic_return=0.856
global_step=329600, episodic_return=0.0
global_step=329612, episodic_return=0.982
global_step=329668, episodic_return=0.0
SPS: 2931
global_step=329752, episodic_return=0.0
global_step=329848, episodic_return=0.0
global_step=330016, episodic_return=0.0
global_step=330072, episodic_return=0.0
global_step=330140, episodic_return=0.856
global_step=330156, episodic_return=0.0
SPS: 2931
global_step=330252, episodic_return=0.0
global_step=330288, episodic_return=0.9279999999999999
global_step=330420, episodic_return=0.0
global_step=330544, episodic_return=0.0
global_step=330560, episodic_return=0.0
global_step=330588, episodic_return=0.631
global_step=330608, episodic_return=0.964
global_step=330692, episodic_return=0.0
SPS: 2931
global_step=330796, episodic_return=0.478
global_step=330948, episodic_return=0.0
global_step=331012, episodic_return=0.0
global_step=331096, episodic_return=0.0
global_step=331160, episodic_return=0.865
global_step=331200, episodic_return=0.0
SPS: 2931
global_step=331352, episodic_return=0.0
global_step=331368, episodic_return=0.973
global_step=331416, episodic_return=0.0
global_step=331468, episodic_return=0.892
global_step=331564, episodic_return=0.7929999999999999
global_step=331564, episodic_return=0.0
global_step=331576, episodic_return=0.982
global_step=331604, episodic_return=0.0
global_step=331680, episodic_return=0.30699999999999994
SPS: 2931
global_step=331968, episodic_return=0.0
global_step=331980, episodic_return=0.0
global_step=332008, episodic_return=0.0
global_step=332084, episodic_return=0.0
SPS: 2931
global_step=332372, episodic_return=0.0
global_step=332384, episodic_return=0.0
global_step=332408, episodic_return=0.955
global_step=332412, episodic_return=0.0
global_step=332488, episodic_return=0.0
global_step=332776, episodic_return=0.0
SPS: 2931
global_step=332812, episodic_return=0.0
global_step=332816, episodic_return=0.0
global_step=332892, episodic_return=0.0
global_step=333180, episodic_return=0.0
global_step=333216, episodic_return=0.0
global_step=333220, episodic_return=0.0
global_step=333296, episodic_return=0.0
SPS: 2931
global_step=333328, episodic_return=0.766
global_step=333584, episodic_return=0.0
global_step=333620, episodic_return=0.0
global_step=333700, episodic_return=0.0
global_step=333732, episodic_return=0.0
SPS: 2931
global_step=333988, episodic_return=0.0
global_step=334024, episodic_return=0.0
global_step=334104, episodic_return=0.0
global_step=334136, episodic_return=0.0
global_step=334184, episodic_return=0.901
SPS: 2931
global_step=334392, episodic_return=0.0
global_step=334428, episodic_return=0.0
global_step=334508, episodic_return=0.0
global_step=334588, episodic_return=0.0
global_step=334796, episodic_return=0.0
global_step=334832, episodic_return=0.0
SPS: 2931
global_step=334912, episodic_return=0.0
global_step=334992, episodic_return=0.0
global_step=335048, episodic_return=0.44199999999999995
global_step=335200, episodic_return=0.5409999999999999
global_step=335236, episodic_return=0.0
global_step=335272, episodic_return=0.9279999999999999
global_step=335316, episodic_return=0.0
SPS: 2931
global_step=335368, episodic_return=0.7929999999999999
global_step=335440, episodic_return=0.847
global_step=335452, episodic_return=0.0
global_step=335604, episodic_return=0.0
global_step=335620, episodic_return=0.631
global_step=335720, episodic_return=0.0
global_step=335724, episodic_return=0.739
global_step=335756, episodic_return=0.9369999999999999
global_step=335844, episodic_return=0.0
SPS: 2931
global_step=336024, episodic_return=0.0
global_step=336040, episodic_return=0.973
global_step=336124, episodic_return=0.0
global_step=336160, episodic_return=0.0
global_step=336248, episodic_return=0.0
global_step=336320, episodic_return=0.847
SPS: 2931
global_step=336444, episodic_return=0.0
global_step=336484, episodic_return=0.6399999999999999
global_step=336528, episodic_return=0.0
global_step=336564, episodic_return=0.0
global_step=336580, episodic_return=0.703
global_step=336676, episodic_return=0.757
global_step=336888, episodic_return=0.0
SPS: 2931
global_step=336916, episodic_return=0.946
global_step=336932, episodic_return=0.0
global_step=336984, episodic_return=0.0
global_step=337072, episodic_return=0.6579999999999999
global_step=337080, episodic_return=0.0
global_step=337196, episodic_return=0.73
global_step=337212, episodic_return=0.4959999999999999
global_step=337336, episodic_return=0.0
SPS: 2931
global_step=337484, episodic_return=0.0
global_step=337600, episodic_return=0.0
global_step=337616, episodic_return=0.0
global_step=337628, episodic_return=0.946
global_step=337740, episodic_return=0.0
global_step=337784, episodic_return=0.91
global_step=337888, episodic_return=0.0
SPS: 2931
global_step=338020, episodic_return=0.0
global_step=338032, episodic_return=0.0
global_step=338056, episodic_return=0.631
global_step=338108, episodic_return=0.838
global_step=338132, episodic_return=0.757
global_step=338188, episodic_return=0.0
global_step=338256, episodic_return=0.73
global_step=338296, episodic_return=0.766
global_step=338376, episodic_return=0.739
global_step=338404, episodic_return=0.766
SPS: 2931
global_step=338460, episodic_return=0.0
global_step=338512, episodic_return=0.0
global_step=338780, episodic_return=0.0
global_step=338808, episodic_return=0.0
global_step=338864, episodic_return=0.0
global_step=338916, episodic_return=0.0
SPS: 2931
global_step=339088, episodic_return=0.31599999999999995
global_step=339212, episodic_return=0.0
global_step=339268, episodic_return=0.0
global_step=339292, episodic_return=0.55
global_step=339320, episodic_return=0.0
SPS: 2931
global_step=339556, episodic_return=0.361
global_step=339612, episodic_return=0.883
global_step=339616, episodic_return=0.0
global_step=339676, episodic_return=0.874
global_step=339696, episodic_return=0.0
global_step=339724, episodic_return=0.0
global_step=339968, episodic_return=0.45999999999999996
SPS: 2931
global_step=339996, episodic_return=0.946
global_step=340016, episodic_return=0.0
global_step=340080, episodic_return=0.0
global_step=340100, episodic_return=0.0
global_step=340400, episodic_return=0.0
global_step=340420, episodic_return=0.0
SPS: 2931
global_step=340484, episodic_return=0.0
global_step=340504, episodic_return=0.0
global_step=340804, episodic_return=0.0
global_step=340824, episodic_return=0.0
global_step=340888, episodic_return=0.0
global_step=340908, episodic_return=0.0
SPS: 2931
global_step=341208, episodic_return=0.0
global_step=341228, episodic_return=0.0
global_step=341260, episodic_return=0.9369999999999999
global_step=341292, episodic_return=0.0
global_step=341312, episodic_return=0.0
global_step=341476, episodic_return=0.4059999999999999
SPS: 2931
global_step=341664, episodic_return=0.0
global_step=341696, episodic_return=0.0
global_step=341716, episodic_return=0.0
global_step=341880, episodic_return=0.0
SPS: 2931
global_step=342068, episodic_return=0.0
global_step=342100, episodic_return=0.0
global_step=342120, episodic_return=0.0
global_step=342128, episodic_return=0.946
global_step=342284, episodic_return=0.0
global_step=342472, episodic_return=0.0
global_step=342524, episodic_return=0.0
SPS: 2931
global_step=342532, episodic_return=0.0
global_step=342564, episodic_return=0.9369999999999999
global_step=342688, episodic_return=0.0
global_step=342876, episodic_return=0.0
global_step=342916, episodic_return=0.919
global_step=342928, episodic_return=0.0
global_step=342968, episodic_return=0.0
SPS: 2931
global_step=343092, episodic_return=0.0
global_step=343096, episodic_return=0.721
global_step=343136, episodic_return=0.5409999999999999
global_step=343320, episodic_return=0.0
global_step=343376, episodic_return=0.379
global_step=343436, episodic_return=0.874
global_step=343496, episodic_return=0.0
global_step=343540, episodic_return=0.0
SPS: 2931
global_step=343572, episodic_return=0.9369999999999999
global_step=343692, episodic_return=0.43299999999999994
global_step=343724, episodic_return=0.0
global_step=343892, episodic_return=0.5589999999999999
global_step=343900, episodic_return=0.0
global_step=343976, episodic_return=0.0
SPS: 2931
global_step=344108, episodic_return=0.5229999999999999
global_step=344128, episodic_return=0.0
global_step=344304, episodic_return=0.0
global_step=344380, episodic_return=0.0
global_step=344512, episodic_return=0.0
global_step=344532, episodic_return=0.0
global_step=344536, episodic_return=0.955
SPS: 2931
global_step=344676, episodic_return=0.685
global_step=344708, episodic_return=0.0
global_step=344784, episodic_return=0.0
global_step=344940, episodic_return=0.0
global_step=344996, episodic_return=0.883
global_step=345080, episodic_return=0.0
SPS: 2931
global_step=345112, episodic_return=0.0
global_step=345188, episodic_return=0.0
global_step=345400, episodic_return=0.0
global_step=345484, episodic_return=0.0
global_step=345516, episodic_return=0.0
global_step=345592, episodic_return=0.0
SPS: 2931
global_step=345804, episodic_return=0.0
global_step=345888, episodic_return=0.0
global_step=345920, episodic_return=0.0
global_step=345996, episodic_return=0.0
SPS: 2931
global_step=346208, episodic_return=0.0
global_step=346292, episodic_return=0.0
global_step=346324, episodic_return=0.0
global_step=346400, episodic_return=0.0
global_step=346476, episodic_return=0.595
global_step=346612, episodic_return=0.0
SPS: 2931
global_step=346676, episodic_return=0.5589999999999999
global_step=346728, episodic_return=0.0
global_step=346792, episodic_return=0.604
global_step=346804, episodic_return=0.0
global_step=346864, episodic_return=0.703
global_step=347080, episodic_return=0.0
SPS: 2931
global_step=347196, episodic_return=0.0
global_step=347208, episodic_return=0.0
global_step=347268, episodic_return=0.0
global_step=347468, episodic_return=0.5589999999999999
global_step=347484, episodic_return=0.0
global_step=347600, episodic_return=0.0
global_step=347612, episodic_return=0.0
SPS: 2930
global_step=347872, episodic_return=0.0
global_step=347888, episodic_return=0.0
global_step=348004, episodic_return=0.0
global_step=348016, episodic_return=0.0
global_step=348052, episodic_return=0.604
global_step=348060, episodic_return=0.883
SPS: 2930
global_step=348216, episodic_return=0.6579999999999999
global_step=348292, episodic_return=0.0
global_step=348420, episodic_return=0.0
global_step=348456, episodic_return=0.0
global_step=348620, episodic_return=0.0
SPS: 2930
global_step=348696, episodic_return=0.0
global_step=348824, episodic_return=0.0
global_step=348860, episodic_return=0.0
global_step=349024, episodic_return=0.0
global_step=349100, episodic_return=0.0
SPS: 2931
global_step=349228, episodic_return=0.0
global_step=349264, episodic_return=0.0
global_step=349428, episodic_return=0.0
global_step=349504, episodic_return=0.0
global_step=349632, episodic_return=0.0
global_step=349668, episodic_return=0.0
global_step=349684, episodic_return=0.973
SPS: 2930
global_step=349832, episodic_return=0.0
global_step=349908, episodic_return=0.0
global_step=350036, episodic_return=0.0
global_step=350088, episodic_return=0.0
global_step=350152, episodic_return=0.45999999999999996
SPS: 2930
global_step=350236, episodic_return=0.0
global_step=350440, episodic_return=0.0
global_step=350492, episodic_return=0.0
global_step=350556, episodic_return=0.0
global_step=350572, episodic_return=0.253
global_step=350668, episodic_return=0.757
SPS: 2930
global_step=350844, episodic_return=0.0
global_step=350896, episodic_return=0.0
global_step=350976, episodic_return=0.0
global_step=351072, episodic_return=0.0
global_step=351096, episodic_return=0.5589999999999999
SPS: 2930
global_step=351248, episodic_return=0.0
global_step=351380, episodic_return=0.0
global_step=351412, episodic_return=0.9369999999999999
global_step=351476, episodic_return=0.0
global_step=351500, episodic_return=0.0
global_step=351652, episodic_return=0.0
SPS: 2930
global_step=351816, episodic_return=0.0
global_step=351880, episodic_return=0.0
global_step=351904, episodic_return=0.0
global_step=352056, episodic_return=0.0
global_step=352220, episodic_return=0.0
SPS: 2930
global_step=352284, episodic_return=0.0
global_step=352308, episodic_return=0.0
global_step=352460, episodic_return=0.0
global_step=352624, episodic_return=0.0
global_step=352688, episodic_return=0.0
global_step=352712, episodic_return=0.0
SPS: 2930
global_step=352824, episodic_return=0.757
global_step=352864, episodic_return=0.0
global_step=353028, episodic_return=0.0
global_step=353092, episodic_return=0.0
global_step=353228, episodic_return=0.0
global_step=353268, episodic_return=0.0
SPS: 2930
global_step=353348, episodic_return=0.2889999999999999
global_step=353496, episodic_return=0.0
global_step=353632, episodic_return=0.0
global_step=353664, episodic_return=0.9369999999999999
global_step=353672, episodic_return=0.0
global_step=353752, episodic_return=0.0
SPS: 2930
global_step=353900, episodic_return=0.0
global_step=354068, episodic_return=0.0
global_step=354076, episodic_return=0.0
global_step=354156, episodic_return=0.0
global_step=354192, episodic_return=0.73
global_step=354304, episodic_return=0.0
SPS: 2930
global_step=354480, episodic_return=0.0
global_step=354480, episodic_return=0.613
global_step=354560, episodic_return=0.0
global_step=354596, episodic_return=0.0
SPS: 2930
global_step=354884, episodic_return=0.0
global_step=354884, episodic_return=0.0
global_step=354964, episodic_return=0.0
global_step=354972, episodic_return=0.991
global_step=355000, episodic_return=0.0
global_step=355124, episodic_return=0.469
global_step=355288, episodic_return=0.0
global_step=355308, episodic_return=0.595
SPS: 2930
global_step=355376, episodic_return=0.0
global_step=355404, episodic_return=0.0
global_step=355692, episodic_return=0.0
global_step=355712, episodic_return=0.0
global_step=355728, episodic_return=0.9279999999999999
global_step=355780, episodic_return=0.0
global_step=355808, episodic_return=0.0
SPS: 2930
global_step=355992, episodic_return=0.4149999999999999
global_step=356116, episodic_return=0.0
global_step=356184, episodic_return=0.0
global_step=356212, episodic_return=0.0
SPS: 2930
global_step=356396, episodic_return=0.0
global_step=356520, episodic_return=0.0
global_step=356588, episodic_return=0.0
global_step=356616, episodic_return=0.0
global_step=356676, episodic_return=0.6579999999999999
global_step=356724, episodic_return=0.766
global_step=356800, episodic_return=0.0
SPS: 2930
global_step=356968, episodic_return=0.15400000000000003
global_step=357080, episodic_return=0.757
global_step=357080, episodic_return=0.0
global_step=357128, episodic_return=0.0
global_step=357204, episodic_return=0.0
global_step=357236, episodic_return=0.9369999999999999
SPS: 2930
global_step=357484, episodic_return=0.0
global_step=357484, episodic_return=0.0
global_step=357532, episodic_return=0.0
global_step=357640, episodic_return=0.0
global_step=357888, episodic_return=0.0
global_step=357888, episodic_return=0.0
SPS: 2930
global_step=357936, episodic_return=0.0
global_step=357960, episodic_return=0.847
global_step=358044, episodic_return=0.0
global_step=358076, episodic_return=0.9369999999999999
global_step=358292, episodic_return=0.0
global_step=358340, episodic_return=0.0
global_step=358364, episodic_return=0.0
SPS: 2930
global_step=358480, episodic_return=0.0
global_step=358696, episodic_return=0.0
global_step=358740, episodic_return=0.91
global_step=358744, episodic_return=0.0
global_step=358768, episodic_return=0.0
global_step=358824, episodic_return=0.883
global_step=358884, episodic_return=0.0
SPS: 2930
global_step=358964, episodic_return=0.829
global_step=359144, episodic_return=0.0
global_step=359148, episodic_return=0.0
global_step=359228, episodic_return=0.0
global_step=359368, episodic_return=0.0
SPS: 2930
global_step=359548, episodic_return=0.0
global_step=359552, episodic_return=0.0
global_step=359632, episodic_return=0.0
global_step=359772, episodic_return=0.0
global_step=359896, episodic_return=0.73
SPS: 2930
global_step=359952, episodic_return=0.0
global_step=359956, episodic_return=0.0
global_step=360036, episodic_return=0.0
global_step=360300, episodic_return=0.0
global_step=360356, episodic_return=0.0
global_step=360360, episodic_return=0.0
global_step=360440, episodic_return=0.0
SPS: 2930
global_step=360704, episodic_return=0.0
global_step=360760, episodic_return=0.0
global_step=360764, episodic_return=0.0
global_step=360844, episodic_return=0.0
global_step=360876, episodic_return=0.757
global_step=360944, episodic_return=0.784
SPS: 2930
global_step=360976, episodic_return=0.9369999999999999
global_step=361108, episodic_return=0.0
global_step=361164, episodic_return=0.0
global_step=361280, episodic_return=0.0
global_step=361380, episodic_return=0.0
global_step=361384, episodic_return=0.3879999999999999
SPS: 2930
global_step=361568, episodic_return=0.0
global_step=361684, episodic_return=0.0
global_step=361784, episodic_return=0.0
global_step=361788, episodic_return=0.0
global_step=361972, episodic_return=0.0
SPS: 2930
global_step=362088, episodic_return=0.0
global_step=362188, episodic_return=0.0
global_step=362192, episodic_return=0.0
global_step=362224, episodic_return=0.9369999999999999
global_step=362376, episodic_return=0.0
global_step=362492, episodic_return=0.0
SPS: 2930
global_step=362592, episodic_return=0.0
global_step=362628, episodic_return=0.0
global_step=362780, episodic_return=0.0
global_step=362896, episodic_return=0.0
global_step=362996, episodic_return=0.0
SPS: 2930
global_step=363032, episodic_return=0.0
global_step=363184, episodic_return=0.0
global_step=363300, episodic_return=0.0
global_step=363400, episodic_return=0.0
global_step=363436, episodic_return=0.0
global_step=363472, episodic_return=0.9279999999999999
SPS: 2930
global_step=363588, episodic_return=0.0
global_step=363704, episodic_return=0.0
global_step=363804, episodic_return=0.0
global_step=363876, episodic_return=0.0
global_step=363992, episodic_return=0.0
SPS: 2930
global_step=364108, episodic_return=0.0
global_step=364208, episodic_return=0.0
global_step=364280, episodic_return=0.0
global_step=364396, episodic_return=0.0
global_step=364512, episodic_return=0.0
SPS: 2930
global_step=364612, episodic_return=0.0
global_step=364684, episodic_return=0.0
global_step=364800, episodic_return=0.0
global_step=364800, episodic_return=0.361
global_step=364928, episodic_return=0.721
global_step=364944, episodic_return=0.973
global_step=365016, episodic_return=0.0
SPS: 2930
global_step=365088, episodic_return=0.0
global_step=365204, episodic_return=0.0
global_step=365348, episodic_return=0.0
global_step=365420, episodic_return=0.0
global_step=365492, episodic_return=0.0
SPS: 2930
global_step=365608, episodic_return=0.0
global_step=365752, episodic_return=0.0
global_step=365824, episodic_return=0.0
global_step=365896, episodic_return=0.0
global_step=366012, episodic_return=0.0
global_step=366064, episodic_return=0.892
SPS: 2930
global_step=366156, episodic_return=0.0
global_step=366228, episodic_return=0.0
global_step=366300, episodic_return=0.0
global_step=366468, episodic_return=0.0
global_step=366560, episodic_return=0.0
SPS: 2930
global_step=366632, episodic_return=0.0
global_step=366704, episodic_return=0.0
global_step=366872, episodic_return=0.0
global_step=366936, episodic_return=0.487
global_step=366964, episodic_return=0.0
global_step=367036, episodic_return=0.0
SPS: 2930
global_step=367276, episodic_return=0.0
global_step=367340, episodic_return=0.0
global_step=367368, episodic_return=0.0
global_step=367440, episodic_return=0.0
global_step=367468, episodic_return=0.946
global_step=367596, episodic_return=0.43299999999999994
SPS: 2930
global_step=367632, episodic_return=0.4149999999999999
global_step=367680, episodic_return=0.0
global_step=367872, episodic_return=0.0
global_step=368000, episodic_return=0.0
global_step=368036, episodic_return=0.0
global_step=368084, episodic_return=0.0
SPS: 2930
global_step=368276, episodic_return=0.0
global_step=368404, episodic_return=0.0
global_step=368440, episodic_return=0.0
global_step=368488, episodic_return=0.0
SPS: 2930
global_step=368680, episodic_return=0.0
global_step=368808, episodic_return=0.0
global_step=368844, episodic_return=0.0
global_step=368856, episodic_return=0.982
global_step=368892, episodic_return=0.0
global_step=368976, episodic_return=0.739
global_step=369084, episodic_return=0.0
SPS: 2930
global_step=369212, episodic_return=0.0
global_step=369248, episodic_return=0.3969999999999999
global_step=369296, episodic_return=0.0
global_step=369488, episodic_return=0.0
global_step=369616, episodic_return=0.0
global_step=369652, episodic_return=0.0
SPS: 2930
global_step=369700, episodic_return=0.0
global_step=369892, episodic_return=0.0
global_step=370020, episodic_return=0.0
global_step=370040, episodic_return=0.964
global_step=370056, episodic_return=0.0
global_step=370104, episodic_return=0.0
global_step=370132, episodic_return=0.946
SPS: 2930
global_step=370296, episodic_return=0.0
global_step=370444, episodic_return=0.0
global_step=370460, episodic_return=0.0
global_step=370536, episodic_return=0.0
global_step=370620, episodic_return=0.82
SPS: 2930
global_step=370700, episodic_return=0.0
global_step=370848, episodic_return=0.0
global_step=370864, episodic_return=0.0
global_step=370920, episodic_return=0.883
global_step=371024, episodic_return=0.0
global_step=371072, episodic_return=0.901
global_step=371096, episodic_return=0.613
global_step=371104, episodic_return=0.0
global_step=371136, episodic_return=0.919
SPS: 2930
global_step=371252, episodic_return=0.0
global_step=371440, episodic_return=0.32499999999999996
global_step=371476, episodic_return=0.0
global_step=371508, episodic_return=0.0
global_step=371656, episodic_return=0.0
SPS: 2930
global_step=371844, episodic_return=0.0
global_step=371880, episodic_return=0.0
global_step=371912, episodic_return=0.0
global_step=371988, episodic_return=0.685
global_step=372060, episodic_return=0.0
global_step=372124, episodic_return=0.45999999999999996
SPS: 2930
global_step=372272, episodic_return=0.532
global_step=372316, episodic_return=0.0
global_step=372392, episodic_return=0.0
global_step=372528, episodic_return=0.0
global_step=372608, episodic_return=0.352
global_step=372676, episodic_return=0.0
SPS: 2930
global_step=372796, episodic_return=0.0
global_step=372932, episodic_return=0.0
global_step=373012, episodic_return=0.0
global_step=373080, episodic_return=0.0
global_step=373200, episodic_return=0.4059999999999999
global_step=373200, episodic_return=0.0
SPS: 2930
global_step=373276, episodic_return=0.838
global_step=373416, episodic_return=0.0
global_step=373428, episodic_return=0.667
global_step=373480, episodic_return=0.865
global_step=373484, episodic_return=0.0
global_step=373604, episodic_return=0.0
global_step=373688, episodic_return=0.42399999999999993
SPS: 2930
global_step=373884, episodic_return=0.0
global_step=373888, episodic_return=0.0
global_step=374008, episodic_return=0.0
global_step=374092, episodic_return=0.0
SPS: 2930
global_step=374288, episodic_return=0.0
global_step=374292, episodic_return=0.0
global_step=374412, episodic_return=0.0
global_step=374440, episodic_return=0.6759999999999999
global_step=374468, episodic_return=0.946
global_step=374496, episodic_return=0.0
global_step=374540, episodic_return=0.91
global_step=374692, episodic_return=0.0
SPS: 2929
global_step=374816, episodic_return=0.0
global_step=374872, episodic_return=0.0
global_step=374944, episodic_return=0.0
global_step=375056, episodic_return=0.469
global_step=375096, episodic_return=0.0
global_step=375276, episodic_return=0.0
SPS: 2929
global_step=375348, episodic_return=0.0
global_step=375460, episodic_return=0.0
global_step=375500, episodic_return=0.0
global_step=375680, episodic_return=0.0
global_step=375752, episodic_return=0.0
SPS: 2929
global_step=375864, episodic_return=0.0
global_step=375904, episodic_return=0.0
global_step=375984, episodic_return=0.829
global_step=376036, episodic_return=0.20799999999999996
global_step=376068, episodic_return=0.29799999999999993
global_step=376080, episodic_return=0.91
global_step=376268, episodic_return=0.0
SPS: 2929
global_step=376336, episodic_return=0.4059999999999999
global_step=376388, episodic_return=0.0
global_step=376452, episodic_return=0.748
global_step=376484, episodic_return=0.0
global_step=376500, episodic_return=0.901
global_step=376536, episodic_return=0.6759999999999999
global_step=376672, episodic_return=0.0
SPS: 2929
global_step=376888, episodic_return=0.0
global_step=376904, episodic_return=0.0
global_step=376940, episodic_return=0.0
global_step=377044, episodic_return=0.17199999999999993
global_step=377092, episodic_return=0.55
global_step=377308, episodic_return=0.0
global_step=377344, episodic_return=0.0
SPS: 2929
global_step=377368, episodic_return=0.955
global_step=377448, episodic_return=0.0
global_step=377496, episodic_return=0.0
global_step=377712, episodic_return=0.0
global_step=377772, episodic_return=0.0
global_step=377852, episodic_return=0.0
SPS: 2929
global_step=377900, episodic_return=0.0
global_step=377960, episodic_return=0.766
global_step=377984, episodic_return=0.82
global_step=378080, episodic_return=0.7929999999999999
global_step=378116, episodic_return=0.0
global_step=378128, episodic_return=0.631
global_step=378176, episodic_return=0.0
global_step=378304, episodic_return=0.613
SPS: 2929
global_step=378464, episodic_return=0.361
global_step=378484, episodic_return=0.0
global_step=378512, episodic_return=0.118
global_step=378528, episodic_return=0.973
global_step=378708, episodic_return=0.0
global_step=378736, episodic_return=0.946
global_step=378868, episodic_return=0.0
SPS: 2929
global_step=378888, episodic_return=0.0
global_step=378932, episodic_return=0.0
global_step=379140, episodic_return=0.0
global_step=379220, episodic_return=0.829
global_step=379272, episodic_return=0.0
global_step=379292, episodic_return=0.0
global_step=379336, episodic_return=0.0
global_step=379356, episodic_return=0.865
SPS: 2929
global_step=379528, episodic_return=0.577
global_step=379624, episodic_return=0.0
global_step=379676, episodic_return=0.0
global_step=379724, episodic_return=0.901
global_step=379760, episodic_return=0.0
SPS: 2929
global_step=379932, episodic_return=0.0
global_step=380028, episodic_return=0.0
global_step=380064, episodic_return=0.32499999999999996
global_step=380128, episodic_return=0.0
global_step=380336, episodic_return=0.0
SPS: 2929
global_step=380432, episodic_return=0.0
global_step=380468, episodic_return=0.0
global_step=380532, episodic_return=0.0
global_step=380540, episodic_return=0.847
global_step=380720, episodic_return=0.361
global_step=380740, episodic_return=0.0
global_step=380808, episodic_return=0.856
SPS: 2929
global_step=380936, episodic_return=0.0
global_step=380944, episodic_return=0.0
global_step=381004, episodic_return=0.856
global_step=381124, episodic_return=0.0
global_step=381212, episodic_return=0.0
global_step=381348, episodic_return=0.0
global_step=381408, episodic_return=0.0
SPS: 2929
global_step=381528, episodic_return=0.0
global_step=381608, episodic_return=0.829
global_step=381616, episodic_return=0.0
global_step=381752, episodic_return=0.0
global_step=381812, episodic_return=0.0
global_step=381824, episodic_return=0.982
global_step=381928, episodic_return=0.2889999999999999
SPS: 2929
global_step=382020, episodic_return=0.0
global_step=382156, episodic_return=0.0
global_step=382228, episodic_return=0.0
global_step=382332, episodic_return=0.0
global_step=382424, episodic_return=0.0
global_step=382432, episodic_return=0.784
SPS: 2929
global_step=382480, episodic_return=0.901
global_step=382516, episodic_return=0.802
global_step=382560, episodic_return=0.0
global_step=382632, episodic_return=0.0
global_step=382732, episodic_return=0.5229999999999999
global_step=382736, episodic_return=0.43299999999999994
global_step=382964, episodic_return=0.0
SPS: 2929
global_step=383036, episodic_return=0.0
global_step=383136, episodic_return=0.0
global_step=383140, episodic_return=0.0
global_step=383312, episodic_return=0.3879999999999999
global_step=383368, episodic_return=0.0
SPS: 2929
global_step=383540, episodic_return=0.0
global_step=383544, episodic_return=0.0
global_step=383616, episodic_return=0.45099999999999996
global_step=383716, episodic_return=0.0
global_step=383944, episodic_return=0.0
global_step=383948, episodic_return=0.0
SPS: 2929
global_step=384020, episodic_return=0.0
global_step=384120, episodic_return=0.0
global_step=384348, episodic_return=0.0
global_step=384352, episodic_return=0.0
global_step=384380, episodic_return=0.9369999999999999
global_step=384424, episodic_return=0.0
SPS: 2929
global_step=384524, episodic_return=0.0
global_step=384756, episodic_return=0.0
global_step=384784, episodic_return=0.0
global_step=384828, episodic_return=0.0
global_step=384928, episodic_return=0.0
SPS: 2929
global_step=385052, episodic_return=0.73
global_step=385160, episodic_return=0.0
global_step=385180, episodic_return=0.21699999999999997
global_step=385188, episodic_return=0.0
global_step=385256, episodic_return=0.856
global_step=385456, episodic_return=0.0
global_step=385528, episodic_return=0.847
SPS: 2929
global_step=385564, episodic_return=0.0
global_step=385584, episodic_return=0.0
global_step=385600, episodic_return=0.847
global_step=385660, episodic_return=0.0
global_step=385752, episodic_return=0.667
global_step=385968, episodic_return=0.0
global_step=385988, episodic_return=0.0
SPS: 2929
global_step=386064, episodic_return=0.7929999999999999
global_step=386064, episodic_return=0.0
global_step=386092, episodic_return=0.775
global_step=386100, episodic_return=0.9279999999999999
global_step=386156, episodic_return=0.0
global_step=386468, episodic_return=0.0
global_step=386496, episodic_return=0.0
global_step=386504, episodic_return=0.0
global_step=386520, episodic_return=0.892
global_step=386560, episodic_return=0.0
SPS: 2929
global_step=386848, episodic_return=0.235
global_step=386900, episodic_return=0.0
global_step=386924, episodic_return=0.0
global_step=386964, episodic_return=0.0
global_step=386992, episodic_return=0.946
SPS: 2929
global_step=387120, episodic_return=0.3969999999999999
global_step=387304, episodic_return=0.0
global_step=387328, episodic_return=0.0
global_step=387356, episodic_return=0.892
global_step=387396, episodic_return=0.0
global_step=387524, episodic_return=0.0
global_step=387532, episodic_return=0.703
SPS: 2929
global_step=387692, episodic_return=0.631
global_step=387732, episodic_return=0.0
global_step=387760, episodic_return=0.0
global_step=387768, episodic_return=0.9279999999999999
global_step=387936, episodic_return=0.0
global_step=388096, episodic_return=0.0
SPS: 2929
global_step=388164, episodic_return=0.0
global_step=388172, episodic_return=0.0
global_step=388340, episodic_return=0.0
global_step=388500, episodic_return=0.0
global_step=388568, episodic_return=0.0
global_step=388576, episodic_return=0.0
SPS: 2929
global_step=388744, episodic_return=0.0
global_step=388812, episodic_return=0.45999999999999996
global_step=388904, episodic_return=0.0
global_step=388980, episodic_return=0.0
SPS: 2929
global_step=389148, episodic_return=0.0
global_step=389216, episodic_return=0.0
global_step=389308, episodic_return=0.0
global_step=389384, episodic_return=0.0
global_step=389552, episodic_return=0.0
global_step=389620, episodic_return=0.0
SPS: 2929
global_step=389712, episodic_return=0.0
global_step=389788, episodic_return=0.0
global_step=389844, episodic_return=0.5049999999999999
global_step=389956, episodic_return=0.0
global_step=390116, episodic_return=0.0
SPS: 2929
global_step=390192, episodic_return=0.0
global_step=390248, episodic_return=0.0
global_step=390360, episodic_return=0.0
global_step=390520, episodic_return=0.0
global_step=390596, episodic_return=0.0
global_step=390652, episodic_return=0.0
SPS: 2929
global_step=390728, episodic_return=0.712
global_step=390740, episodic_return=0.8109999999999999
global_step=390764, episodic_return=0.0
global_step=390876, episodic_return=0.20799999999999996
global_step=391020, episodic_return=0.352
global_step=391144, episodic_return=0.0
global_step=391168, episodic_return=0.0
SPS: 2929
global_step=391280, episodic_return=0.0
global_step=391424, episodic_return=0.0
global_step=391548, episodic_return=0.0
global_step=391556, episodic_return=0.3879999999999999
global_step=391572, episodic_return=0.0
SPS: 2929
global_step=391828, episodic_return=0.379
global_step=391828, episodic_return=0.0
global_step=391960, episodic_return=0.0
global_step=391976, episodic_return=0.0
global_step=391984, episodic_return=0.955
global_step=392140, episodic_return=0.6399999999999999
SPS: 2929
global_step=392232, episodic_return=0.0
global_step=392232, episodic_return=0.0
global_step=392312, episodic_return=0.829
global_step=392348, episodic_return=0.9279999999999999
global_step=392364, episodic_return=0.712
global_step=392388, episodic_return=0.0
global_step=392408, episodic_return=0.91
global_step=392544, episodic_return=0.0
SPS: 2929
global_step=392752, episodic_return=0.0
global_step=392792, episodic_return=0.0
global_step=392812, episodic_return=0.0
global_step=392948, episodic_return=0.0
global_step=392948, episodic_return=0.5680000000000001
global_step=393196, episodic_return=0.0
global_step=393212, episodic_return=0.4149999999999999
global_step=393216, episodic_return=0.0
SPS: 2929
global_step=393260, episodic_return=0.865
global_step=393352, episodic_return=0.0
global_step=393616, episodic_return=0.0
global_step=393620, episodic_return=0.0
global_step=393664, episodic_return=0.0
SPS: 2929
global_step=393756, episodic_return=0.0
global_step=394020, episodic_return=0.0
global_step=394024, episodic_return=0.0
global_step=394068, episodic_return=0.0
global_step=394116, episodic_return=0.7929999999999999
global_step=394160, episodic_return=0.0
SPS: 2929
global_step=394416, episodic_return=0.43299999999999994
global_step=394428, episodic_return=0.0
global_step=394472, episodic_return=0.0
global_step=394520, episodic_return=0.0
SPS: 2929
global_step=394820, episodic_return=0.0
global_step=394832, episodic_return=0.0
global_step=394876, episodic_return=0.0
global_step=394924, episodic_return=0.0
global_step=395068, episodic_return=0.45099999999999996
global_step=395184, episodic_return=0.42399999999999993
global_step=395236, episodic_return=0.0
SPS: 2929
global_step=395280, episodic_return=0.0
global_step=395472, episodic_return=0.0
global_step=395520, episodic_return=0.901
global_step=395588, episodic_return=0.0
global_step=395640, episodic_return=0.0
global_step=395684, episodic_return=0.0
global_step=395700, episodic_return=0.604
SPS: 2929
global_step=395916, episodic_return=0.487
global_step=395992, episodic_return=0.0
global_step=396044, episodic_return=0.0
global_step=396096, episodic_return=0.775
global_step=396104, episodic_return=0.0
global_step=396116, episodic_return=0.964
SPS: 2929
global_step=396320, episodic_return=0.0
global_step=396448, episodic_return=0.0
global_step=396508, episodic_return=0.0
global_step=396520, episodic_return=0.0
global_step=396720, episodic_return=0.532
global_step=396724, episodic_return=0.0
SPS: 2929
global_step=396852, episodic_return=0.0
global_step=396868, episodic_return=0.973
global_step=396924, episodic_return=0.0
global_step=397124, episodic_return=0.0
global_step=397128, episodic_return=0.0
global_step=397272, episodic_return=0.0
SPS: 2929
global_step=397328, episodic_return=0.0
global_step=397528, episodic_return=0.0
global_step=397532, episodic_return=0.0
global_step=397588, episodic_return=0.874
global_step=397616, episodic_return=0.946
global_step=397676, episodic_return=0.0
global_step=397732, episodic_return=0.0
global_step=397744, episodic_return=0.532
SPS: 2929
global_step=397932, episodic_return=0.43299999999999994
global_step=398020, episodic_return=0.0
global_step=398136, episodic_return=0.0
global_step=398148, episodic_return=0.0
global_step=398172, episodic_return=0.9279999999999999
global_step=398336, episodic_return=0.0
SPS: 2929
global_step=398400, episodic_return=0.4959999999999999
global_step=398424, episodic_return=0.0
global_step=398440, episodic_return=0.775
global_step=398552, episodic_return=0.0
global_step=398652, episodic_return=0.784
global_step=398804, episodic_return=0.0
global_step=398828, episodic_return=0.0
global_step=398844, episodic_return=0.0
SPS: 2929
global_step=399056, episodic_return=0.0
global_step=399080, episodic_return=0.44199999999999995
global_step=399208, episodic_return=0.0
global_step=399248, episodic_return=0.0
SPS: 2929
global_step=399460, episodic_return=0.0
global_step=399484, episodic_return=0.0
global_step=399612, episodic_return=0.0
global_step=399652, episodic_return=0.0
global_step=399864, episodic_return=0.0
SPS: 2929
global_step=399888, episodic_return=0.0
global_step=399976, episodic_return=0.757
global_step=399992, episodic_return=0.973
global_step=400016, episodic_return=0.0
global_step=400028, episodic_return=0.9279999999999999
global_step=400056, episodic_return=0.0
global_step=400148, episodic_return=0.712
global_step=400164, episodic_return=0.973
global_step=400264, episodic_return=0.5409999999999999
global_step=400272, episodic_return=0.991
global_step=400292, episodic_return=0.0
SPS: 2929
global_step=400400, episodic_return=0.721
global_step=400432, episodic_return=0.0
global_step=400568, episodic_return=0.0
global_step=400608, episodic_return=0.919
global_step=400680, episodic_return=0.847
global_step=400696, episodic_return=0.0
global_step=400804, episodic_return=0.0
global_step=400836, episodic_return=0.0
SPS: 2929
global_step=401024, episodic_return=0.514
global_step=401084, episodic_return=0.0
global_step=401100, episodic_return=0.4149999999999999
global_step=401100, episodic_return=0.0
SPS: 2929
global_step=401428, episodic_return=0.0
global_step=401488, episodic_return=0.0
global_step=401504, episodic_return=0.0
global_step=401504, episodic_return=0.0
global_step=401524, episodic_return=0.964
global_step=401832, episodic_return=0.0
global_step=401892, episodic_return=0.0
global_step=401908, episodic_return=0.0
SPS: 2929
global_step=401928, episodic_return=0.0
global_step=402236, episodic_return=0.0
global_step=402296, episodic_return=0.0
global_step=402312, episodic_return=0.0
global_step=402332, episodic_return=0.0
global_step=402432, episodic_return=0.784
SPS: 2929
global_step=402640, episodic_return=0.0
global_step=402700, episodic_return=0.0
global_step=402716, episodic_return=0.0
global_step=402836, episodic_return=0.0
SPS: 2929
global_step=402996, episodic_return=0.649
global_step=403044, episodic_return=0.0
global_step=403068, episodic_return=0.847
global_step=403104, episodic_return=0.0
global_step=403120, episodic_return=0.0
global_step=403172, episodic_return=0.775
global_step=403448, episodic_return=0.0
SPS: 2929
global_step=403492, episodic_return=0.91
global_step=403508, episodic_return=0.0
global_step=403524, episodic_return=0.0
global_step=403576, episodic_return=0.0
global_step=403592, episodic_return=0.973
global_step=403896, episodic_return=0.0
global_step=403912, episodic_return=0.0
global_step=403928, episodic_return=0.0
SPS: 2929
global_step=403996, episodic_return=0.0
global_step=404300, episodic_return=0.0
global_step=404316, episodic_return=0.0
global_step=404332, episodic_return=0.0
global_step=404400, episodic_return=0.0
global_step=404404, episodic_return=0.8109999999999999
SPS: 2929
global_step=404648, episodic_return=0.45999999999999996
global_step=404704, episodic_return=0.0
global_step=404736, episodic_return=0.0
global_step=404804, episodic_return=0.0
SPS: 2929
global_step=405052, episodic_return=0.0
global_step=405108, episodic_return=0.0
global_step=405140, episodic_return=0.0
global_step=405152, episodic_return=0.91
global_step=405208, episodic_return=0.0
global_step=405456, episodic_return=0.0
global_step=405468, episodic_return=0.42399999999999993
SPS: 2929
global_step=405544, episodic_return=0.0
global_step=405556, episodic_return=0.0
global_step=405644, episodic_return=0.8109999999999999
global_step=405648, episodic_return=0.604
global_step=405860, episodic_return=0.0
global_step=405948, episodic_return=0.0
global_step=405976, episodic_return=0.262
global_step=406004, episodic_return=0.685
SPS: 2929
global_step=406052, episodic_return=0.0
global_step=406352, episodic_return=0.0
global_step=406380, episodic_return=0.0
global_step=406408, episodic_return=0.0
global_step=406456, episodic_return=0.0
SPS: 2929
global_step=406756, episodic_return=0.0
global_step=406784, episodic_return=0.0
global_step=406812, episodic_return=0.0
global_step=406860, episodic_return=0.0
SPS: 2929
global_step=407148, episodic_return=0.361
global_step=407160, episodic_return=0.0
global_step=407188, episodic_return=0.0
global_step=407216, episodic_return=0.0
global_step=407252, episodic_return=0.9279999999999999
global_step=407552, episodic_return=0.0
SPS: 2929
global_step=407564, episodic_return=0.0
global_step=407568, episodic_return=0.973
global_step=407592, episodic_return=0.0
global_step=407624, episodic_return=0.874
global_step=407628, episodic_return=0.9279999999999999
global_step=407656, episodic_return=0.0
global_step=407972, episodic_return=0.0
global_step=408028, episodic_return=0.0
global_step=408032, episodic_return=0.0
global_step=408040, episodic_return=0.856
global_step=408060, episodic_return=0.0
SPS: 2929
global_step=408072, episodic_return=0.919
global_step=408432, episodic_return=0.0
global_step=408444, episodic_return=0.0
global_step=408464, episodic_return=0.0
global_step=408476, episodic_return=0.0
SPS: 2929
global_step=408836, episodic_return=0.0
global_step=408848, episodic_return=0.0
global_step=408868, episodic_return=0.0
global_step=408880, episodic_return=0.0
SPS: 2929
global_step=409240, episodic_return=0.0
global_step=409252, episodic_return=0.0
global_step=409256, episodic_return=0.136
global_step=409284, episodic_return=0.0
SPS: 2929
global_step=409644, episodic_return=0.0
global_step=409656, episodic_return=0.0
global_step=409660, episodic_return=0.0
global_step=409688, episodic_return=0.0
global_step=409740, episodic_return=0.829
global_step=410048, episodic_return=0.0
global_step=410060, episodic_return=0.0
global_step=410064, episodic_return=0.973
global_step=410092, episodic_return=0.0
SPS: 2928
global_step=410144, episodic_return=0.0
global_step=410464, episodic_return=0.0
global_step=410468, episodic_return=0.0
global_step=410496, episodic_return=0.0
global_step=410548, episodic_return=0.0
SPS: 2928
global_step=410868, episodic_return=0.0
global_step=410872, episodic_return=0.0
global_step=410900, episodic_return=0.0
global_step=410952, episodic_return=0.0
global_step=410992, episodic_return=0.802
SPS: 2928
global_step=411272, episodic_return=0.0
global_step=411276, episodic_return=0.0
global_step=411356, episodic_return=0.0
global_step=411384, episodic_return=0.757
global_step=411396, episodic_return=0.0
SPS: 2928
global_step=411680, episodic_return=0.0
global_step=411760, episodic_return=0.0
global_step=411776, episodic_return=0.7929999999999999
global_step=411788, episodic_return=0.0
global_step=411800, episodic_return=0.0
SPS: 2928
global_step=412164, episodic_return=0.0
global_step=412180, episodic_return=0.0
global_step=412192, episodic_return=0.0
global_step=412204, episodic_return=0.0
global_step=412236, episodic_return=0.91
global_step=412568, episodic_return=0.0
global_step=412584, episodic_return=0.0
global_step=412608, episodic_return=0.0
global_step=412640, episodic_return=0.0
SPS: 2928
global_step=412772, episodic_return=0.712
global_step=412964, episodic_return=0.577
global_step=412972, episodic_return=0.0
global_step=412988, episodic_return=0.0
global_step=413012, episodic_return=0.0
global_step=413120, episodic_return=0.6759999999999999
SPS: 2928
global_step=413240, episodic_return=0.739
global_step=413328, episodic_return=0.244
global_step=413368, episodic_return=0.0
global_step=413416, episodic_return=0.0
global_step=413460, episodic_return=0.712
global_step=413516, episodic_return=0.6759999999999999
global_step=413644, episodic_return=0.0
SPS: 2928
global_step=413700, episodic_return=0.883
global_step=413820, episodic_return=0.0
global_step=413864, episodic_return=0.0
global_step=413908, episodic_return=0.91
global_step=413920, episodic_return=0.0
global_step=414044, episodic_return=0.703
global_step=414104, episodic_return=0.0
SPS: 2928
global_step=414224, episodic_return=0.0
global_step=414304, episodic_return=0.829
global_step=414324, episodic_return=0.0
global_step=414448, episodic_return=0.0
global_step=414508, episodic_return=0.0
global_step=414544, episodic_return=0.9279999999999999
global_step=414608, episodic_return=0.865
global_step=414672, episodic_return=0.22599999999999998
global_step=414708, episodic_return=0.9279999999999999
global_step=414708, episodic_return=0.0
SPS: 2928
global_step=414852, episodic_return=0.0
global_step=414912, episodic_return=0.55
global_step=414940, episodic_return=0.262
global_step=415024, episodic_return=0.82
global_step=415112, episodic_return=0.0
SPS: 2928
global_step=415256, episodic_return=0.0
global_step=415316, episodic_return=0.0
global_step=415428, episodic_return=0.0
global_step=415456, episodic_return=0.5589999999999999
global_step=415460, episodic_return=0.685
global_step=415516, episodic_return=0.0
global_step=415692, episodic_return=0.4149999999999999
SPS: 2928
global_step=415860, episodic_return=0.0
global_step=415864, episodic_return=0.0
global_step=415904, episodic_return=0.91
global_step=415920, episodic_return=0.0
global_step=416096, episodic_return=0.0
global_step=416252, episodic_return=0.136
SPS: 2928
global_step=416308, episodic_return=0.0
global_step=416324, episodic_return=0.0
global_step=416500, episodic_return=0.0
global_step=416656, episodic_return=0.0
global_step=416712, episodic_return=0.0
global_step=416728, episodic_return=0.0
SPS: 2928
global_step=416780, episodic_return=0.892
global_step=416808, episodic_return=0.667
global_step=416848, episodic_return=0.919
global_step=416904, episodic_return=0.0
global_step=417116, episodic_return=0.0
global_step=417184, episodic_return=0.0
global_step=417216, episodic_return=0.9369999999999999
global_step=417220, episodic_return=0.775
global_step=417252, episodic_return=0.0
SPS: 2928
global_step=417308, episodic_return=0.0
global_step=417556, episodic_return=0.45099999999999996
global_step=417620, episodic_return=0.0
global_step=417624, episodic_return=0.0
global_step=417656, episodic_return=0.0
SPS: 2928
global_step=417892, episodic_return=0.3969999999999999
global_step=417960, episodic_return=0.0
global_step=418012, episodic_return=0.136
global_step=418060, episodic_return=0.0
global_step=418296, episodic_return=0.0
SPS: 2928
global_step=418364, episodic_return=0.0
global_step=418416, episodic_return=0.0
global_step=418464, episodic_return=0.0
global_step=418700, episodic_return=0.0
global_step=418740, episodic_return=0.16299999999999992
SPS: 2928
global_step=418820, episodic_return=0.0
global_step=418868, episodic_return=0.0
global_step=418880, episodic_return=0.874
global_step=418968, episodic_return=0.8109999999999999
global_step=419104, episodic_return=0.0
global_step=419144, episodic_return=0.0
global_step=419272, episodic_return=0.0
SPS: 2928
global_step=419372, episodic_return=0.0
global_step=419508, episodic_return=0.0
global_step=419548, episodic_return=0.0
global_step=419676, episodic_return=0.0
global_step=419776, episodic_return=0.0
SPS: 2928
global_step=419912, episodic_return=0.0
global_step=419952, episodic_return=0.0
global_step=420080, episodic_return=0.0
global_step=420180, episodic_return=0.0
global_step=420268, episodic_return=0.8109999999999999
global_step=420316, episodic_return=0.0
SPS: 2928
global_step=420356, episodic_return=0.0
global_step=420484, episodic_return=0.0
global_step=420500, episodic_return=0.973
global_step=420672, episodic_return=0.0
global_step=420720, episodic_return=0.0
global_step=420760, episodic_return=0.0
SPS: 2928
global_step=420904, episodic_return=0.0
global_step=421076, episodic_return=0.0
global_step=421124, episodic_return=0.0
global_step=421164, episodic_return=0.0
global_step=421172, episodic_return=0.901
global_step=421184, episodic_return=0.964
global_step=421184, episodic_return=0.766
global_step=421284, episodic_return=0.757
global_step=421308, episodic_return=0.0
global_step=421344, episodic_return=0.9279999999999999
SPS: 2927
global_step=421588, episodic_return=0.0
global_step=421588, episodic_return=0.0
global_step=421684, episodic_return=0.7929999999999999
global_step=421688, episodic_return=0.0
global_step=421748, episodic_return=0.0
SPS: 2928
global_step=421992, episodic_return=0.0
global_step=422088, episodic_return=0.0
global_step=422092, episodic_return=0.0
global_step=422152, episodic_return=0.0
global_step=422284, episodic_return=0.5680000000000001
global_step=422396, episodic_return=0.0
SPS: 2928
global_step=422496, episodic_return=0.0
global_step=422556, episodic_return=0.0
global_step=422616, episodic_return=0.874
global_step=422688, episodic_return=0.0
global_step=422800, episodic_return=0.0
global_step=422900, episodic_return=0.0
global_step=422908, episodic_return=0.514
SPS: 2928
global_step=423020, episodic_return=0.0
global_step=423204, episodic_return=0.0
global_step=423224, episodic_return=0.2799999999999999
global_step=423312, episodic_return=0.0
global_step=423400, episodic_return=0.8109999999999999
global_step=423424, episodic_return=0.0
SPS: 2928
global_step=423508, episodic_return=0.766
global_step=423608, episodic_return=0.0
global_step=423628, episodic_return=0.0
global_step=423632, episodic_return=0.955
global_step=423828, episodic_return=0.0
global_step=423912, episodic_return=0.0
SPS: 2928
global_step=424032, episodic_return=0.0
global_step=424036, episodic_return=0.0
global_step=424068, episodic_return=0.9279999999999999
global_step=424232, episodic_return=0.0
global_step=424264, episodic_return=0.9369999999999999
global_step=424316, episodic_return=0.0
global_step=424380, episodic_return=0.748
global_step=424388, episodic_return=0.847
global_step=424440, episodic_return=0.0
SPS: 2928
global_step=424472, episodic_return=0.0
global_step=424488, episodic_return=0.901
global_step=424784, episodic_return=0.0
global_step=424792, episodic_return=0.0
global_step=424876, episodic_return=0.0
global_step=424884, episodic_return=0.784
global_step=424892, episodic_return=0.0
SPS: 2928
global_step=425032, episodic_return=0.6579999999999999
global_step=425196, episodic_return=0.0
global_step=425288, episodic_return=0.0
global_step=425296, episodic_return=0.0
global_step=425356, episodic_return=0.856
global_step=425436, episodic_return=0.0
SPS: 2928
global_step=425600, episodic_return=0.0
global_step=425700, episodic_return=0.0
global_step=425760, episodic_return=0.0
global_step=425840, episodic_return=0.0
SPS: 2928
global_step=426004, episodic_return=0.0
global_step=426040, episodic_return=0.244
global_step=426164, episodic_return=0.0
global_step=426244, episodic_return=0.0
global_step=426408, episodic_return=0.0
global_step=426416, episodic_return=0.44199999999999995
global_step=426444, episodic_return=0.0
SPS: 2928
global_step=426648, episodic_return=0.0
global_step=426812, episodic_return=0.0
global_step=426820, episodic_return=0.0
global_step=426848, episodic_return=0.0
SPS: 2928
global_step=427052, episodic_return=0.0
global_step=427216, episodic_return=0.0
global_step=427224, episodic_return=0.0
global_step=427252, episodic_return=0.0
global_step=427456, episodic_return=0.0
SPS: 2928
global_step=427620, episodic_return=0.0
global_step=427628, episodic_return=0.0
global_step=427656, episodic_return=0.0
global_step=427860, episodic_return=0.0
global_step=427880, episodic_return=0.964
global_step=428024, episodic_return=0.0
global_step=428032, episodic_return=0.0
SPS: 2927
global_step=428060, episodic_return=0.0
global_step=428084, episodic_return=0.955
global_step=428228, episodic_return=0.5680000000000001
global_step=428284, episodic_return=0.0
global_step=428428, episodic_return=0.0
global_step=428488, episodic_return=0.0
global_step=428536, episodic_return=0.44199999999999995
SPS: 2927
global_step=428632, episodic_return=0.0
global_step=428768, episodic_return=0.703
global_step=428776, episodic_return=0.991
global_step=428832, episodic_return=0.0
global_step=428852, episodic_return=0.964
global_step=428892, episodic_return=0.0
global_step=428940, episodic_return=0.0
SPS: 2927
global_step=429180, episodic_return=0.0
global_step=429256, episodic_return=0.0
global_step=429296, episodic_return=0.0
global_step=429344, episodic_return=0.0
global_step=429428, episodic_return=0.45099999999999996
global_step=429468, episodic_return=0.919
SPS: 2927
global_step=429660, episodic_return=0.0
global_step=429680, episodic_return=0.964
global_step=429700, episodic_return=0.0
global_step=429748, episodic_return=0.0
global_step=429816, episodic_return=0.22599999999999998
SPS: 2927
global_step=430084, episodic_return=0.0
global_step=430104, episodic_return=0.0
global_step=430152, episodic_return=0.0
global_step=430220, episodic_return=0.0
global_step=430316, episodic_return=0.532
global_step=430352, episodic_return=0.9279999999999999
global_step=430488, episodic_return=0.0
global_step=430556, episodic_return=0.0
global_step=430576, episodic_return=0.964
SPS: 2927
global_step=430624, episodic_return=0.0
global_step=430676, episodic_return=0.892
global_step=430756, episodic_return=0.0
global_step=430876, episodic_return=0.33399999999999996
global_step=430892, episodic_return=0.0
global_step=431080, episodic_return=0.0
SPS: 2927
global_step=431160, episodic_return=0.0
global_step=431280, episodic_return=0.0
global_step=431296, episodic_return=0.0
global_step=431444, episodic_return=0.18999999999999995
global_step=431564, episodic_return=0.0
SPS: 2927
global_step=431684, episodic_return=0.0
global_step=431700, episodic_return=0.0
global_step=431848, episodic_return=0.0
global_step=431968, episodic_return=0.0
global_step=431984, episodic_return=0.973
global_step=432088, episodic_return=0.0
global_step=432104, episodic_return=0.0
SPS: 2927
global_step=432252, episodic_return=0.0
global_step=432388, episodic_return=0.0
global_step=432492, episodic_return=0.0
global_step=432508, episodic_return=0.0
SPS: 2927
global_step=432656, episodic_return=0.0
global_step=432792, episodic_return=0.0
global_step=432896, episodic_return=0.0
global_step=432912, episodic_return=0.0
global_step=433060, episodic_return=0.0
SPS: 2927
global_step=433196, episodic_return=0.0
global_step=433300, episodic_return=0.0
global_step=433316, episodic_return=0.0
global_step=433456, episodic_return=0.118
global_step=433600, episodic_return=0.0
SPS: 2927
global_step=433704, episodic_return=0.0
global_step=433720, episodic_return=0.0
global_step=433860, episodic_return=0.0
global_step=434004, episodic_return=0.0
global_step=434108, episodic_return=0.0
global_step=434124, episodic_return=0.0
SPS: 2927
global_step=434216, episodic_return=0.802
global_step=434264, episodic_return=0.0
global_step=434396, episodic_return=0.712
global_step=434408, episodic_return=0.0
global_step=434512, episodic_return=0.0
global_step=434620, episodic_return=0.0
SPS: 2927
global_step=434800, episodic_return=0.0
global_step=434812, episodic_return=0.0
global_step=434916, episodic_return=0.0
global_step=435024, episodic_return=0.0
SPS: 2927
global_step=435204, episodic_return=0.0
global_step=435216, episodic_return=0.0
global_step=435220, episodic_return=0.973
global_step=435320, episodic_return=0.0
global_step=435428, episodic_return=0.0
global_step=435472, episodic_return=0.91
global_step=435620, episodic_return=0.0
global_step=435624, episodic_return=0.0
SPS: 2927
global_step=435724, episodic_return=0.0
global_step=435876, episodic_return=0.0
global_step=436024, episodic_return=0.0
global_step=436028, episodic_return=0.0
global_step=436128, episodic_return=0.0
global_step=436136, episodic_return=0.766
SPS: 2927
global_step=436280, episodic_return=0.0
global_step=436428, episodic_return=0.0
global_step=436532, episodic_return=0.0
global_step=436540, episodic_return=0.0
global_step=436572, episodic_return=0.919
global_step=436684, episodic_return=0.0
SPS: 2927
global_step=436752, episodic_return=0.532
global_step=436832, episodic_return=0.0
global_step=436856, episodic_return=0.955
global_step=436976, episodic_return=0.0
global_step=437084, episodic_return=0.262
global_step=437088, episodic_return=0.0
global_step=437116, episodic_return=0.9369999999999999
global_step=437152, episodic_return=0.613
global_step=437192, episodic_return=0.838
SPS: 2927
global_step=437260, episodic_return=0.0
global_step=437312, episodic_return=0.892
global_step=437348, episodic_return=0.5680000000000001
global_step=437492, episodic_return=0.0
global_step=437596, episodic_return=0.0
global_step=437716, episodic_return=0.0
global_step=437752, episodic_return=0.0
SPS: 2927
global_step=437896, episodic_return=0.0
global_step=438000, episodic_return=0.0
global_step=438104, episodic_return=0.5409999999999999
global_step=438120, episodic_return=0.0
global_step=438156, episodic_return=0.0
SPS: 2927
global_step=438404, episodic_return=0.0
global_step=438428, episodic_return=0.3969999999999999
global_step=438508, episodic_return=0.0
global_step=438524, episodic_return=0.0
global_step=438552, episodic_return=0.91
SPS: 2927
global_step=438808, episodic_return=0.0
global_step=438832, episodic_return=0.0
global_step=438928, episodic_return=0.0
global_step=438956, episodic_return=0.0
global_step=438980, episodic_return=0.892
global_step=439072, episodic_return=0.748
global_step=439212, episodic_return=0.0
global_step=439236, episodic_return=0.0
global_step=439256, episodic_return=0.91
global_step=439264, episodic_return=0.946
SPS: 2927
global_step=439384, episodic_return=0.0
global_step=439476, episodic_return=0.0
global_step=439660, episodic_return=0.0
global_step=439668, episodic_return=0.0
global_step=439788, episodic_return=0.0
SPS: 2927
global_step=439880, episodic_return=0.0
global_step=440064, episodic_return=0.0
global_step=440072, episodic_return=0.0
global_step=440192, episodic_return=0.0
global_step=440284, episodic_return=0.0
SPS: 2927
global_step=440468, episodic_return=0.0
global_step=440472, episodic_return=0.379
global_step=440476, episodic_return=0.0
global_step=440688, episodic_return=0.0
global_step=440728, episodic_return=0.919
SPS: 2927
global_step=440872, episodic_return=0.0
global_step=440876, episodic_return=0.0
global_step=440880, episodic_return=0.0
global_step=440996, episodic_return=0.739
global_step=441132, episodic_return=0.0
global_step=441276, episodic_return=0.0
global_step=441284, episodic_return=0.0
SPS: 2927
global_step=441400, episodic_return=0.0
global_step=441528, episodic_return=0.45999999999999996
global_step=441536, episodic_return=0.0
global_step=441596, episodic_return=0.856
global_step=441680, episodic_return=0.0
global_step=441804, episodic_return=0.0
SPS: 2927
global_step=441940, episodic_return=0.0
global_step=441948, episodic_return=0.4059999999999999
global_step=442000, episodic_return=0.0
global_step=442208, episodic_return=0.0
global_step=442344, episodic_return=0.0
global_step=442352, episodic_return=0.0
SPS: 2927
global_step=442376, episodic_return=0.955
global_step=442404, episodic_return=0.0
global_step=442428, episodic_return=0.892
global_step=442436, episodic_return=0.802
global_step=442492, episodic_return=0.865
global_step=442612, episodic_return=0.0
global_step=442808, episodic_return=0.0
global_step=442840, episodic_return=0.0
SPS: 2927
global_step=442896, episodic_return=0.0
global_step=442920, episodic_return=0.829
global_step=443016, episodic_return=0.0
global_step=443024, episodic_return=0.721
global_step=443212, episodic_return=0.0
global_step=443324, episodic_return=0.0
SPS: 2928
global_step=443420, episodic_return=0.0
global_step=443428, episodic_return=0.0
global_step=443616, episodic_return=0.0
global_step=443728, episodic_return=0.0
global_step=443824, episodic_return=0.0
global_step=443832, episodic_return=0.0
global_step=443864, episodic_return=0.919
SPS: 2927
global_step=443948, episodic_return=0.82
global_step=443996, episodic_return=0.6399999999999999
global_step=444020, episodic_return=0.0
global_step=444132, episodic_return=0.0
global_step=444176, episodic_return=0.91
global_step=444352, episodic_return=0.0
global_step=444400, episodic_return=0.0
global_step=444408, episodic_return=0.991
SPS: 2927
global_step=444424, episodic_return=0.0
global_step=444520, episodic_return=0.631
global_step=444580, episodic_return=0.0
global_step=444664, episodic_return=0.82
global_step=444812, episodic_return=0.0
global_step=444828, episodic_return=0.0
global_step=444924, episodic_return=0.0
SPS: 2927
global_step=444940, episodic_return=0.757
global_step=445068, episodic_return=0.0
global_step=445216, episodic_return=0.0
global_step=445328, episodic_return=0.0
global_step=445344, episodic_return=0.0
SPS: 2927
global_step=445472, episodic_return=0.0
global_step=445548, episodic_return=0.838
global_step=445620, episodic_return=0.0
global_step=445732, episodic_return=0.0
global_step=445748, episodic_return=0.0
global_step=445952, episodic_return=0.0
SPS: 2928
global_step=445996, episodic_return=0.91
global_step=446024, episodic_return=0.0
global_step=446136, episodic_return=0.0
global_step=446152, episodic_return=0.0
global_step=446224, episodic_return=0.5589999999999999
global_step=446400, episodic_return=0.0
SPS: 2928
global_step=446540, episodic_return=0.0
global_step=446556, episodic_return=0.0
global_step=446560, episodic_return=0.964
global_step=446628, episodic_return=0.0
global_step=446672, episodic_return=0.748
global_step=446792, episodic_return=0.739
global_step=446804, episodic_return=0.0
global_step=446912, episodic_return=0.766
global_step=446920, episodic_return=0.721
global_step=446964, episodic_return=0.0
SPS: 2928
global_step=447032, episodic_return=0.0
global_step=447316, episodic_return=0.0
global_step=447324, episodic_return=0.0
global_step=447368, episodic_return=0.0
global_step=447436, episodic_return=0.0
SPS: 2928
global_step=447720, episodic_return=0.0
global_step=447728, episodic_return=0.0
global_step=447772, episodic_return=0.0
global_step=447840, episodic_return=0.0
global_step=447856, episodic_return=0.703
SPS: 2928
global_step=448100, episodic_return=0.42399999999999993
global_step=448132, episodic_return=0.0
global_step=448156, episodic_return=0.955
global_step=448176, episodic_return=0.0
global_step=448232, episodic_return=0.712
global_step=448260, episodic_return=0.0
global_step=448384, episodic_return=0.73
global_step=448384, episodic_return=0.4959999999999999
SPS: 2928
global_step=448580, episodic_return=0.0
global_step=448636, episodic_return=0.0
global_step=448788, episodic_return=0.0
global_step=448788, episodic_return=0.0
global_step=448972, episodic_return=0.595
global_step=448984, episodic_return=0.0
SPS: 2928
global_step=449040, episodic_return=0.0
global_step=449192, episodic_return=0.0
global_step=449376, episodic_return=0.0
global_step=449388, episodic_return=0.0
global_step=449444, episodic_return=0.0
SPS: 2928
global_step=449596, episodic_return=0.0
global_step=449780, episodic_return=0.0
global_step=449792, episodic_return=0.0
global_step=449848, episodic_return=0.0
global_step=449960, episodic_return=0.631
global_step=450000, episodic_return=0.0
SPS: 2928
global_step=450184, episodic_return=0.0
global_step=450224, episodic_return=0.919
global_step=450252, episodic_return=0.0
global_step=450364, episodic_return=0.0
global_step=450404, episodic_return=0.0
global_step=450412, episodic_return=0.901
SPS: 2928
global_step=450628, episodic_return=0.0
global_step=450656, episodic_return=0.0
global_step=450808, episodic_return=0.0
global_step=450816, episodic_return=0.0
global_step=450852, episodic_return=0.91
global_step=450932, episodic_return=0.32499999999999996
global_step=451060, episodic_return=0.0
SPS: 2928
global_step=451220, episodic_return=0.0
global_step=451256, episodic_return=0.0
global_step=451336, episodic_return=0.0
global_step=451464, episodic_return=0.0
SPS: 2928
global_step=451624, episodic_return=0.0
global_step=451628, episodic_return=0.17199999999999993
global_step=451716, episodic_return=0.8109999999999999
global_step=451740, episodic_return=0.0
global_step=451868, episodic_return=0.0
global_step=452028, episodic_return=0.0
SPS: 2928
global_step=452120, episodic_return=0.0
global_step=452144, episodic_return=0.0
global_step=452156, episodic_return=0.9279999999999999
global_step=452272, episodic_return=0.0
global_step=452432, episodic_return=0.0
global_step=452472, episodic_return=0.919
global_step=452548, episodic_return=0.0
global_step=452560, episodic_return=0.0
SPS: 2928
global_step=452676, episodic_return=0.0
global_step=452716, episodic_return=0.631
global_step=452872, episodic_return=0.6579999999999999
global_step=452876, episodic_return=0.0
global_step=452964, episodic_return=0.0
global_step=453080, episodic_return=0.0
SPS: 2928
global_step=453208, episodic_return=0.253
global_step=453280, episodic_return=0.0
global_step=453368, episodic_return=0.0
global_step=453452, episodic_return=0.622
global_step=453484, episodic_return=0.0
global_step=453528, episodic_return=0.838
global_step=453612, episodic_return=0.0
SPS: 2928
global_step=453772, episodic_return=0.0
global_step=453888, episodic_return=0.0
global_step=453932, episodic_return=0.0
global_step=453956, episodic_return=0.856
global_step=454016, episodic_return=0.0
SPS: 2928
global_step=454176, episodic_return=0.0
global_step=454208, episodic_return=0.44199999999999995
global_step=454336, episodic_return=0.0
global_step=454420, episodic_return=0.0
global_step=454440, episodic_return=0.775
global_step=454512, episodic_return=0.253
global_step=454612, episodic_return=0.0
global_step=454620, episodic_return=0.766
SPS: 2928
global_step=454724, episodic_return=0.32499999999999996
global_step=454844, episodic_return=0.0
global_step=455016, episodic_return=0.0
global_step=455024, episodic_return=0.0
global_step=455060, episodic_return=0.5229999999999999
global_step=455128, episodic_return=0.0
global_step=455136, episodic_return=0.838
SPS: 2928
global_step=455420, episodic_return=0.0
global_step=455428, episodic_return=0.0
global_step=455452, episodic_return=0.9369999999999999
global_step=455480, episodic_return=0.892
global_step=455532, episodic_return=0.0
global_step=455540, episodic_return=0.0
SPS: 2928
global_step=455856, episodic_return=0.0
global_step=455884, episodic_return=0.0
global_step=455936, episodic_return=0.0
global_step=455944, episodic_return=0.0
SPS: 2928
global_step=456260, episodic_return=0.0
global_step=456288, episodic_return=0.0
global_step=456340, episodic_return=0.0
global_step=456348, episodic_return=0.0
global_step=456376, episodic_return=0.748
global_step=456416, episodic_return=0.838
global_step=456532, episodic_return=0.748
global_step=456556, episodic_return=0.604
global_step=456648, episodic_return=0.802
global_step=456692, episodic_return=0.0
SPS: 2928
global_step=456728, episodic_return=0.5680000000000001
global_step=456752, episodic_return=0.0
global_step=457052, episodic_return=0.0
global_step=457076, episodic_return=0.2799999999999999
global_step=457096, episodic_return=0.0
global_step=457104, episodic_return=0.946
global_step=457132, episodic_return=0.0
SPS: 2928
global_step=457316, episodic_return=0.532
global_step=457456, episodic_return=0.0
global_step=457500, episodic_return=0.0
global_step=457536, episodic_return=0.0
global_step=457720, episodic_return=0.0
SPS: 2928
global_step=457860, episodic_return=0.0
global_step=457904, episodic_return=0.0
global_step=457904, episodic_return=0.595
global_step=457940, episodic_return=0.0
SPS: 2928
global_step=458264, episodic_return=0.0
global_step=458308, episodic_return=0.0
global_step=458308, episodic_return=0.0
global_step=458332, episodic_return=0.955
global_step=458344, episodic_return=0.0
global_step=458668, episodic_return=0.0
global_step=458712, episodic_return=0.0
global_step=458736, episodic_return=0.0
global_step=458748, episodic_return=0.0
SPS: 2928
global_step=458784, episodic_return=0.9279999999999999
global_step=458964, episodic_return=0.34299999999999997
global_step=459116, episodic_return=0.0
global_step=459140, episodic_return=0.0
global_step=459156, episodic_return=0.919
global_step=459188, episodic_return=0.0
SPS: 2928
global_step=459368, episodic_return=0.0
global_step=459404, episodic_return=0.5229999999999999
global_step=459544, episodic_return=0.0
global_step=459560, episodic_return=0.0
global_step=459580, episodic_return=0.613
global_step=459592, episodic_return=0.901
global_step=459684, episodic_return=0.73
global_step=459772, episodic_return=0.0
SPS: 2928
global_step=459984, episodic_return=0.0
global_step=459996, episodic_return=0.0
global_step=460024, episodic_return=0.946
global_step=460088, episodic_return=0.0
global_step=460136, episodic_return=0.901
global_step=460176, episodic_return=0.0
global_step=460244, episodic_return=0.856
SPS: 2928
global_step=460324, episodic_return=0.244
global_step=460428, episodic_return=0.0
global_step=460540, episodic_return=0.0
global_step=460648, episodic_return=0.0
global_step=460728, episodic_return=0.0
global_step=460772, episodic_return=0.91
SPS: 2928
global_step=460832, episodic_return=0.0
global_step=460944, episodic_return=0.0
global_step=461020, episodic_return=0.586
global_step=461052, episodic_return=0.0
global_step=461104, episodic_return=0.892
global_step=461176, episodic_return=0.0
SPS: 2928
global_step=461348, episodic_return=0.0
global_step=461424, episodic_return=0.0
global_step=461508, episodic_return=0.0
global_step=461568, episodic_return=0.874
global_step=461568, episodic_return=0.127
global_step=461752, episodic_return=0.0
SPS: 2928
global_step=461828, episodic_return=0.0
global_step=461848, episodic_return=0.964
global_step=461972, episodic_return=0.0
global_step=461972, episodic_return=0.0
global_step=462156, episodic_return=0.0
global_step=462252, episodic_return=0.0
SPS: 2928
global_step=462376, episodic_return=0.0
global_step=462376, episodic_return=0.0
global_step=462460, episodic_return=0.82
global_step=462560, episodic_return=0.0
global_step=462576, episodic_return=0.2799999999999999
global_step=462780, episodic_return=0.0
global_step=462820, episodic_return=0.919
SPS: 2928
global_step=462864, episodic_return=0.0
global_step=462960, episodic_return=0.10899999999999999
global_step=462980, episodic_return=0.0
global_step=462996, episodic_return=0.973
global_step=463140, episodic_return=0.685
global_step=463224, episodic_return=0.0
global_step=463268, episodic_return=0.0
global_step=463328, episodic_return=0.586
SPS: 2928
global_step=463364, episodic_return=0.0
global_step=463628, episodic_return=0.0
global_step=463672, episodic_return=0.0
global_step=463684, episodic_return=0.2889999999999999
global_step=463732, episodic_return=0.0
global_step=463748, episodic_return=0.865
SPS: 2928
global_step=464032, episodic_return=0.0
global_step=464044, episodic_return=0.982
global_step=464076, episodic_return=0.0
global_step=464080, episodic_return=0.9279999999999999
global_step=464136, episodic_return=0.0
global_step=464152, episodic_return=0.0
global_step=464168, episodic_return=0.802
global_step=464172, episodic_return=0.964
SPS: 2928
global_step=464484, episodic_return=0.0
global_step=464540, episodic_return=0.0
global_step=464572, episodic_return=0.0
global_step=464576, episodic_return=0.0
global_step=464576, episodic_return=0.9279999999999999
global_step=464604, episodic_return=0.9369999999999999
global_step=464888, episodic_return=0.0
SPS: 2928
global_step=464980, episodic_return=0.0
global_step=464980, episodic_return=0.0
global_step=465008, episodic_return=0.0
global_step=465256, episodic_return=0.18099999999999994
global_step=465384, episodic_return=0.0
global_step=465384, episodic_return=0.0
SPS: 2928
global_step=465412, episodic_return=0.0
global_step=465660, episodic_return=0.0
global_step=465728, episodic_return=0.856
global_step=465764, episodic_return=0.9279999999999999
global_step=465788, episodic_return=0.0
global_step=465788, episodic_return=0.0
global_step=465816, episodic_return=0.0
SPS: 2928
global_step=466168, episodic_return=0.0
global_step=466192, episodic_return=0.0
global_step=466192, episodic_return=0.0
global_step=466220, episodic_return=0.0
global_step=466248, episodic_return=0.946
SPS: 2928
global_step=466488, episodic_return=0.2889999999999999
global_step=466596, episodic_return=0.0
global_step=466596, episodic_return=0.0
global_step=466652, episodic_return=0.0
global_step=466716, episodic_return=0.865
global_step=466892, episodic_return=0.0
SPS: 2928
global_step=467000, episodic_return=0.0
global_step=467000, episodic_return=0.0
global_step=467052, episodic_return=0.892
global_step=467120, episodic_return=0.0
global_step=467172, episodic_return=0.892
global_step=467296, episodic_return=0.0
global_step=467404, episodic_return=0.0
global_step=467420, episodic_return=0.973
global_step=467456, episodic_return=0.0
SPS: 2928
global_step=467508, episodic_return=0.8109999999999999
global_step=467576, episodic_return=0.0
global_step=467700, episodic_return=0.0
global_step=467712, episodic_return=0.982
global_step=467780, episodic_return=0.856
global_step=467860, episodic_return=0.0
global_step=467912, episodic_return=0.0
SPS: 2928
global_step=467980, episodic_return=0.0
global_step=468184, episodic_return=0.0
global_step=468260, episodic_return=0.838
global_step=468264, episodic_return=0.0
global_step=468316, episodic_return=0.0
global_step=468376, episodic_return=0.757
global_step=468384, episodic_return=0.0
SPS: 2928
global_step=468664, episodic_return=0.0
global_step=468720, episodic_return=0.0
global_step=468780, episodic_return=0.0
global_step=468788, episodic_return=0.0
SPS: 2928
global_step=469068, episodic_return=0.0
global_step=469124, episodic_return=0.0
global_step=469184, episodic_return=0.0
global_step=469192, episodic_return=0.0
global_step=469220, episodic_return=0.9279999999999999
global_step=469472, episodic_return=0.0
SPS: 2928
global_step=469520, episodic_return=0.901
global_step=469528, episodic_return=0.0
global_step=469548, episodic_return=0.946
global_step=469596, episodic_return=0.0
global_step=469624, episodic_return=0.0
global_step=469932, episodic_return=0.0
global_step=469952, episodic_return=0.0
global_step=470000, episodic_return=0.0
SPS: 2928
global_step=470028, episodic_return=0.838
global_step=470028, episodic_return=0.0
global_step=470336, episodic_return=0.0
global_step=470380, episodic_return=0.91
global_step=470392, episodic_return=0.18999999999999995
global_step=470404, episodic_return=0.0
global_step=470404, episodic_return=0.955
global_step=470432, episodic_return=0.0
global_step=470440, episodic_return=0.901
global_step=470468, episodic_return=0.946
SPS: 2928
global_step=470604, episodic_return=0.5589999999999999
global_step=470808, episodic_return=0.0
global_step=470836, episodic_return=0.0
global_step=470872, episodic_return=0.0
global_step=470876, episodic_return=0.919
global_step=470976, episodic_return=0.784
global_step=471000, episodic_return=0.955
global_step=471008, episodic_return=0.0
global_step=471020, episodic_return=0.964
SPS: 2928
global_step=471100, episodic_return=0.829
global_step=471212, episodic_return=0.0
global_step=471276, episodic_return=0.0
global_step=471412, episodic_return=0.0
global_step=471504, episodic_return=0.0
SPS: 2928
global_step=471616, episodic_return=0.0
global_step=471664, episodic_return=0.649
global_step=471680, episodic_return=0.0
global_step=471816, episodic_return=0.0
global_step=472020, episodic_return=0.0
global_step=472044, episodic_return=0.955
SPS: 2928
global_step=472068, episodic_return=0.0
global_step=472084, episodic_return=0.0
global_step=472220, episodic_return=0.0
global_step=472420, episodic_return=0.5589999999999999
global_step=472448, episodic_return=0.0
global_step=472472, episodic_return=0.0
global_step=472488, episodic_return=0.0
SPS: 2928
global_step=472596, episodic_return=0.6759999999999999
global_step=472824, episodic_return=0.0
global_step=472876, episodic_return=0.0
global_step=472888, episodic_return=0.352
global_step=472892, episodic_return=0.0
SPS: 2928
global_step=473228, episodic_return=0.0
global_step=473280, episodic_return=0.0
global_step=473292, episodic_return=0.0
global_step=473296, episodic_return=0.0
global_step=473332, episodic_return=0.919
SPS: 2927
global_step=473632, episodic_return=0.0
global_step=473684, episodic_return=0.0
global_step=473700, episodic_return=0.0
global_step=473736, episodic_return=0.0
global_step=473748, episodic_return=0.865
global_step=473760, episodic_return=0.721
global_step=473796, episodic_return=0.874
global_step=474104, episodic_return=0.0
SPS: 2927
global_step=474152, episodic_return=0.0
global_step=474164, episodic_return=0.0
global_step=474200, episodic_return=0.0
global_step=474232, episodic_return=0.9369999999999999
global_step=474284, episodic_return=0.712
global_step=474508, episodic_return=0.0
global_step=474568, episodic_return=0.0
SPS: 2927
global_step=474636, episodic_return=0.0
global_step=474688, episodic_return=0.0
global_step=474912, episodic_return=0.0
global_step=474972, episodic_return=0.0
global_step=475036, episodic_return=0.73
global_step=475040, episodic_return=0.0
global_step=475076, episodic_return=0.9279999999999999
global_step=475092, episodic_return=0.0
SPS: 2927
global_step=475312, episodic_return=0.478
global_step=475376, episodic_return=0.0
global_step=475440, episodic_return=0.0
global_step=475496, episodic_return=0.0
global_step=475512, episodic_return=0.847
global_step=475596, episodic_return=0.784
global_step=475620, episodic_return=0.955
SPS: 2927
global_step=475716, episodic_return=0.0
global_step=475780, episodic_return=0.0
global_step=475916, episodic_return=0.0
global_step=476024, episodic_return=0.0
global_step=476068, episodic_return=0.91
global_step=476120, episodic_return=0.0
SPS: 2927
global_step=476184, episodic_return=0.0
global_step=476320, episodic_return=0.0
global_step=476472, episodic_return=0.0
global_step=476488, episodic_return=0.18099999999999994
global_step=476576, episodic_return=0.8109999999999999
global_step=476588, episodic_return=0.0
SPS: 2927
global_step=476724, episodic_return=0.0
global_step=476744, episodic_return=0.631
global_step=476876, episodic_return=0.0
global_step=476992, episodic_return=0.0
global_step=477128, episodic_return=0.0
global_step=477148, episodic_return=0.0
SPS: 2927
global_step=477280, episodic_return=0.0
global_step=477336, episodic_return=0.883
global_step=477336, episodic_return=0.586
global_step=477396, episodic_return=0.0
global_step=477492, episodic_return=0.18999999999999995
global_step=477508, episodic_return=0.757
global_step=477544, episodic_return=0.892
global_step=477644, episodic_return=0.784
SPS: 2927
global_step=477740, episodic_return=0.0
global_step=477740, episodic_return=0.0
global_step=477900, episodic_return=0.649
global_step=477912, episodic_return=0.0
global_step=478048, episodic_return=0.0
global_step=478144, episodic_return=0.0
SPS: 2927
global_step=478304, episodic_return=0.0
global_step=478316, episodic_return=0.0
global_step=478336, episodic_return=0.964
global_step=478444, episodic_return=0.766
global_step=478452, episodic_return=0.0
global_step=478548, episodic_return=0.0
global_step=478708, episodic_return=0.0
SPS: 2927
global_step=478848, episodic_return=0.0
global_step=478856, episodic_return=0.0
global_step=478952, episodic_return=0.0
global_step=479112, episodic_return=0.0
SPS: 2927
global_step=479252, episodic_return=0.0
global_step=479260, episodic_return=0.0
global_step=479316, episodic_return=0.865
global_step=479356, episodic_return=0.0
global_step=479516, episodic_return=0.0
global_step=479564, episodic_return=0.901
global_step=479664, episodic_return=0.0
global_step=479688, episodic_return=0.955
global_step=479720, episodic_return=0.0
global_step=479724, episodic_return=0.18099999999999994
SPS: 2927
global_step=479780, episodic_return=0.802
global_step=479968, episodic_return=0.0
global_step=480124, episodic_return=0.0
global_step=480128, episodic_return=0.0
global_step=480184, episodic_return=0.883
global_step=480184, episodic_return=0.0
SPS: 2927
global_step=480372, episodic_return=0.0
global_step=480484, episodic_return=0.33399999999999996
global_step=480528, episodic_return=0.0
global_step=480588, episodic_return=0.0
SPS: 2927
global_step=480776, episodic_return=0.0
global_step=480888, episodic_return=0.0
global_step=480932, episodic_return=0.0
global_step=480992, episodic_return=0.0
global_step=481180, episodic_return=0.0
SPS: 2927
global_step=481292, episodic_return=0.09999999999999998
global_step=481336, episodic_return=0.0
global_step=481396, episodic_return=0.0
global_step=481584, episodic_return=0.0
global_step=481696, episodic_return=0.0
global_step=481740, episodic_return=0.0
SPS: 2927
global_step=481800, episodic_return=0.0
global_step=481832, episodic_return=0.802
global_step=481988, episodic_return=0.0
global_step=482076, episodic_return=0.8109999999999999
global_step=482100, episodic_return=0.0
global_step=482148, episodic_return=0.847
global_step=482204, episodic_return=0.0
global_step=482236, episodic_return=0.0
SPS: 2927
global_step=482504, episodic_return=0.0
global_step=482552, episodic_return=0.0
global_step=482608, episodic_return=0.0
global_step=482640, episodic_return=0.0
SPS: 2927
global_step=482908, episodic_return=0.0
global_step=482956, episodic_return=0.0
global_step=483012, episodic_return=0.0
global_step=483044, episodic_return=0.0
global_step=483168, episodic_return=0.42399999999999993
SPS: 2927
global_step=483360, episodic_return=0.0
global_step=483416, episodic_return=0.0
global_step=483432, episodic_return=0.847
global_step=483448, episodic_return=0.0
global_step=483572, episodic_return=0.0
global_step=483820, episodic_return=0.0
global_step=483836, episodic_return=0.0
SPS: 2927
global_step=483852, episodic_return=0.0
global_step=483976, episodic_return=0.0
global_step=484132, episodic_return=0.379
global_step=484224, episodic_return=0.0
global_step=484240, episodic_return=0.0
SPS: 2927
global_step=484356, episodic_return=0.712
global_step=484380, episodic_return=0.0
global_step=484468, episodic_return=0.757
global_step=484536, episodic_return=0.0
global_step=484644, episodic_return=0.0
global_step=484648, episodic_return=0.757
global_step=484696, episodic_return=0.901
global_step=484784, episodic_return=0.0
SPS: 2927
global_step=484872, episodic_return=0.0
global_step=485048, episodic_return=0.0
global_step=485100, episodic_return=0.0
global_step=485176, episodic_return=0.838
global_step=485188, episodic_return=0.0
global_step=485264, episodic_return=0.838
global_step=485276, episodic_return=0.0
SPS: 2927
global_step=485452, episodic_return=0.0
global_step=485580, episodic_return=0.0
global_step=485668, episodic_return=0.0
global_step=485680, episodic_return=0.0
global_step=485704, episodic_return=0.955
global_step=485856, episodic_return=0.0
SPS: 2926
global_step=485984, episodic_return=0.0
global_step=486072, episodic_return=0.0
global_step=486108, episodic_return=0.0
global_step=486260, episodic_return=0.0
global_step=486388, episodic_return=0.0
SPS: 2926
global_step=486476, episodic_return=0.0
global_step=486512, episodic_return=0.0
global_step=486664, episodic_return=0.0
global_step=486792, episodic_return=0.0
global_step=486824, episodic_return=0.9369999999999999
global_step=486880, episodic_return=0.0
SPS: 2926
global_step=486916, episodic_return=0.0
global_step=486988, episodic_return=0.766
global_step=487068, episodic_return=0.0
global_step=487228, episodic_return=0.0
global_step=487252, episodic_return=0.955
global_step=487320, episodic_return=0.0
global_step=487340, episodic_return=0.964
global_step=487392, episodic_return=0.0
global_step=487396, episodic_return=0.883
SPS: 2926
global_step=487472, episodic_return=0.0
global_step=487492, episodic_return=0.784
global_step=487604, episodic_return=0.757
global_step=487656, episodic_return=0.0
global_step=487800, episodic_return=0.0
global_step=487872, episodic_return=0.4059999999999999
global_step=487876, episodic_return=0.0
SPS: 2926
global_step=487968, episodic_return=0.802
global_step=488060, episodic_return=0.0
global_step=488108, episodic_return=0.694
global_step=488204, episodic_return=0.0
global_step=488276, episodic_return=0.0
global_step=488304, episodic_return=0.45999999999999996
global_step=488320, episodic_return=0.91
global_step=488352, episodic_return=0.9369999999999999
SPS: 2926
global_step=488512, episodic_return=0.0
global_step=488608, episodic_return=0.0
global_step=488708, episodic_return=0.0
global_step=488756, episodic_return=0.0
global_step=488756, episodic_return=0.901
global_step=488808, episodic_return=0.34299999999999997
global_step=488856, episodic_return=0.784
global_step=488944, episodic_return=0.8109999999999999
SPS: 2926
global_step=489012, episodic_return=0.0
global_step=489160, episodic_return=0.0
global_step=489212, episodic_return=0.0
global_step=489348, episodic_return=0.0
global_step=489404, episodic_return=0.577
global_step=489416, episodic_return=0.0
SPS: 2926
global_step=489564, episodic_return=0.0
global_step=489600, episodic_return=0.44199999999999995
global_step=489676, episodic_return=0.838
global_step=489808, episodic_return=0.0
global_step=489820, episodic_return=0.0
global_step=489828, episodic_return=0.667
global_step=489860, episodic_return=0.9369999999999999
global_step=489876, episodic_return=0.973
global_step=489968, episodic_return=0.0
SPS: 2926
global_step=490212, episodic_return=0.0
global_step=490224, episodic_return=0.0
global_step=490280, episodic_return=0.0
global_step=490372, episodic_return=0.0
global_step=490392, episodic_return=0.964
SPS: 2926
global_step=490616, episodic_return=0.0
global_step=490628, episodic_return=0.0
global_step=490684, episodic_return=0.0
global_step=490796, episodic_return=0.0
SPS: 2926
global_step=491020, episodic_return=0.0
global_step=491032, episodic_return=0.0
global_step=491088, episodic_return=0.0
global_step=491180, episodic_return=0.802
global_step=491200, episodic_return=0.0
global_step=491236, episodic_return=0.883
global_step=491424, episodic_return=0.0
global_step=491436, episodic_return=0.0
SPS: 2926
global_step=491604, episodic_return=0.0
global_step=491640, episodic_return=0.0
global_step=491828, episodic_return=0.0
global_step=491840, episodic_return=0.0
global_step=492008, episodic_return=0.0
SPS: 2926
global_step=492044, episodic_return=0.0
global_step=492068, episodic_return=0.874
global_step=492100, episodic_return=0.9369999999999999
global_step=492192, episodic_return=0.6759999999999999
global_step=492232, episodic_return=0.0
global_step=492244, episodic_return=0.0
global_step=492320, episodic_return=0.8109999999999999
global_step=492504, episodic_return=0.0
SPS: 2926
global_step=492596, episodic_return=0.0
global_step=492648, episodic_return=0.0
global_step=492724, episodic_return=0.0
global_step=492752, episodic_return=0.775
global_step=492760, episodic_return=0.6399999999999999
global_step=492796, episodic_return=0.9279999999999999
global_step=492844, episodic_return=0.244
SPS: 2926
global_step=493128, episodic_return=0.0
global_step=493156, episodic_return=0.0
global_step=493200, episodic_return=0.0
global_step=493236, episodic_return=0.766
global_step=493248, episodic_return=0.0
global_step=493288, episodic_return=0.8109999999999999
global_step=493348, episodic_return=0.874
global_step=493560, episodic_return=0.0
SPS: 2926
global_step=493640, episodic_return=0.0
global_step=493652, episodic_return=0.0
global_step=493724, episodic_return=0.16299999999999992
global_step=493964, episodic_return=0.0
global_step=494044, episodic_return=0.0
global_step=494056, episodic_return=0.0
SPS: 2926
global_step=494128, episodic_return=0.0
global_step=494300, episodic_return=0.253
global_step=494324, episodic_return=0.955
global_step=494448, episodic_return=0.0
global_step=494460, episodic_return=0.0
global_step=494504, episodic_return=0.883
global_step=494532, episodic_return=0.0
SPS: 2926
global_step=494596, episodic_return=0.802
global_step=494728, episodic_return=0.0
global_step=494824, episodic_return=0.352
global_step=494864, episodic_return=0.0
global_step=495000, episodic_return=0.0
global_step=495032, episodic_return=0.9369999999999999
SPS: 2926
global_step=495132, episodic_return=0.0
global_step=495164, episodic_return=0.33399999999999996
global_step=495228, episodic_return=0.0
global_step=495304, episodic_return=0.838
global_step=495436, episodic_return=0.0
global_step=495472, episodic_return=0.9279999999999999
global_step=495536, episodic_return=0.0
global_step=495568, episodic_return=0.0
SPS: 2926
global_step=495708, episodic_return=0.0
global_step=495876, episodic_return=0.0
global_step=495940, episodic_return=0.0
global_step=495964, episodic_return=0.955
global_step=495972, episodic_return=0.0
global_step=496072, episodic_return=0.5680000000000001
global_step=496112, episodic_return=0.0
SPS: 2926
global_step=496268, episodic_return=0.32499999999999996
global_step=496376, episodic_return=0.0
global_step=496424, episodic_return=0.901
global_step=496476, episodic_return=0.0
global_step=496516, episodic_return=0.0
SPS: 2926
global_step=496672, episodic_return=0.0
global_step=496684, episodic_return=0.982
global_step=496828, episodic_return=0.0
global_step=496832, episodic_return=0.6759999999999999
global_step=496880, episodic_return=0.0
global_step=496920, episodic_return=0.0
SPS: 2926
global_step=497184, episodic_return=0.20799999999999996
global_step=497236, episodic_return=0.0
global_step=497284, episodic_return=0.0
global_step=497324, episodic_return=0.0
global_step=497460, episodic_return=0.613
global_step=497484, episodic_return=0.649
global_step=497588, episodic_return=0.0
global_step=497640, episodic_return=0.0
SPS: 2926
global_step=497736, episodic_return=0.44199999999999995
global_step=497792, episodic_return=0.883
global_step=497864, episodic_return=0.0
global_step=497992, episodic_return=0.0
global_step=498044, episodic_return=0.0
global_step=498132, episodic_return=0.8109999999999999
SPS: 2926
global_step=498196, episodic_return=0.0
global_step=498268, episodic_return=0.0
global_step=498396, episodic_return=0.0
global_step=498536, episodic_return=0.0
global_step=498600, episodic_return=0.0
global_step=498672, episodic_return=0.0
SPS: 2926
global_step=498724, episodic_return=0.892
global_step=498800, episodic_return=0.0
global_step=498812, episodic_return=0.3879999999999999
global_step=498820, episodic_return=0.991
global_step=499004, episodic_return=0.0
global_step=499048, episodic_return=0.91
global_step=499060, episodic_return=0.982
global_step=499128, episodic_return=0.0
SPS: 2926
global_step=499204, episodic_return=0.0
global_step=499224, episodic_return=0.0
global_step=499464, episodic_return=0.0
global_step=499504, episodic_return=0.919
global_step=499532, episodic_return=0.0
global_step=499536, episodic_return=0.30699999999999994
global_step=499608, episodic_return=0.0
SPS: 2926
Saved agent to runs/g1_yoff__baseline_fixed__1__1779561465/agent.pt
[1;34mwandb[0m: 
[1;34mwandb[0m: 🚀 View run [33mg1_yoff__baseline_fixed__1__1779561465[0m at: [34mhttps://wandb.ai/animeconqueror108-university-of-southern-mississippi/ppo-spurious/runs/ir3dja2g[0m
[1;34mwandb[0m: Find logs at: [1;35mwandb/run-20260523_133746-ir3dja2g/logs[0m
[done] Sat May 23 01:40:42 PM CDT 2026  name=baseline_fixed
