Unloading shared
  WARNING: Did not unuse /cm/shared/modulefiles
[start] Sat May 23 01:12:40 PM CDT 2026  host=node048  task=3  name=cond_B
name
NVIDIA L40S
global_step=400, episodic_return=0.0
global_step=400, episodic_return=0.0
global_step=400, episodic_return=0.0
global_step=400, episodic_return=0.0
SPS: 75
global_step=804, episodic_return=0.0
global_step=804, episodic_return=0.0
global_step=804, episodic_return=0.0
global_step=804, episodic_return=0.0
SPS: 147
global_step=1208, episodic_return=0.0
global_step=1208, episodic_return=0.0
global_step=1208, episodic_return=0.0
global_step=1208, episodic_return=0.0
SPS: 216
global_step=1540, episodic_return=0.262
global_step=1612, episodic_return=0.0
global_step=1612, episodic_return=0.0
global_step=1612, episodic_return=0.0
global_step=1944, episodic_return=0.0
global_step=2016, episodic_return=0.0
global_step=2016, episodic_return=0.0
global_step=2016, episodic_return=0.0
SPS: 283
global_step=2348, episodic_return=0.0
global_step=2420, episodic_return=0.0
global_step=2420, episodic_return=0.0
global_step=2420, episodic_return=0.0
SPS: 347
global_step=2752, episodic_return=0.0
global_step=2824, episodic_return=0.0
global_step=2824, episodic_return=0.0
global_step=2824, episodic_return=0.0
SPS: 409
global_step=3156, episodic_return=0.0
global_step=3228, episodic_return=0.0
global_step=3228, episodic_return=0.0
global_step=3228, episodic_return=0.0
global_step=3560, episodic_return=0.0
SPS: 468
global_step=3632, episodic_return=0.0
global_step=3632, episodic_return=0.0
global_step=3632, episodic_return=0.0
global_step=3964, episodic_return=0.0
global_step=4036, episodic_return=0.0
global_step=4036, episodic_return=0.0
global_step=4036, episodic_return=0.0
SPS: 526
global_step=4368, episodic_return=0.0
global_step=4440, episodic_return=0.0
global_step=4440, episodic_return=0.0
global_step=4440, episodic_return=0.0
SPS: 581
global_step=4772, episodic_return=0.0
global_step=4844, episodic_return=0.0
global_step=4844, episodic_return=0.0
global_step=4844, episodic_return=0.0
SPS: 635
global_step=5176, episodic_return=0.0
global_step=5248, episodic_return=0.0
global_step=5248, episodic_return=0.0
global_step=5248, episodic_return=0.0
global_step=5516, episodic_return=0.4059999999999999
global_step=5580, episodic_return=0.0
SPS: 687
global_step=5652, episodic_return=0.0
global_step=5652, episodic_return=0.0
global_step=5920, episodic_return=0.0
global_step=5984, episodic_return=0.0
global_step=6056, episodic_return=0.0
global_step=6056, episodic_return=0.0
SPS: 737
global_step=6200, episodic_return=0.685
global_step=6324, episodic_return=0.0
global_step=6388, episodic_return=0.0
global_step=6460, episodic_return=0.0
global_step=6604, episodic_return=0.0
SPS: 785
global_step=6728, episodic_return=0.0
global_step=6792, episodic_return=0.0
global_step=6864, episodic_return=0.0
global_step=7008, episodic_return=0.0
global_step=7132, episodic_return=0.0
SPS: 831
global_step=7196, episodic_return=0.0
global_step=7268, episodic_return=0.0
global_step=7412, episodic_return=0.0
global_step=7536, episodic_return=0.0
global_step=7600, episodic_return=0.0
global_step=7672, episodic_return=0.0
SPS: 876
global_step=7816, episodic_return=0.0
global_step=7940, episodic_return=0.0
global_step=8004, episodic_return=0.0
global_step=8076, episodic_return=0.0
SPS: 919
global_step=8220, episodic_return=0.0
global_step=8344, episodic_return=0.0
global_step=8392, episodic_return=0.136
global_step=8480, episodic_return=0.0
global_step=8624, episodic_return=0.0
SPS: 961
global_step=8748, episodic_return=0.0
global_step=8796, episodic_return=0.0
global_step=8884, episodic_return=0.0
global_step=9028, episodic_return=0.0
global_step=9152, episodic_return=0.0
global_step=9200, episodic_return=0.0
SPS: 1002
global_step=9288, episodic_return=0.0
global_step=9432, episodic_return=0.0
global_step=9556, episodic_return=0.0
global_step=9604, episodic_return=0.0
global_step=9692, episodic_return=0.0
SPS: 1041
global_step=9836, episodic_return=0.0
global_step=9960, episodic_return=0.0
global_step=10008, episodic_return=0.0
global_step=10096, episodic_return=0.0
global_step=10240, episodic_return=0.0
SPS: 1080
global_step=10364, episodic_return=0.0
global_step=10412, episodic_return=0.0
global_step=10500, episodic_return=0.0
global_step=10644, episodic_return=0.0
SPS: 1118
global_step=10768, episodic_return=0.0
global_step=10816, episodic_return=0.0
global_step=10904, episodic_return=0.0
global_step=11048, episodic_return=0.0
global_step=11172, episodic_return=0.0
global_step=11220, episodic_return=0.0
SPS: 1154
global_step=11308, episodic_return=0.0
global_step=11452, episodic_return=0.0
global_step=11576, episodic_return=0.0
global_step=11624, episodic_return=0.0
global_step=11712, episodic_return=0.0
SPS: 1189
global_step=11856, episodic_return=0.0
global_step=11980, episodic_return=0.0
global_step=12028, episodic_return=0.0
global_step=12116, episodic_return=0.0
global_step=12260, episodic_return=0.0
SPS: 1224
global_step=12384, episodic_return=0.0
global_step=12432, episodic_return=0.0
global_step=12520, episodic_return=0.0
global_step=12664, episodic_return=0.0
global_step=12788, episodic_return=0.0
SPS: 1257
global_step=12836, episodic_return=0.0
global_step=12924, episodic_return=0.0
global_step=13068, episodic_return=0.0
global_step=13192, episodic_return=0.0
global_step=13240, episodic_return=0.0
SPS: 1290
global_step=13328, episodic_return=0.0
global_step=13372, episodic_return=0.604
global_step=13472, episodic_return=0.0
global_step=13644, episodic_return=0.0
global_step=13732, episodic_return=0.0
global_step=13776, episodic_return=0.0
SPS: 1321
global_step=13876, episodic_return=0.0
global_step=14048, episodic_return=0.0
global_step=14136, episodic_return=0.0
global_step=14180, episodic_return=0.0
global_step=14280, episodic_return=0.0
SPS: 1351
global_step=14452, episodic_return=0.0
global_step=14540, episodic_return=0.0
global_step=14584, episodic_return=0.0
global_step=14684, episodic_return=0.0
global_step=14792, episodic_return=0.5409999999999999
SPS: 1379
global_step=14856, episodic_return=0.0
global_step=14944, episodic_return=0.0
global_step=15088, episodic_return=0.0
global_step=15196, episodic_return=0.0
global_step=15260, episodic_return=0.0
global_step=15348, episodic_return=0.0
SPS: 1408
global_step=15492, episodic_return=0.0
global_step=15600, episodic_return=0.0
global_step=15664, episodic_return=0.0
global_step=15752, episodic_return=0.0
SPS: 1437
global_step=15896, episodic_return=0.0
global_step=16004, episodic_return=0.0
global_step=16068, episodic_return=0.0
global_step=16156, episodic_return=0.0
global_step=16300, episodic_return=0.0
SPS: 1465
global_step=16408, episodic_return=0.0
global_step=16472, episodic_return=0.0
global_step=16560, episodic_return=0.0
global_step=16616, episodic_return=0.883
global_step=16704, episodic_return=0.0
global_step=16812, episodic_return=0.0
global_step=16876, episodic_return=0.0
SPS: 1488
global_step=17020, episodic_return=0.0
global_step=17108, episodic_return=0.0
global_step=17216, episodic_return=0.0
global_step=17280, episodic_return=0.0
SPS: 1515
global_step=17424, episodic_return=0.0
global_step=17512, episodic_return=0.0
global_step=17620, episodic_return=0.0
global_step=17684, episodic_return=0.0
global_step=17828, episodic_return=0.0
global_step=17916, episodic_return=0.0
SPS: 1541
global_step=18024, episodic_return=0.0
global_step=18088, episodic_return=0.0
global_step=18232, episodic_return=0.0
global_step=18320, episodic_return=0.0
global_step=18428, episodic_return=0.0
SPS: 1566
global_step=18492, episodic_return=0.0
global_step=18636, episodic_return=0.0
global_step=18724, episodic_return=0.0
global_step=18832, episodic_return=0.0
global_step=18896, episodic_return=0.0
SPS: 1591
global_step=19040, episodic_return=0.0
global_step=19128, episodic_return=0.0
global_step=19236, episodic_return=0.0
global_step=19300, episodic_return=0.0
global_step=19444, episodic_return=0.0
SPS: 1615
global_step=19532, episodic_return=0.0
global_step=19640, episodic_return=0.0
global_step=19704, episodic_return=0.0
global_step=19848, episodic_return=0.0
global_step=19936, episodic_return=0.0
SPS: 1638
global_step=20044, episodic_return=0.0
global_step=20108, episodic_return=0.0
global_step=20252, episodic_return=0.0
global_step=20340, episodic_return=0.0
global_step=20448, episodic_return=0.0
SPS: 1661
global_step=20512, episodic_return=0.0
global_step=20656, episodic_return=0.0
global_step=20744, episodic_return=0.0
global_step=20760, episodic_return=0.45099999999999996
global_step=20852, episodic_return=0.0
SPS: 1684
global_step=21060, episodic_return=0.0
global_step=21148, episodic_return=0.0
global_step=21164, episodic_return=0.0
global_step=21256, episodic_return=0.0
global_step=21464, episodic_return=0.0
SPS: 1706
global_step=21552, episodic_return=0.0
global_step=21568, episodic_return=0.0
global_step=21660, episodic_return=0.0
global_step=21868, episodic_return=0.0
global_step=21956, episodic_return=0.0
global_step=21972, episodic_return=0.0
SPS: 1727
global_step=22064, episodic_return=0.0
global_step=22272, episodic_return=0.0
global_step=22360, episodic_return=0.0
global_step=22376, episodic_return=0.0
global_step=22468, episodic_return=0.0
SPS: 1749
global_step=22676, episodic_return=0.0
global_step=22764, episodic_return=0.0
global_step=22780, episodic_return=0.0
global_step=22872, episodic_return=0.0
SPS: 1769
global_step=23080, episodic_return=0.0
global_step=23168, episodic_return=0.0
global_step=23184, episodic_return=0.0
global_step=23276, episodic_return=0.0
global_step=23484, episodic_return=0.0
SPS: 1789
global_step=23572, episodic_return=0.0
global_step=23588, episodic_return=0.0
global_step=23680, episodic_return=0.0
global_step=23888, episodic_return=0.0
global_step=23976, episodic_return=0.0
global_step=23992, episodic_return=0.0
SPS: 1809
global_step=24084, episodic_return=0.0
global_step=24292, episodic_return=0.0
global_step=24380, episodic_return=0.0
global_step=24396, episodic_return=0.0
global_step=24488, episodic_return=0.0
SPS: 1828
global_step=24696, episodic_return=0.0
global_step=24784, episodic_return=0.0
global_step=24800, episodic_return=0.0
global_step=24892, episodic_return=0.0
SPS: 1848
global_step=25100, episodic_return=0.0
global_step=25188, episodic_return=0.0
global_step=25204, episodic_return=0.0
global_step=25296, episodic_return=0.0
global_step=25356, episodic_return=0.631
global_step=25504, episodic_return=0.0
SPS: 1866
global_step=25608, episodic_return=0.0
global_step=25700, episodic_return=0.0
global_step=25760, episodic_return=0.0
global_step=25908, episodic_return=0.0
global_step=26012, episodic_return=0.0
global_step=26104, episodic_return=0.0
SPS: 1884
global_step=26164, episodic_return=0.0
global_step=26312, episodic_return=0.0
global_step=26416, episodic_return=0.0
global_step=26508, episodic_return=0.0
global_step=26568, episodic_return=0.0
SPS: 1901
global_step=26716, episodic_return=0.0
global_step=26820, episodic_return=0.0
global_step=26912, episodic_return=0.0
global_step=26972, episodic_return=0.0
global_step=27120, episodic_return=0.0
SPS: 1919
global_step=27224, episodic_return=0.0
global_step=27316, episodic_return=0.0
global_step=27376, episodic_return=0.0
global_step=27524, episodic_return=0.0
global_step=27628, episodic_return=0.0
SPS: 1936
global_step=27720, episodic_return=0.0
global_step=27780, episodic_return=0.0
global_step=27928, episodic_return=0.0
global_step=28032, episodic_return=0.0
global_step=28124, episodic_return=0.0
SPS: 1953
global_step=28184, episodic_return=0.0
global_step=28332, episodic_return=0.0
global_step=28436, episodic_return=0.0
global_step=28528, episodic_return=0.0
global_step=28588, episodic_return=0.0
SPS: 1969
global_step=28736, episodic_return=0.0
global_step=28840, episodic_return=0.0
global_step=28932, episodic_return=0.0
global_step=28992, episodic_return=0.0
global_step=29140, episodic_return=0.0
SPS: 1985
global_step=29244, episodic_return=0.0
global_step=29336, episodic_return=0.0
global_step=29396, episodic_return=0.0
global_step=29544, episodic_return=0.0
global_step=29648, episodic_return=0.0
SPS: 2001
global_step=29740, episodic_return=0.0
global_step=29800, episodic_return=0.0
global_step=29948, episodic_return=0.0
global_step=30052, episodic_return=0.0
global_step=30144, episodic_return=0.0
global_step=30204, episodic_return=0.0
SPS: 2017
global_step=30352, episodic_return=0.0
global_step=30456, episodic_return=0.0
global_step=30548, episodic_return=0.0
global_step=30608, episodic_return=0.0
SPS: 2032
global_step=30756, episodic_return=0.0
global_step=30860, episodic_return=0.0
global_step=30952, episodic_return=0.0
global_step=31012, episodic_return=0.0
global_step=31160, episodic_return=0.0
SPS: 2047
global_step=31264, episodic_return=0.0
global_step=31356, episodic_return=0.0
global_step=31416, episodic_return=0.0
global_step=31564, episodic_return=0.0
global_step=31668, episodic_return=0.0
SPS: 2062
global_step=31760, episodic_return=0.0
global_step=31820, episodic_return=0.0
global_step=31968, episodic_return=0.0
global_step=32072, episodic_return=0.0
global_step=32164, episodic_return=0.0
global_step=32224, episodic_return=0.0
SPS: 2076
global_step=32372, episodic_return=0.0
global_step=32476, episodic_return=0.0
global_step=32568, episodic_return=0.0
global_step=32628, episodic_return=0.0
SPS: 2090
global_step=32776, episodic_return=0.0
global_step=32880, episodic_return=0.0
global_step=32972, episodic_return=0.0
global_step=33032, episodic_return=0.0
global_step=33180, episodic_return=0.0
SPS: 2102
global_step=33284, episodic_return=0.0
global_step=33376, episodic_return=0.0
global_step=33436, episodic_return=0.0
global_step=33584, episodic_return=0.0
global_step=33688, episodic_return=0.0
global_step=33780, episodic_return=0.0
SPS: 2115
global_step=33840, episodic_return=0.0
global_step=33988, episodic_return=0.0
global_step=34092, episodic_return=0.0
global_step=34184, episodic_return=0.0
global_step=34244, episodic_return=0.0
SPS: 2129
global_step=34392, episodic_return=0.0
global_step=34420, episodic_return=0.613
global_step=34496, episodic_return=0.0
global_step=34588, episodic_return=0.0
global_step=34796, episodic_return=0.0
SPS: 2143
global_step=34824, episodic_return=0.0
global_step=34900, episodic_return=0.0
global_step=34992, episodic_return=0.0
global_step=35200, episodic_return=0.0
global_step=35228, episodic_return=0.0
global_step=35304, episodic_return=0.0
SPS: 2156
global_step=35396, episodic_return=0.0
global_step=35604, episodic_return=0.0
global_step=35632, episodic_return=0.0
global_step=35708, episodic_return=0.0
global_step=35800, episodic_return=0.0
SPS: 2169
global_step=36008, episodic_return=0.0
global_step=36036, episodic_return=0.0
global_step=36112, episodic_return=0.0
global_step=36204, episodic_return=0.0
SPS: 2182
global_step=36412, episodic_return=0.0
global_step=36440, episodic_return=0.0
global_step=36516, episodic_return=0.0
global_step=36608, episodic_return=0.0
global_step=36816, episodic_return=0.0
global_step=36844, episodic_return=0.0
SPS: 2194
global_step=36920, episodic_return=0.0
global_step=37012, episodic_return=0.0
global_step=37220, episodic_return=0.0
global_step=37248, episodic_return=0.0
global_step=37324, episodic_return=0.0
SPS: 2206
global_step=37416, episodic_return=0.0
global_step=37624, episodic_return=0.0
global_step=37652, episodic_return=0.0
global_step=37728, episodic_return=0.0
global_step=37820, episodic_return=0.0
SPS: 2217
global_step=38028, episodic_return=0.0
global_step=38056, episodic_return=0.0
global_step=38132, episodic_return=0.0
global_step=38224, episodic_return=0.0
SPS: 2229
global_step=38432, episodic_return=0.0
global_step=38460, episodic_return=0.0
global_step=38536, episodic_return=0.0
global_step=38628, episodic_return=0.0
global_step=38836, episodic_return=0.0
global_step=38864, episodic_return=0.0
SPS: 2241
global_step=38940, episodic_return=0.0
global_step=39032, episodic_return=0.0
global_step=39240, episodic_return=0.0
global_step=39268, episodic_return=0.0
global_step=39344, episodic_return=0.0
SPS: 2252
global_step=39436, episodic_return=0.0
global_step=39644, episodic_return=0.0
global_step=39672, episodic_return=0.0
global_step=39748, episodic_return=0.0
global_step=39840, episodic_return=0.0
SPS: 2263
global_step=40048, episodic_return=0.0
global_step=40076, episodic_return=0.0
global_step=40152, episodic_return=0.0
global_step=40244, episodic_return=0.0
SPS: 2274
global_step=40452, episodic_return=0.0
global_step=40480, episodic_return=0.0
global_step=40556, episodic_return=0.0
global_step=40648, episodic_return=0.0
global_step=40856, episodic_return=0.0
global_step=40884, episodic_return=0.0
global_step=40960, episodic_return=0.0
SPS: 2285
global_step=41052, episodic_return=0.0
global_step=41260, episodic_return=0.0
global_step=41288, episodic_return=0.0
global_step=41364, episodic_return=0.0
global_step=41456, episodic_return=0.0
SPS: 2295
global_step=41664, episodic_return=0.0
global_step=41692, episodic_return=0.0
global_step=41768, episodic_return=0.0
global_step=41860, episodic_return=0.0
SPS: 2305
global_step=42068, episodic_return=0.0
global_step=42096, episodic_return=0.0
global_step=42172, episodic_return=0.0
global_step=42264, episodic_return=0.0
global_step=42472, episodic_return=0.0
SPS: 2316
global_step=42500, episodic_return=0.0
global_step=42576, episodic_return=0.0
global_step=42668, episodic_return=0.0
global_step=42876, episodic_return=0.0
global_step=42904, episodic_return=0.0
global_step=42980, episodic_return=0.0
SPS: 2324
global_step=43072, episodic_return=0.0
global_step=43280, episodic_return=0.0
global_step=43308, episodic_return=0.0
global_step=43384, episodic_return=0.0
global_step=43476, episodic_return=0.0
SPS: 2335
global_step=43684, episodic_return=0.0
global_step=43712, episodic_return=0.0
global_step=43788, episodic_return=0.0
global_step=43880, episodic_return=0.0
SPS: 2345
global_step=44088, episodic_return=0.0
global_step=44116, episodic_return=0.0
global_step=44192, episodic_return=0.0
global_step=44284, episodic_return=0.0
global_step=44492, episodic_return=0.0
global_step=44520, episodic_return=0.0
SPS: 2354
global_step=44596, episodic_return=0.0
global_step=44688, episodic_return=0.0
global_step=44820, episodic_return=0.5049999999999999
global_step=44896, episodic_return=0.0
global_step=44924, episodic_return=0.0
SPS: 2363
global_step=45092, episodic_return=0.0
global_step=45124, episodic_return=0.4959999999999999
global_step=45224, episodic_return=0.0
global_step=45328, episodic_return=0.0
global_step=45496, episodic_return=0.0
global_step=45528, episodic_return=0.0
SPS: 2372
global_step=45628, episodic_return=0.0
global_step=45732, episodic_return=0.0
global_step=45900, episodic_return=0.0
global_step=45932, episodic_return=0.0
global_step=46032, episodic_return=0.0
SPS: 2381
global_step=46136, episodic_return=0.0
global_step=46304, episodic_return=0.0
global_step=46336, episodic_return=0.0
global_step=46380, episodic_return=0.45999999999999996
global_step=46436, episodic_return=0.0
SPS: 2390
global_step=46708, episodic_return=0.0
global_step=46740, episodic_return=0.0
global_step=46784, episodic_return=0.0
global_step=46840, episodic_return=0.0
SPS: 2399
global_step=47112, episodic_return=0.0
global_step=47144, episodic_return=0.0
global_step=47188, episodic_return=0.0
global_step=47240, episodic_return=0.721
global_step=47244, episodic_return=0.0
global_step=47548, episodic_return=0.0
global_step=47592, episodic_return=0.0
SPS: 2408
global_step=47644, episodic_return=0.0
global_step=47648, episodic_return=0.0
global_step=47952, episodic_return=0.0
global_step=47996, episodic_return=0.0
global_step=48048, episodic_return=0.0
global_step=48052, episodic_return=0.0
SPS: 2417
global_step=48228, episodic_return=0.487
global_step=48356, episodic_return=0.0
global_step=48452, episodic_return=0.0
global_step=48456, episodic_return=0.0
global_step=48632, episodic_return=0.0
SPS: 2425
global_step=48760, episodic_return=0.0
global_step=48856, episodic_return=0.0
global_step=48860, episodic_return=0.0
global_step=49036, episodic_return=0.0
SPS: 2434
global_step=49164, episodic_return=0.0
global_step=49260, episodic_return=0.0
global_step=49264, episodic_return=0.0
global_step=49440, episodic_return=0.0
global_step=49568, episodic_return=0.0
global_step=49664, episodic_return=0.0
SPS: 2442
global_step=49668, episodic_return=0.0
global_step=49844, episodic_return=0.0
global_step=49972, episodic_return=0.0
global_step=50068, episodic_return=0.0
global_step=50072, episodic_return=0.0
SPS: 2451
global_step=50248, episodic_return=0.0
global_step=50376, episodic_return=0.0
global_step=50472, episodic_return=0.0
global_step=50476, episodic_return=0.0
global_step=50652, episodic_return=0.0
SPS: 2459
global_step=50780, episodic_return=0.0
global_step=50876, episodic_return=0.0
global_step=50880, episodic_return=0.0
global_step=51056, episodic_return=0.0
global_step=51184, episodic_return=0.0
SPS: 2463
global_step=51280, episodic_return=0.0
global_step=51284, episodic_return=0.0
global_step=51460, episodic_return=0.0
global_step=51588, episodic_return=0.0
global_step=51684, episodic_return=0.0
global_step=51688, episodic_return=0.0
SPS: 2470
global_step=51864, episodic_return=0.0
global_step=51992, episodic_return=0.0
global_step=52088, episodic_return=0.0
global_step=52092, episodic_return=0.0
SPS: 2478
global_step=52268, episodic_return=0.0
global_step=52396, episodic_return=0.0
global_step=52492, episodic_return=0.0
global_step=52496, episodic_return=0.0
global_step=52672, episodic_return=0.0
SPS: 2486
global_step=52800, episodic_return=0.0
global_step=52896, episodic_return=0.0
global_step=52900, episodic_return=0.0
global_step=53076, episodic_return=0.0
global_step=53204, episodic_return=0.0
SPS: 2493
global_step=53300, episodic_return=0.0
global_step=53304, episodic_return=0.0
global_step=53480, episodic_return=0.0
global_step=53608, episodic_return=0.0
global_step=53704, episodic_return=0.0
global_step=53708, episodic_return=0.0
SPS: 2501
global_step=53884, episodic_return=0.0
global_step=54012, episodic_return=0.0
global_step=54108, episodic_return=0.0
global_step=54112, episodic_return=0.0
SPS: 2508
global_step=54288, episodic_return=0.0
global_step=54416, episodic_return=0.0
global_step=54512, episodic_return=0.0
global_step=54516, episodic_return=0.0
global_step=54692, episodic_return=0.0
SPS: 2516
global_step=54820, episodic_return=0.0
global_step=54916, episodic_return=0.0
global_step=54920, episodic_return=0.0
global_step=55096, episodic_return=0.0
global_step=55224, episodic_return=0.0
SPS: 2521
global_step=55320, episodic_return=0.0
global_step=55324, episodic_return=0.0
global_step=55500, episodic_return=0.0
global_step=55628, episodic_return=0.0
global_step=55724, episodic_return=0.0
global_step=55728, episodic_return=0.0
SPS: 2528
global_step=55884, episodic_return=0.43299999999999994
global_step=55904, episodic_return=0.0
global_step=56128, episodic_return=0.0
global_step=56132, episodic_return=0.0
global_step=56288, episodic_return=0.0
global_step=56308, episodic_return=0.0
SPS: 2535
global_step=56532, episodic_return=0.0
global_step=56536, episodic_return=0.0
global_step=56692, episodic_return=0.0
global_step=56712, episodic_return=0.0
SPS: 2542
global_step=56936, episodic_return=0.0
global_step=56940, episodic_return=0.0
global_step=57096, episodic_return=0.0
global_step=57116, episodic_return=0.0
global_step=57340, episodic_return=0.0
global_step=57344, episodic_return=0.0
SPS: 2549
global_step=57500, episodic_return=0.0
global_step=57520, episodic_return=0.0
global_step=57744, episodic_return=0.0
global_step=57748, episodic_return=0.0
SPS: 2556
global_step=57904, episodic_return=0.0
global_step=57924, episodic_return=0.0
global_step=58064, episodic_return=0.2889999999999999
global_step=58152, episodic_return=0.0
global_step=58308, episodic_return=0.0
global_step=58328, episodic_return=0.0
SPS: 2563
global_step=58468, episodic_return=0.0
global_step=58556, episodic_return=0.0
global_step=58712, episodic_return=0.0
global_step=58732, episodic_return=0.0
global_step=58872, episodic_return=0.0
SPS: 2569
global_step=58960, episodic_return=0.0
global_step=59116, episodic_return=0.0
global_step=59136, episodic_return=0.0
global_step=59276, episodic_return=0.0
global_step=59364, episodic_return=0.0
SPS: 2576
global_step=59520, episodic_return=0.0
global_step=59540, episodic_return=0.0
global_step=59680, episodic_return=0.0
global_step=59768, episodic_return=0.0
SPS: 2582
global_step=59924, episodic_return=0.0
global_step=59944, episodic_return=0.0
global_step=60084, episodic_return=0.0
global_step=60172, episodic_return=0.0
global_step=60328, episodic_return=0.0
global_step=60348, episodic_return=0.0
SPS: 2588
global_step=60488, episodic_return=0.0
global_step=60576, episodic_return=0.0
global_step=60732, episodic_return=0.0
global_step=60752, episodic_return=0.0
global_step=60892, episodic_return=0.0
SPS: 2595
global_step=60980, episodic_return=0.0
global_step=61100, episodic_return=0.739
global_step=61136, episodic_return=0.0
global_step=61156, episodic_return=0.0
global_step=61164, episodic_return=0.991
global_step=61296, episodic_return=0.0
SPS: 2601
global_step=61504, episodic_return=0.0
global_step=61540, episodic_return=0.0
global_step=61568, episodic_return=0.0
global_step=61700, episodic_return=0.0
global_step=61716, episodic_return=0.973
global_step=61908, episodic_return=0.0
global_step=61944, episodic_return=0.0
SPS: 2606
global_step=61972, episodic_return=0.0
global_step=62120, episodic_return=0.0
global_step=62312, episodic_return=0.0
global_step=62348, episodic_return=0.0
global_step=62376, episodic_return=0.0
global_step=62436, episodic_return=0.73
SPS: 2612
global_step=62524, episodic_return=0.0
global_step=62752, episodic_return=0.0
global_step=62780, episodic_return=0.0
global_step=62840, episodic_return=0.0
global_step=62928, episodic_return=0.0
SPS: 2618
global_step=63156, episodic_return=0.0
global_step=63184, episodic_return=0.0
global_step=63244, episodic_return=0.0
global_step=63332, episodic_return=0.0
global_step=63484, episodic_return=0.469
SPS: 2623
global_step=63560, episodic_return=0.0
global_step=63588, episodic_return=0.0
global_step=63736, episodic_return=0.0
global_step=63888, episodic_return=0.0
global_step=63964, episodic_return=0.0
global_step=63992, episodic_return=0.0
SPS: 2629
global_step=64140, episodic_return=0.0
global_step=64292, episodic_return=0.0
global_step=64368, episodic_return=0.0
global_step=64396, episodic_return=0.0
SPS: 2635
global_step=64544, episodic_return=0.0
global_step=64696, episodic_return=0.0
global_step=64772, episodic_return=0.0
global_step=64800, episodic_return=0.0
global_step=64948, episodic_return=0.0
SPS: 2641
global_step=65100, episodic_return=0.0
global_step=65176, episodic_return=0.0
global_step=65204, episodic_return=0.0
global_step=65352, episodic_return=0.0
global_step=65504, episodic_return=0.0
SPS: 2646
global_step=65580, episodic_return=0.0
global_step=65608, episodic_return=0.0
global_step=65756, episodic_return=0.0
global_step=65908, episodic_return=0.0
global_step=65984, episodic_return=0.0
global_step=66012, episodic_return=0.0
SPS: 2652
global_step=66116, episodic_return=0.775
global_step=66160, episodic_return=0.0
global_step=66312, episodic_return=0.0
global_step=66388, episodic_return=0.0
global_step=66520, episodic_return=0.0
SPS: 2657
global_step=66564, episodic_return=0.0
global_step=66716, episodic_return=0.0
global_step=66792, episodic_return=0.0
global_step=66924, episodic_return=0.0
global_step=66968, episodic_return=0.0
SPS: 2662
global_step=67120, episodic_return=0.0
global_step=67196, episodic_return=0.0
global_step=67328, episodic_return=0.0
global_step=67372, episodic_return=0.0
global_step=67524, episodic_return=0.0
SPS: 2668
global_step=67600, episodic_return=0.0
global_step=67732, episodic_return=0.0
global_step=67776, episodic_return=0.0
global_step=67928, episodic_return=0.0
global_step=68004, episodic_return=0.0
SPS: 2673
global_step=68136, episodic_return=0.0
global_step=68180, episodic_return=0.0
global_step=68332, episodic_return=0.0
global_step=68408, episodic_return=0.0
global_step=68540, episodic_return=0.0
global_step=68584, episodic_return=0.0
SPS: 2678
global_step=68736, episodic_return=0.0
global_step=68812, episodic_return=0.0
global_step=68944, episodic_return=0.0
global_step=68988, episodic_return=0.0
SPS: 2678
global_step=69140, episodic_return=0.0
global_step=69216, episodic_return=0.0
global_step=69348, episodic_return=0.0
global_step=69392, episodic_return=0.0
global_step=69544, episodic_return=0.0
global_step=69620, episodic_return=0.0
SPS: 2683
global_step=69752, episodic_return=0.0
global_step=69796, episodic_return=0.0
global_step=69948, episodic_return=0.0
global_step=70024, episodic_return=0.0
SPS: 2687
global_step=70156, episodic_return=0.0
global_step=70200, episodic_return=0.0
global_step=70352, episodic_return=0.0
global_step=70428, episodic_return=0.0
global_step=70560, episodic_return=0.0
global_step=70604, episodic_return=0.0
SPS: 2692
global_step=70756, episodic_return=0.0
global_step=70832, episodic_return=0.0
global_step=70900, episodic_return=0.856
global_step=70964, episodic_return=0.0
global_step=71008, episodic_return=0.0
global_step=71160, episodic_return=0.0
SPS: 2697
global_step=71304, episodic_return=0.0
global_step=71368, episodic_return=0.0
global_step=71412, episodic_return=0.0
global_step=71564, episodic_return=0.0
SPS: 2702
global_step=71708, episodic_return=0.0
global_step=71772, episodic_return=0.0
global_step=71816, episodic_return=0.0
global_step=71968, episodic_return=0.0
global_step=72112, episodic_return=0.0
global_step=72176, episodic_return=0.0
SPS: 2705
global_step=72220, episodic_return=0.0
global_step=72372, episodic_return=0.0
global_step=72516, episodic_return=0.0
global_step=72580, episodic_return=0.0
global_step=72624, episodic_return=0.0
SPS: 2710
global_step=72776, episodic_return=0.0
global_step=72920, episodic_return=0.0
global_step=72984, episodic_return=0.0
global_step=73028, episodic_return=0.0
global_step=73180, episodic_return=0.0
SPS: 2714
global_step=73248, episodic_return=0.856
global_step=73324, episodic_return=0.0
global_step=73388, episodic_return=0.0
global_step=73432, episodic_return=0.0
global_step=73652, episodic_return=0.0
global_step=73728, episodic_return=0.0
SPS: 2719
global_step=73792, episodic_return=0.0
global_step=73836, episodic_return=0.0
global_step=74056, episodic_return=0.0
global_step=74132, episodic_return=0.0
global_step=74196, episodic_return=0.0
global_step=74240, episodic_return=0.0
SPS: 2723
global_step=74460, episodic_return=0.0
global_step=74536, episodic_return=0.0
global_step=74600, episodic_return=0.0
global_step=74644, episodic_return=0.0
SPS: 2727
global_step=74864, episodic_return=0.0
global_step=74940, episodic_return=0.0
global_step=75004, episodic_return=0.0
global_step=75048, episodic_return=0.0
SPS: 2732
global_step=75268, episodic_return=0.0
global_step=75344, episodic_return=0.0
global_step=75408, episodic_return=0.0
global_step=75452, episodic_return=0.0
global_step=75672, episodic_return=0.0
global_step=75748, episodic_return=0.0
SPS: 2735
global_step=75812, episodic_return=0.0
global_step=75856, episodic_return=0.0
global_step=76076, episodic_return=0.0
global_step=76152, episodic_return=0.0
global_step=76184, episodic_return=0.9369999999999999
global_step=76216, episodic_return=0.0
global_step=76260, episodic_return=0.0
SPS: 2740
global_step=76480, episodic_return=0.0
global_step=76532, episodic_return=0.29799999999999993
global_step=76588, episodic_return=0.0
global_step=76664, episodic_return=0.0
SPS: 2744
global_step=76884, episodic_return=0.0
global_step=76936, episodic_return=0.0
global_step=76992, episodic_return=0.0
global_step=77068, episodic_return=0.0
global_step=77288, episodic_return=0.0
SPS: 2749
global_step=77340, episodic_return=0.0
global_step=77396, episodic_return=0.0
global_step=77472, episodic_return=0.0
global_step=77668, episodic_return=0.15400000000000003
global_step=77688, episodic_return=0.5229999999999999
global_step=77744, episodic_return=0.0
global_step=77800, episodic_return=0.0
SPS: 2752
global_step=78072, episodic_return=0.0
global_step=78092, episodic_return=0.0
global_step=78148, episodic_return=0.0
global_step=78204, episodic_return=0.0
SPS: 2757
global_step=78476, episodic_return=0.0
global_step=78496, episodic_return=0.0
global_step=78552, episodic_return=0.0
global_step=78608, episodic_return=0.0
SPS: 2761
global_step=78880, episodic_return=0.0
global_step=78900, episodic_return=0.0
global_step=78956, episodic_return=0.0
global_step=79012, episodic_return=0.0
global_step=79032, episodic_return=0.838
global_step=79284, episodic_return=0.0
global_step=79304, episodic_return=0.0
SPS: 2764
global_step=79416, episodic_return=0.0
global_step=79436, episodic_return=0.0
global_step=79688, episodic_return=0.0
global_step=79708, episodic_return=0.0
global_step=79820, episodic_return=0.0
global_step=79840, episodic_return=0.0
SPS: 2768
global_step=80092, episodic_return=0.0
global_step=80112, episodic_return=0.0
global_step=80224, episodic_return=0.0
global_step=80244, episodic_return=0.0
SPS: 2772
global_step=80496, episodic_return=0.0
global_step=80516, episodic_return=0.0
global_step=80628, episodic_return=0.0
global_step=80648, episodic_return=0.0
SPS: 2775
global_step=80900, episodic_return=0.0
global_step=80920, episodic_return=0.0
global_step=81032, episodic_return=0.0
global_step=81052, episodic_return=0.0
global_step=81304, episodic_return=0.0
global_step=81324, episodic_return=0.0
SPS: 2779
global_step=81436, episodic_return=0.0
global_step=81456, episodic_return=0.0
global_step=81708, episodic_return=0.0
global_step=81728, episodic_return=0.0
global_step=81840, episodic_return=0.0
global_step=81860, episodic_return=0.0
SPS: 2783
global_step=82112, episodic_return=0.0
global_step=82132, episodic_return=0.0
global_step=82244, episodic_return=0.0
global_step=82264, episodic_return=0.0
SPS: 2787
global_step=82516, episodic_return=0.0
global_step=82536, episodic_return=0.0
global_step=82648, episodic_return=0.0
global_step=82668, episodic_return=0.0
global_step=82920, episodic_return=0.0
global_step=82940, episodic_return=0.0
SPS: 2791
global_step=83052, episodic_return=0.0
global_step=83072, episodic_return=0.0
global_step=83324, episodic_return=0.0
global_step=83344, episodic_return=0.0
global_step=83456, episodic_return=0.0
SPS: 2795
global_step=83476, episodic_return=0.0
global_step=83728, episodic_return=0.0
global_step=83748, episodic_return=0.0
global_step=83860, episodic_return=0.0
global_step=83880, episodic_return=0.0
SPS: 2799
global_step=84132, episodic_return=0.0
global_step=84152, episodic_return=0.0
global_step=84264, episodic_return=0.0
global_step=84284, episodic_return=0.0
SPS: 2803
global_step=84536, episodic_return=0.0
global_step=84556, episodic_return=0.0
global_step=84668, episodic_return=0.0
global_step=84688, episodic_return=0.0
global_step=84940, episodic_return=0.0
global_step=84960, episodic_return=0.0
SPS: 2806
global_step=85072, episodic_return=0.0
global_step=85092, episodic_return=0.0
global_step=85344, episodic_return=0.0
global_step=85364, episodic_return=0.0
global_step=85476, episodic_return=0.0
global_step=85496, episodic_return=0.0
SPS: 2809
global_step=85748, episodic_return=0.0
global_step=85768, episodic_return=0.0
global_step=85880, episodic_return=0.0
global_step=85900, episodic_return=0.0
SPS: 2812
global_step=86152, episodic_return=0.0
global_step=86172, episodic_return=0.0
global_step=86284, episodic_return=0.0
global_step=86304, episodic_return=0.0
SPS: 2816
global_step=86556, episodic_return=0.0
global_step=86576, episodic_return=0.0
global_step=86688, episodic_return=0.0
global_step=86708, episodic_return=0.0
global_step=86960, episodic_return=0.0
global_step=86980, episodic_return=0.0
SPS: 2818
global_step=87092, episodic_return=0.0
global_step=87112, episodic_return=0.0
global_step=87232, episodic_return=0.694
global_step=87364, episodic_return=0.0
global_step=87384, episodic_return=0.0
global_step=87516, episodic_return=0.0
SPS: 2821
global_step=87636, episodic_return=0.0
global_step=87768, episodic_return=0.0
global_step=87788, episodic_return=0.0
global_step=87920, episodic_return=0.0
global_step=88040, episodic_return=0.0
SPS: 2825
global_step=88172, episodic_return=0.0
global_step=88192, episodic_return=0.0
global_step=88324, episodic_return=0.0
global_step=88444, episodic_return=0.0
global_step=88576, episodic_return=0.0
SPS: 2828
global_step=88596, episodic_return=0.0
global_step=88728, episodic_return=0.0
global_step=88848, episodic_return=0.0
global_step=88980, episodic_return=0.0
global_step=89000, episodic_return=0.0
SPS: 2832
global_step=89132, episodic_return=0.0
global_step=89252, episodic_return=0.0
global_step=89384, episodic_return=0.0
global_step=89404, episodic_return=0.0
global_step=89536, episodic_return=0.0
SPS: 2836
global_step=89656, episodic_return=0.0
global_step=89788, episodic_return=0.0
global_step=89808, episodic_return=0.0
global_step=89940, episodic_return=0.0
global_step=90060, episodic_return=0.0
SPS: 2839
global_step=90192, episodic_return=0.0
global_step=90212, episodic_return=0.0
global_step=90344, episodic_return=0.0
global_step=90464, episodic_return=0.0
global_step=90596, episodic_return=0.0
global_step=90616, episodic_return=0.0
SPS: 2843
global_step=90748, episodic_return=0.0
global_step=90868, episodic_return=0.0
global_step=91000, episodic_return=0.0
global_step=91020, episodic_return=0.0
global_step=91096, episodic_return=0.4959999999999999
SPS: 2846
global_step=91152, episodic_return=0.0
global_step=91404, episodic_return=0.0
global_step=91424, episodic_return=0.0
global_step=91500, episodic_return=0.0
global_step=91556, episodic_return=0.0
SPS: 2849
global_step=91808, episodic_return=0.0
global_step=91828, episodic_return=0.0
global_step=91904, episodic_return=0.0
global_step=91960, episodic_return=0.0
SPS: 2853
global_step=92212, episodic_return=0.0
global_step=92232, episodic_return=0.0
global_step=92308, episodic_return=0.0
global_step=92364, episodic_return=0.0
global_step=92616, episodic_return=0.0
global_step=92636, episodic_return=0.0
SPS: 2856
global_step=92712, episodic_return=0.0
global_step=92768, episodic_return=0.0
global_step=93020, episodic_return=0.0
global_step=93040, episodic_return=0.0
global_step=93116, episodic_return=0.0
global_step=93172, episodic_return=0.0
SPS: 2858
global_step=93424, episodic_return=0.0
global_step=93444, episodic_return=0.0
global_step=93520, episodic_return=0.0
global_step=93576, episodic_return=0.0
SPS: 2862
global_step=93828, episodic_return=0.0
global_step=93848, episodic_return=0.0
global_step=93924, episodic_return=0.0
global_step=93980, episodic_return=0.0
SPS: 2865
global_step=94232, episodic_return=0.0
global_step=94252, episodic_return=0.0
global_step=94328, episodic_return=0.0
global_step=94384, episodic_return=0.0
global_step=94464, episodic_return=0.487
global_step=94656, episodic_return=0.0
SPS: 2867
global_step=94732, episodic_return=0.0
global_step=94788, episodic_return=0.0
global_step=94868, episodic_return=0.0
global_step=95060, episodic_return=0.0
global_step=95136, episodic_return=0.0
global_step=95192, episodic_return=0.0
SPS: 2869
global_step=95272, episodic_return=0.0
global_step=95464, episodic_return=0.0
global_step=95540, episodic_return=0.0
global_step=95596, episodic_return=0.0
global_step=95676, episodic_return=0.0
SPS: 2873
global_step=95868, episodic_return=0.0
global_step=95944, episodic_return=0.0
global_step=96000, episodic_return=0.0
global_step=96080, episodic_return=0.0
SPS: 2876
global_step=96272, episodic_return=0.0
global_step=96348, episodic_return=0.0
global_step=96404, episodic_return=0.0
global_step=96484, episodic_return=0.0
global_step=96676, episodic_return=0.0
global_step=96752, episodic_return=0.0
SPS: 2879
global_step=96808, episodic_return=0.0
global_step=96888, episodic_return=0.0
global_step=97080, episodic_return=0.0
global_step=97156, episodic_return=0.0
global_step=97212, episodic_return=0.0
SPS: 2882
global_step=97292, episodic_return=0.0
global_step=97484, episodic_return=0.0
global_step=97496, episodic_return=0.55
global_step=97560, episodic_return=0.0
global_step=97616, episodic_return=0.0
SPS: 2885
global_step=97888, episodic_return=0.0
global_step=97900, episodic_return=0.0
global_step=97964, episodic_return=0.0
global_step=98020, episodic_return=0.0
global_step=98292, episodic_return=0.0
global_step=98304, episodic_return=0.0
SPS: 2888
global_step=98368, episodic_return=0.0
global_step=98424, episodic_return=0.0
global_step=98696, episodic_return=0.0
global_step=98708, episodic_return=0.0
global_step=98772, episodic_return=0.0
SPS: 2891
global_step=98828, episodic_return=0.0
global_step=99100, episodic_return=0.0
global_step=99112, episodic_return=0.0
global_step=99176, episodic_return=0.0
global_step=99232, episodic_return=0.0
SPS: 2894
global_step=99504, episodic_return=0.0
global_step=99516, episodic_return=0.0
global_step=99560, episodic_return=0.91
global_step=99580, episodic_return=0.0
global_step=99636, episodic_return=0.0
SPS: 2897
global_step=99908, episodic_return=0.0
global_step=99964, episodic_return=0.0
global_step=99972, episodic_return=0.253
global_step=99984, episodic_return=0.0
global_step=100312, episodic_return=0.0
SPS: 2900
global_step=100368, episodic_return=0.0
global_step=100376, episodic_return=0.0
global_step=100388, episodic_return=0.0
global_step=100716, episodic_return=0.0
global_step=100772, episodic_return=0.0
global_step=100780, episodic_return=0.0
global_step=100792, episodic_return=0.0
SPS: 2903
global_step=101120, episodic_return=0.0
global_step=101176, episodic_return=0.0
global_step=101184, episodic_return=0.0
global_step=101196, episodic_return=0.0
global_step=101280, episodic_return=0.82
SPS: 2905
global_step=101524, episodic_return=0.0
global_step=101580, episodic_return=0.0
global_step=101588, episodic_return=0.0
global_step=101684, episodic_return=0.0
SPS: 2908
global_step=101928, episodic_return=0.0
global_step=101984, episodic_return=0.0
global_step=101992, episodic_return=0.0
global_step=102088, episodic_return=0.0
global_step=102332, episodic_return=0.0
global_step=102388, episodic_return=0.0
global_step=102396, episodic_return=0.0
SPS: 2911
global_step=102492, episodic_return=0.0
global_step=102736, episodic_return=0.0
global_step=102792, episodic_return=0.0
global_step=102800, episodic_return=0.0
global_step=102896, episodic_return=0.0
SPS: 2914
global_step=103140, episodic_return=0.0
global_step=103196, episodic_return=0.0
global_step=103204, episodic_return=0.0
global_step=103300, episodic_return=0.0
SPS: 2916
global_step=103544, episodic_return=0.0
global_step=103600, episodic_return=0.0
global_step=103608, episodic_return=0.0
global_step=103704, episodic_return=0.0
SPS: 2919
global_step=103948, episodic_return=0.0
global_step=104004, episodic_return=0.0
global_step=104012, episodic_return=0.0
global_step=104108, episodic_return=0.0
global_step=104352, episodic_return=0.0
global_step=104408, episodic_return=0.0
global_step=104416, episodic_return=0.0
SPS: 2922
global_step=104512, episodic_return=0.0
global_step=104756, episodic_return=0.0
global_step=104812, episodic_return=0.0
global_step=104820, episodic_return=0.0
global_step=104916, episodic_return=0.0
SPS: 2922
global_step=105056, episodic_return=0.478
global_step=105160, episodic_return=0.0
global_step=105216, episodic_return=0.0
global_step=105320, episodic_return=0.0
global_step=105376, episodic_return=0.5229999999999999
global_step=105460, episodic_return=0.0
SPS: 2924
global_step=105620, episodic_return=0.0
global_step=105724, episodic_return=0.0
global_step=105780, episodic_return=0.0
global_step=105864, episodic_return=0.0
SPS: 2927
global_step=106024, episodic_return=0.0
global_step=106128, episodic_return=0.0
global_step=106184, episodic_return=0.0
global_step=106268, episodic_return=0.0
global_step=106428, episodic_return=0.0
SPS: 2930
global_step=106532, episodic_return=0.0
global_step=106588, episodic_return=0.0
global_step=106672, episodic_return=0.0
global_step=106832, episodic_return=0.0
global_step=106936, episodic_return=0.0
global_step=106992, episodic_return=0.0
SPS: 2932
global_step=107076, episodic_return=0.0
global_step=107236, episodic_return=0.0
global_step=107340, episodic_return=0.0
global_step=107396, episodic_return=0.0
global_step=107480, episodic_return=0.0
SPS: 2934
global_step=107640, episodic_return=0.0
global_step=107744, episodic_return=0.0
global_step=107800, episodic_return=0.0
global_step=107884, episodic_return=0.0
SPS: 2937
global_step=108044, episodic_return=0.0
global_step=108148, episodic_return=0.0
global_step=108204, episodic_return=0.0
global_step=108288, episodic_return=0.0
global_step=108448, episodic_return=0.0
SPS: 2939
global_step=108552, episodic_return=0.0
global_step=108608, episodic_return=0.0
global_step=108692, episodic_return=0.0
global_step=108852, episodic_return=0.0
global_step=108956, episodic_return=0.0
global_step=109012, episodic_return=0.0
SPS: 2942
global_step=109096, episodic_return=0.0
global_step=109256, episodic_return=0.0
global_step=109360, episodic_return=0.0
global_step=109416, episodic_return=0.0
global_step=109500, episodic_return=0.0
SPS: 2944
global_step=109660, episodic_return=0.0
global_step=109764, episodic_return=0.0
global_step=109820, episodic_return=0.0
global_step=109904, episodic_return=0.0
global_step=109972, episodic_return=0.30699999999999994
SPS: 2947
global_step=110168, episodic_return=0.0
global_step=110224, episodic_return=0.0
global_step=110308, episodic_return=0.0
global_step=110376, episodic_return=0.0
global_step=110572, episodic_return=0.0
SPS: 2950
global_step=110628, episodic_return=0.0
global_step=110712, episodic_return=0.0
global_step=110780, episodic_return=0.0
global_step=110976, episodic_return=0.0
global_step=111032, episodic_return=0.0
SPS: 2952
global_step=111116, episodic_return=0.0
global_step=111184, episodic_return=0.0
global_step=111380, episodic_return=0.0
global_step=111436, episodic_return=0.0
global_step=111520, episodic_return=0.0
global_step=111588, episodic_return=0.0
SPS: 2954
global_step=111784, episodic_return=0.0
global_step=111788, episodic_return=0.5589999999999999
global_step=111840, episodic_return=0.0
global_step=111924, episodic_return=0.0
SPS: 2957
global_step=112188, episodic_return=0.0
global_step=112192, episodic_return=0.0
global_step=112244, episodic_return=0.0
global_step=112328, episodic_return=0.0
global_step=112592, episodic_return=0.0
global_step=112596, episodic_return=0.0
SPS: 2959
global_step=112648, episodic_return=0.0
global_step=112732, episodic_return=0.0
global_step=112804, episodic_return=0.5409999999999999
global_step=112996, episodic_return=0.0
global_step=113052, episodic_return=0.0
global_step=113096, episodic_return=0.91
global_step=113136, episodic_return=0.0
SPS: 2961
global_step=113208, episodic_return=0.0
global_step=113328, episodic_return=0.739
global_step=113400, episodic_return=0.0
global_step=113500, episodic_return=0.0
global_step=113540, episodic_return=0.0
SPS: 2964
global_step=113732, episodic_return=0.0
global_step=113804, episodic_return=0.0
global_step=113832, episodic_return=0.352
global_step=113844, episodic_return=0.919
global_step=113904, episodic_return=0.0
global_step=114136, episodic_return=0.0
SPS: 2966
global_step=114236, episodic_return=0.0
global_step=114248, episodic_return=0.0
global_step=114308, episodic_return=0.0
global_step=114540, episodic_return=0.0
global_step=114640, episodic_return=0.0
global_step=114652, episodic_return=0.0
SPS: 2969
global_step=114712, episodic_return=0.0
global_step=114944, episodic_return=0.0
global_step=115044, episodic_return=0.0
global_step=115056, episodic_return=0.0
global_step=115116, episodic_return=0.0
SPS: 2971
global_step=115348, episodic_return=0.0
global_step=115448, episodic_return=0.0
global_step=115460, episodic_return=0.0
global_step=115520, episodic_return=0.0
SPS: 2973
global_step=115752, episodic_return=0.0
global_step=115852, episodic_return=0.0
global_step=115864, episodic_return=0.0
global_step=115924, episodic_return=0.0
global_step=116156, episodic_return=0.0
SPS: 2976
global_step=116256, episodic_return=0.0
global_step=116268, episodic_return=0.0
global_step=116328, episodic_return=0.0
global_step=116560, episodic_return=0.0
global_step=116660, episodic_return=0.0
global_step=116672, episodic_return=0.0
global_step=116732, episodic_return=0.0
SPS: 2978
global_step=116964, episodic_return=0.0
global_step=117064, episodic_return=0.0
global_step=117076, episodic_return=0.0
global_step=117136, episodic_return=0.0
SPS: 2980
global_step=117368, episodic_return=0.0
global_step=117468, episodic_return=0.0
global_step=117480, episodic_return=0.0
global_step=117540, episodic_return=0.0
global_step=117604, episodic_return=0.865
SPS: 2982
global_step=117772, episodic_return=0.0
global_step=117872, episodic_return=0.0
global_step=117884, episodic_return=0.0
global_step=117992, episodic_return=0.739
global_step=118008, episodic_return=0.0
global_step=118176, episodic_return=0.0
SPS: 2984
global_step=118288, episodic_return=0.0
global_step=118396, episodic_return=0.0
global_step=118412, episodic_return=0.0
global_step=118580, episodic_return=0.0
global_step=118692, episodic_return=0.0
global_step=118728, episodic_return=0.262
SPS: 2986
global_step=118816, episodic_return=0.0
global_step=118984, episodic_return=0.0
global_step=119096, episodic_return=0.0
global_step=119132, episodic_return=0.0
global_step=119148, episodic_return=0.262
SPS: 2989
global_step=119388, episodic_return=0.0
global_step=119500, episodic_return=0.0
global_step=119536, episodic_return=0.0
global_step=119552, episodic_return=0.0
global_step=119792, episodic_return=0.0
SPS: 2991
global_step=119856, episodic_return=0.2889999999999999
global_step=119904, episodic_return=0.0
global_step=119956, episodic_return=0.0
global_step=120196, episodic_return=0.0
global_step=120260, episodic_return=0.0
global_step=120308, episodic_return=0.0
SPS: 2993
global_step=120360, episodic_return=0.0
global_step=120600, episodic_return=0.0
global_step=120664, episodic_return=0.0
global_step=120712, episodic_return=0.0
global_step=120764, episodic_return=0.0
SPS: 2994
global_step=121004, episodic_return=0.0
global_step=121068, episodic_return=0.0
global_step=121116, episodic_return=0.0
global_step=121168, episodic_return=0.0
global_step=121192, episodic_return=0.586
SPS: 2997
global_step=121472, episodic_return=0.0
global_step=121520, episodic_return=0.0
global_step=121572, episodic_return=0.0
global_step=121596, episodic_return=0.0
SPS: 2999
global_step=121876, episodic_return=0.0
global_step=121924, episodic_return=0.0
global_step=121976, episodic_return=0.0
global_step=122000, episodic_return=0.0
global_step=122228, episodic_return=0.4959999999999999
global_step=122280, episodic_return=0.0
global_step=122328, episodic_return=0.0
SPS: 3000
global_step=122380, episodic_return=0.0
global_step=122632, episodic_return=0.0
global_step=122684, episodic_return=0.0
global_step=122732, episodic_return=0.0
global_step=122784, episodic_return=0.0
SPS: 3001
global_step=122996, episodic_return=0.4149999999999999
global_step=123036, episodic_return=0.0
global_step=123088, episodic_return=0.0
global_step=123188, episodic_return=0.0
SPS: 3004
global_step=123400, episodic_return=0.0
global_step=123440, episodic_return=0.0
global_step=123492, episodic_return=0.0
global_step=123592, episodic_return=0.0
global_step=123804, episodic_return=0.0
global_step=123844, episodic_return=0.0
global_step=123896, episodic_return=0.0
SPS: 3006
global_step=123996, episodic_return=0.0
global_step=124208, episodic_return=0.0
global_step=124248, episodic_return=0.0
global_step=124300, episodic_return=0.0
global_step=124400, episodic_return=0.0
SPS: 3008
global_step=124612, episodic_return=0.0
global_step=124652, episodic_return=0.0
global_step=124704, episodic_return=0.0
global_step=124804, episodic_return=0.0
SPS: 3010
global_step=125016, episodic_return=0.0
global_step=125056, episodic_return=0.0
global_step=125108, episodic_return=0.0
global_step=125208, episodic_return=0.0
global_step=125420, episodic_return=0.0
SPS: 3012
global_step=125460, episodic_return=0.0
global_step=125512, episodic_return=0.0
global_step=125612, episodic_return=0.0
global_step=125824, episodic_return=0.0
global_step=125864, episodic_return=0.0
global_step=125916, episodic_return=0.0
SPS: 3014
global_step=126016, episodic_return=0.0
global_step=126228, episodic_return=0.0
global_step=126268, episodic_return=0.0
global_step=126320, episodic_return=0.0
global_step=126420, episodic_return=0.0
SPS: 3016
global_step=126632, episodic_return=0.0
global_step=126672, episodic_return=0.0
global_step=126724, episodic_return=0.0
global_step=126824, episodic_return=0.0
SPS: 3018
global_step=127008, episodic_return=0.37
global_step=127036, episodic_return=0.0
global_step=127076, episodic_return=0.0
global_step=127228, episodic_return=0.0
global_step=127412, episodic_return=0.0
global_step=127440, episodic_return=0.0
global_step=127480, episodic_return=0.0
SPS: 3019
global_step=127632, episodic_return=0.0
global_step=127816, episodic_return=0.0
global_step=127844, episodic_return=0.0
global_step=127884, episodic_return=0.0
SPS: 3022
global_step=128036, episodic_return=0.0
global_step=128220, episodic_return=0.0
global_step=128248, episodic_return=0.0
global_step=128288, episodic_return=0.0
global_step=128440, episodic_return=0.0
SPS: 3024
global_step=128624, episodic_return=0.0
global_step=128652, episodic_return=0.0
global_step=128692, episodic_return=0.0
global_step=128844, episodic_return=0.0
SPS: 3026
global_step=129028, episodic_return=0.0
global_step=129056, episodic_return=0.0
global_step=129096, episodic_return=0.0
global_step=129232, episodic_return=0.613
global_step=129248, episodic_return=0.0
global_step=129432, episodic_return=0.0
global_step=129500, episodic_return=0.0
SPS: 3028
global_step=129636, episodic_return=0.0
global_step=129652, episodic_return=0.0
global_step=129748, episodic_return=0.45099999999999996
global_step=129836, episodic_return=0.0
global_step=130040, episodic_return=0.0
SPS: 3030
global_step=130056, episodic_return=0.0
global_step=130152, episodic_return=0.0
global_step=130240, episodic_return=0.0
global_step=130444, episodic_return=0.0
global_step=130460, episodic_return=0.0
global_step=130476, episodic_return=0.478
global_step=130556, episodic_return=0.0
SPS: 3032
global_step=130848, episodic_return=0.0
global_step=130864, episodic_return=0.0
global_step=130880, episodic_return=0.0
global_step=130960, episodic_return=0.0
SPS: 3035
global_step=131252, episodic_return=0.0
global_step=131268, episodic_return=0.0
global_step=131284, episodic_return=0.0
global_step=131364, episodic_return=0.0
SPS: 3037
global_step=131656, episodic_return=0.0
global_step=131672, episodic_return=0.0
global_step=131688, episodic_return=0.0
global_step=131720, episodic_return=0.9369999999999999
global_step=131768, episodic_return=0.0
global_step=132060, episodic_return=0.0
global_step=132076, episodic_return=0.0
SPS: 3039
global_step=132124, episodic_return=0.0
global_step=132172, episodic_return=0.0
global_step=132464, episodic_return=0.0
global_step=132480, episodic_return=0.0
global_step=132528, episodic_return=0.0
global_step=132576, episodic_return=0.0
SPS: 3040
global_step=132868, episodic_return=0.0
global_step=132884, episodic_return=0.0
global_step=132932, episodic_return=0.0
global_step=132980, episodic_return=0.0
SPS: 3042
global_step=133272, episodic_return=0.0
global_step=133288, episodic_return=0.0
global_step=133336, episodic_return=0.0
global_step=133384, episodic_return=0.0
SPS: 3044
global_step=133676, episodic_return=0.0
global_step=133692, episodic_return=0.0
global_step=133740, episodic_return=0.0
global_step=133756, episodic_return=0.829
global_step=133788, episodic_return=0.0
global_step=134096, episodic_return=0.0
global_step=134144, episodic_return=0.0
SPS: 3046
global_step=134160, episodic_return=0.0
global_step=134192, episodic_return=0.0
global_step=134500, episodic_return=0.0
global_step=134548, episodic_return=0.0
global_step=134564, episodic_return=0.0
global_step=134596, episodic_return=0.0
SPS: 3048
global_step=134904, episodic_return=0.0
global_step=134952, episodic_return=0.0
global_step=134968, episodic_return=0.0
global_step=135000, episodic_return=0.0
SPS: 3050
global_step=135308, episodic_return=0.0
global_step=135356, episodic_return=0.0
global_step=135372, episodic_return=0.0
global_step=135404, episodic_return=0.0
SPS: 3052
global_step=135712, episodic_return=0.0
global_step=135760, episodic_return=0.0
global_step=135776, episodic_return=0.0
global_step=135808, episodic_return=0.0
global_step=136116, episodic_return=0.0
global_step=136164, episodic_return=0.0
global_step=136180, episodic_return=0.0
SPS: 3053
global_step=136212, episodic_return=0.0
global_step=136520, episodic_return=0.0
global_step=136568, episodic_return=0.0
global_step=136584, episodic_return=0.0
global_step=136616, episodic_return=0.0
SPS: 3055
global_step=136712, episodic_return=0.7929999999999999
global_step=136924, episodic_return=0.0
global_step=136972, episodic_return=0.0
global_step=136988, episodic_return=0.0
global_step=137116, episodic_return=0.0
SPS: 3057
global_step=137328, episodic_return=0.0
global_step=137376, episodic_return=0.0
global_step=137392, episodic_return=0.0
global_step=137520, episodic_return=0.0
SPS: 3059
global_step=137732, episodic_return=0.0
global_step=137780, episodic_return=0.0
global_step=137796, episodic_return=0.0
global_step=137924, episodic_return=0.0
global_step=138136, episodic_return=0.0
global_step=138184, episodic_return=0.0
global_step=138200, episodic_return=0.0
SPS: 3060
global_step=138328, episodic_return=0.0
global_step=138540, episodic_return=0.0
global_step=138588, episodic_return=0.0
global_step=138604, episodic_return=0.0
global_step=138732, episodic_return=0.0
SPS: 3062
global_step=138896, episodic_return=0.20799999999999996
global_step=138992, episodic_return=0.0
global_step=139008, episodic_return=0.0
global_step=139136, episodic_return=0.0
SPS: 3064
global_step=139300, episodic_return=0.0
global_step=139396, episodic_return=0.0
global_step=139412, episodic_return=0.0
global_step=139540, episodic_return=0.0
global_step=139704, episodic_return=0.0
SPS: 3066
global_step=139800, episodic_return=0.0
global_step=139816, episodic_return=0.0
global_step=139944, episodic_return=0.0
global_step=140108, episodic_return=0.0
global_step=140204, episodic_return=0.0
global_step=140220, episodic_return=0.0
SPS: 3068
global_step=140348, episodic_return=0.0
global_step=140512, episodic_return=0.0
global_step=140520, episodic_return=0.622
global_step=140608, episodic_return=0.0
global_step=140624, episodic_return=0.0
SPS: 3069
global_step=140916, episodic_return=0.0
global_step=140924, episodic_return=0.0
global_step=140984, episodic_return=0.856
global_step=141012, episodic_return=0.0
global_step=141028, episodic_return=0.0
global_step=141048, episodic_return=0.865
SPS: 3069
global_step=141328, episodic_return=0.0
global_step=141416, episodic_return=0.0
global_step=141432, episodic_return=0.0
global_step=141452, episodic_return=0.0
global_step=141464, episodic_return=0.901
global_step=141732, episodic_return=0.0
SPS: 3071
global_step=141836, episodic_return=0.0
global_step=141856, episodic_return=0.0
global_step=141868, episodic_return=0.0
global_step=142012, episodic_return=0.613
global_step=142136, episodic_return=0.0
global_step=142208, episodic_return=0.5680000000000001
global_step=142260, episodic_return=0.0
global_step=142272, episodic_return=0.0
SPS: 3073
global_step=142540, episodic_return=0.0
global_step=142612, episodic_return=0.0
global_step=142664, episodic_return=0.0
global_step=142676, episodic_return=0.0
SPS: 3075
global_step=142944, episodic_return=0.0
global_step=143016, episodic_return=0.0
global_step=143068, episodic_return=0.0
global_step=143080, episodic_return=0.0
global_step=143348, episodic_return=0.0
SPS: 3077
global_step=143420, episodic_return=0.0
global_step=143472, episodic_return=0.0
global_step=143484, episodic_return=0.0
global_step=143752, episodic_return=0.0
global_step=143788, episodic_return=0.9279999999999999
global_step=143824, episodic_return=0.0
SPS: 3078
global_step=143876, episodic_return=0.0
global_step=143888, episodic_return=0.0
global_step=144140, episodic_return=0.29799999999999993
global_step=144192, episodic_return=0.0
global_step=144280, episodic_return=0.0
global_step=144292, episodic_return=0.0
SPS: 3080
global_step=144544, episodic_return=0.0
global_step=144596, episodic_return=0.0
global_step=144684, episodic_return=0.0
global_step=144696, episodic_return=0.0
SPS: 3082
global_step=144948, episodic_return=0.0
global_step=145000, episodic_return=0.0
global_step=145088, episodic_return=0.0
global_step=145100, episodic_return=0.0
global_step=145352, episodic_return=0.0
global_step=145404, episodic_return=0.0
SPS: 3084
global_step=145492, episodic_return=0.0
global_step=145504, episodic_return=0.0
global_step=145756, episodic_return=0.0
global_step=145808, episodic_return=0.0
global_step=145872, episodic_return=0.748
global_step=145896, episodic_return=0.0
global_step=145908, episodic_return=0.0
SPS: 3085
global_step=146212, episodic_return=0.0
global_step=146276, episodic_return=0.0
global_step=146300, episodic_return=0.0
global_step=146312, episodic_return=0.0
SPS: 3087
global_step=146616, episodic_return=0.0
global_step=146680, episodic_return=0.0
global_step=146704, episodic_return=0.0
global_step=146716, episodic_return=0.0
SPS: 3089
global_step=147020, episodic_return=0.0
global_step=147084, episodic_return=0.0
global_step=147108, episodic_return=0.0
global_step=147120, episodic_return=0.0
global_step=147424, episodic_return=0.0
SPS: 3090
global_step=147488, episodic_return=0.0
global_step=147512, episodic_return=0.0
global_step=147524, episodic_return=0.0
global_step=147828, episodic_return=0.0
global_step=147892, episodic_return=0.0
global_step=147916, episodic_return=0.0
global_step=147928, episodic_return=0.0
SPS: 3092
global_step=148232, episodic_return=0.0
global_step=148296, episodic_return=0.0
global_step=148320, episodic_return=0.0
global_step=148332, episodic_return=0.0
SPS: 3093
global_step=148636, episodic_return=0.0
global_step=148700, episodic_return=0.0
global_step=148724, episodic_return=0.0
global_step=148736, episodic_return=0.0
SPS: 3095
global_step=149040, episodic_return=0.0
global_step=149104, episodic_return=0.0
global_step=149128, episodic_return=0.0
global_step=149140, episodic_return=0.0
global_step=149284, episodic_return=0.604
global_step=149444, episodic_return=0.0
SPS: 3097
global_step=149532, episodic_return=0.0
global_step=149544, episodic_return=0.0
global_step=149688, episodic_return=0.0
global_step=149848, episodic_return=0.0
global_step=149936, episodic_return=0.0
global_step=149948, episodic_return=0.0
global_step=150012, episodic_return=0.865
SPS: 3098
global_step=150092, episodic_return=0.0
global_step=150252, episodic_return=0.0
global_step=150340, episodic_return=0.0
global_step=150416, episodic_return=0.0
global_step=150496, episodic_return=0.0
SPS: 3100
global_step=150656, episodic_return=0.0
global_step=150744, episodic_return=0.0
global_step=150820, episodic_return=0.0
global_step=150836, episodic_return=0.973
global_step=150900, episodic_return=0.0
SPS: 3101
global_step=151060, episodic_return=0.0
global_step=151148, episodic_return=0.0
global_step=151188, episodic_return=0.721
global_step=151240, episodic_return=0.0
global_step=151304, episodic_return=0.0
global_step=151552, episodic_return=0.0
SPS: 3103
global_step=151592, episodic_return=0.0
global_step=151644, episodic_return=0.0
global_step=151708, episodic_return=0.0
global_step=151956, episodic_return=0.0
global_step=151996, episodic_return=0.0
global_step=152048, episodic_return=0.0
SPS: 3104
global_step=152112, episodic_return=0.0
global_step=152360, episodic_return=0.0
global_step=152400, episodic_return=0.0
global_step=152412, episodic_return=0.982
global_step=152452, episodic_return=0.0
global_step=152516, episodic_return=0.0
SPS: 3105
global_step=152764, episodic_return=0.0
global_step=152816, episodic_return=0.0
global_step=152856, episodic_return=0.0
global_step=152920, episodic_return=0.0
SPS: 3107
global_step=153168, episodic_return=0.0
global_step=153220, episodic_return=0.0
global_step=153260, episodic_return=0.0
global_step=153324, episodic_return=0.0
global_step=153356, episodic_return=0.9369999999999999
global_step=153572, episodic_return=0.0
SPS: 3109
global_step=153624, episodic_return=0.0
global_step=153664, episodic_return=0.0
global_step=153760, episodic_return=0.0
global_step=153976, episodic_return=0.0
global_step=154028, episodic_return=0.0
global_step=154068, episodic_return=0.0
SPS: 3111
global_step=154164, episodic_return=0.0
global_step=154380, episodic_return=0.0
global_step=154432, episodic_return=0.0
global_step=154472, episodic_return=0.0
global_step=154568, episodic_return=0.0
SPS: 3112
global_step=154784, episodic_return=0.0
global_step=154836, episodic_return=0.0
global_step=154876, episodic_return=0.0
global_step=154972, episodic_return=0.0
SPS: 3114
global_step=155188, episodic_return=0.0
global_step=155240, episodic_return=0.0
global_step=155280, episodic_return=0.0
global_step=155376, episodic_return=0.0
global_step=155592, episodic_return=0.0
global_step=155644, episodic_return=0.0
SPS: 3115
global_step=155684, episodic_return=0.0
global_step=155780, episodic_return=0.0
global_step=155996, episodic_return=0.0
global_step=156048, episodic_return=0.0
global_step=156088, episodic_return=0.0
SPS: 3117
global_step=156184, episodic_return=0.0
global_step=156244, episodic_return=0.6579999999999999
global_step=156400, episodic_return=0.0
global_step=156424, episodic_return=0.955
global_step=156452, episodic_return=0.0
global_step=156588, episodic_return=0.0
global_step=156648, episodic_return=0.0
SPS: 3118
global_step=156828, episodic_return=0.0
global_step=156856, episodic_return=0.0
global_step=156992, episodic_return=0.0
global_step=157052, episodic_return=0.0
SPS: 3120
global_step=157232, episodic_return=0.0
global_step=157260, episodic_return=0.0
global_step=157272, episodic_return=0.982
global_step=157396, episodic_return=0.0
global_step=157456, episodic_return=0.0
global_step=157636, episodic_return=0.0
global_step=157676, episodic_return=0.0
SPS: 3121
global_step=157800, episodic_return=0.0
global_step=157860, episodic_return=0.0
global_step=158040, episodic_return=0.0
global_step=158080, episodic_return=0.0
global_step=158204, episodic_return=0.0
SPS: 3123
global_step=158264, episodic_return=0.0
global_step=158444, episodic_return=0.0
global_step=158484, episodic_return=0.0
global_step=158608, episodic_return=0.0
global_step=158668, episodic_return=0.0
SPS: 3124
global_step=158848, episodic_return=0.0
global_step=158888, episodic_return=0.0
global_step=159012, episodic_return=0.0
global_step=159072, episodic_return=0.0
SPS: 3126
global_step=159252, episodic_return=0.0
global_step=159292, episodic_return=0.0
global_step=159416, episodic_return=0.0
global_step=159476, episodic_return=0.0
global_step=159656, episodic_return=0.0
global_step=159696, episodic_return=0.0
SPS: 3125
global_step=159820, episodic_return=0.0
global_step=159880, episodic_return=0.0
global_step=160012, episodic_return=0.29799999999999993
global_step=160060, episodic_return=0.0
global_step=160224, episodic_return=0.0
SPS: 3127
global_step=160284, episodic_return=0.0
global_step=160416, episodic_return=0.0
global_step=160464, episodic_return=0.0
global_step=160628, episodic_return=0.0
global_step=160688, episodic_return=0.0
SPS: 3128
global_step=160820, episodic_return=0.0
global_step=160868, episodic_return=0.0
global_step=161032, episodic_return=0.0
global_step=161092, episodic_return=0.0
global_step=161224, episodic_return=0.0
global_step=161272, episodic_return=0.0
SPS: 3129
global_step=161436, episodic_return=0.0
global_step=161496, episodic_return=0.0
global_step=161560, episodic_return=0.361
global_step=161628, episodic_return=0.0
global_step=161724, episodic_return=0.361
SPS: 3130
global_step=161900, episodic_return=0.0
global_step=161964, episodic_return=0.0
global_step=162012, episodic_return=0.14500000000000002
global_step=162056, episodic_return=0.262
global_step=162304, episodic_return=0.0
SPS: 3131
global_step=162368, episodic_return=0.0
global_step=162416, episodic_return=0.0
global_step=162460, episodic_return=0.0
global_step=162708, episodic_return=0.0
global_step=162772, episodic_return=0.0
SPS: 3132
global_step=162820, episodic_return=0.0
global_step=162864, episodic_return=0.0
global_step=163112, episodic_return=0.0
global_step=163176, episodic_return=0.0
global_step=163224, episodic_return=0.0
global_step=163268, episodic_return=0.0
SPS: 3134
global_step=163516, episodic_return=0.0
global_step=163580, episodic_return=0.0
global_step=163628, episodic_return=0.0
global_step=163672, episodic_return=0.0
SPS: 3135
global_step=163920, episodic_return=0.0
global_step=163984, episodic_return=0.0
global_step=164032, episodic_return=0.0
global_step=164076, episodic_return=0.0
global_step=164324, episodic_return=0.0
SPS: 3136
global_step=164368, episodic_return=0.253
global_step=164388, episodic_return=0.0
global_step=164480, episodic_return=0.0
global_step=164728, episodic_return=0.0
global_step=164772, episodic_return=0.0
global_step=164792, episodic_return=0.0
SPS: 3138
global_step=164884, episodic_return=0.0
global_step=165132, episodic_return=0.0
global_step=165176, episodic_return=0.0
global_step=165196, episodic_return=0.0
global_step=165288, episodic_return=0.0
SPS: 3139
global_step=165536, episodic_return=0.0
global_step=165580, episodic_return=0.0
global_step=165600, episodic_return=0.0
global_step=165692, episodic_return=0.0
SPS: 3141
global_step=165940, episodic_return=0.0
global_step=165964, episodic_return=0.18999999999999995
global_step=165984, episodic_return=0.0
global_step=166096, episodic_return=0.0
global_step=166344, episodic_return=0.0
global_step=166368, episodic_return=0.0
global_step=166388, episodic_return=0.0
SPS: 3142
global_step=166500, episodic_return=0.0
global_step=166748, episodic_return=0.0
global_step=166772, episodic_return=0.0
global_step=166792, episodic_return=0.0
global_step=166904, episodic_return=0.0
SPS: 3143
global_step=167152, episodic_return=0.0
global_step=167176, episodic_return=0.0
global_step=167196, episodic_return=0.0
global_step=167308, episodic_return=0.0
SPS: 3144
global_step=167556, episodic_return=0.0
global_step=167580, episodic_return=0.0
global_step=167600, episodic_return=0.0
global_step=167712, episodic_return=0.0
SPS: 3146
global_step=167960, episodic_return=0.0
global_step=167984, episodic_return=0.0
global_step=168004, episodic_return=0.0
global_step=168116, episodic_return=0.0
global_step=168208, episodic_return=0.802
global_step=168364, episodic_return=0.0
global_step=168388, episodic_return=0.0
global_step=168408, episodic_return=0.0
SPS: 3147
global_step=168492, episodic_return=0.82
global_step=168612, episodic_return=0.0
global_step=168728, episodic_return=0.478
global_step=168768, episodic_return=0.0
global_step=168792, episodic_return=0.0
SPS: 3148
global_step=169016, episodic_return=0.0
global_step=169116, episodic_return=0.22599999999999998
global_step=169132, episodic_return=0.0
global_step=169196, episodic_return=0.0
global_step=169420, episodic_return=0.0
SPS: 3149
global_step=169520, episodic_return=0.0
global_step=169536, episodic_return=0.0
global_step=169600, episodic_return=0.0
global_step=169824, episodic_return=0.0
global_step=169924, episodic_return=0.0
global_step=169940, episodic_return=0.0
SPS: 3150
global_step=170004, episodic_return=0.0
global_step=170132, episodic_return=0.31599999999999995
global_step=170328, episodic_return=0.0
global_step=170344, episodic_return=0.0
global_step=170408, episodic_return=0.0
SPS: 3152
global_step=170536, episodic_return=0.0
global_step=170732, episodic_return=0.0
global_step=170748, episodic_return=0.0
global_step=170800, episodic_return=0.892
global_step=170812, episodic_return=0.0
global_step=170940, episodic_return=0.0
SPS: 3153
global_step=171136, episodic_return=0.0
global_step=171204, episodic_return=0.0
global_step=171216, episodic_return=0.0
global_step=171344, episodic_return=0.0
SPS: 3154
global_step=171540, episodic_return=0.0
global_step=171608, episodic_return=0.0
global_step=171612, episodic_return=0.118
global_step=171748, episodic_return=0.0
global_step=171944, episodic_return=0.0
global_step=172012, episodic_return=0.0
global_step=172016, episodic_return=0.0
SPS: 3155
global_step=172152, episodic_return=0.0
global_step=172348, episodic_return=0.0
global_step=172416, episodic_return=0.0
global_step=172420, episodic_return=0.0
global_step=172488, episodic_return=0.847
SPS: 3156
global_step=172556, episodic_return=0.0
global_step=172752, episodic_return=0.0
global_step=172824, episodic_return=0.0
global_step=172892, episodic_return=0.0
global_step=172960, episodic_return=0.0
SPS: 3158
global_step=173156, episodic_return=0.0
global_step=173228, episodic_return=0.0
global_step=173296, episodic_return=0.0
global_step=173364, episodic_return=0.0
global_step=173500, episodic_return=0.3969999999999999
global_step=173560, episodic_return=0.0
SPS: 3158
global_step=173700, episodic_return=0.0
global_step=173768, episodic_return=0.0
global_step=173904, episodic_return=0.0
global_step=173964, episodic_return=0.0
SPS: 3160
global_step=174104, episodic_return=0.0
global_step=174172, episodic_return=0.0
global_step=174308, episodic_return=0.0
global_step=174368, episodic_return=0.0
global_step=174508, episodic_return=0.0
global_step=174564, episodic_return=0.5680000000000001
global_step=174576, episodic_return=0.0
SPS: 3160
global_step=174712, episodic_return=0.0
global_step=174912, episodic_return=0.0
global_step=174968, episodic_return=0.0
global_step=174980, episodic_return=0.0
SPS: 3162
global_step=175116, episodic_return=0.0
global_step=175316, episodic_return=0.0
global_step=175372, episodic_return=0.0
global_step=175384, episodic_return=0.0
global_step=175520, episodic_return=0.0
SPS: 3163
global_step=175720, episodic_return=0.0
global_step=175776, episodic_return=0.0
global_step=175788, episodic_return=0.0
global_step=175924, episodic_return=0.0
global_step=176124, episodic_return=0.0
SPS: 3164
global_step=176180, episodic_return=0.0
global_step=176192, episodic_return=0.0
global_step=176328, episodic_return=0.0
global_step=176528, episodic_return=0.0
global_step=176584, episodic_return=0.0
global_step=176596, episodic_return=0.0
SPS: 3165
global_step=176732, episodic_return=0.0
global_step=176932, episodic_return=0.0
global_step=176988, episodic_return=0.0
global_step=177000, episodic_return=0.0
global_step=177136, episodic_return=0.0
SPS: 3167
global_step=177336, episodic_return=0.0
global_step=177392, episodic_return=0.0
global_step=177404, episodic_return=0.0
global_step=177460, episodic_return=0.883
global_step=177540, episodic_return=0.0
SPS: 3167
global_step=177740, episodic_return=0.0
global_step=177796, episodic_return=0.0
global_step=177864, episodic_return=0.0
global_step=177944, episodic_return=0.0
global_step=178140, episodic_return=0.235
global_step=178144, episodic_return=0.0
SPS: 3168
global_step=178268, episodic_return=0.0
global_step=178348, episodic_return=0.0
global_step=178544, episodic_return=0.0
global_step=178548, episodic_return=0.0
global_step=178592, episodic_return=0.901
global_step=178672, episodic_return=0.0
SPS: 3169
global_step=178752, episodic_return=0.0
global_step=178952, episodic_return=0.0
global_step=178996, episodic_return=0.0
global_step=179076, episodic_return=0.0
global_step=179156, episodic_return=0.0
SPS: 3171
global_step=179356, episodic_return=0.0
global_step=179400, episodic_return=0.0
global_step=179480, episodic_return=0.0
global_step=179560, episodic_return=0.0
SPS: 3172
global_step=179760, episodic_return=0.0
global_step=179804, episodic_return=0.0
global_step=179884, episodic_return=0.0
global_step=179948, episodic_return=0.136
global_step=180164, episodic_return=0.0
global_step=180208, episodic_return=0.0
SPS: 3173
global_step=180288, episodic_return=0.0
global_step=180352, episodic_return=0.0
global_step=180568, episodic_return=0.0
global_step=180612, episodic_return=0.0
global_step=180692, episodic_return=0.0
SPS: 3174
global_step=180756, episodic_return=0.0
global_step=180972, episodic_return=0.0
global_step=181016, episodic_return=0.0
global_step=181096, episodic_return=0.0
global_step=181160, episodic_return=0.0
SPS: 3175
global_step=181376, episodic_return=0.0
global_step=181420, episodic_return=0.0
global_step=181500, episodic_return=0.0
global_step=181564, episodic_return=0.0
SPS: 3177
global_step=181780, episodic_return=0.0
global_step=181824, episodic_return=0.0
global_step=181904, episodic_return=0.0
global_step=181968, episodic_return=0.0
global_step=182060, episodic_return=0.379
global_step=182228, episodic_return=0.0
SPS: 3178
global_step=182308, episodic_return=0.0
global_step=182372, episodic_return=0.0
global_step=182464, episodic_return=0.0
global_step=182632, episodic_return=0.0
global_step=182712, episodic_return=0.0
global_step=182776, episodic_return=0.0
SPS: 3179
global_step=182868, episodic_return=0.0
global_step=183036, episodic_return=0.0
global_step=183116, episodic_return=0.0
global_step=183176, episodic_return=0.10899999999999999
global_step=183272, episodic_return=0.0
SPS: 3180
global_step=183440, episodic_return=0.0
global_step=183520, episodic_return=0.0
global_step=183580, episodic_return=0.0
global_step=183676, episodic_return=0.0
SPS: 3181
global_step=183844, episodic_return=0.0
global_step=183888, episodic_return=0.91
global_step=183924, episodic_return=0.0
global_step=183984, episodic_return=0.0
global_step=184080, episodic_return=0.0
global_step=184292, episodic_return=0.0
SPS: 3182
global_step=184328, episodic_return=0.0
global_step=184388, episodic_return=0.0
global_step=184484, episodic_return=0.0
global_step=184696, episodic_return=0.0
global_step=184732, episodic_return=0.0
global_step=184792, episodic_return=0.0
SPS: 3183
global_step=184888, episodic_return=0.0
global_step=185100, episodic_return=0.0
global_step=185136, episodic_return=0.0
global_step=185196, episodic_return=0.0
global_step=185292, episodic_return=0.0
SPS: 3184
global_step=185504, episodic_return=0.0
global_step=185540, episodic_return=0.0
global_step=185600, episodic_return=0.0
global_step=185696, episodic_return=0.0
global_step=185852, episodic_return=0.44199999999999995
SPS: 3186
global_step=185884, episodic_return=0.586
global_step=185908, episodic_return=0.0
global_step=185944, episodic_return=0.0
global_step=186196, episodic_return=0.235
global_step=186288, episodic_return=0.0
global_step=186312, episodic_return=0.0
global_step=186348, episodic_return=0.0
SPS: 3187
global_step=186600, episodic_return=0.0
global_step=186692, episodic_return=0.0
global_step=186716, episodic_return=0.0
global_step=186752, episodic_return=0.0
SPS: 3188
global_step=187004, episodic_return=0.0
global_step=187096, episodic_return=0.0
global_step=187120, episodic_return=0.0
global_step=187156, episodic_return=0.0
SPS: 3189
global_step=187408, episodic_return=0.0
global_step=187500, episodic_return=0.0
global_step=187524, episodic_return=0.0
global_step=187560, episodic_return=0.0
global_step=187812, episodic_return=0.0
global_step=187904, episodic_return=0.0
SPS: 3191
global_step=187928, episodic_return=0.0
global_step=187964, episodic_return=0.0
global_step=188192, episodic_return=0.4959999999999999
global_step=188216, episodic_return=0.0
global_step=188308, episodic_return=0.0
global_step=188332, episodic_return=0.0
global_step=188412, episodic_return=0.829
SPS: 3192
global_step=188596, episodic_return=0.0
global_step=188620, episodic_return=0.0
global_step=188712, episodic_return=0.0
global_step=188816, episodic_return=0.0
SPS: 3193
global_step=189000, episodic_return=0.0
global_step=189024, episodic_return=0.0
global_step=189116, episodic_return=0.0
global_step=189148, episodic_return=0.6759999999999999
global_step=189220, episodic_return=0.0
global_step=189428, episodic_return=0.0
SPS: 3194
global_step=189480, episodic_return=0.262
global_step=189520, episodic_return=0.0
global_step=189624, episodic_return=0.0
global_step=189688, episodic_return=0.5409999999999999
global_step=189832, episodic_return=0.0
global_step=189924, episodic_return=0.0
SPS: 3194
global_step=190028, episodic_return=0.0
global_step=190092, episodic_return=0.0
global_step=190236, episodic_return=0.5409999999999999
global_step=190236, episodic_return=0.0
global_step=190328, episodic_return=0.0
global_step=190356, episodic_return=0.946
SPS: 3195
global_step=190496, episodic_return=0.0
global_step=190640, episodic_return=0.0
global_step=190640, episodic_return=0.0
global_step=190760, episodic_return=0.0
global_step=190900, episodic_return=0.0
SPS: 3196
global_step=191044, episodic_return=0.0
global_step=191044, episodic_return=0.0
global_step=191164, episodic_return=0.0
global_step=191304, episodic_return=0.0
global_step=191388, episodic_return=0.235
global_step=191448, episodic_return=0.0
SPS: 3197
global_step=191568, episodic_return=0.0
global_step=191708, episodic_return=0.0
global_step=191792, episodic_return=0.0
global_step=191852, episodic_return=0.0
global_step=191972, episodic_return=0.0
SPS: 3198
global_step=192112, episodic_return=0.0
global_step=192196, episodic_return=0.0
global_step=192256, episodic_return=0.0
global_step=192376, episodic_return=0.0
SPS: 3199
global_step=192516, episodic_return=0.0
global_step=192600, episodic_return=0.0
global_step=192660, episodic_return=0.0
global_step=192780, episodic_return=0.0
global_step=192920, episodic_return=0.0
global_step=193004, episodic_return=0.0
SPS: 3200
global_step=193064, episodic_return=0.0
global_step=193184, episodic_return=0.0
global_step=193224, episodic_return=0.32499999999999996
global_step=193408, episodic_return=0.0
global_step=193468, episodic_return=0.0
SPS: 3201
global_step=193588, episodic_return=0.0
global_step=193628, episodic_return=0.0
global_step=193812, episodic_return=0.0
global_step=193820, episodic_return=0.577
global_step=193872, episodic_return=0.0
global_step=193992, episodic_return=0.0
SPS: 3202
global_step=194216, episodic_return=0.0
global_step=194224, episodic_return=0.0
global_step=194276, episodic_return=0.0
global_step=194396, episodic_return=0.0
SPS: 3203
global_step=194620, episodic_return=0.0
global_step=194628, episodic_return=0.0
global_step=194680, episodic_return=0.0
global_step=194800, episodic_return=0.0
global_step=195024, episodic_return=0.0
global_step=195032, episodic_return=0.0
SPS: 3204
global_step=195084, episodic_return=0.0
global_step=195204, episodic_return=0.0
global_step=195428, episodic_return=0.0
global_step=195436, episodic_return=0.0
global_step=195488, episodic_return=0.0
SPS: 3204
global_step=195608, episodic_return=0.0
global_step=195832, episodic_return=0.0
global_step=195840, episodic_return=0.0
global_step=195892, episodic_return=0.0
global_step=195992, episodic_return=0.784
global_step=196004, episodic_return=0.6399999999999999
global_step=196012, episodic_return=0.0
SPS: 3204
global_step=196236, episodic_return=0.0
global_step=196396, episodic_return=0.0
global_step=196408, episodic_return=0.0
global_step=196416, episodic_return=0.0
SPS: 3205
global_step=196640, episodic_return=0.0
global_step=196800, episodic_return=0.0
global_step=196812, episodic_return=0.0
global_step=196820, episodic_return=0.0
global_step=197044, episodic_return=0.0
SPS: 3206
global_step=197204, episodic_return=0.0
global_step=197216, episodic_return=0.0
global_step=197224, episodic_return=0.0
global_step=197448, episodic_return=0.0
global_step=197608, episodic_return=0.0
global_step=197620, episodic_return=0.0
global_step=197628, episodic_return=0.0
SPS: 3207
global_step=197852, episodic_return=0.0
global_step=198012, episodic_return=0.0
global_step=198024, episodic_return=0.0
global_step=198032, episodic_return=0.0
global_step=198096, episodic_return=0.865
SPS: 3208
global_step=198256, episodic_return=0.0
global_step=198416, episodic_return=0.0
global_step=198428, episodic_return=0.0
global_step=198444, episodic_return=0.586
global_step=198500, episodic_return=0.0
global_step=198572, episodic_return=0.721
SPS: 3209
global_step=198696, episodic_return=0.5680000000000001
global_step=198820, episodic_return=0.0
global_step=198832, episodic_return=0.0
global_step=198976, episodic_return=0.0
global_step=199100, episodic_return=0.0
SPS: 3210
global_step=199224, episodic_return=0.0
global_step=199236, episodic_return=0.0
global_step=199380, episodic_return=0.0
global_step=199504, episodic_return=0.0
global_step=199628, episodic_return=0.0
global_step=199640, episodic_return=0.0
SPS: 3211
global_step=199784, episodic_return=0.0
global_step=199908, episodic_return=0.0
global_step=200032, episodic_return=0.0
global_step=200044, episodic_return=0.0
global_step=200188, episodic_return=0.0
SPS: 3212
global_step=200312, episodic_return=0.0
global_step=200436, episodic_return=0.0
global_step=200448, episodic_return=0.0
global_step=200592, episodic_return=0.0
SPS: 3213
global_step=200716, episodic_return=0.0
global_step=200840, episodic_return=0.0
global_step=200852, episodic_return=0.0
global_step=200976, episodic_return=0.14500000000000002
global_step=201120, episodic_return=0.0
SPS: 3214
global_step=201244, episodic_return=0.0
global_step=201256, episodic_return=0.0
global_step=201380, episodic_return=0.0
global_step=201432, episodic_return=0.892
global_step=201448, episodic_return=0.55
global_step=201524, episodic_return=0.0
global_step=201660, episodic_return=0.0
SPS: 3215
global_step=201836, episodic_return=0.0
global_step=201852, episodic_return=0.0
global_step=201928, episodic_return=0.0
global_step=202064, episodic_return=0.0
global_step=202240, episodic_return=0.0
SPS: 3215
global_step=202256, episodic_return=0.0
global_step=202332, episodic_return=0.0
global_step=202468, episodic_return=0.0
global_step=202644, episodic_return=0.0
global_step=202660, episodic_return=0.0
global_step=202736, episodic_return=0.0
SPS: 3216
global_step=202872, episodic_return=0.0
global_step=203048, episodic_return=0.0
global_step=203064, episodic_return=0.0
global_step=203140, episodic_return=0.0
global_step=203228, episodic_return=0.8109999999999999
SPS: 3217
global_step=203276, episodic_return=0.0
global_step=203452, episodic_return=0.0
global_step=203468, episodic_return=0.0
global_step=203632, episodic_return=0.0
global_step=203680, episodic_return=0.0
global_step=203776, episodic_return=0.31599999999999995
SPS: 3218
global_step=203856, episodic_return=0.0
global_step=204036, episodic_return=0.0
global_step=204084, episodic_return=0.0
global_step=204180, episodic_return=0.0
global_step=204260, episodic_return=0.0
SPS: 3219
global_step=204440, episodic_return=0.0
global_step=204488, episodic_return=0.0
global_step=204584, episodic_return=0.0
global_step=204664, episodic_return=0.0
SPS: 3220
global_step=204844, episodic_return=0.0
global_step=204892, episodic_return=0.0
global_step=204988, episodic_return=0.0
global_step=205068, episodic_return=0.0
global_step=205248, episodic_return=0.0
global_step=205296, episodic_return=0.0
SPS: 3220
global_step=205392, episodic_return=0.0
global_step=205472, episodic_return=0.0
global_step=205632, episodic_return=0.469
global_step=205652, episodic_return=0.0
global_step=205700, episodic_return=0.0
SPS: 3221
global_step=205876, episodic_return=0.0
global_step=206036, episodic_return=0.0
global_step=206056, episodic_return=0.0
global_step=206104, episodic_return=0.0
global_step=206280, episodic_return=0.0
SPS: 3222
global_step=206440, episodic_return=0.0
global_step=206460, episodic_return=0.0
global_step=206508, episodic_return=0.0
global_step=206560, episodic_return=0.784
global_step=206684, episodic_return=0.0
global_step=206844, episodic_return=0.0
SPS: 3223
global_step=206904, episodic_return=0.118
global_step=206964, episodic_return=0.0
global_step=207088, episodic_return=0.0
global_step=207092, episodic_return=0.721
global_step=207248, episodic_return=0.0
global_step=207308, episodic_return=0.0
SPS: 3224
global_step=207492, episodic_return=0.0
global_step=207496, episodic_return=0.0
global_step=207652, episodic_return=0.0
global_step=207712, episodic_return=0.0
SPS: 3225
global_step=207896, episodic_return=0.0
global_step=207900, episodic_return=0.0
global_step=208028, episodic_return=0.712
global_step=208056, episodic_return=0.0
global_step=208116, episodic_return=0.0
global_step=208304, episodic_return=0.0
SPS: 3225
global_step=208432, episodic_return=0.0
global_step=208460, episodic_return=0.0
global_step=208520, episodic_return=0.0
global_step=208616, episodic_return=0.595
global_step=208708, episodic_return=0.0
global_step=208864, episodic_return=0.0
SPS: 3226
global_step=208924, episodic_return=0.0
global_step=209020, episodic_return=0.0
global_step=209112, episodic_return=0.0
global_step=209268, episodic_return=0.0
global_step=209328, episodic_return=0.0
SPS: 3227
global_step=209424, episodic_return=0.0
global_step=209516, episodic_return=0.0
global_step=209616, episodic_return=0.577
global_step=209672, episodic_return=0.0
global_step=209732, episodic_return=0.0
global_step=209920, episodic_return=0.0
SPS: 3228
global_step=210020, episodic_return=0.0
global_step=210076, episodic_return=0.0
global_step=210136, episodic_return=0.0
global_step=210324, episodic_return=0.0
global_step=210424, episodic_return=0.0
SPS: 3228
global_step=210480, episodic_return=0.0
global_step=210540, episodic_return=0.0
global_step=210728, episodic_return=0.0
global_step=210828, episodic_return=0.0
global_step=210884, episodic_return=0.0
global_step=210944, episodic_return=0.0
SPS: 3229
global_step=211132, episodic_return=0.0
global_step=211232, episodic_return=0.0
global_step=211288, episodic_return=0.0
global_step=211348, episodic_return=0.0
SPS: 3230
global_step=211536, episodic_return=0.0
global_step=211604, episodic_return=0.856
global_step=211636, episodic_return=0.0
global_step=211692, episodic_return=0.0
global_step=211752, episodic_return=0.0
SPS: 3231
global_step=212008, episodic_return=0.0
global_step=212040, episodic_return=0.0
global_step=212096, episodic_return=0.0
global_step=212156, episodic_return=0.0
global_step=212312, episodic_return=0.3969999999999999
global_step=212412, episodic_return=0.0
SPS: 3232
global_step=212500, episodic_return=0.0
global_step=212560, episodic_return=0.0
global_step=212716, episodic_return=0.0
global_step=212816, episodic_return=0.0
global_step=212904, episodic_return=0.0
global_step=212964, episodic_return=0.0
SPS: 3233
global_step=213120, episodic_return=0.0
global_step=213220, episodic_return=0.0
global_step=213308, episodic_return=0.0
global_step=213368, episodic_return=0.0
SPS: 3234
global_step=213524, episodic_return=0.0
global_step=213592, episodic_return=0.5049999999999999
global_step=213624, episodic_return=0.0
global_step=213712, episodic_return=0.0
global_step=213928, episodic_return=0.0
global_step=213996, episodic_return=0.0
SPS: 3232
global_step=214028, episodic_return=0.0
global_step=214116, episodic_return=0.0
global_step=214332, episodic_return=0.0
global_step=214400, episodic_return=0.0
global_step=214432, episodic_return=0.0
global_step=214520, episodic_return=0.0
SPS: 3233
global_step=214736, episodic_return=0.0
global_step=214804, episodic_return=0.0
global_step=214836, episodic_return=0.0
global_step=214924, episodic_return=0.0
SPS: 3234
global_step=215140, episodic_return=0.0
global_step=215208, episodic_return=0.0
global_step=215240, episodic_return=0.0
global_step=215328, episodic_return=0.0
global_step=215544, episodic_return=0.0
SPS: 3234
global_step=215600, episodic_return=0.3969999999999999
global_step=215612, episodic_return=0.0
global_step=215644, episodic_return=0.0
global_step=215948, episodic_return=0.0
global_step=216004, episodic_return=0.0
global_step=216016, episodic_return=0.0
global_step=216048, episodic_return=0.0
SPS: 3235
global_step=216352, episodic_return=0.0
global_step=216408, episodic_return=0.0
global_step=216420, episodic_return=0.0
global_step=216452, episodic_return=0.0
global_step=216476, episodic_return=0.883
SPS: 3235
global_step=216756, episodic_return=0.0
global_step=216812, episodic_return=0.0
global_step=216856, episodic_return=0.0
global_step=216880, episodic_return=0.0
SPS: 3236
global_step=217160, episodic_return=0.0
global_step=217216, episodic_return=0.0
global_step=217260, episodic_return=0.0
global_step=217284, episodic_return=0.0
global_step=217564, episodic_return=0.0
SPS: 3237
global_step=217620, episodic_return=0.0
global_step=217664, episodic_return=0.0
global_step=217688, episodic_return=0.0
global_step=217904, episodic_return=0.469
global_step=217968, episodic_return=0.0
global_step=218024, episodic_return=0.0
global_step=218092, episodic_return=0.0
SPS: 3237
global_step=218308, episodic_return=0.0
global_step=218372, episodic_return=0.0
global_step=218428, episodic_return=0.0
global_step=218496, episodic_return=0.0
SPS: 3238
global_step=218712, episodic_return=0.0
global_step=218776, episodic_return=0.0
global_step=218832, episodic_return=0.0
global_step=218900, episodic_return=0.0
global_step=219116, episodic_return=0.0
SPS: 3239
global_step=219180, episodic_return=0.0
global_step=219236, episodic_return=0.0
global_step=219304, episodic_return=0.0
global_step=219512, episodic_return=0.3879999999999999
global_step=219520, episodic_return=0.0
global_step=219580, episodic_return=0.10899999999999999
global_step=219604, episodic_return=0.82
SPS: 3240
global_step=219708, episodic_return=0.0
global_step=219916, episodic_return=0.0
global_step=219984, episodic_return=0.0
global_step=220008, episodic_return=0.0
global_step=220112, episodic_return=0.0
SPS: 3241
global_step=220320, episodic_return=0.0
global_step=220388, episodic_return=0.0
global_step=220412, episodic_return=0.0
global_step=220440, episodic_return=0.892
global_step=220516, episodic_return=0.0
SPS: 3241
global_step=220692, episodic_return=0.613
global_step=220724, episodic_return=0.0
global_step=220816, episodic_return=0.0
global_step=220844, episodic_return=0.0
global_step=220920, episodic_return=0.4959999999999999
global_step=221028, episodic_return=0.766
global_step=221040, episodic_return=0.982
global_step=221128, episodic_return=0.0
SPS: 3242
global_step=221220, episodic_return=0.0
global_step=221248, episodic_return=0.0
global_step=221444, episodic_return=0.0
global_step=221532, episodic_return=0.0
global_step=221624, episodic_return=0.0
global_step=221652, episodic_return=0.0
SPS: 3243
global_step=221848, episodic_return=0.0
global_step=221936, episodic_return=0.0
global_step=222028, episodic_return=0.0
global_step=222056, episodic_return=0.0
SPS: 3244
global_step=222216, episodic_return=0.379
global_step=222252, episodic_return=0.0
global_step=222260, episodic_return=0.487
global_step=222460, episodic_return=0.0
global_step=222584, episodic_return=0.262
global_step=222620, episodic_return=0.0
global_step=222664, episodic_return=0.0
SPS: 3244
global_step=222808, episodic_return=0.5049999999999999
global_step=222864, episodic_return=0.0
global_step=223024, episodic_return=0.0
global_step=223068, episodic_return=0.0
global_step=223128, episodic_return=0.775
global_step=223212, episodic_return=0.0
SPS: 3245
global_step=223268, episodic_return=0.0
global_step=223472, episodic_return=0.0
global_step=223532, episodic_return=0.0
global_step=223616, episodic_return=0.0
global_step=223672, episodic_return=0.0
SPS: 3245
global_step=223784, episodic_return=0.44199999999999995
global_step=223876, episodic_return=0.0
global_step=224020, episodic_return=0.0
global_step=224076, episodic_return=0.0
global_step=224188, episodic_return=0.0
SPS: 3246
global_step=224280, episodic_return=0.0
global_step=224424, episodic_return=0.0
global_step=224480, episodic_return=0.0
global_step=224592, episodic_return=0.0
global_step=224684, episodic_return=0.0
SPS: 3247
global_step=224828, episodic_return=0.0
global_step=224884, episodic_return=0.0
global_step=224996, episodic_return=0.0
global_step=225088, episodic_return=0.0
global_step=225232, episodic_return=0.0
SPS: 3247
global_step=225288, episodic_return=0.0
global_step=225300, episodic_return=0.532
global_step=225400, episodic_return=0.0
global_step=225436, episodic_return=0.55
global_step=225692, episodic_return=0.0
global_step=225704, episodic_return=0.0
SPS: 3248
global_step=225804, episodic_return=0.0
global_step=225840, episodic_return=0.0
global_step=226096, episodic_return=0.0
global_step=226108, episodic_return=0.0
global_step=226208, episodic_return=0.0
global_step=226244, episodic_return=0.0
SPS: 3249
global_step=226500, episodic_return=0.0
global_step=226512, episodic_return=0.0
global_step=226612, episodic_return=0.0
global_step=226648, episodic_return=0.0
global_step=226796, episodic_return=0.595
SPS: 3250
global_step=226904, episodic_return=0.0
global_step=226916, episodic_return=0.0
global_step=227052, episodic_return=0.0
global_step=227200, episodic_return=0.0
global_step=227308, episodic_return=0.0
global_step=227320, episodic_return=0.0
SPS: 3250
global_step=227456, episodic_return=0.0
global_step=227604, episodic_return=0.0
global_step=227712, episodic_return=0.0
global_step=227724, episodic_return=0.0
SPS: 3251
global_step=227860, episodic_return=0.0
global_step=227944, episodic_return=0.244
global_step=228028, episodic_return=0.29799999999999993
global_step=228036, episodic_return=0.802
global_step=228128, episodic_return=0.0
global_step=228264, episodic_return=0.0
SPS: 3252
global_step=228432, episodic_return=0.0
global_step=228440, episodic_return=0.0
global_step=228532, episodic_return=0.0
global_step=228668, episodic_return=0.0
global_step=228836, episodic_return=0.0
global_step=228844, episodic_return=0.0
SPS: 3252
global_step=228936, episodic_return=0.0
global_step=229072, episodic_return=0.0
global_step=229240, episodic_return=0.0
global_step=229248, episodic_return=0.0
global_step=229340, episodic_return=0.0
SPS: 3253
global_step=229476, episodic_return=0.0
global_step=229644, episodic_return=0.0
global_step=229652, episodic_return=0.0
global_step=229744, episodic_return=0.0
global_step=229880, episodic_return=0.0
SPS: 3253
global_step=229952, episodic_return=0.5409999999999999
global_step=230048, episodic_return=0.0
global_step=230056, episodic_return=0.0
global_step=230284, episodic_return=0.0
global_step=230356, episodic_return=0.0
SPS: 3254
global_step=230452, episodic_return=0.0
global_step=230460, episodic_return=0.0
global_step=230688, episodic_return=0.0
global_step=230760, episodic_return=0.0
global_step=230856, episodic_return=0.0
global_step=230864, episodic_return=0.0
SPS: 3255
global_step=230924, episodic_return=0.856
global_step=231068, episodic_return=0.15400000000000003
global_step=231164, episodic_return=0.0
global_step=231268, episodic_return=0.0
global_step=231280, episodic_return=0.532
global_step=231328, episodic_return=0.0
SPS: 3255
global_step=231568, episodic_return=0.0
global_step=231672, episodic_return=0.0
global_step=231684, episodic_return=0.0
global_step=231684, episodic_return=0.982
global_step=231732, episodic_return=0.0
SPS: 3255
global_step=231972, episodic_return=0.0
global_step=232088, episodic_return=0.0
global_step=232088, episodic_return=0.0
global_step=232136, episodic_return=0.0
global_step=232376, episodic_return=0.0
SPS: 3256
global_step=232492, episodic_return=0.0
global_step=232492, episodic_return=0.0
global_step=232540, episodic_return=0.0
global_step=232744, episodic_return=0.44199999999999995
global_step=232780, episodic_return=0.0
global_step=232784, episodic_return=0.352
global_step=232944, episodic_return=0.0
SPS: 3256
global_step=233108, episodic_return=0.6399999999999999
global_step=233148, episodic_return=0.0
global_step=233184, episodic_return=0.0
global_step=233188, episodic_return=0.0
SPS: 3257
global_step=233512, episodic_return=0.0
global_step=233552, episodic_return=0.0
global_step=233588, episodic_return=0.0
global_step=233592, episodic_return=0.0
global_step=233916, episodic_return=0.0
global_step=233956, episodic_return=0.0
SPS: 3258
global_step=233992, episodic_return=0.0
global_step=233996, episodic_return=0.0
global_step=234320, episodic_return=0.0
global_step=234360, episodic_return=0.0
global_step=234396, episodic_return=0.0
global_step=234400, episodic_return=0.0
global_step=234436, episodic_return=0.748
SPS: 3258
global_step=234716, episodic_return=0.2889999999999999
global_step=234764, episodic_return=0.0
global_step=234804, episodic_return=0.0
global_step=234840, episodic_return=0.0
SPS: 3259
global_step=235120, episodic_return=0.0
global_step=235168, episodic_return=0.0
global_step=235208, episodic_return=0.0
global_step=235244, episodic_return=0.0
SPS: 3260
global_step=235524, episodic_return=0.0
global_step=235572, episodic_return=0.0
global_step=235612, episodic_return=0.0
global_step=235648, episodic_return=0.0
global_step=235664, episodic_return=0.802
global_step=235928, episodic_return=0.0
global_step=236016, episodic_return=0.0
SPS: 3260
global_step=236052, episodic_return=0.0
global_step=236068, episodic_return=0.0
global_step=236332, episodic_return=0.0
global_step=236420, episodic_return=0.0
global_step=236456, episodic_return=0.0
global_step=236472, episodic_return=0.0
SPS: 3261
global_step=236736, episodic_return=0.0
global_step=236824, episodic_return=0.0
global_step=236860, episodic_return=0.0
global_step=236876, episodic_return=0.0
SPS: 3262
global_step=237140, episodic_return=0.0
global_step=237228, episodic_return=0.0
global_step=237244, episodic_return=0.18099999999999994
global_step=237264, episodic_return=0.0
global_step=237544, episodic_return=0.0
SPS: 3262
global_step=237624, episodic_return=0.829
global_step=237632, episodic_return=0.0
global_step=237648, episodic_return=0.0
global_step=237668, episodic_return=0.0
global_step=238028, episodic_return=0.0
global_step=238036, episodic_return=0.0
global_step=238052, episodic_return=0.0
global_step=238072, episodic_return=0.0
SPS: 3263
global_step=238372, episodic_return=0.235
global_step=238440, episodic_return=0.0
global_step=238456, episodic_return=0.0
global_step=238476, episodic_return=0.0
SPS: 3264
global_step=238776, episodic_return=0.0
global_step=238844, episodic_return=0.0
global_step=238860, episodic_return=0.0
global_step=238880, episodic_return=0.0
SPS: 3264
global_step=239180, episodic_return=0.0
global_step=239240, episodic_return=0.118
global_step=239264, episodic_return=0.0
global_step=239284, episodic_return=0.0
global_step=239584, episodic_return=0.0
SPS: 3265
global_step=239644, episodic_return=0.0
global_step=239668, episodic_return=0.0
global_step=239688, episodic_return=0.0
global_step=239988, episodic_return=0.0
global_step=240000, episodic_return=0.20799999999999996
global_step=240072, episodic_return=0.0
global_step=240092, episodic_return=0.0
SPS: 3266
global_step=240336, episodic_return=0.253
global_step=240392, episodic_return=0.0
global_step=240476, episodic_return=0.0
global_step=240496, episodic_return=0.0
SPS: 3267
global_step=240740, episodic_return=0.0
global_step=240796, episodic_return=0.0
global_step=240832, episodic_return=0.802
global_step=240880, episodic_return=0.0
global_step=240900, episodic_return=0.0
global_step=240988, episodic_return=0.577
SPS: 3267
global_step=241236, episodic_return=0.0
global_step=241284, episodic_return=0.0
global_step=241304, episodic_return=0.0
global_step=241392, episodic_return=0.0
global_step=241548, episodic_return=0.4149999999999999
global_step=241640, episodic_return=0.0
SPS: 3268
global_step=241708, episodic_return=0.0
global_step=241796, episodic_return=0.0
global_step=241952, episodic_return=0.0
global_step=242032, episodic_return=0.2799999999999999
global_step=242044, episodic_return=0.0
SPS: 3268
global_step=242200, episodic_return=0.0
global_step=242356, episodic_return=0.0
global_step=242436, episodic_return=0.0
global_step=242448, episodic_return=0.0
global_step=242604, episodic_return=0.0
SPS: 3269
global_step=242760, episodic_return=0.0
global_step=242840, episodic_return=0.0
global_step=242852, episodic_return=0.0
global_step=242980, episodic_return=0.16299999999999992
global_step=243164, episodic_return=0.0
SPS: 3269
global_step=243244, episodic_return=0.0
global_step=243256, episodic_return=0.0
global_step=243384, episodic_return=0.0
global_step=243568, episodic_return=0.0
global_step=243648, episodic_return=0.0
global_step=243660, episodic_return=0.0
SPS: 3269
global_step=243788, episodic_return=0.0
global_step=243852, episodic_return=0.865
global_step=243972, episodic_return=0.0
global_step=244032, episodic_return=0.14500000000000002
global_step=244064, episodic_return=0.0
SPS: 3270
global_step=244256, episodic_return=0.0
global_step=244376, episodic_return=0.0
global_step=244436, episodic_return=0.0
global_step=244468, episodic_return=0.0
global_step=244660, episodic_return=0.0
SPS: 3271
global_step=244780, episodic_return=0.0
global_step=244840, episodic_return=0.0
global_step=244872, episodic_return=0.0
global_step=245028, episodic_return=0.6579999999999999
global_step=245064, episodic_return=0.0
global_step=245184, episodic_return=0.0
global_step=245188, episodic_return=0.649
global_step=245244, episodic_return=0.0
SPS: 3271
global_step=245468, episodic_return=0.0
global_step=245588, episodic_return=0.0
global_step=245592, episodic_return=0.0
global_step=245648, episodic_return=0.0
SPS: 3272
global_step=245872, episodic_return=0.0
global_step=245992, episodic_return=0.0
global_step=245996, episodic_return=0.0
global_step=246052, episodic_return=0.0
SPS: 3272
global_step=246276, episodic_return=0.0
global_step=246396, episodic_return=0.0
global_step=246400, episodic_return=0.0
global_step=246456, episodic_return=0.0
global_step=246680, episodic_return=0.0
SPS: 3273
global_step=246800, episodic_return=0.0
global_step=246804, episodic_return=0.0
global_step=246860, episodic_return=0.0
global_step=247084, episodic_return=0.0
global_step=247204, episodic_return=0.0
global_step=247208, episodic_return=0.0
global_step=247264, episodic_return=0.0
SPS: 3273
global_step=247488, episodic_return=0.0
global_step=247592, episodic_return=0.775
global_step=247608, episodic_return=0.0
global_step=247612, episodic_return=0.0
global_step=247636, episodic_return=0.946
global_step=247668, episodic_return=0.0
SPS: 3274
global_step=247996, episodic_return=0.0
global_step=248016, episodic_return=0.0
global_step=248040, episodic_return=0.0
global_step=248072, episodic_return=0.0
SPS: 3275
global_step=248400, episodic_return=0.0
global_step=248420, episodic_return=0.0
global_step=248444, episodic_return=0.0
global_step=248476, episodic_return=0.0
global_step=248804, episodic_return=0.0
global_step=248824, episodic_return=0.0
SPS: 3275
global_step=248848, episodic_return=0.0
global_step=248880, episodic_return=0.0
global_step=249108, episodic_return=0.42399999999999993
global_step=249208, episodic_return=0.0
global_step=249228, episodic_return=0.0
global_step=249284, episodic_return=0.0
SPS: 3276
global_step=249368, episodic_return=0.694
global_step=249512, episodic_return=0.0
global_step=249612, episodic_return=0.0
global_step=249688, episodic_return=0.0
global_step=249704, episodic_return=0.973
global_step=249772, episodic_return=0.0
SPS: 3275
global_step=249916, episodic_return=0.0
global_step=250016, episodic_return=0.0
global_step=250108, episodic_return=0.0
global_step=250176, episodic_return=0.0
global_step=250300, episodic_return=0.37
global_step=250320, episodic_return=0.0
SPS: 3276
global_step=250512, episodic_return=0.0
global_step=250580, episodic_return=0.0
global_step=250620, episodic_return=0.919
global_step=250688, episodic_return=0.856
global_step=250704, episodic_return=0.0
global_step=250724, episodic_return=0.0
SPS: 3276
global_step=250916, episodic_return=0.0
global_step=251092, episodic_return=0.0
global_step=251108, episodic_return=0.0
global_step=251128, episodic_return=0.0
global_step=251320, episodic_return=0.0
SPS: 3277
global_step=251496, episodic_return=0.0
global_step=251512, episodic_return=0.0
global_step=251528, episodic_return=0.9369999999999999
global_step=251532, episodic_return=0.0
global_step=251724, episodic_return=0.0
SPS: 3278
global_step=251916, episodic_return=0.0
global_step=251932, episodic_return=0.0
global_step=251936, episodic_return=0.0
global_step=251972, episodic_return=0.9279999999999999
global_step=252128, episodic_return=0.0
global_step=252320, episodic_return=0.0
global_step=252336, episodic_return=0.0
global_step=252376, episodic_return=0.0
SPS: 3278
global_step=252532, episodic_return=0.0
global_step=252568, episodic_return=0.577
global_step=252724, episodic_return=0.0
global_step=252740, episodic_return=0.0
SPS: 3279
global_step=252936, episodic_return=0.0
global_step=252972, episodic_return=0.0
global_step=253128, episodic_return=0.0
global_step=253144, episodic_return=0.0
global_step=253188, episodic_return=0.874
global_step=253340, episodic_return=0.0
global_step=253376, episodic_return=0.0
SPS: 3279
global_step=253548, episodic_return=0.0
global_step=253592, episodic_return=0.0
global_step=253744, episodic_return=0.0
global_step=253780, episodic_return=0.0
global_step=253852, episodic_return=0.847
global_step=253952, episodic_return=0.0
SPS: 3280
global_step=253984, episodic_return=0.712
global_step=253996, episodic_return=0.0
global_step=254148, episodic_return=0.0
global_step=254356, episodic_return=0.0
global_step=254388, episodic_return=0.0
global_step=254400, episodic_return=0.0
SPS: 3280
global_step=254552, episodic_return=0.0
global_step=254760, episodic_return=0.0
global_step=254792, episodic_return=0.0
global_step=254804, episodic_return=0.0
global_step=254956, episodic_return=0.0
SPS: 3281
global_step=255164, episodic_return=0.0
global_step=255196, episodic_return=0.0
global_step=255208, episodic_return=0.0
global_step=255360, episodic_return=0.0
SPS: 3282
global_step=255496, episodic_return=0.33399999999999996
global_step=255568, episodic_return=0.0
global_step=255612, episodic_return=0.0
global_step=255764, episodic_return=0.0
global_step=255900, episodic_return=0.0
global_step=255972, episodic_return=0.0
global_step=255984, episodic_return=0.514
SPS: 3282
global_step=256016, episodic_return=0.0
global_step=256304, episodic_return=0.0
global_step=256376, episodic_return=0.0
global_step=256388, episodic_return=0.0
global_step=256420, episodic_return=0.0
SPS: 3282
global_step=256524, episodic_return=0.514
global_step=256756, episodic_return=0.15400000000000003
global_step=256792, episodic_return=0.0
global_step=256824, episodic_return=0.0
global_step=256928, episodic_return=0.0
SPS: 3283
global_step=257160, episodic_return=0.0
global_step=257196, episodic_return=0.0
global_step=257228, episodic_return=0.0
global_step=257332, episodic_return=0.0
SPS: 3283
global_step=257564, episodic_return=0.0
global_step=257600, episodic_return=0.0
global_step=257632, episodic_return=0.0
global_step=257736, episodic_return=0.0
global_step=257820, episodic_return=0.586
global_step=257968, episodic_return=0.0
global_step=258004, episodic_return=0.0
SPS: 3284
global_step=258140, episodic_return=0.0
global_step=258224, episodic_return=0.0
global_step=258248, episodic_return=0.45999999999999996
global_step=258372, episodic_return=0.0
global_step=258396, episodic_return=0.43299999999999994
SPS: 3284
global_step=258628, episodic_return=0.0
global_step=258652, episodic_return=0.0
global_step=258776, episodic_return=0.0
global_step=258800, episodic_return=0.0
global_step=258912, episodic_return=0.42399999999999993
global_step=259032, episodic_return=0.0
SPS: 3285
global_step=259180, episodic_return=0.0
global_step=259204, episodic_return=0.0
global_step=259316, episodic_return=0.0
global_step=259436, episodic_return=0.0
global_step=259584, episodic_return=0.0
SPS: 3285
global_step=259608, episodic_return=0.0
global_step=259720, episodic_return=0.0
global_step=259840, episodic_return=0.0
global_step=259988, episodic_return=0.0
global_step=260012, episodic_return=0.0
SPS: 3285
global_step=260124, episodic_return=0.0
global_step=260220, episodic_return=0.7929999999999999
global_step=260244, episodic_return=0.0
global_step=260392, episodic_return=0.0
global_step=260416, episodic_return=0.0
SPS: 3286
global_step=260624, episodic_return=0.0
global_step=260648, episodic_return=0.0
global_step=260796, episodic_return=0.0
global_step=260820, episodic_return=0.0
global_step=261028, episodic_return=0.0
global_step=261052, episodic_return=0.0
SPS: 3287
global_step=261200, episodic_return=0.0
global_step=261224, episodic_return=0.0
global_step=261432, episodic_return=0.0
global_step=261456, episodic_return=0.0
global_step=261604, episodic_return=0.0
global_step=261604, episodic_return=0.6759999999999999
global_step=261628, episodic_return=0.0
SPS: 3287
global_step=261836, episodic_return=0.0
global_step=262008, episodic_return=0.0
global_step=262008, episodic_return=0.0
global_step=262032, episodic_return=0.0
global_step=262120, episodic_return=0.757
SPS: 3288
global_step=262240, episodic_return=0.0
global_step=262412, episodic_return=0.0
global_step=262436, episodic_return=0.0
global_step=262524, episodic_return=0.0
global_step=262608, episodic_return=0.5680000000000001
global_step=262644, episodic_return=0.0
SPS: 3288
global_step=262788, episodic_return=0.21699999999999997
global_step=262928, episodic_return=0.0
global_step=262968, episodic_return=0.919
global_step=263012, episodic_return=0.0
global_step=263048, episodic_return=0.0
SPS: 3288
global_step=263192, episodic_return=0.0
global_step=263372, episodic_return=0.0
global_step=263416, episodic_return=0.0
global_step=263452, episodic_return=0.0
global_step=263596, episodic_return=0.0
SPS: 3289
global_step=263776, episodic_return=0.0
global_step=263820, episodic_return=0.0
global_step=263856, episodic_return=0.0
global_step=264000, episodic_return=0.0
global_step=264028, episodic_return=0.946
global_step=264180, episodic_return=0.0
SPS: 3289
global_step=264224, episodic_return=0.0
global_step=264260, episodic_return=0.0
global_step=264432, episodic_return=0.0
global_step=264584, episodic_return=0.0
global_step=264628, episodic_return=0.0
global_step=264664, episodic_return=0.0
SPS: 3290
global_step=264836, episodic_return=0.0
global_step=264988, episodic_return=0.0
global_step=265032, episodic_return=0.0
global_step=265068, episodic_return=0.0
SPS: 3291
global_step=265240, episodic_return=0.0
global_step=265392, episodic_return=0.0
global_step=265436, episodic_return=0.0
global_step=265468, episodic_return=0.9369999999999999
global_step=265472, episodic_return=0.0
global_step=265644, episodic_return=0.0
global_step=265672, episodic_return=0.946
SPS: 3291
global_step=265796, episodic_return=0.0
global_step=265872, episodic_return=0.0
global_step=265876, episodic_return=0.0
global_step=266076, episodic_return=0.0
global_step=266200, episodic_return=0.0
SPS: 3291
global_step=266276, episodic_return=0.0
global_step=266280, episodic_return=0.0
global_step=266480, episodic_return=0.0
global_step=266604, episodic_return=0.0
global_step=266680, episodic_return=0.0
global_step=266684, episodic_return=0.0
SPS: 3292
global_step=266884, episodic_return=0.0
global_step=266920, episodic_return=0.9279999999999999
global_step=267008, episodic_return=0.0
global_step=267084, episodic_return=0.0
global_step=267088, episodic_return=0.0
SPS: 3292
global_step=267324, episodic_return=0.478
global_step=267324, episodic_return=0.0
global_step=267412, episodic_return=0.0
global_step=267448, episodic_return=0.9279999999999999
global_step=267488, episodic_return=0.0
global_step=267728, episodic_return=0.0
global_step=267728, episodic_return=0.0
SPS: 3292
global_step=267852, episodic_return=0.0
global_step=267860, episodic_return=0.991
global_step=267892, episodic_return=0.0
global_step=268100, episodic_return=0.17199999999999993
global_step=268132, episodic_return=0.0
global_step=268264, episodic_return=0.0
SPS: 3293
global_step=268296, episodic_return=0.0
global_step=268504, episodic_return=0.0
global_step=268536, episodic_return=0.0
global_step=268568, episodic_return=0.865
global_step=268668, episodic_return=0.0
global_step=268700, episodic_return=0.0
SPS: 3293
global_step=268920, episodic_return=0.44199999999999995
global_step=268940, episodic_return=0.0
global_step=268972, episodic_return=0.0
global_step=269104, episodic_return=0.0
global_step=269308, episodic_return=0.55
SPS: 3294
global_step=269324, episodic_return=0.0
global_step=269344, episodic_return=0.0
global_step=269376, episodic_return=0.0
global_step=269712, episodic_return=0.0
global_step=269728, episodic_return=0.0
global_step=269748, episodic_return=0.0
global_step=269780, episodic_return=0.0
SPS: 3293
global_step=269948, episodic_return=0.5589999999999999
global_step=270116, episodic_return=0.0
global_step=270132, episodic_return=0.0
global_step=270172, episodic_return=0.5049999999999999
global_step=270184, episodic_return=0.0
global_step=270256, episodic_return=0.73
SPS: 3294
global_step=270520, episodic_return=0.0
global_step=270532, episodic_return=0.3879999999999999
global_step=270576, episodic_return=0.0
global_step=270588, episodic_return=0.0
global_step=270676, episodic_return=0.6579999999999999
SPS: 3295
global_step=270856, episodic_return=0.4059999999999999
global_step=270936, episodic_return=0.0
global_step=270980, episodic_return=0.0
global_step=271080, episodic_return=0.0
global_step=271260, episodic_return=0.0
global_step=271340, episodic_return=0.0
SPS: 3295
global_step=271376, episodic_return=0.748
global_step=271384, episodic_return=0.0
global_step=271480, episodic_return=0.775
global_step=271484, episodic_return=0.0
global_step=271744, episodic_return=0.0
global_step=271788, episodic_return=0.0
SPS: 3296
global_step=271884, episodic_return=0.0
global_step=271888, episodic_return=0.0
global_step=272148, episodic_return=0.0
global_step=272192, episodic_return=0.0
global_step=272288, episodic_return=0.0
global_step=272292, episodic_return=0.0
SPS: 3296
global_step=272552, episodic_return=0.0
global_step=272596, episodic_return=0.0
global_step=272692, episodic_return=0.0
global_step=272696, episodic_return=0.0
global_step=272884, episodic_return=0.577
SPS: 3297
global_step=272956, episodic_return=0.0
global_step=273000, episodic_return=0.0
global_step=273100, episodic_return=0.0
global_step=273288, episodic_return=0.0
global_step=273360, episodic_return=0.0
global_step=273404, episodic_return=0.0
SPS: 3297
global_step=273504, episodic_return=0.0
global_step=273692, episodic_return=0.0
global_step=273764, episodic_return=0.0
global_step=273808, episodic_return=0.0
global_step=273908, episodic_return=0.0
SPS: 3298
global_step=274096, episodic_return=0.0
global_step=274168, episodic_return=0.0
global_step=274212, episodic_return=0.0
global_step=274312, episodic_return=0.0
SPS: 3298
global_step=274500, episodic_return=0.0
global_step=274572, episodic_return=0.0
global_step=274616, episodic_return=0.0
global_step=274716, episodic_return=0.0
global_step=274904, episodic_return=0.0
global_step=274928, episodic_return=0.30699999999999994
SPS: 3299
global_step=274976, episodic_return=0.0
global_step=275120, episodic_return=0.0
global_step=275224, episodic_return=0.775
global_step=275308, episodic_return=0.0
global_step=275332, episodic_return=0.0
global_step=275380, episodic_return=0.0
SPS: 3299
global_step=275628, episodic_return=0.0
global_step=275712, episodic_return=0.0
global_step=275736, episodic_return=0.0
global_step=275784, episodic_return=0.0
SPS: 3300
global_step=276032, episodic_return=0.0
global_step=276116, episodic_return=0.0
global_step=276140, episodic_return=0.0
global_step=276188, episodic_return=0.0
global_step=276436, episodic_return=0.0
SPS: 3300
global_step=276496, episodic_return=0.31599999999999995
global_step=276520, episodic_return=0.0
global_step=276544, episodic_return=0.0
global_step=276840, episodic_return=0.0
global_step=276900, episodic_return=0.0
global_step=276924, episodic_return=0.0
global_step=276948, episodic_return=0.0
SPS: 3301
global_step=277244, episodic_return=0.0
global_step=277304, episodic_return=0.0
global_step=277328, episodic_return=0.0
global_step=277352, episodic_return=0.0
SPS: 3301
global_step=277648, episodic_return=0.0
global_step=277708, episodic_return=0.0
global_step=277732, episodic_return=0.0
global_step=277756, episodic_return=0.0
SPS: 3302
global_step=278052, episodic_return=0.0
global_step=278112, episodic_return=0.0
global_step=278136, episodic_return=0.0
global_step=278160, episodic_return=0.0
global_step=278456, episodic_return=0.0
global_step=278500, episodic_return=0.136
global_step=278528, episodic_return=0.847
SPS: 3302
global_step=278540, episodic_return=0.0
global_step=278564, episodic_return=0.0
global_step=278904, episodic_return=0.0
global_step=278932, episodic_return=0.0
global_step=278944, episodic_return=0.0
global_step=278968, episodic_return=0.0
global_step=279016, episodic_return=0.757
SPS: 3302
global_step=279336, episodic_return=0.0
global_step=279348, episodic_return=0.0
global_step=279372, episodic_return=0.0
global_step=279420, episodic_return=0.0
SPS: 3303
global_step=279740, episodic_return=0.0
global_step=279752, episodic_return=0.0
global_step=279776, episodic_return=0.0
global_step=279824, episodic_return=0.0
SPS: 3303
global_step=280144, episodic_return=0.0
global_step=280156, episodic_return=0.0
global_step=280180, episodic_return=0.0
global_step=280228, episodic_return=0.0
global_step=280548, episodic_return=0.0
global_step=280560, episodic_return=0.0
global_step=280564, episodic_return=0.14500000000000002
SPS: 3304
global_step=280632, episodic_return=0.0
global_step=280692, episodic_return=0.712
global_step=280952, episodic_return=0.0
global_step=280968, episodic_return=0.0
global_step=281028, episodic_return=0.874
global_step=281036, episodic_return=0.0
SPS: 3304
global_step=281096, episodic_return=0.0
global_step=281356, episodic_return=0.0
global_step=281432, episodic_return=0.0
global_step=281440, episodic_return=0.0
global_step=281500, episodic_return=0.0
SPS: 3305
global_step=281760, episodic_return=0.0
global_step=281836, episodic_return=0.0
global_step=281844, episodic_return=0.0
global_step=281904, episodic_return=0.0
SPS: 3305
global_step=282164, episodic_return=0.0
global_step=282240, episodic_return=0.0
global_step=282248, episodic_return=0.0
global_step=282308, episodic_return=0.0
global_step=282564, episodic_return=0.29799999999999993
global_step=282568, episodic_return=0.0
SPS: 3306
global_step=282644, episodic_return=0.0
global_step=282712, episodic_return=0.0
global_step=282768, episodic_return=0.73
global_step=282968, episodic_return=0.0
global_step=282972, episodic_return=0.0
global_step=283116, episodic_return=0.0
SPS: 3306
global_step=283172, episodic_return=0.0
global_step=283372, episodic_return=0.09999999999999998
global_step=283376, episodic_return=0.0
global_step=283520, episodic_return=0.0
global_step=283576, episodic_return=0.0
SPS: 3307
global_step=283776, episodic_return=0.0
global_step=283780, episodic_return=0.0
global_step=283924, episodic_return=0.0
global_step=283980, episodic_return=0.0
SPS: 3307
global_step=284180, episodic_return=0.0
global_step=284184, episodic_return=0.0
global_step=284328, episodic_return=0.0
global_step=284384, episodic_return=0.0
global_step=284584, episodic_return=0.0
global_step=284588, episodic_return=0.0
SPS: 3308
global_step=284732, episodic_return=0.0
global_step=284788, episodic_return=0.0
global_step=284796, episodic_return=0.991
global_step=284988, episodic_return=0.0
global_step=284992, episodic_return=0.0
global_step=285136, episodic_return=0.0
SPS: 3308
global_step=285200, episodic_return=0.0
global_step=285392, episodic_return=0.0
global_step=285396, episodic_return=0.0
global_step=285540, episodic_return=0.0
global_step=285604, episodic_return=0.0
SPS: 3308
global_step=285796, episodic_return=0.0
global_step=285800, episodic_return=0.0
global_step=285944, episodic_return=0.0
global_step=285988, episodic_return=0.577
global_step=286008, episodic_return=0.0
global_step=286204, episodic_return=0.0
SPS: 3308
global_step=286348, episodic_return=0.0
global_step=286392, episodic_return=0.0
global_step=286412, episodic_return=0.0
global_step=286608, episodic_return=0.0
SPS: 3308
global_step=286752, episodic_return=0.0
global_step=286796, episodic_return=0.0
global_step=286816, episodic_return=0.0
global_step=287012, episodic_return=0.0
global_step=287156, episodic_return=0.0
global_step=287200, episodic_return=0.0
global_step=287220, episodic_return=0.0
SPS: 3309
global_step=287284, episodic_return=0.3969999999999999
global_step=287560, episodic_return=0.0
global_step=287604, episodic_return=0.0
global_step=287624, episodic_return=0.0
global_step=287688, episodic_return=0.0
global_step=287736, episodic_return=0.901
SPS: 3309
global_step=287964, episodic_return=0.0
global_step=288008, episodic_return=0.0
global_step=288028, episodic_return=0.0
global_step=288140, episodic_return=0.613
global_step=288140, episodic_return=0.0
SPS: 3310
global_step=288412, episodic_return=0.0
global_step=288432, episodic_return=0.0
global_step=288544, episodic_return=0.0
global_step=288544, episodic_return=0.0
SPS: 3310
global_step=288816, episodic_return=0.0
global_step=288836, episodic_return=0.0
global_step=288948, episodic_return=0.0
global_step=288948, episodic_return=0.0
global_step=289112, episodic_return=0.6399999999999999
global_step=289220, episodic_return=0.0
global_step=289240, episodic_return=0.0
SPS: 3310
global_step=289352, episodic_return=0.0
global_step=289516, episodic_return=0.0
global_step=289624, episodic_return=0.0
global_step=289644, episodic_return=0.0
global_step=289756, episodic_return=0.0
SPS: 3311
global_step=289908, episodic_return=0.4149999999999999
global_step=289920, episodic_return=0.0
global_step=290028, episodic_return=0.0
global_step=290160, episodic_return=0.0
global_step=290244, episodic_return=0.2799999999999999
SPS: 3311
global_step=290312, episodic_return=0.0
global_step=290432, episodic_return=0.0
global_step=290564, episodic_return=0.0
global_step=290648, episodic_return=0.0
global_step=290716, episodic_return=0.0
SPS: 3312
global_step=290836, episodic_return=0.0
global_step=290912, episodic_return=0.5680000000000001
global_step=290968, episodic_return=0.0
global_step=291052, episodic_return=0.0
global_step=291240, episodic_return=0.0
global_step=291316, episodic_return=0.0
SPS: 3312
global_step=291372, episodic_return=0.0
global_step=291376, episodic_return=0.2799999999999999
global_step=291644, episodic_return=0.0
global_step=291676, episodic_return=0.32499999999999996
global_step=291720, episodic_return=0.0
global_step=291780, episodic_return=0.0
SPS: 3313
global_step=292048, episodic_return=0.0
global_step=292080, episodic_return=0.0
global_step=292124, episodic_return=0.0
global_step=292184, episodic_return=0.0
SPS: 3313
global_step=292452, episodic_return=0.0
global_step=292484, episodic_return=0.0
global_step=292528, episodic_return=0.0
global_step=292588, episodic_return=0.0
global_step=292856, episodic_return=0.0
SPS: 3313
global_step=292888, episodic_return=0.0
global_step=292916, episodic_return=0.136
global_step=292992, episodic_return=0.0
global_step=293188, episodic_return=0.5680000000000001
global_step=293260, episodic_return=0.0
global_step=293292, episodic_return=0.0
global_step=293320, episodic_return=0.0
SPS: 3314
global_step=293592, episodic_return=0.0
global_step=293664, episodic_return=0.0
global_step=293696, episodic_return=0.0
global_step=293724, episodic_return=0.0
SPS: 3314
global_step=293892, episodic_return=0.5680000000000001
global_step=293996, episodic_return=0.0
global_step=294032, episodic_return=0.9279999999999999
global_step=294068, episodic_return=0.0
global_step=294128, episodic_return=0.0
global_step=294180, episodic_return=0.892
global_step=294296, episodic_return=0.0
SPS: 3315
global_step=294436, episodic_return=0.0
global_step=294472, episodic_return=0.0
global_step=294584, episodic_return=0.0
global_step=294700, episodic_return=0.0
global_step=294840, episodic_return=0.0
global_step=294876, episodic_return=0.0
SPS: 3315
global_step=294988, episodic_return=0.0
global_step=295104, episodic_return=0.0
global_step=295244, episodic_return=0.0
global_step=295272, episodic_return=0.37
global_step=295280, episodic_return=0.0
SPS: 3315
global_step=295508, episodic_return=0.0
global_step=295600, episodic_return=0.2709999999999999
global_step=295648, episodic_return=0.0
global_step=295684, episodic_return=0.0
global_step=295704, episodic_return=0.775
global_step=295912, episodic_return=0.0
SPS: 3316
global_step=296052, episodic_return=0.0
global_step=296052, episodic_return=0.694
global_step=296056, episodic_return=0.21699999999999997
global_step=296088, episodic_return=0.0
global_step=296200, episodic_return=0.757
global_step=296232, episodic_return=0.9369999999999999
SPS: 3316
global_step=296456, episodic_return=0.0
global_step=296456, episodic_return=0.0
global_step=296460, episodic_return=0.0
global_step=296636, episodic_return=0.0
global_step=296860, episodic_return=0.0
global_step=296860, episodic_return=0.0
global_step=296864, episodic_return=0.0
SPS: 3316
global_step=297040, episodic_return=0.0
global_step=297264, episodic_return=0.0
global_step=297264, episodic_return=0.0
global_step=297268, episodic_return=0.0
global_step=297444, episodic_return=0.0
SPS: 3317
global_step=297668, episodic_return=0.0
global_step=297668, episodic_return=0.0
global_step=297672, episodic_return=0.0
global_step=297848, episodic_return=0.0
SPS: 3317
global_step=298072, episodic_return=0.0
global_step=298072, episodic_return=0.0
global_step=298076, episodic_return=0.0
global_step=298252, episodic_return=0.0
global_step=298272, episodic_return=0.964
global_step=298476, episodic_return=0.0
global_step=298476, episodic_return=0.0
global_step=298480, episodic_return=0.0
SPS: 3318
global_step=298676, episodic_return=0.0
global_step=298880, episodic_return=0.0
global_step=298880, episodic_return=0.0
global_step=298884, episodic_return=0.0
global_step=298896, episodic_return=0.973
global_step=298932, episodic_return=0.43299999999999994
SPS: 3318
global_step=299284, episodic_return=0.0
global_step=299288, episodic_return=0.0
global_step=299300, episodic_return=0.0
global_step=299336, episodic_return=0.0
SPS: 3318
global_step=299688, episodic_return=0.0
global_step=299692, episodic_return=0.0
global_step=299704, episodic_return=0.0
global_step=299740, episodic_return=0.0
SPS: 3319
global_step=300092, episodic_return=0.0
global_step=300096, episodic_return=0.0
global_step=300108, episodic_return=0.0
global_step=300144, episodic_return=0.0
global_step=300496, episodic_return=0.0
global_step=300500, episodic_return=0.0
global_step=300512, episodic_return=0.0
SPS: 3319
global_step=300548, episodic_return=0.0
global_step=300900, episodic_return=0.0
global_step=300904, episodic_return=0.0
global_step=300916, episodic_return=0.0
global_step=300952, episodic_return=0.0
global_step=300964, episodic_return=0.982
SPS: 3320
global_step=301064, episodic_return=0.6759999999999999
global_step=301152, episodic_return=0.8109999999999999
global_step=301304, episodic_return=0.0
global_step=301308, episodic_return=0.0
global_step=301336, episodic_return=0.946
global_step=301368, episodic_return=0.0
global_step=301556, episodic_return=0.0
SPS: 3320
global_step=301708, episodic_return=0.0
global_step=301740, episodic_return=0.0
global_step=301772, episodic_return=0.0
global_step=301960, episodic_return=0.0
SPS: 3321
global_step=302112, episodic_return=0.0
global_step=302144, episodic_return=0.0
global_step=302176, episodic_return=0.0
global_step=302364, episodic_return=0.0
global_step=302452, episodic_return=0.3879999999999999
global_step=302516, episodic_return=0.0
global_step=302548, episodic_return=0.0
SPS: 3321
global_step=302768, episodic_return=0.0
global_step=302856, episodic_return=0.0
global_step=302920, episodic_return=0.0
global_step=302952, episodic_return=0.0
SPS: 3320
global_step=303172, episodic_return=0.0
global_step=303260, episodic_return=0.0
global_step=303268, episodic_return=0.7929999999999999
global_step=303296, episodic_return=0.946
global_step=303324, episodic_return=0.0
global_step=303356, episodic_return=0.0
global_step=303396, episodic_return=0.919
SPS: 3320
global_step=303664, episodic_return=0.0
global_step=303700, episodic_return=0.0
global_step=303728, episodic_return=0.0
global_step=303800, episodic_return=0.0
global_step=304068, episodic_return=0.0
global_step=304104, episodic_return=0.0
SPS: 3320
global_step=304132, episodic_return=0.0
global_step=304204, episodic_return=0.0
global_step=304472, episodic_return=0.0
global_step=304508, episodic_return=0.0
global_step=304536, episodic_return=0.0
global_step=304608, episodic_return=0.0
SPS: 3321
global_step=304876, episodic_return=0.0
global_step=304912, episodic_return=0.0
global_step=304940, episodic_return=0.0
global_step=305012, episodic_return=0.0
global_step=305044, episodic_return=0.775
SPS: 3321
global_step=305280, episodic_return=0.0
global_step=305316, episodic_return=0.0
global_step=305396, episodic_return=0.14500000000000002
global_step=305448, episodic_return=0.0
SPS: 3322
global_step=305684, episodic_return=0.0
global_step=305720, episodic_return=0.0
global_step=305800, episodic_return=0.0
global_step=305852, episodic_return=0.0
global_step=306088, episodic_return=0.0
global_step=306124, episodic_return=0.0
SPS: 3322
global_step=306204, episodic_return=0.0
global_step=306256, episodic_return=0.0
global_step=306332, episodic_return=0.838
global_step=306492, episodic_return=0.0
global_step=306528, episodic_return=0.0
global_step=306608, episodic_return=0.0
SPS: 3323
global_step=306736, episodic_return=0.0
global_step=306896, episodic_return=0.0
global_step=306932, episodic_return=0.0
global_step=307012, episodic_return=0.0
global_step=307140, episodic_return=0.0
SPS: 3323
global_step=307300, episodic_return=0.0
global_step=307336, episodic_return=0.0
global_step=307416, episodic_return=0.0
global_step=307544, episodic_return=0.0
global_step=307704, episodic_return=0.0
SPS: 3323
global_step=307740, episodic_return=0.0
global_step=307820, episodic_return=0.0
global_step=307948, episodic_return=0.0
global_step=308108, episodic_return=0.0
global_step=308144, episodic_return=0.0
global_step=308224, episodic_return=0.0
SPS: 3324
global_step=308256, episodic_return=0.757
global_step=308352, episodic_return=0.0
global_step=308512, episodic_return=0.0
global_step=308628, episodic_return=0.0
global_step=308660, episodic_return=0.0
SPS: 3324
global_step=308756, episodic_return=0.0
global_step=308916, episodic_return=0.0
global_step=309032, episodic_return=0.0
global_step=309064, episodic_return=0.0
global_step=309088, episodic_return=0.262
SPS: 3325
global_step=309320, episodic_return=0.0
global_step=309436, episodic_return=0.0
global_step=309468, episodic_return=0.0
global_step=309492, episodic_return=0.0
global_step=309656, episodic_return=0.586
global_step=309724, episodic_return=0.0
SPS: 3325
global_step=309840, episodic_return=0.0
global_step=309896, episodic_return=0.0
global_step=310060, episodic_return=0.0
global_step=310128, episodic_return=0.0
global_step=310244, episodic_return=0.0
SPS: 3325
global_step=310300, episodic_return=0.0
global_step=310464, episodic_return=0.0
global_step=310532, episodic_return=0.0
global_step=310648, episodic_return=0.0
global_step=310704, episodic_return=0.0
SPS: 3326
global_step=310868, episodic_return=0.0
global_step=310936, episodic_return=0.0
global_step=310996, episodic_return=0.721
global_step=311052, episodic_return=0.0
global_step=311108, episodic_return=0.0
global_step=311208, episodic_return=0.6579999999999999
SPS: 3326
global_step=311340, episodic_return=0.0
global_step=311400, episodic_return=0.0
global_step=311512, episodic_return=0.0
global_step=311612, episodic_return=0.0
global_step=311744, episodic_return=0.0
global_step=311804, episodic_return=0.0
SPS: 3327
global_step=311868, episodic_return=0.43299999999999994
global_step=311916, episodic_return=0.0
global_step=312148, episodic_return=0.0
global_step=312208, episodic_return=0.0
global_step=312272, episodic_return=0.0
global_step=312320, episodic_return=0.0
SPS: 3327
global_step=312552, episodic_return=0.0
global_step=312612, episodic_return=0.0
global_step=312676, episodic_return=0.0
global_step=312724, episodic_return=0.0
SPS: 3327
global_step=312956, episodic_return=0.0
global_step=313016, episodic_return=0.0
global_step=313076, episodic_return=0.21699999999999997
global_step=313080, episodic_return=0.0
SPS: 3328
global_step=313360, episodic_return=0.0
global_step=313420, episodic_return=0.0
global_step=313480, episodic_return=0.0
global_step=313484, episodic_return=0.0
global_step=313764, episodic_return=0.0
global_step=313824, episodic_return=0.0
SPS: 3328
global_step=313884, episodic_return=0.0
global_step=313888, episodic_return=0.0
global_step=313916, episodic_return=0.946
global_step=314168, episodic_return=0.0
global_step=314228, episodic_return=0.0
global_step=314288, episodic_return=0.0
global_step=314320, episodic_return=0.0
SPS: 3328
global_step=314572, episodic_return=0.0
global_step=314632, episodic_return=0.0
global_step=314692, episodic_return=0.0
global_step=314724, episodic_return=0.0
SPS: 3329
global_step=314976, episodic_return=0.0
global_step=315036, episodic_return=0.0
global_step=315096, episodic_return=0.0
global_step=315128, episodic_return=0.0
global_step=315172, episodic_return=0.91
global_step=315380, episodic_return=0.0
SPS: 3329
global_step=315440, episodic_return=0.0
global_step=315500, episodic_return=0.0
global_step=315576, episodic_return=0.0
global_step=315784, episodic_return=0.0
global_step=315844, episodic_return=0.0
global_step=315904, episodic_return=0.0
SPS: 3329
global_step=315980, episodic_return=0.0
global_step=316188, episodic_return=0.0
global_step=316248, episodic_return=0.0
global_step=316308, episodic_return=0.0
global_step=316384, episodic_return=0.0
SPS: 3330
global_step=316592, episodic_return=0.0
global_step=316652, episodic_return=0.0
global_step=316712, episodic_return=0.0
global_step=316788, episodic_return=0.0
SPS: 3330
global_step=316944, episodic_return=0.352
global_step=316996, episodic_return=0.0
global_step=317116, episodic_return=0.0
global_step=317192, episodic_return=0.0
global_step=317348, episodic_return=0.0
global_step=317400, episodic_return=0.0
SPS: 3330
global_step=317520, episodic_return=0.0
global_step=317596, episodic_return=0.0
global_step=317752, episodic_return=0.0
global_step=317804, episodic_return=0.0
global_step=317924, episodic_return=0.0
SPS: 3331
global_step=318000, episodic_return=0.0
global_step=318156, episodic_return=0.0
global_step=318208, episodic_return=0.0
global_step=318276, episodic_return=0.856
global_step=318328, episodic_return=0.0
global_step=318404, episodic_return=0.0
SPS: 3331
global_step=318560, episodic_return=0.0
global_step=318680, episodic_return=0.0
global_step=318720, episodic_return=0.919
global_step=318732, episodic_return=0.0
global_step=318808, episodic_return=0.0
global_step=318964, episodic_return=0.0
SPS: 3331
global_step=319124, episodic_return=0.0
global_step=319136, episodic_return=0.0
global_step=319212, episodic_return=0.0
global_step=319368, episodic_return=0.0
SPS: 3332
global_step=319528, episodic_return=0.0
global_step=319540, episodic_return=0.0
global_step=319568, episodic_return=0.946
global_step=319612, episodic_return=0.91
global_step=319616, episodic_return=0.0
global_step=319772, episodic_return=0.0
global_step=319932, episodic_return=0.0
SPS: 3332
global_step=320016, episodic_return=0.0
global_step=320020, episodic_return=0.0
global_step=320176, episodic_return=0.0
global_step=320336, episodic_return=0.0
global_step=320392, episodic_return=0.17199999999999993
global_step=320420, episodic_return=0.0
global_step=320456, episodic_return=0.9279999999999999
SPS: 3332
global_step=320580, episodic_return=0.0
global_step=320628, episodic_return=0.352
global_step=320796, episodic_return=0.0
global_step=320860, episodic_return=0.0
global_step=320984, episodic_return=0.0
SPS: 3331
global_step=321032, episodic_return=0.0
global_step=321200, episodic_return=0.0
global_step=321228, episodic_return=0.5680000000000001
global_step=321264, episodic_return=0.0
global_step=321388, episodic_return=0.0
SPS: 3331
global_step=321604, episodic_return=0.0
global_step=321632, episodic_return=0.0
global_step=321668, episodic_return=0.0
global_step=321792, episodic_return=0.0
global_step=322008, episodic_return=0.0
global_step=322036, episodic_return=0.0
global_step=322044, episodic_return=0.9279999999999999
SPS: 3332
global_step=322072, episodic_return=0.0
global_step=322196, episodic_return=0.0
global_step=322440, episodic_return=0.0
global_step=322448, episodic_return=0.0
global_step=322476, episodic_return=0.0
SPS: 3332
global_step=322600, episodic_return=0.0
global_step=322756, episodic_return=0.379
global_step=322844, episodic_return=0.0
global_step=322852, episodic_return=0.0
global_step=323004, episodic_return=0.0
SPS: 3332
global_step=323160, episodic_return=0.0
global_step=323248, episodic_return=0.0
global_step=323256, episodic_return=0.0
global_step=323344, episodic_return=0.595
global_step=323408, episodic_return=0.0
SPS: 3332
global_step=323652, episodic_return=0.0
global_step=323660, episodic_return=0.0
global_step=323748, episodic_return=0.0
global_step=323812, episodic_return=0.0
global_step=324056, episodic_return=0.0
global_step=324064, episodic_return=0.0
SPS: 3333
global_step=324152, episodic_return=0.0
global_step=324216, episodic_return=0.0
global_step=324292, episodic_return=0.694
global_step=324460, episodic_return=0.0
global_step=324468, episodic_return=0.0
SPS: 3333
global_step=324620, episodic_return=0.0
global_step=324696, episodic_return=0.0
global_step=324864, episodic_return=0.0
global_step=324872, episodic_return=0.0
global_step=325024, episodic_return=0.0
global_step=325100, episodic_return=0.0
SPS: 3334
global_step=325268, episodic_return=0.0
global_step=325276, episodic_return=0.0
global_step=325428, episodic_return=0.0
global_step=325452, episodic_return=0.955
global_step=325504, episodic_return=0.0
global_step=325548, episodic_return=0.91
SPS: 3334
global_step=325672, episodic_return=0.0
global_step=325680, episodic_return=0.0
global_step=325856, episodic_return=0.0
global_step=325952, episodic_return=0.0
global_step=326076, episodic_return=0.0
global_step=326084, episodic_return=0.0
SPS: 3334
global_step=326260, episodic_return=0.0
global_step=326356, episodic_return=0.0
global_step=326480, episodic_return=0.0
global_step=326480, episodic_return=0.73
global_step=326488, episodic_return=0.0
SPS: 3335
global_step=326664, episodic_return=0.0
global_step=326844, episodic_return=0.18999999999999995
global_step=326884, episodic_return=0.0
global_step=326892, episodic_return=0.0
global_step=327068, episodic_return=0.0
SPS: 3335
global_step=327248, episodic_return=0.0
global_step=327288, episodic_return=0.0
global_step=327296, episodic_return=0.0
global_step=327340, episodic_return=0.892
global_step=327472, episodic_return=0.0
global_step=327652, episodic_return=0.0
SPS: 3336
global_step=327700, episodic_return=0.0
global_step=327744, episodic_return=0.0
global_step=327876, episodic_return=0.0
global_step=328012, episodic_return=0.4059999999999999
global_step=328056, episodic_return=0.0
global_step=328104, episodic_return=0.0
SPS: 3336
global_step=328280, episodic_return=0.0
global_step=328416, episodic_return=0.0
global_step=328460, episodic_return=0.0
global_step=328508, episodic_return=0.0
global_step=328684, episodic_return=0.0
SPS: 3336
global_step=328820, episodic_return=0.0
global_step=328864, episodic_return=0.0
global_step=328912, episodic_return=0.0
global_step=329088, episodic_return=0.0
SPS: 3337
global_step=329224, episodic_return=0.0
global_step=329268, episodic_return=0.0
global_step=329316, episodic_return=0.0
global_step=329396, episodic_return=0.829
global_step=329492, episodic_return=0.0
global_step=329628, episodic_return=0.0
global_step=329672, episodic_return=0.0
SPS: 3337
global_step=329784, episodic_return=0.757
global_step=329800, episodic_return=0.0
global_step=329896, episodic_return=0.0
global_step=329948, episodic_return=0.892
global_step=330032, episodic_return=0.0
global_step=330188, episodic_return=0.0
global_step=330204, episodic_return=0.0
global_step=330216, episodic_return=0.982
SPS: 3337
global_step=330252, episodic_return=0.9279999999999999
global_step=330352, episodic_return=0.0
global_step=330436, episodic_return=0.0
global_step=330508, episodic_return=0.43299999999999994
global_step=330576, episodic_return=0.856
global_step=330592, episodic_return=0.0
SPS: 3338
global_step=330756, episodic_return=0.0
global_step=330840, episodic_return=0.0
global_step=330980, episodic_return=0.0
global_step=330996, episodic_return=0.0
global_step=331104, episodic_return=0.73
global_step=331160, episodic_return=0.0
global_step=331244, episodic_return=0.0
SPS: 3338
global_step=331400, episodic_return=0.0
global_step=331416, episodic_return=0.30699999999999994
global_step=331528, episodic_return=0.18099999999999994
global_step=331616, episodic_return=0.5229999999999999
global_step=331648, episodic_return=0.0
SPS: 3338
global_step=331820, episodic_return=0.0
global_step=331932, episodic_return=0.0
global_step=332020, episodic_return=0.0
global_step=332052, episodic_return=0.0
global_step=332224, episodic_return=0.0
SPS: 3339
global_step=332336, episodic_return=0.0
global_step=332424, episodic_return=0.0
global_step=332456, episodic_return=0.0
global_step=332472, episodic_return=0.703
global_step=332628, episodic_return=0.0
SPS: 3339
global_step=332828, episodic_return=0.0
global_step=332860, episodic_return=0.0
global_step=332876, episodic_return=0.0
global_step=333032, episodic_return=0.0
global_step=333052, episodic_return=0.577
global_step=333216, episodic_return=0.6399999999999999
global_step=333232, episodic_return=0.0
global_step=333280, episodic_return=0.0
SPS: 3339
global_step=333332, episodic_return=0.784
global_step=333436, episodic_return=0.0
global_step=333620, episodic_return=0.0
global_step=333684, episodic_return=0.0
global_step=333736, episodic_return=0.0
SPS: 3340
global_step=333840, episodic_return=0.0
global_step=334000, episodic_return=0.649
global_step=334024, episodic_return=0.0
global_step=334088, episodic_return=0.0
global_step=334140, episodic_return=0.0
SPS: 3340
global_step=334348, episodic_return=0.5409999999999999
global_step=334404, episodic_return=0.0
global_step=334428, episodic_return=0.0
global_step=334492, episodic_return=0.0
global_step=334752, episodic_return=0.0
global_step=334788, episodic_return=0.34299999999999997
global_step=334808, episodic_return=0.0
global_step=334832, episodic_return=0.0
SPS: 3340
global_step=335156, episodic_return=0.0
global_step=335192, episodic_return=0.0
global_step=335212, episodic_return=0.0
global_step=335236, episodic_return=0.0
SPS: 3341
global_step=335560, episodic_return=0.0
global_step=335596, episodic_return=0.0
global_step=335616, episodic_return=0.0
global_step=335640, episodic_return=0.0
SPS: 3341
global_step=335964, episodic_return=0.0
global_step=336000, episodic_return=0.0
global_step=336020, episodic_return=0.0
global_step=336044, episodic_return=0.0
global_step=336368, episodic_return=0.0
SPS: 3341
global_step=336404, episodic_return=0.0
global_step=336424, episodic_return=0.0
global_step=336448, episodic_return=0.0
global_step=336676, episodic_return=0.44199999999999995
global_step=336772, episodic_return=0.0
global_step=336808, episodic_return=0.0
global_step=336852, episodic_return=0.0
SPS: 3342
global_step=336972, episodic_return=0.5589999999999999
global_step=336984, episodic_return=0.31599999999999995
global_step=337212, episodic_return=0.0
global_step=337220, episodic_return=0.18099999999999994
global_step=337244, episodic_return=0.3969999999999999
global_step=337388, episodic_return=0.0
SPS: 3342
global_step=337616, episodic_return=0.0
global_step=337624, episodic_return=0.0
global_step=337648, episodic_return=0.0
global_step=337780, episodic_return=0.6399999999999999
global_step=337792, episodic_return=0.0
global_step=337876, episodic_return=0.4959999999999999
SPS: 3342
global_step=338028, episodic_return=0.0
global_step=338184, episodic_return=0.0
global_step=338196, episodic_return=0.0
global_step=338280, episodic_return=0.0
global_step=338432, episodic_return=0.0
SPS: 3343
global_step=338588, episodic_return=0.0
global_step=338600, episodic_return=0.0
global_step=338684, episodic_return=0.0
global_step=338836, episodic_return=0.0
SPS: 3342
global_step=338992, episodic_return=0.0
global_step=339004, episodic_return=0.0
global_step=339088, episodic_return=0.0
global_step=339240, episodic_return=0.0
global_step=339396, episodic_return=0.0
global_step=339408, episodic_return=0.0
SPS: 3342
global_step=339492, episodic_return=0.0
global_step=339544, episodic_return=0.6759999999999999
global_step=339644, episodic_return=0.0
global_step=339812, episodic_return=0.0
global_step=339896, episodic_return=0.0
global_step=339948, episodic_return=0.0
SPS: 3343
global_step=340048, episodic_return=0.0
global_step=340216, episodic_return=0.0
global_step=340300, episodic_return=0.0
global_step=340352, episodic_return=0.0
global_step=340452, episodic_return=0.0
SPS: 3343
global_step=340500, episodic_return=0.901
global_step=340620, episodic_return=0.0
global_step=340704, episodic_return=0.0
global_step=340756, episodic_return=0.0
global_step=340904, episodic_return=0.0
SPS: 3343
global_step=341024, episodic_return=0.0
global_step=341108, episodic_return=0.0
global_step=341160, episodic_return=0.0
global_step=341224, episodic_return=0.865
global_step=341308, episodic_return=0.0
global_step=341428, episodic_return=0.0
SPS: 3344
global_step=341512, episodic_return=0.0
global_step=341628, episodic_return=0.0
global_step=341712, episodic_return=0.0
global_step=341760, episodic_return=0.712
global_step=341832, episodic_return=0.0
global_step=341900, episodic_return=0.856
global_step=341916, episodic_return=0.0
SPS: 3344
global_step=342116, episodic_return=0.0
global_step=342164, episodic_return=0.0
global_step=342304, episodic_return=0.0
global_step=342320, episodic_return=0.0
global_step=342520, episodic_return=0.0
SPS: 3344
global_step=342568, episodic_return=0.0
global_step=342708, episodic_return=0.0
global_step=342724, episodic_return=0.0
global_step=342900, episodic_return=0.262
global_step=342924, episodic_return=0.0
global_step=342960, episodic_return=0.9279999999999999
SPS: 3345
global_step=343112, episodic_return=0.0
global_step=343128, episodic_return=0.4959999999999999
global_step=343128, episodic_return=0.0
global_step=343276, episodic_return=0.6759999999999999
global_step=343364, episodic_return=0.0
global_step=343516, episodic_return=0.0
global_step=343532, episodic_return=0.0
SPS: 3345
global_step=343680, episodic_return=0.0
global_step=343768, episodic_return=0.0
global_step=343920, episodic_return=0.0
global_step=343936, episodic_return=0.0
SPS: 3345
global_step=344084, episodic_return=0.0
global_step=344156, episodic_return=0.514
global_step=344172, episodic_return=0.0
global_step=344324, episodic_return=0.0
global_step=344488, episodic_return=0.0
global_step=344560, episodic_return=0.0
global_step=344576, episodic_return=0.0
SPS: 3345
global_step=344604, episodic_return=0.379
global_step=344628, episodic_return=0.892
global_step=344892, episodic_return=0.0
global_step=344964, episodic_return=0.0
global_step=345008, episodic_return=0.0
global_step=345032, episodic_return=0.0
SPS: 3346
global_step=345296, episodic_return=0.0
global_step=345364, episodic_return=0.20799999999999996
global_step=345368, episodic_return=0.0
global_step=345436, episodic_return=0.0
SPS: 3346
global_step=345700, episodic_return=0.0
global_step=345768, episodic_return=0.0
global_step=345772, episodic_return=0.0
global_step=345840, episodic_return=0.0
global_step=346104, episodic_return=0.0
SPS: 3347
global_step=346172, episodic_return=0.0
global_step=346176, episodic_return=0.0
global_step=346244, episodic_return=0.0
global_step=346364, episodic_return=0.586
global_step=346460, episodic_return=0.7929999999999999
global_step=346508, episodic_return=0.0
global_step=346576, episodic_return=0.0
SPS: 3347
global_step=346648, episodic_return=0.0
global_step=346864, episodic_return=0.0
global_step=346912, episodic_return=0.0
global_step=346916, episodic_return=0.892
global_step=346980, episodic_return=0.0
global_step=346996, episodic_return=0.829
global_step=347052, episodic_return=0.0
SPS: 3347
global_step=347168, episodic_return=0.748
global_step=347316, episodic_return=0.0
global_step=347324, episodic_return=0.991
global_step=347384, episodic_return=0.0
global_step=347400, episodic_return=0.0
global_step=347572, episodic_return=0.0
SPS: 3347
global_step=347728, episodic_return=0.0
global_step=347788, episodic_return=0.0
global_step=347804, episodic_return=0.0
global_step=347976, episodic_return=0.0
global_step=348132, episodic_return=0.0
SPS: 3348
global_step=348192, episodic_return=0.0
global_step=348208, episodic_return=0.0
global_step=348380, episodic_return=0.0
global_step=348416, episodic_return=0.9279999999999999
global_step=348536, episodic_return=0.0
global_step=348544, episodic_return=0.991
global_step=348596, episodic_return=0.0
global_step=348612, episodic_return=0.0
SPS: 3348
global_step=348820, episodic_return=0.0
global_step=348832, episodic_return=0.361
global_step=349000, episodic_return=0.0
global_step=349004, episodic_return=0.622
global_step=349016, episodic_return=0.0
SPS: 3348
global_step=349224, episodic_return=0.0
global_step=349404, episodic_return=0.0
global_step=349408, episodic_return=0.0
global_step=349420, episodic_return=0.0
global_step=349628, episodic_return=0.0
SPS: 3349
global_step=349808, episodic_return=0.0
global_step=349812, episodic_return=0.0
global_step=349824, episodic_return=0.0
global_step=350032, episodic_return=0.0
SPS: 3349
global_step=350212, episodic_return=0.0
global_step=350216, episodic_return=0.0
global_step=350228, episodic_return=0.0
global_step=350436, episodic_return=0.0
global_step=350616, episodic_return=0.0
global_step=350620, episodic_return=0.0
global_step=350632, episodic_return=0.0
SPS: 3349
global_step=350840, episodic_return=0.0
global_step=351020, episodic_return=0.0
global_step=351024, episodic_return=0.0
global_step=351036, episodic_return=0.0
SPS: 3349
global_step=351244, episodic_return=0.0
global_step=351424, episodic_return=0.0
global_step=351428, episodic_return=0.0
global_step=351440, episodic_return=0.0
global_step=351620, episodic_return=0.577
global_step=351648, episodic_return=0.0
SPS: 3349
global_step=351828, episodic_return=0.0
global_step=351844, episodic_return=0.0
global_step=351900, episodic_return=0.847
global_step=351924, episodic_return=0.3879999999999999
global_step=352024, episodic_return=0.0
global_step=352040, episodic_return=0.5680000000000001
SPS: 3349
global_step=352304, episodic_return=0.0
global_step=352328, episodic_return=0.0
global_step=352372, episodic_return=0.22599999999999998
global_step=352444, episodic_return=0.0
global_step=352708, episodic_return=0.0
global_step=352732, episodic_return=0.0
SPS: 3350
global_step=352776, episodic_return=0.0
global_step=352848, episodic_return=0.0
global_step=353112, episodic_return=0.0
global_step=353136, episodic_return=0.0
global_step=353180, episodic_return=0.0
global_step=353252, episodic_return=0.0
SPS: 3350
global_step=353516, episodic_return=0.0
global_step=353540, episodic_return=0.0
global_step=353584, episodic_return=0.0
global_step=353656, episodic_return=0.0
global_step=353704, episodic_return=0.6399999999999999
SPS: 3350
global_step=353920, episodic_return=0.0
global_step=353988, episodic_return=0.0
global_step=354024, episodic_return=0.9279999999999999
global_step=354060, episodic_return=0.0
global_step=354108, episodic_return=0.0
global_step=354120, episodic_return=0.7929999999999999
SPS: 3350
global_step=354324, episodic_return=0.0
global_step=354464, episodic_return=0.0
global_step=354512, episodic_return=0.0
global_step=354512, episodic_return=0.586
global_step=354524, episodic_return=0.0
global_step=354572, episodic_return=0.901
global_step=354680, episodic_return=0.766
SPS: 3351
global_step=354868, episodic_return=0.0
global_step=354916, episodic_return=0.0
global_step=354916, episodic_return=0.0
global_step=355084, episodic_return=0.0
global_step=355140, episodic_return=0.5049999999999999
global_step=355272, episodic_return=0.0
global_step=355320, episodic_return=0.0
SPS: 3351
global_step=355340, episodic_return=0.856
global_step=355488, episodic_return=0.0
global_step=355528, episodic_return=0.136
global_step=355600, episodic_return=0.757
global_step=355708, episodic_return=0.766
global_step=355724, episodic_return=0.0
global_step=355744, episodic_return=0.0
global_step=355820, episodic_return=0.838
SPS: 3351
global_step=355932, episodic_return=0.0
global_step=356112, episodic_return=0.0
global_step=356128, episodic_return=0.0
global_step=356208, episodic_return=0.136
global_step=356336, episodic_return=0.0
SPS: 3351
global_step=356516, episodic_return=0.0
global_step=356532, episodic_return=0.0
global_step=356612, episodic_return=0.0
global_step=356700, episodic_return=0.595
global_step=356740, episodic_return=0.0
global_step=356820, episodic_return=0.361
SPS: 3350
global_step=357016, episodic_return=0.0
global_step=357104, episodic_return=0.0
global_step=357144, episodic_return=0.0
global_step=357224, episodic_return=0.0
SPS: 3351
global_step=357420, episodic_return=0.0
global_step=357508, episodic_return=0.0
global_step=357548, episodic_return=0.0
global_step=357628, episodic_return=0.0
global_step=357824, episodic_return=0.0
SPS: 3351
global_step=357912, episodic_return=0.0
global_step=357952, episodic_return=0.0
global_step=358032, episodic_return=0.0
global_step=358228, episodic_return=0.0
global_step=358316, episodic_return=0.0
global_step=358356, episodic_return=0.0
SPS: 3351
global_step=358436, episodic_return=0.0
global_step=358632, episodic_return=0.0
global_step=358720, episodic_return=0.0
global_step=358760, episodic_return=0.0
global_step=358840, episodic_return=0.0
SPS: 3352
global_step=359036, episodic_return=0.0
global_step=359124, episodic_return=0.0
global_step=359164, episodic_return=0.0
global_step=359244, episodic_return=0.0
SPS: 3352
global_step=359440, episodic_return=0.0
global_step=359528, episodic_return=0.0
global_step=359552, episodic_return=0.955
global_step=359568, episodic_return=0.0
global_step=359648, episodic_return=0.0
global_step=359844, episodic_return=0.0
SPS: 3353
global_step=359956, episodic_return=0.0
global_step=359972, episodic_return=0.0
global_step=360052, episodic_return=0.0
global_step=360248, episodic_return=0.0
global_step=360360, episodic_return=0.0
global_step=360376, episodic_return=0.0
SPS: 3353
global_step=360456, episodic_return=0.0
global_step=360464, episodic_return=0.8109999999999999
global_step=360652, episodic_return=0.0
global_step=360764, episodic_return=0.0
global_step=360848, episodic_return=0.82
global_step=360860, episodic_return=0.0
global_step=360868, episodic_return=0.0
SPS: 3353
global_step=361056, episodic_return=0.0
global_step=361244, episodic_return=0.14500000000000002
global_step=361252, episodic_return=0.0
global_step=361272, episodic_return=0.0
global_step=361428, episodic_return=0.6579999999999999
global_step=361460, episodic_return=0.0
SPS: 3353
global_step=361648, episodic_return=0.0
global_step=361656, episodic_return=0.0
global_step=361832, episodic_return=0.0
global_step=361864, episodic_return=0.0
global_step=361888, episodic_return=0.469
SPS: 3354
global_step=362028, episodic_return=0.6399999999999999
global_step=362060, episodic_return=0.0
global_step=362236, episodic_return=0.0
global_step=362292, episodic_return=0.0
global_step=362432, episodic_return=0.0
global_step=362464, episodic_return=0.0
SPS: 3354
global_step=362640, episodic_return=0.0
global_step=362696, episodic_return=0.0
global_step=362836, episodic_return=0.0
global_step=362868, episodic_return=0.0
global_step=362948, episodic_return=0.829
SPS: 3354
global_step=363044, episodic_return=0.0
global_step=363100, episodic_return=0.0
global_step=363240, episodic_return=0.0
global_step=363312, episodic_return=0.532
global_step=363352, episodic_return=0.0
global_step=363448, episodic_return=0.0
SPS: 3354
global_step=363644, episodic_return=0.0
global_step=363716, episodic_return=0.0
global_step=363756, episodic_return=0.0
global_step=363852, episodic_return=0.0
global_step=363868, episodic_return=0.757
SPS: 3355
global_step=364048, episodic_return=0.0
global_step=364120, episodic_return=0.0
global_step=364220, episodic_return=0.784
global_step=364256, episodic_return=0.0
global_step=364272, episodic_return=0.0
global_step=364372, episodic_return=0.748
global_step=364452, episodic_return=0.0
SPS: 3355
global_step=364548, episodic_return=0.7929999999999999
global_step=364624, episodic_return=0.0
global_step=364676, episodic_return=0.0
global_step=364776, episodic_return=0.0
global_step=364952, episodic_return=0.0
global_step=365028, episodic_return=0.0
global_step=365056, episodic_return=0.946
SPS: 3355
global_step=365080, episodic_return=0.0
global_step=365180, episodic_return=0.0
global_step=365356, episodic_return=0.0
global_step=365460, episodic_return=0.0
global_step=365484, episodic_return=0.0
SPS: 3355
global_step=365584, episodic_return=0.0
global_step=365760, episodic_return=0.0
global_step=365864, episodic_return=0.0
global_step=365888, episodic_return=0.0
global_step=365988, episodic_return=0.0
global_step=365996, episodic_return=0.478
SPS: 3356
global_step=366268, episodic_return=0.0
global_step=366292, episodic_return=0.0
global_step=366392, episodic_return=0.0
global_step=366400, episodic_return=0.0
global_step=366492, episodic_return=0.802
SPS: 3356
global_step=366672, episodic_return=0.0
global_step=366696, episodic_return=0.0
global_step=366796, episodic_return=0.0
global_step=366896, episodic_return=0.0
global_step=367076, episodic_return=0.0
global_step=367100, episodic_return=0.0
SPS: 3356
global_step=367200, episodic_return=0.0
global_step=367300, episodic_return=0.0
global_step=367480, episodic_return=0.0
global_step=367504, episodic_return=0.0
global_step=367604, episodic_return=0.0
SPS: 3356
global_step=367704, episodic_return=0.0
global_step=367772, episodic_return=0.856
global_step=367884, episodic_return=0.0
global_step=367908, episodic_return=0.0
global_step=368008, episodic_return=0.0
global_step=368108, episodic_return=0.5049999999999999
SPS: 3357
global_step=368176, episodic_return=0.0
global_step=368184, episodic_return=0.613
global_step=368312, episodic_return=0.0
global_step=368332, episodic_return=0.964
global_step=368488, episodic_return=0.6579999999999999
global_step=368512, episodic_return=0.0
global_step=368580, episodic_return=0.0
global_step=368588, episodic_return=0.0
SPS: 3357
global_step=368788, episodic_return=0.5409999999999999
global_step=368892, episodic_return=0.0
global_step=368916, episodic_return=0.0
global_step=368992, episodic_return=0.0
SPS: 3357
global_step=369192, episodic_return=0.0
global_step=369296, episodic_return=0.0
global_step=369320, episodic_return=0.0
global_step=369396, episodic_return=0.0
global_step=369448, episodic_return=0.721
global_step=369596, episodic_return=0.0
SPS: 3357
global_step=369700, episodic_return=0.0
global_step=369772, episodic_return=0.2799999999999999
global_step=369800, episodic_return=0.0
global_step=370000, episodic_return=0.0
global_step=370104, episodic_return=0.0
global_step=370176, episodic_return=0.0
SPS: 3357
global_step=370204, episodic_return=0.0
global_step=370404, episodic_return=0.0
global_step=370508, episodic_return=0.0
global_step=370580, episodic_return=0.0
global_step=370608, episodic_return=0.0
SPS: 3358
global_step=370808, episodic_return=0.0
global_step=370832, episodic_return=0.955
global_step=370912, episodic_return=0.0
global_step=370984, episodic_return=0.0
global_step=371012, episodic_return=0.0
SPS: 3358
global_step=371236, episodic_return=0.0
global_step=371240, episodic_return=0.43299999999999994
global_step=371316, episodic_return=0.0
global_step=371416, episodic_return=0.0
global_step=371640, episodic_return=0.0
global_step=371644, episodic_return=0.0
SPS: 3358
global_step=371720, episodic_return=0.0
global_step=371820, episodic_return=0.0
global_step=371824, episodic_return=0.604
global_step=372044, episodic_return=0.0
global_step=372124, episodic_return=0.0
global_step=372224, episodic_return=0.0
SPS: 3358
global_step=372228, episodic_return=0.0
global_step=372448, episodic_return=0.0
global_step=372528, episodic_return=0.0
global_step=372628, episodic_return=0.0
global_step=372632, episodic_return=0.0
global_step=372728, episodic_return=0.784
SPS: 3359
global_step=372852, episodic_return=0.0
global_step=372932, episodic_return=0.0
global_step=373036, episodic_return=0.0
global_step=373132, episodic_return=0.0
SPS: 3359
global_step=373256, episodic_return=0.0
global_step=373336, episodic_return=0.0
global_step=373440, episodic_return=0.0
global_step=373536, episodic_return=0.0
global_step=373624, episodic_return=0.595
global_step=373660, episodic_return=0.0
global_step=373740, episodic_return=0.0
SPS: 3359
global_step=373940, episodic_return=0.0
global_step=374028, episodic_return=0.0
global_step=374064, episodic_return=0.0
global_step=374084, episodic_return=0.964
global_step=374144, episodic_return=0.0
global_step=374184, episodic_return=0.6579999999999999
SPS: 3359
global_step=374344, episodic_return=0.0
global_step=374488, episodic_return=0.0
global_step=374548, episodic_return=0.0
global_step=374552, episodic_return=0.18099999999999994
global_step=374748, episodic_return=0.0
SPS: 3359
global_step=374892, episodic_return=0.0
global_step=374952, episodic_return=0.0
global_step=374956, episodic_return=0.0
global_step=375152, episodic_return=0.0
global_step=375296, episodic_return=0.0
SPS: 3359
global_step=375356, episodic_return=0.0
global_step=375360, episodic_return=0.0
global_step=375556, episodic_return=0.0
global_step=375592, episodic_return=0.9279999999999999
global_step=375652, episodic_return=0.34299999999999997
global_step=375700, episodic_return=0.0
global_step=375764, episodic_return=0.0
SPS: 3359
global_step=375996, episodic_return=0.0
global_step=376056, episodic_return=0.0
global_step=376104, episodic_return=0.0
global_step=376116, episodic_return=0.982
global_step=376164, episodic_return=0.10899999999999999
SPS: 3359
global_step=376384, episodic_return=0.4059999999999999
global_step=376400, episodic_return=0.0
global_step=376460, episodic_return=0.0
global_step=376480, episodic_return=0.829
global_step=376568, episodic_return=0.0
global_step=376788, episodic_return=0.0
SPS: 3359
global_step=376864, episodic_return=0.0
global_step=376884, episodic_return=0.0
global_step=376972, episodic_return=0.0
global_step=377028, episodic_return=0.883
global_step=377044, episodic_return=0.649
global_step=377192, episodic_return=0.0
global_step=377268, episodic_return=0.0
global_step=377340, episodic_return=0.34299999999999997
SPS: 3359
global_step=377432, episodic_return=0.0
global_step=377596, episodic_return=0.0
global_step=377664, episodic_return=0.856
global_step=377672, episodic_return=0.0
global_step=377728, episodic_return=0.34299999999999997
global_step=377744, episodic_return=0.0
SPS: 3360
global_step=378068, episodic_return=0.0
global_step=378076, episodic_return=0.0
global_step=378132, episodic_return=0.0
global_step=378140, episodic_return=0.865
global_step=378148, episodic_return=0.0
SPS: 3360
global_step=378472, episodic_return=0.0
global_step=378536, episodic_return=0.0
global_step=378544, episodic_return=0.0
global_step=378552, episodic_return=0.0
global_step=378876, episodic_return=0.0
SPS: 3360
global_step=378940, episodic_return=0.0
global_step=378948, episodic_return=0.0
global_step=378956, episodic_return=0.0
global_step=378992, episodic_return=0.91
global_step=379280, episodic_return=0.0
global_step=379344, episodic_return=0.0
global_step=379360, episodic_return=0.0
SPS: 3360
global_step=379396, episodic_return=0.0
global_step=379676, episodic_return=0.29799999999999993
global_step=379684, episodic_return=0.0
global_step=379748, episodic_return=0.0
global_step=379800, episodic_return=0.0
SPS: 3360
global_step=380080, episodic_return=0.0
global_step=380088, episodic_return=0.0
global_step=380152, episodic_return=0.0
global_step=380204, episodic_return=0.0
SPS: 3361
global_step=380432, episodic_return=0.4959999999999999
global_step=380484, episodic_return=0.0
global_step=380492, episodic_return=0.0
global_step=380536, episodic_return=0.91
global_step=380556, episodic_return=0.0
global_step=380836, episodic_return=0.0
global_step=380888, episodic_return=0.0
SPS: 3361
global_step=380940, episodic_return=0.0
global_step=380960, episodic_return=0.0
global_step=381084, episodic_return=0.5680000000000001
global_step=381240, episodic_return=0.0
global_step=381344, episodic_return=0.0
global_step=381364, episodic_return=0.0
SPS: 3361
global_step=381488, episodic_return=0.0
global_step=381644, episodic_return=0.0
global_step=381748, episodic_return=0.0
global_step=381768, episodic_return=0.0
global_step=381776, episodic_return=0.991
global_step=381892, episodic_return=0.0
global_step=381920, episodic_return=0.946
SPS: 3361
global_step=382048, episodic_return=0.0
global_step=382152, episodic_return=0.0
global_step=382180, episodic_return=0.0
global_step=382284, episodic_return=0.712
global_step=382324, episodic_return=0.0
global_step=382452, episodic_return=0.0
SPS: 3361
global_step=382584, episodic_return=0.0
global_step=382688, episodic_return=0.0
global_step=382728, episodic_return=0.0
global_step=382856, episodic_return=0.0
SPS: 3362
global_step=382988, episodic_return=0.0
global_step=383092, episodic_return=0.0
global_step=383132, episodic_return=0.0
global_step=383260, episodic_return=0.0
global_step=383392, episodic_return=0.0
SPS: 3362
global_step=383496, episodic_return=0.0
global_step=383536, episodic_return=0.0
global_step=383616, episodic_return=0.829
global_step=383664, episodic_return=0.0
global_step=383796, episodic_return=0.0
global_step=383900, episodic_return=0.0
SPS: 3362
global_step=384020, episodic_return=0.0
global_step=384068, episodic_return=0.0
global_step=384200, episodic_return=0.0
global_step=384304, episodic_return=0.0
global_step=384356, episodic_return=0.6579999999999999
global_step=384424, episodic_return=0.0
global_step=384472, episodic_return=0.0
SPS: 3362
global_step=384708, episodic_return=0.0
global_step=384760, episodic_return=0.0
global_step=384808, episodic_return=0.901
global_step=384828, episodic_return=0.0
global_step=384848, episodic_return=0.694
global_step=384876, episodic_return=0.0
SPS: 3362
global_step=385212, episodic_return=0.0
global_step=385232, episodic_return=0.0
global_step=385252, episodic_return=0.0
global_step=385280, episodic_return=0.0
global_step=385440, episodic_return=0.649
SPS: 3363
global_step=385616, episodic_return=0.0
global_step=385636, episodic_return=0.0
global_step=385656, episodic_return=0.0
global_step=385844, episodic_return=0.0
global_step=386020, episodic_return=0.0
global_step=386040, episodic_return=0.0
SPS: 3363
global_step=386060, episodic_return=0.0
global_step=386248, episodic_return=0.0
global_step=386424, episodic_return=0.0
global_step=386444, episodic_return=0.0
global_step=386464, episodic_return=0.0
SPS: 3363
global_step=386652, episodic_return=0.0
global_step=386828, episodic_return=0.0
global_step=386848, episodic_return=0.0
global_step=386868, episodic_return=0.0
global_step=386876, episodic_return=0.946
global_step=387056, episodic_return=0.0
SPS: 3363
global_step=387092, episodic_return=0.9279999999999999
global_step=387200, episodic_return=0.766
global_step=387232, episodic_return=0.0
global_step=387272, episodic_return=0.0
global_step=387280, episodic_return=0.0
SPS: 3363
global_step=387604, episodic_return=0.0
global_step=387636, episodic_return=0.0
global_step=387656, episodic_return=0.892
global_step=387660, episodic_return=0.955
global_step=387676, episodic_return=0.0
global_step=387684, episodic_return=0.0
global_step=387800, episodic_return=0.748
global_step=388060, episodic_return=0.0
global_step=388064, episodic_return=0.0
global_step=388080, episodic_return=0.0
SPS: 3364
global_step=388204, episodic_return=0.0
global_step=388464, episodic_return=0.0
global_step=388468, episodic_return=0.0
global_step=388484, episodic_return=0.0
global_step=388596, episodic_return=0.757
global_step=388608, episodic_return=0.0
SPS: 3364
global_step=388620, episodic_return=0.982
global_step=388784, episodic_return=0.586
global_step=388868, episodic_return=0.0
global_step=388872, episodic_return=0.0
global_step=389024, episodic_return=0.0
SPS: 3364
global_step=389188, episodic_return=0.0
global_step=389272, episodic_return=0.0
global_step=389276, episodic_return=0.0
global_step=389428, episodic_return=0.0
global_step=389592, episodic_return=0.0
SPS: 3364
global_step=389676, episodic_return=0.0
global_step=389680, episodic_return=0.0
global_step=389832, episodic_return=0.0
global_step=389996, episodic_return=0.0
global_step=390080, episodic_return=0.0
global_step=390084, episodic_return=0.0
SPS: 3364
global_step=390236, episodic_return=0.0
global_step=390400, episodic_return=0.0
global_step=390484, episodic_return=0.0
global_step=390488, episodic_return=0.0
global_step=390640, episodic_return=0.0
SPS: 3365
global_step=390804, episodic_return=0.0
global_step=390852, episodic_return=0.901
global_step=390888, episodic_return=0.0
global_step=390892, episodic_return=0.0
global_step=391044, episodic_return=0.0
SPS: 3365
global_step=391256, episodic_return=0.0
global_step=391292, episodic_return=0.0
global_step=391296, episodic_return=0.0
global_step=391448, episodic_return=0.0
global_step=391524, episodic_return=0.487
global_step=391660, episodic_return=0.0
SPS: 3365
global_step=391700, episodic_return=0.0
global_step=391852, episodic_return=0.0
global_step=391872, episodic_return=0.22599999999999998
global_step=392064, episodic_return=0.0
global_step=392104, episodic_return=0.0
SPS: 3364
global_step=392256, episodic_return=0.0
global_step=392276, episodic_return=0.0
global_step=392468, episodic_return=0.0
global_step=392508, episodic_return=0.0
global_step=392660, episodic_return=0.0
global_step=392680, episodic_return=0.0
SPS: 3365
global_step=392872, episodic_return=0.0
global_step=392912, episodic_return=0.0
global_step=393064, episodic_return=0.0
global_step=393084, episodic_return=0.0
SPS: 3365
global_step=393276, episodic_return=0.0
global_step=393316, episodic_return=0.0
global_step=393468, episodic_return=0.0
global_step=393488, episodic_return=0.0
global_step=393680, episodic_return=0.0
global_step=393720, episodic_return=0.0
SPS: 3365
global_step=393776, episodic_return=0.883
global_step=393872, episodic_return=0.0
global_step=393892, episodic_return=0.0
global_step=394084, episodic_return=0.0
global_step=394180, episodic_return=0.0
SPS: 3366
global_step=394276, episodic_return=0.0
global_step=394296, episodic_return=0.0
global_step=394488, episodic_return=0.0
global_step=394584, episodic_return=0.0
global_step=394680, episodic_return=0.0
global_step=394692, episodic_return=0.766
global_step=394700, episodic_return=0.0
SPS: 3366
global_step=394892, episodic_return=0.0
global_step=395084, episodic_return=0.0
global_step=395096, episodic_return=0.0
global_step=395104, episodic_return=0.0
global_step=395216, episodic_return=0.757
SPS: 3366
global_step=395296, episodic_return=0.0
global_step=395488, episodic_return=0.0
global_step=395500, episodic_return=0.0
global_step=395620, episodic_return=0.0
global_step=395700, episodic_return=0.0
SPS: 3366
global_step=395892, episodic_return=0.0
global_step=395904, episodic_return=0.0
global_step=396024, episodic_return=0.0
global_step=396104, episodic_return=0.0
global_step=396168, episodic_return=0.865
SPS: 3367
global_step=396296, episodic_return=0.0
global_step=396308, episodic_return=0.0
global_step=396428, episodic_return=0.0
global_step=396572, episodic_return=0.0
global_step=396700, episodic_return=0.0
global_step=396712, episodic_return=0.0
global_step=396768, episodic_return=0.856
SPS: 3367
global_step=396832, episodic_return=0.0
global_step=396976, episodic_return=0.0
global_step=397116, episodic_return=0.0
global_step=397172, episodic_return=0.0
global_step=397236, episodic_return=0.0
global_step=397248, episodic_return=0.712
SPS: 3367
global_step=397380, episodic_return=0.0
global_step=397576, episodic_return=0.0
global_step=397640, episodic_return=0.0
global_step=397652, episodic_return=0.0
global_step=397784, episodic_return=0.0
SPS: 3367
global_step=397980, episodic_return=0.0
global_step=398044, episodic_return=0.0
global_step=398056, episodic_return=0.0
global_step=398188, episodic_return=0.0
global_step=398284, episodic_return=0.32499999999999996
SPS: 3368
global_step=398448, episodic_return=0.0
global_step=398460, episodic_return=0.0
global_step=398592, episodic_return=0.0
global_step=398688, episodic_return=0.0
SPS: 3368
global_step=398852, episodic_return=0.0
global_step=398864, episodic_return=0.0
global_step=398924, episodic_return=0.478
global_step=398996, episodic_return=0.0
global_step=399060, episodic_return=0.865
global_step=399256, episodic_return=0.0
global_step=399268, episodic_return=0.0
global_step=399328, episodic_return=0.0
SPS: 3368
global_step=399464, episodic_return=0.0
global_step=399488, episodic_return=0.649
global_step=399512, episodic_return=0.955
global_step=399660, episodic_return=0.0
global_step=399672, episodic_return=0.0
global_step=399736, episodic_return=0.5049999999999999
global_step=399824, episodic_return=0.6399999999999999
global_step=399868, episodic_return=0.0
SPS: 3368
global_step=399900, episodic_return=0.4959999999999999
global_step=400140, episodic_return=0.0
global_step=400228, episodic_return=0.0
global_step=400272, episodic_return=0.0
global_step=400304, episodic_return=0.0
global_step=400364, episodic_return=0.802
SPS: 3369
global_step=400544, episodic_return=0.0
global_step=400608, episodic_return=0.865
global_step=400632, episodic_return=0.0
global_step=400708, episodic_return=0.0
global_step=400768, episodic_return=0.0
global_step=400840, episodic_return=0.847
SPS: 3369
global_step=401012, episodic_return=0.0
global_step=401036, episodic_return=0.0
global_step=401112, episodic_return=0.0
global_step=401244, episodic_return=0.0
SPS: 3369
global_step=401416, episodic_return=0.0
global_step=401440, episodic_return=0.0
global_step=401496, episodic_return=0.44199999999999995
global_step=401516, episodic_return=0.0
global_step=401560, episodic_return=0.685
global_step=401600, episodic_return=0.649
global_step=401900, episodic_return=0.0
global_step=401920, episodic_return=0.0
SPS: 3369
global_step=401964, episodic_return=0.0
global_step=402004, episodic_return=0.0
global_step=402304, episodic_return=0.0
global_step=402324, episodic_return=0.0
global_step=402368, episodic_return=0.0
global_step=402384, episodic_return=0.973
global_step=402408, episodic_return=0.0
SPS: 3369
global_step=402708, episodic_return=0.0
global_step=402728, episodic_return=0.0
global_step=402788, episodic_return=0.0
global_step=402812, episodic_return=0.0
global_step=402868, episodic_return=0.649
SPS: 3370
global_step=403132, episodic_return=0.0
global_step=403192, episodic_return=0.0
global_step=403216, episodic_return=0.0
global_step=403272, episodic_return=0.0
SPS: 3370
global_step=403536, episodic_return=0.0
global_step=403596, episodic_return=0.0
global_step=403620, episodic_return=0.0
global_step=403648, episodic_return=0.16299999999999992
global_step=403940, episodic_return=0.0
SPS: 3370
global_step=404000, episodic_return=0.0
global_step=404024, episodic_return=0.0
global_step=404052, episodic_return=0.0
global_step=404344, episodic_return=0.0
global_step=404404, episodic_return=0.0
global_step=404428, episodic_return=0.0
global_step=404456, episodic_return=0.0
SPS: 3371
global_step=404748, episodic_return=0.0
global_step=404808, episodic_return=0.0
global_step=404832, episodic_return=0.0
global_step=404860, episodic_return=0.0
SPS: 3371
global_step=405140, episodic_return=0.379
global_step=405152, episodic_return=0.0
global_step=405212, episodic_return=0.0
global_step=405236, episodic_return=0.0
SPS: 3371
global_step=405544, episodic_return=0.0
global_step=405556, episodic_return=0.0
global_step=405616, episodic_return=0.0
global_step=405640, episodic_return=0.0
global_step=405680, episodic_return=0.703
global_step=405744, episodic_return=0.865
global_step=405848, episodic_return=0.5409999999999999
global_step=405960, episodic_return=0.0
global_step=405988, episodic_return=0.45999999999999996
SPS: 3371
global_step=406020, episodic_return=0.0
global_step=406112, episodic_return=0.73
global_step=406132, episodic_return=0.757
global_step=406252, episodic_return=0.0
global_step=406364, episodic_return=0.0
global_step=406516, episodic_return=0.0
SPS: 3372
global_step=406536, episodic_return=0.0
global_step=406656, episodic_return=0.0
global_step=406768, episodic_return=0.0
global_step=406820, episodic_return=0.892
global_step=406920, episodic_return=0.0
global_step=406940, episodic_return=0.0
global_step=406968, episodic_return=0.901
SPS: 3372
global_step=407060, episodic_return=0.0
global_step=407224, episodic_return=0.0
global_step=407344, episodic_return=0.0
global_step=407372, episodic_return=0.0
global_step=407464, episodic_return=0.0
SPS: 3372
global_step=407600, episodic_return=0.43299999999999994
global_step=407628, episodic_return=0.0
global_step=407776, episodic_return=0.0
global_step=407868, episodic_return=0.0
global_step=408004, episodic_return=0.0
global_step=408032, episodic_return=0.0
SPS: 3372
global_step=408180, episodic_return=0.0
global_step=408272, episodic_return=0.0
global_step=408276, episodic_return=0.45999999999999996
global_step=408408, episodic_return=0.0
SPS: 3373
global_step=408584, episodic_return=0.0
global_step=408676, episodic_return=0.0
global_step=408680, episodic_return=0.0
global_step=408744, episodic_return=0.865
global_step=408812, episodic_return=0.0
global_step=408988, episodic_return=0.0
global_step=409080, episodic_return=0.0
SPS: 3373
global_step=409108, episodic_return=0.946
global_step=409148, episodic_return=0.0
global_step=409216, episodic_return=0.0
global_step=409392, episodic_return=0.0
global_step=409512, episodic_return=0.0
global_step=409552, episodic_return=0.0
SPS: 3373
global_step=409620, episodic_return=0.0
global_step=409796, episodic_return=0.0
global_step=409916, episodic_return=0.0
global_step=409956, episodic_return=0.0
global_step=410024, episodic_return=0.0
SPS: 3372
global_step=410200, episodic_return=0.0
global_step=410240, episodic_return=0.5229999999999999
global_step=410320, episodic_return=0.0
global_step=410360, episodic_return=0.0
global_step=410604, episodic_return=0.0
SPS: 3373
global_step=410644, episodic_return=0.0
global_step=410724, episodic_return=0.0
global_step=410764, episodic_return=0.0
global_step=411008, episodic_return=0.0
global_step=411048, episodic_return=0.0
global_step=411128, episodic_return=0.0
global_step=411132, episodic_return=0.73
SPS: 3373
global_step=411168, episodic_return=0.0
global_step=411452, episodic_return=0.0
global_step=411508, episodic_return=0.883
global_step=411532, episodic_return=0.0
global_step=411536, episodic_return=0.0
global_step=411572, episodic_return=0.0
SPS: 3373
global_step=411912, episodic_return=0.0
global_step=411936, episodic_return=0.0
global_step=411940, episodic_return=0.946
global_step=411940, episodic_return=0.0
global_step=411976, episodic_return=0.0
SPS: 3373
global_step=412340, episodic_return=0.0
global_step=412344, episodic_return=0.0
global_step=412344, episodic_return=0.0
global_step=412380, episodic_return=0.0
global_step=412596, episodic_return=0.43299999999999994
SPS: 3374
global_step=412748, episodic_return=0.0
global_step=412748, episodic_return=0.0
global_step=412784, episodic_return=0.0
global_step=412816, episodic_return=0.856
global_step=412884, episodic_return=0.703
global_step=413000, episodic_return=0.0
global_step=413080, episodic_return=0.5680000000000001
SPS: 3374
global_step=413188, episodic_return=0.0
global_step=413220, episodic_return=0.0
global_step=413404, episodic_return=0.0
global_step=413484, episodic_return=0.0
global_step=413592, episodic_return=0.0
global_step=413624, episodic_return=0.0
SPS: 3374
global_step=413808, episodic_return=0.0
global_step=413888, episodic_return=0.0
global_step=413996, episodic_return=0.0
global_step=414008, episodic_return=0.5589999999999999
global_step=414028, episodic_return=0.0
SPS: 3374
global_step=414292, episodic_return=0.0
global_step=414312, episodic_return=0.964
global_step=414392, episodic_return=0.118
global_step=414412, episodic_return=0.0
global_step=414432, episodic_return=0.0
global_step=414716, episodic_return=0.0
SPS: 3375
global_step=414796, episodic_return=0.0
global_step=414816, episodic_return=0.0
global_step=414836, episodic_return=0.0
global_step=415120, episodic_return=0.0
global_step=415200, episodic_return=0.0
global_step=415220, episodic_return=0.0
SPS: 3375
global_step=415240, episodic_return=0.0
global_step=415524, episodic_return=0.0
global_step=415604, episodic_return=0.0
global_step=415624, episodic_return=0.0
global_step=415644, episodic_return=0.0
SPS: 3375
global_step=415928, episodic_return=0.0
global_step=416008, episodic_return=0.0
global_step=416028, episodic_return=0.0
global_step=416048, episodic_return=0.0
global_step=416196, episodic_return=0.631
global_step=416232, episodic_return=0.9279999999999999
SPS: 3375
global_step=416304, episodic_return=0.43299999999999994
global_step=416332, episodic_return=0.0
global_step=416412, episodic_return=0.0
global_step=416636, episodic_return=0.0
global_step=416708, episodic_return=0.0
global_step=416736, episodic_return=0.0
SPS: 3375
global_step=416816, episodic_return=0.0
global_step=417040, episodic_return=0.0
global_step=417112, episodic_return=0.0
global_step=417140, episodic_return=0.0
global_step=417220, episodic_return=0.0
SPS: 3376
global_step=417356, episodic_return=0.703
global_step=417444, episodic_return=0.0
global_step=417516, episodic_return=0.0
global_step=417544, episodic_return=0.0
global_step=417760, episodic_return=0.0
SPS: 3376
global_step=417848, episodic_return=0.0
global_step=417920, episodic_return=0.0
global_step=417948, episodic_return=0.0
global_step=417952, episodic_return=0.9369999999999999
global_step=418008, episodic_return=0.883
global_step=418072, episodic_return=0.73
global_step=418092, episodic_return=0.262
global_step=418252, episodic_return=0.0
SPS: 3376
global_step=418412, episodic_return=0.0
global_step=418476, episodic_return=0.0
global_step=418496, episodic_return=0.0
global_step=418656, episodic_return=0.0
global_step=418724, episodic_return=0.4959999999999999
global_step=418816, episodic_return=0.0
SPS: 3376
global_step=418880, episodic_return=0.0
global_step=419060, episodic_return=0.0
global_step=419128, episodic_return=0.0
global_step=419220, episodic_return=0.0
global_step=419284, episodic_return=0.0
SPS: 3376
global_step=419396, episodic_return=0.757
global_step=419464, episodic_return=0.0
global_step=419500, episodic_return=0.775
global_step=419532, episodic_return=0.0
global_step=419624, episodic_return=0.0
global_step=419808, episodic_return=0.31599999999999995
SPS: 3376
global_step=419868, episodic_return=0.0
global_step=419936, episodic_return=0.0
global_step=419940, episodic_return=0.29799999999999993
global_step=420100, episodic_return=0.649
global_step=420212, episodic_return=0.0
global_step=420272, episodic_return=0.0
global_step=420340, episodic_return=0.0
SPS: 3376
global_step=420504, episodic_return=0.0
global_step=420616, episodic_return=0.0
global_step=420676, episodic_return=0.0
global_step=420744, episodic_return=0.0
SPS: 3376
global_step=420908, episodic_return=0.0
global_step=421020, episodic_return=0.0
global_step=421080, episodic_return=0.0
global_step=421148, episodic_return=0.0
global_step=421312, episodic_return=0.0
SPS: 3377
global_step=421424, episodic_return=0.0
global_step=421484, episodic_return=0.0
global_step=421552, episodic_return=0.0
global_step=421716, episodic_return=0.0
global_step=421828, episodic_return=0.0
global_step=421888, episodic_return=0.0
SPS: 3377
global_step=421956, episodic_return=0.0
global_step=422120, episodic_return=0.0
global_step=422232, episodic_return=0.0
global_step=422252, episodic_return=0.18999999999999995
global_step=422328, episodic_return=0.17199999999999993
SPS: 3377
global_step=422524, episodic_return=0.0
global_step=422636, episodic_return=0.0
global_step=422656, episodic_return=0.0
global_step=422732, episodic_return=0.0
SPS: 3377
global_step=422928, episodic_return=0.0
global_step=423040, episodic_return=0.0
global_step=423060, episodic_return=0.0
global_step=423080, episodic_return=0.22599999999999998
global_step=423244, episodic_return=0.595
global_step=423256, episodic_return=0.5229999999999999
global_step=423300, episodic_return=0.91
global_step=423332, episodic_return=0.0
SPS: 3377
global_step=423484, episodic_return=0.0
global_step=423592, episodic_return=0.42399999999999993
global_step=423640, episodic_return=0.6579999999999999
global_step=423648, episodic_return=0.0
global_step=423704, episodic_return=0.0
global_step=423752, episodic_return=0.775
SPS: 3377
global_step=423996, episodic_return=0.0
global_step=424044, episodic_return=0.0
global_step=424108, episodic_return=0.0
global_step=424156, episodic_return=0.0
global_step=424228, episodic_return=0.847
global_step=424400, episodic_return=0.0
global_step=424448, episodic_return=0.0
SPS: 3377
global_step=424512, episodic_return=0.0
global_step=424632, episodic_return=0.0
global_step=424804, episodic_return=0.0
global_step=424852, episodic_return=0.0
global_step=424916, episodic_return=0.0
SPS: 3378
global_step=425036, episodic_return=0.0
global_step=425208, episodic_return=0.0
global_step=425256, episodic_return=0.0
global_step=425320, episodic_return=0.0
global_step=425440, episodic_return=0.0
SPS: 3378
global_step=425612, episodic_return=0.0
global_step=425660, episodic_return=0.0
global_step=425724, episodic_return=0.0
global_step=425844, episodic_return=0.0
global_step=425856, episodic_return=0.5680000000000001
SPS: 3378
global_step=426016, episodic_return=0.0
global_step=426064, episodic_return=0.901
global_step=426128, episodic_return=0.0
global_step=426248, episodic_return=0.0
global_step=426260, episodic_return=0.0
global_step=426376, episodic_return=0.748
global_step=426400, episodic_return=0.3969999999999999
global_step=426436, episodic_return=0.586
global_step=426468, episodic_return=0.0
SPS: 3378
global_step=426780, episodic_return=0.0
global_step=426804, episodic_return=0.0
global_step=426840, episodic_return=0.0
global_step=426872, episodic_return=0.0
SPS: 3378
global_step=427184, episodic_return=0.0
global_step=427208, episodic_return=0.0
global_step=427244, episodic_return=0.0
global_step=427276, episodic_return=0.0
global_step=427328, episodic_return=0.739
SPS: 3378
global_step=427588, episodic_return=0.0
global_step=427648, episodic_return=0.0
global_step=427680, episodic_return=0.0
global_step=427732, episodic_return=0.0
global_step=427824, episodic_return=0.685
global_step=427992, episodic_return=0.0
SPS: 3378
global_step=428052, episodic_return=0.0
global_step=428136, episodic_return=0.0
global_step=428196, episodic_return=0.874
global_step=428228, episodic_return=0.0
global_step=428396, episodic_return=0.0
global_step=428456, episodic_return=0.0
SPS: 3378
global_step=428600, episodic_return=0.0
global_step=428632, episodic_return=0.0
global_step=428664, episodic_return=0.9369999999999999
global_step=428800, episodic_return=0.0
global_step=428860, episodic_return=0.0
global_step=429004, episodic_return=0.0
SPS: 3378
global_step=429068, episodic_return=0.0
global_step=429204, episodic_return=0.0
global_step=429264, episodic_return=0.0
global_step=429320, episodic_return=0.29799999999999993
global_step=429472, episodic_return=0.0
SPS: 3378
global_step=429608, episodic_return=0.0
global_step=429668, episodic_return=0.0
global_step=429724, episodic_return=0.0
global_step=429876, episodic_return=0.0
global_step=430012, episodic_return=0.0
global_step=430016, episodic_return=0.352
global_step=430072, episodic_return=0.0
SPS: 3378
global_step=430100, episodic_return=0.946
global_step=430280, episodic_return=0.0
global_step=430384, episodic_return=0.775
global_step=430416, episodic_return=0.0
global_step=430420, episodic_return=0.0
global_step=430456, episodic_return=0.919
global_step=430504, episodic_return=0.0
SPS: 3378
global_step=430788, episodic_return=0.0
global_step=430824, episodic_return=0.0
global_step=430860, episodic_return=0.0
global_step=430908, episodic_return=0.0
global_step=430984, episodic_return=0.5680000000000001
global_step=431060, episodic_return=0.667
SPS: 3379
global_step=431228, episodic_return=0.0
global_step=431264, episodic_return=0.0
global_step=431364, episodic_return=0.784
global_step=431388, episodic_return=0.0
global_step=431464, episodic_return=0.0
SPS: 3379
global_step=431632, episodic_return=0.0
global_step=431768, episodic_return=0.0
global_step=431792, episodic_return=0.0
global_step=431868, episodic_return=0.0
global_step=432036, episodic_return=0.0
SPS: 3379
global_step=432172, episodic_return=0.0
global_step=432196, episodic_return=0.0
global_step=432232, episodic_return=0.18999999999999995
global_step=432412, episodic_return=0.604
global_step=432440, episodic_return=0.0
global_step=432576, episodic_return=0.0
global_step=432600, episodic_return=0.0
SPS: 3379
global_step=432816, episodic_return=0.0
global_step=432844, episodic_return=0.0
global_step=432980, episodic_return=0.0
global_step=433004, episodic_return=0.0
global_step=433040, episodic_return=0.874
SPS: 3379
global_step=433220, episodic_return=0.0
global_step=433248, episodic_return=0.0
global_step=433408, episodic_return=0.0
global_step=433444, episodic_return=0.0
global_step=433492, episodic_return=0.901
global_step=433624, episodic_return=0.0
global_step=433652, episodic_return=0.0
SPS: 3380
global_step=433812, episodic_return=0.0
global_step=433876, episodic_return=0.865
global_step=433896, episodic_return=0.0
global_step=434028, episodic_return=0.0
global_step=434056, episodic_return=0.0
SPS: 3380
global_step=434280, episodic_return=0.0
global_step=434300, episodic_return=0.0
global_step=434360, episodic_return=0.874
global_step=434432, episodic_return=0.0
global_step=434460, episodic_return=0.0
global_step=434684, episodic_return=0.0
SPS: 3380
global_step=434764, episodic_return=0.0
global_step=434836, episodic_return=0.0
global_step=434864, episodic_return=0.0
global_step=435088, episodic_return=0.0
global_step=435168, episodic_return=0.0
SPS: 3380
global_step=435240, episodic_return=0.0
global_step=435268, episodic_return=0.0
global_step=435492, episodic_return=0.0
global_step=435572, episodic_return=0.0
global_step=435644, episodic_return=0.0
global_step=435672, episodic_return=0.0
SPS: 3380
global_step=435856, episodic_return=0.532
global_step=435860, episodic_return=0.18099999999999994
global_step=435976, episodic_return=0.0
global_step=436076, episodic_return=0.0
SPS: 3381
global_step=436260, episodic_return=0.0
global_step=436264, episodic_return=0.0
global_step=436380, episodic_return=0.0
global_step=436480, episodic_return=0.0
global_step=436560, episodic_return=0.829
global_step=436664, episodic_return=0.0
global_step=436668, episodic_return=0.0
SPS: 3381
global_step=436784, episodic_return=0.0
global_step=436944, episodic_return=0.14500000000000002
global_step=437068, episodic_return=0.0
global_step=437072, episodic_return=0.0
global_step=437076, episodic_return=0.712
global_step=437084, episodic_return=0.982
global_step=437188, episodic_return=0.0
SPS: 3381
global_step=437472, episodic_return=0.0
global_step=437480, episodic_return=0.0
global_step=437488, episodic_return=0.0
global_step=437592, episodic_return=0.0
global_step=437760, episodic_return=0.3969999999999999
SPS: 3381
global_step=437876, episodic_return=0.0
global_step=437884, episodic_return=0.352
global_step=437884, episodic_return=0.0
global_step=437928, episodic_return=0.892
global_step=438164, episodic_return=0.0
global_step=438224, episodic_return=0.244
SPS: 3381
global_step=438288, episodic_return=0.0
global_step=438332, episodic_return=0.0
global_step=438568, episodic_return=0.0
global_step=438628, episodic_return=0.0
global_step=438692, episodic_return=0.0
global_step=438736, episodic_return=0.0
global_step=438780, episodic_return=0.91
SPS: 3381
global_step=438972, episodic_return=0.0
global_step=438992, episodic_return=0.33399999999999996
global_step=439032, episodic_return=0.0
global_step=439040, episodic_return=0.901
global_step=439184, episodic_return=0.0
SPS: 3381
global_step=439376, episodic_return=0.0
global_step=439436, episodic_return=0.0
global_step=439444, episodic_return=0.0
global_step=439576, episodic_return=0.5589999999999999
global_step=439588, episodic_return=0.0
SPS: 3382
global_step=439840, episodic_return=0.0
global_step=439848, episodic_return=0.0
global_step=439980, episodic_return=0.694
global_step=439980, episodic_return=0.0
global_step=439992, episodic_return=0.0
global_step=440104, episodic_return=0.73
global_step=440252, episodic_return=0.0
SPS: 3382
global_step=440348, episodic_return=0.45999999999999996
global_step=440384, episodic_return=0.0
global_step=440388, episodic_return=0.703
global_step=440396, episodic_return=0.0
global_step=440436, episodic_return=0.892
global_step=440752, episodic_return=0.0
global_step=440792, episodic_return=0.0
global_step=440800, episodic_return=0.0
SPS: 3382
global_step=440840, episodic_return=0.0
global_step=440848, episodic_return=0.883
global_step=441088, episodic_return=0.253
global_step=441204, episodic_return=0.0
global_step=441244, episodic_return=0.0
global_step=441252, episodic_return=0.0
SPS: 3382
global_step=441492, episodic_return=0.0
global_step=441608, episodic_return=0.0
global_step=441648, episodic_return=0.0
global_step=441656, episodic_return=0.0
SPS: 3382
global_step=441896, episodic_return=0.0
global_step=442012, episodic_return=0.0
global_step=442052, episodic_return=0.0
global_step=442060, episodic_return=0.0
global_step=442300, episodic_return=0.0
SPS: 3382
global_step=442416, episodic_return=0.0
global_step=442456, episodic_return=0.0
global_step=442464, episodic_return=0.0
global_step=442676, episodic_return=0.514
global_step=442704, episodic_return=0.0
global_step=442792, episodic_return=0.748
global_step=442820, episodic_return=0.0
global_step=442868, episodic_return=0.0
SPS: 3382
global_step=443108, episodic_return=0.0
global_step=443196, episodic_return=0.0
global_step=443224, episodic_return=0.0
global_step=443272, episodic_return=0.0
SPS: 3383
global_step=443512, episodic_return=0.0
global_step=443600, episodic_return=0.0
global_step=443628, episodic_return=0.0
global_step=443676, episodic_return=0.0
global_step=443688, episodic_return=0.8109999999999999
global_step=443876, episodic_return=0.45099999999999996
SPS: 3383
global_step=443916, episodic_return=0.0
global_step=444080, episodic_return=0.0
global_step=444092, episodic_return=0.0
global_step=444280, episodic_return=0.0
global_step=444320, episodic_return=0.0
global_step=444340, episodic_return=0.964
SPS: 3383
global_step=444484, episodic_return=0.0
global_step=444496, episodic_return=0.0
global_step=444684, episodic_return=0.0
global_step=444744, episodic_return=0.0
global_step=444868, episodic_return=0.73
global_step=444888, episodic_return=0.0
global_step=444900, episodic_return=0.0
global_step=444928, episodic_return=0.874
SPS: 3383
global_step=445088, episodic_return=0.0
global_step=445284, episodic_return=0.20799999999999996
global_step=445292, episodic_return=0.0
global_step=445304, episodic_return=0.0
SPS: 3383
global_step=445492, episodic_return=0.0
global_step=445556, episodic_return=0.44199999999999995
global_step=445688, episodic_return=0.0
global_step=445696, episodic_return=0.0
global_step=445896, episodic_return=0.0
SPS: 3383
global_step=445960, episodic_return=0.0
global_step=446092, episodic_return=0.0
global_step=446100, episodic_return=0.0
global_step=446144, episodic_return=0.595
global_step=446192, episodic_return=0.784
global_step=446300, episodic_return=0.0
SPS: 3383
global_step=446504, episodic_return=0.0
global_step=446548, episodic_return=0.0
global_step=446596, episodic_return=0.0
global_step=446628, episodic_return=0.9369999999999999
global_step=446704, episodic_return=0.0
global_step=446788, episodic_return=0.469
global_step=446908, episodic_return=0.0
SPS: 3383
global_step=446992, episodic_return=0.82
global_step=447032, episodic_return=0.0
global_step=447108, episodic_return=0.0
global_step=447192, episodic_return=0.0
global_step=447396, episodic_return=0.0
global_step=447436, episodic_return=0.0
SPS: 3383
global_step=447512, episodic_return=0.0
global_step=447596, episodic_return=0.0
global_step=447684, episodic_return=0.8109999999999999
global_step=447800, episodic_return=0.0
global_step=447840, episodic_return=0.0
global_step=447916, episodic_return=0.0
SPS: 3383
global_step=448088, episodic_return=0.0
global_step=448204, episodic_return=0.0
global_step=448244, episodic_return=0.0
global_step=448248, episodic_return=0.649
global_step=448320, episodic_return=0.0
SPS: 3383
global_step=448608, episodic_return=0.0
global_step=448648, episodic_return=0.0
global_step=448652, episodic_return=0.0
global_step=448724, episodic_return=0.0
global_step=448796, episodic_return=0.685
global_step=448908, episodic_return=0.595
global_step=449012, episodic_return=0.0
global_step=449024, episodic_return=0.4959999999999999
SPS: 3383
global_step=449052, episodic_return=0.0
global_step=449312, episodic_return=0.0
global_step=449416, episodic_return=0.0
global_step=449428, episodic_return=0.0
global_step=449456, episodic_return=0.0
global_step=449472, episodic_return=0.91
SPS: 3384
global_step=449716, episodic_return=0.0
global_step=449820, episodic_return=0.0
global_step=449860, episodic_return=0.0
global_step=449876, episodic_return=0.0
SPS: 3384
global_step=450120, episodic_return=0.0
global_step=450224, episodic_return=0.0
global_step=450236, episodic_return=0.748
global_step=450264, episodic_return=0.0
global_step=450280, episodic_return=0.0
global_step=450360, episodic_return=0.703
global_step=450496, episodic_return=0.42399999999999993
global_step=450536, episodic_return=0.3969999999999999
SPS: 3384
global_step=450684, episodic_return=0.0
global_step=450764, episodic_return=0.0
global_step=450900, episodic_return=0.0
global_step=450940, episodic_return=0.0
global_step=450984, episodic_return=0.91
global_step=451044, episodic_return=0.874
SPS: 3384
global_step=451088, episodic_return=0.0
global_step=451168, episodic_return=0.0
global_step=451304, episodic_return=0.0
global_step=451444, episodic_return=0.20799999999999996
global_step=451448, episodic_return=0.0
global_step=451572, episodic_return=0.0
SPS: 3384
global_step=451708, episodic_return=0.0
global_step=451848, episodic_return=0.0
global_step=451852, episodic_return=0.0
global_step=451976, episodic_return=0.0
SPS: 3384
global_step=452112, episodic_return=0.0
global_step=452252, episodic_return=0.0
global_step=452256, episodic_return=0.0
global_step=452280, episodic_return=0.631
global_step=452380, episodic_return=0.0
SPS: 3384
global_step=452656, episodic_return=0.0
global_step=452660, episodic_return=0.0
global_step=452684, episodic_return=0.0
global_step=452784, episodic_return=0.0
global_step=453060, episodic_return=0.0
global_step=453064, episodic_return=0.0
global_step=453088, episodic_return=0.0
SPS: 3384
global_step=453164, episodic_return=0.838
global_step=453164, episodic_return=0.784
global_step=453188, episodic_return=0.0
global_step=453408, episodic_return=0.514
global_step=453464, episodic_return=0.0
global_step=453568, episodic_return=0.0
global_step=453568, episodic_return=0.0
SPS: 3384
global_step=453812, episodic_return=0.0
global_step=453868, episodic_return=0.0
global_step=453908, episodic_return=0.7929999999999999
global_step=453972, episodic_return=0.0
global_step=453972, episodic_return=0.0
SPS: 3384
global_step=454272, episodic_return=0.0
global_step=454312, episodic_return=0.0
global_step=454376, episodic_return=0.0
global_step=454376, episodic_return=0.0
SPS: 3385
global_step=454676, episodic_return=0.0
global_step=454716, episodic_return=0.0
global_step=454780, episodic_return=0.0
global_step=454780, episodic_return=0.0
global_step=454876, episodic_return=0.7929999999999999
global_step=455072, episodic_return=0.20799999999999996
global_step=455080, episodic_return=0.0
SPS: 3385
global_step=455184, episodic_return=0.0
global_step=455196, episodic_return=0.982
global_step=455280, episodic_return=0.0
global_step=455476, episodic_return=0.0
global_step=455484, episodic_return=0.0
global_step=455600, episodic_return=0.0
SPS: 3385
global_step=455684, episodic_return=0.0
global_step=455688, episodic_return=0.8109999999999999
global_step=455880, episodic_return=0.0
global_step=455888, episodic_return=0.0
global_step=456088, episodic_return=0.0
global_step=456092, episodic_return=0.0
SPS: 3385
global_step=456284, episodic_return=0.0
global_step=456292, episodic_return=0.0
global_step=456492, episodic_return=0.0
global_step=456496, episodic_return=0.0
global_step=456688, episodic_return=0.0
global_step=456696, episodic_return=0.0
SPS: 3385
global_step=456896, episodic_return=0.0
global_step=456900, episodic_return=0.0
global_step=456968, episodic_return=0.847
global_step=457000, episodic_return=0.784
global_step=457092, episodic_return=0.0
global_step=457100, episodic_return=0.0
global_step=457164, episodic_return=0.865
SPS: 3385
global_step=457300, episodic_return=0.5409999999999999
global_step=457372, episodic_return=0.0
global_step=457404, episodic_return=0.0
global_step=457568, episodic_return=0.0
global_step=457588, episodic_return=0.964
global_step=457704, episodic_return=0.0
SPS: 3385
global_step=457776, episodic_return=0.0
global_step=457808, episodic_return=0.0
global_step=457992, episodic_return=0.0
global_step=458032, episodic_return=0.919
global_step=458108, episodic_return=0.0
global_step=458180, episodic_return=0.0
global_step=458192, episodic_return=0.14500000000000002
SPS: 3385
global_step=458284, episodic_return=0.775
global_step=458388, episodic_return=0.775
global_step=458436, episodic_return=0.0
global_step=458512, episodic_return=0.0
global_step=458564, episodic_return=0.721
global_step=458596, episodic_return=0.0
SPS: 3386
global_step=458792, episodic_return=0.0
global_step=458916, episodic_return=0.0
global_step=458968, episodic_return=0.0
global_step=459000, episodic_return=0.0
global_step=459084, episodic_return=0.748
global_step=459196, episodic_return=0.0
SPS: 3386
global_step=459320, episodic_return=0.0
global_step=459404, episodic_return=0.0
global_step=459488, episodic_return=0.0
global_step=459600, episodic_return=0.0
global_step=459724, episodic_return=0.0
SPS: 3386
global_step=459808, episodic_return=0.0
global_step=459836, episodic_return=0.478
global_step=459848, episodic_return=0.982
global_step=459856, episodic_return=0.901
global_step=459892, episodic_return=0.0
global_step=460008, episodic_return=0.748
global_step=460064, episodic_return=0.5229999999999999
global_step=460128, episodic_return=0.0
global_step=460260, episodic_return=0.0
SPS: 3386
global_step=460404, episodic_return=0.118
global_step=460468, episodic_return=0.0
global_step=460532, episodic_return=0.0
global_step=460664, episodic_return=0.0
global_step=460776, episodic_return=0.45999999999999996
SPS: 3386
global_step=460808, episodic_return=0.0
global_step=460872, episodic_return=0.0
global_step=461068, episodic_return=0.0
global_step=461180, episodic_return=0.0
global_step=461212, episodic_return=0.0
global_step=461276, episodic_return=0.0
SPS: 3386
global_step=461472, episodic_return=0.09999999999999998
global_step=461512, episodic_return=0.919
global_step=461584, episodic_return=0.0
global_step=461616, episodic_return=0.0
global_step=461680, episodic_return=0.0
global_step=461740, episodic_return=0.874
SPS: 3386
global_step=461832, episodic_return=0.802
global_step=461916, episodic_return=0.0
global_step=461988, episodic_return=0.0
global_step=462020, episodic_return=0.0
global_step=462236, episodic_return=0.0
global_step=462320, episodic_return=0.0
SPS: 3386
global_step=462392, episodic_return=0.0
global_step=462424, episodic_return=0.0
global_step=462640, episodic_return=0.0
global_step=462724, episodic_return=0.0
global_step=462796, episodic_return=0.0
global_step=462828, episodic_return=0.0
SPS: 3385
global_step=462888, episodic_return=0.874
global_step=463044, episodic_return=0.0
global_step=463128, episodic_return=0.0
global_step=463200, episodic_return=0.0
global_step=463292, episodic_return=0.0
global_step=463332, episodic_return=0.919
SPS: 3385
global_step=463400, episodic_return=0.20799999999999996
global_step=463532, episodic_return=0.0
global_step=463604, episodic_return=0.0
global_step=463736, episodic_return=0.0
global_step=463804, episodic_return=0.0
global_step=463828, episodic_return=0.802
global_step=463860, episodic_return=0.9369999999999999
SPS: 3385
global_step=463936, episodic_return=0.0
global_step=464008, episodic_return=0.0
global_step=464028, episodic_return=0.964
global_step=464060, episodic_return=0.73
global_step=464208, episodic_return=0.0
global_step=464264, episodic_return=0.0
SPS: 3385
global_step=464432, episodic_return=0.0
global_step=464464, episodic_return=0.0
global_step=464468, episodic_return=0.42399999999999993
global_step=464516, episodic_return=0.892
global_step=464576, episodic_return=0.874
global_step=464668, episodic_return=0.0
global_step=464836, episodic_return=0.0
global_step=464872, episodic_return=0.0
SPS: 3385
global_step=464980, episodic_return=0.0
global_step=465072, episodic_return=0.0
global_step=465236, episodic_return=0.18999999999999995
global_step=465240, episodic_return=0.0
global_step=465296, episodic_return=0.29799999999999993
SPS: 3386
global_step=465476, episodic_return=0.0
global_step=465640, episodic_return=0.0
global_step=465644, episodic_return=0.0
global_step=465700, episodic_return=0.0
global_step=465880, episodic_return=0.0
SPS: 3386
global_step=466044, episodic_return=0.0
global_step=466048, episodic_return=0.0
global_step=466104, episodic_return=0.0
global_step=466284, episodic_return=0.0
SPS: 3386
global_step=466448, episodic_return=0.0
global_step=466452, episodic_return=0.0
global_step=466508, episodic_return=0.0
global_step=466688, episodic_return=0.0
global_step=466716, episodic_return=0.5409999999999999
global_step=466720, episodic_return=0.9369999999999999
global_step=466852, episodic_return=0.0
global_step=466856, episodic_return=0.0
SPS: 3386
global_step=467120, episodic_return=0.0
global_step=467124, episodic_return=0.0
global_step=467256, episodic_return=0.0
global_step=467260, episodic_return=0.0
global_step=467384, episodic_return=0.42399999999999993
SPS: 3386
global_step=467524, episodic_return=0.0
global_step=467660, episodic_return=0.0
global_step=467664, episodic_return=0.0
global_step=467788, episodic_return=0.0
global_step=467928, episodic_return=0.0
SPS: 3386
global_step=468064, episodic_return=0.0
global_step=468068, episodic_return=0.0
global_step=468076, episodic_return=0.982
global_step=468192, episodic_return=0.0
global_step=468332, episodic_return=0.0
global_step=468472, episodic_return=0.0
global_step=468480, episodic_return=0.0
SPS: 3386
global_step=468596, episodic_return=0.0
global_step=468736, episodic_return=0.0
global_step=468876, episodic_return=0.0
global_step=468884, episodic_return=0.0
SPS: 3386
global_step=469000, episodic_return=0.0
global_step=469140, episodic_return=0.0
global_step=469280, episodic_return=0.0
global_step=469288, episodic_return=0.0
global_step=469404, episodic_return=0.0
global_step=469424, episodic_return=0.703
SPS: 3387
global_step=469544, episodic_return=0.0
global_step=469684, episodic_return=0.0
global_step=469808, episodic_return=0.0
global_step=469828, episodic_return=0.0
global_step=469948, episodic_return=0.0
SPS: 3387
global_step=470088, episodic_return=0.0
global_step=470212, episodic_return=0.0
global_step=470232, episodic_return=0.0
global_step=470352, episodic_return=0.0
global_step=470492, episodic_return=0.0
SPS: 3387
global_step=470616, episodic_return=0.0
global_step=470636, episodic_return=0.0
global_step=470756, episodic_return=0.0
global_step=470896, episodic_return=0.0
global_step=471020, episodic_return=0.0
global_step=471040, episodic_return=0.0
SPS: 3387
global_step=471160, episodic_return=0.0
global_step=471300, episodic_return=0.0
global_step=471424, episodic_return=0.0
global_step=471444, episodic_return=0.0
SPS: 3387
global_step=471564, episodic_return=0.0
global_step=471588, episodic_return=0.955
global_step=471704, episodic_return=0.0
global_step=471828, episodic_return=0.0
global_step=471848, episodic_return=0.0
global_step=471992, episodic_return=0.0
SPS: 3387
global_step=472108, episodic_return=0.0
global_step=472136, episodic_return=0.31599999999999995
global_step=472168, episodic_return=0.9369999999999999
global_step=472252, episodic_return=0.0
global_step=472388, episodic_return=0.514
global_step=472396, episodic_return=0.0
global_step=472512, episodic_return=0.0
SPS: 3387
global_step=472656, episodic_return=0.0
global_step=472792, episodic_return=0.0
global_step=472800, episodic_return=0.0
global_step=472916, episodic_return=0.0
global_step=473060, episodic_return=0.0
SPS: 3387
global_step=473124, episodic_return=0.5409999999999999
global_step=473196, episodic_return=0.0
global_step=473204, episodic_return=0.0
global_step=473220, episodic_return=0.7929999999999999
global_step=473244, episodic_return=0.595
global_step=473600, episodic_return=0.0
SPS: 3388
global_step=473608, episodic_return=0.0
global_step=473624, episodic_return=0.0
global_step=473640, episodic_return=0.919
global_step=473648, episodic_return=0.0
global_step=473912, episodic_return=0.4149999999999999
global_step=473932, episodic_return=0.31599999999999995
global_step=474012, episodic_return=0.0
global_step=474044, episodic_return=0.0
SPS: 3388
global_step=474316, episodic_return=0.0
global_step=474336, episodic_return=0.0
global_step=474416, episodic_return=0.0
global_step=474448, episodic_return=0.0
global_step=474492, episodic_return=0.91
SPS: 3388
global_step=474720, episodic_return=0.0
global_step=474740, episodic_return=0.0
global_step=474820, episodic_return=0.0
global_step=474896, episodic_return=0.0
global_step=475124, episodic_return=0.0
SPS: 3388
global_step=475144, episodic_return=0.0
global_step=475220, episodic_return=0.2799999999999999
global_step=475224, episodic_return=0.0
global_step=475400, episodic_return=0.613
global_step=475528, episodic_return=0.0
global_step=475548, episodic_return=0.0
global_step=475624, episodic_return=0.0
SPS: 3388
global_step=475660, episodic_return=0.9279999999999999
global_step=475804, episodic_return=0.0
global_step=475932, episodic_return=0.0
global_step=475952, episodic_return=0.0
global_step=476064, episodic_return=0.0
SPS: 3388
global_step=476208, episodic_return=0.0
global_step=476336, episodic_return=0.0
global_step=476356, episodic_return=0.0
global_step=476364, episodic_return=0.946
global_step=476468, episodic_return=0.0
global_step=476612, episodic_return=0.0
SPS: 3388
global_step=476760, episodic_return=0.0
global_step=476768, episodic_return=0.0
global_step=476776, episodic_return=0.973
global_step=476872, episodic_return=0.0
global_step=477016, episodic_return=0.0
global_step=477092, episodic_return=0.514
global_step=477172, episodic_return=0.0
global_step=477180, episodic_return=0.0
SPS: 3388
global_step=477420, episodic_return=0.0
global_step=477496, episodic_return=0.0
global_step=477576, episodic_return=0.0
global_step=477584, episodic_return=0.0
SPS: 3389
global_step=477824, episodic_return=0.0
global_step=477900, episodic_return=0.0
global_step=477980, episodic_return=0.0
global_step=477988, episodic_return=0.0
global_step=478004, episodic_return=0.973
SPS: 3389
global_step=478228, episodic_return=0.0
global_step=478304, episodic_return=0.0
global_step=478384, episodic_return=0.0
global_step=478408, episodic_return=0.0
global_step=478564, episodic_return=0.6579999999999999
global_step=478580, episodic_return=0.973
global_step=478632, episodic_return=0.0
global_step=478708, episodic_return=0.0
SPS: 3389
global_step=478788, episodic_return=0.0
global_step=478984, episodic_return=0.0
global_step=479036, episodic_return=0.0
global_step=479112, episodic_return=0.0
global_step=479164, episodic_return=0.721
global_step=479192, episodic_return=0.0
SPS: 3389
global_step=479388, episodic_return=0.0
global_step=479516, episodic_return=0.0
global_step=479568, episodic_return=0.0
global_step=479596, episodic_return=0.0
SPS: 3389
global_step=479792, episodic_return=0.0
global_step=479812, episodic_return=0.964
global_step=479920, episodic_return=0.0
global_step=479972, episodic_return=0.0
global_step=480000, episodic_return=0.0
global_step=480040, episodic_return=0.856
global_step=480216, episodic_return=0.0
SPS: 3388
global_step=480324, episodic_return=0.0
global_step=480360, episodic_return=0.9279999999999999
global_step=480404, episodic_return=0.0
global_step=480428, episodic_return=0.955
global_step=480444, episodic_return=0.0
global_step=480620, episodic_return=0.0
global_step=480752, episodic_return=0.712
global_step=480764, episodic_return=0.0
SPS: 3388
global_step=480832, episodic_return=0.0
global_step=480848, episodic_return=0.0
global_step=481024, episodic_return=0.577
global_step=481156, episodic_return=0.0
global_step=481168, episodic_return=0.0
global_step=481252, episodic_return=0.0
SPS: 3388
global_step=481428, episodic_return=0.0
global_step=481560, episodic_return=0.0
global_step=481572, episodic_return=0.0
global_step=481656, episodic_return=0.0
global_step=481680, episodic_return=0.739
SPS: 3388
global_step=481832, episodic_return=0.0
global_step=481948, episodic_return=0.352
global_step=481976, episodic_return=0.0
global_step=482084, episodic_return=0.0
global_step=482236, episodic_return=0.0
SPS: 3388
global_step=482308, episodic_return=0.847
global_step=482352, episodic_return=0.0
global_step=482380, episodic_return=0.0
global_step=482488, episodic_return=0.0
global_step=482712, episodic_return=0.0
global_step=482756, episodic_return=0.0
global_step=482784, episodic_return=0.0
global_step=482796, episodic_return=0.82
SPS: 3388
global_step=482892, episodic_return=0.0
global_step=482916, episodic_return=0.712
global_step=483160, episodic_return=0.0
global_step=483200, episodic_return=0.0
global_step=483296, episodic_return=0.0
global_step=483320, episodic_return=0.0
SPS: 3388
global_step=483496, episodic_return=0.5589999999999999
global_step=483564, episodic_return=0.0
global_step=483604, episodic_return=0.0
global_step=483724, episodic_return=0.0
global_step=483828, episodic_return=0.5049999999999999
SPS: 3389
global_step=483900, episodic_return=0.0
global_step=483932, episodic_return=0.775
global_step=483968, episodic_return=0.0
global_step=484120, episodic_return=0.667
global_step=484128, episodic_return=0.0
global_step=484304, episodic_return=0.0
global_step=484332, episodic_return=0.946
global_step=484336, episodic_return=0.0
SPS: 3389
global_step=484400, episodic_return=0.856
global_step=484524, episodic_return=0.0
global_step=484532, episodic_return=0.0
global_step=484740, episodic_return=0.0
global_step=484804, episodic_return=0.0
SPS: 3389
global_step=484928, episodic_return=0.0
global_step=484936, episodic_return=0.0
global_step=485144, episodic_return=0.0
global_step=485208, episodic_return=0.0
global_step=485332, episodic_return=0.0
global_step=485340, episodic_return=0.0
SPS: 3389
global_step=485548, episodic_return=0.0
global_step=485612, episodic_return=0.0
global_step=485736, episodic_return=0.0
global_step=485744, episodic_return=0.0
SPS: 3389
global_step=485952, episodic_return=0.0
global_step=486016, episodic_return=0.0
global_step=486060, episodic_return=0.766
global_step=486140, episodic_return=0.0
global_step=486148, episodic_return=0.0
SPS: 3389
global_step=486420, episodic_return=0.0
global_step=486464, episodic_return=0.0
global_step=486544, episodic_return=0.0
global_step=486552, episodic_return=0.0
global_step=486824, episodic_return=0.0
global_step=486868, episodic_return=0.0
global_step=486880, episodic_return=0.883
SPS: 3389
global_step=486948, episodic_return=0.0
global_step=486956, episodic_return=0.0
global_step=486976, episodic_return=0.946
global_step=487148, episodic_return=0.622
global_step=487272, episodic_return=0.0
global_step=487284, episodic_return=0.0
global_step=487360, episodic_return=0.0
SPS: 3390
global_step=487436, episodic_return=0.667
global_step=487548, episodic_return=0.10899999999999999
global_step=487616, episodic_return=0.604
global_step=487676, episodic_return=0.0
global_step=487764, episodic_return=0.0
SPS: 3390
global_step=487952, episodic_return=0.0
global_step=488020, episodic_return=0.0
global_step=488060, episodic_return=0.14500000000000002
global_step=488156, episodic_return=0.55
global_step=488168, episodic_return=0.0
global_step=488212, episodic_return=0.883
global_step=488424, episodic_return=0.0
SPS: 3390
global_step=488464, episodic_return=0.0
global_step=488492, episodic_return=0.856
global_step=488572, episodic_return=0.0
global_step=488616, episodic_return=0.0
global_step=488656, episodic_return=0.919
global_step=488868, episodic_return=0.0
global_step=488896, episodic_return=0.0
SPS: 3390
global_step=488976, episodic_return=0.0
global_step=489060, episodic_return=0.0
global_step=489272, episodic_return=0.0
global_step=489300, episodic_return=0.0
global_step=489380, episodic_return=0.0
global_step=489464, episodic_return=0.0
SPS: 3390
global_step=489676, episodic_return=0.0
global_step=489704, episodic_return=0.0
global_step=489784, episodic_return=0.0
global_step=489868, episodic_return=0.0
SPS: 3391
global_step=490080, episodic_return=0.0
global_step=490108, episodic_return=0.0
global_step=490188, episodic_return=0.0
global_step=490272, episodic_return=0.0
global_step=490484, episodic_return=0.0
SPS: 3391
global_step=490512, episodic_return=0.0
global_step=490592, episodic_return=0.0
global_step=490676, episodic_return=0.0
global_step=490888, episodic_return=0.0
global_step=490916, episodic_return=0.0
global_step=490996, episodic_return=0.0
SPS: 3391
global_step=491080, episodic_return=0.0
global_step=491228, episodic_return=0.6759999999999999
global_step=491292, episodic_return=0.0
global_step=491320, episodic_return=0.0
global_step=491400, episodic_return=0.0
SPS: 3391
global_step=491632, episodic_return=0.0
global_step=491696, episodic_return=0.0
global_step=491724, episodic_return=0.0
global_step=491804, episodic_return=0.0
global_step=491860, episodic_return=0.6399999999999999
SPS: 3391
global_step=492036, episodic_return=0.0
global_step=492128, episodic_return=0.0
global_step=492208, episodic_return=0.0
global_step=492220, episodic_return=0.802
global_step=492264, episodic_return=0.0
global_step=492440, episodic_return=0.0
SPS: 3391
global_step=492612, episodic_return=0.0
global_step=492624, episodic_return=0.0
global_step=492668, episodic_return=0.0
global_step=492844, episodic_return=0.0
global_step=493016, episodic_return=0.0
global_step=493028, episodic_return=0.0
SPS: 3391
global_step=493072, episodic_return=0.0
global_step=493100, episodic_return=0.82
global_step=493248, episodic_return=0.0
global_step=493432, episodic_return=0.0
global_step=493476, episodic_return=0.0
global_step=493504, episodic_return=0.0
SPS: 3391
global_step=493652, episodic_return=0.0
global_step=493712, episodic_return=0.874
global_step=493760, episodic_return=0.901
global_step=493836, episodic_return=0.0
global_step=493880, episodic_return=0.0
global_step=493908, episodic_return=0.0
global_step=493912, episodic_return=0.838
SPS: 3391
global_step=494164, episodic_return=0.0
global_step=494284, episodic_return=0.0
global_step=494312, episodic_return=0.0
global_step=494316, episodic_return=0.0
global_step=494372, episodic_return=0.883
global_step=494568, episodic_return=0.0
SPS: 3391
global_step=494604, episodic_return=0.487
global_step=494688, episodic_return=0.0
global_step=494716, episodic_return=0.0
global_step=494972, episodic_return=0.0
global_step=495008, episodic_return=0.0
global_step=495092, episodic_return=0.0
global_step=495100, episodic_return=0.802
SPS: 3391
global_step=495108, episodic_return=0.973
global_step=495120, episodic_return=0.0
global_step=495376, episodic_return=0.0
global_step=495456, episodic_return=0.253
global_step=495504, episodic_return=0.0
global_step=495512, episodic_return=0.0
SPS: 3392
global_step=495780, episodic_return=0.0
global_step=495860, episodic_return=0.0
global_step=495908, episodic_return=0.0
global_step=495916, episodic_return=0.0
SPS: 3392
global_step=496184, episodic_return=0.3879999999999999
global_step=496184, episodic_return=0.0
global_step=496264, episodic_return=0.0
global_step=496284, episodic_return=0.784
global_step=496320, episodic_return=0.0
global_step=496588, episodic_return=0.0
SPS: 3392
global_step=496668, episodic_return=0.0
global_step=496688, episodic_return=0.0
global_step=496724, episodic_return=0.0
global_step=496992, episodic_return=0.0
global_step=497016, episodic_return=0.955
global_step=497064, episodic_return=0.118
global_step=497092, episodic_return=0.0
global_step=497092, episodic_return=0.18099999999999994
SPS: 3392
global_step=497292, episodic_return=0.5589999999999999
global_step=497296, episodic_return=0.379
global_step=497376, episodic_return=0.82
global_step=497468, episodic_return=0.0
global_step=497496, episodic_return=0.0
SPS: 3392
global_step=497700, episodic_return=0.0
global_step=497780, episodic_return=0.0
global_step=497872, episodic_return=0.0
global_step=497900, episodic_return=0.0
global_step=498104, episodic_return=0.0
SPS: 3392
global_step=498184, episodic_return=0.0
global_step=498276, episodic_return=0.0
global_step=498304, episodic_return=0.0
global_step=498368, episodic_return=0.4149999999999999
global_step=498588, episodic_return=0.0
global_step=498680, episodic_return=0.0
SPS: 3392
global_step=498708, episodic_return=0.0
global_step=498772, episodic_return=0.0
global_step=498844, episodic_return=0.847
global_step=498992, episodic_return=0.0
global_step=499084, episodic_return=0.0
global_step=499112, episodic_return=0.0
SPS: 3392
global_step=499248, episodic_return=0.0
global_step=499396, episodic_return=0.0
global_step=499436, episodic_return=0.586
global_step=499488, episodic_return=0.0
global_step=499516, episodic_return=0.0
SPS: 3392
Saved agent to runs/g1_yrandom__cond_B__1__1779559961/agent.pt
[1;34mwandb[0m: 
[1;34mwandb[0m: 🚀 View run [33mg1_yrandom__cond_B__1__1779559961[0m at: [34mhttps://wandb.ai/animeconqueror108-university-of-southern-mississippi/ppo-spurious/runs/opj909a9[0m
[1;34mwandb[0m: Find logs at: [1;35mwandb/run-20260523_131242-opj909a9/logs[0m
[done] Sat May 23 01:15:47 PM CDT 2026  name=cond_B
