Unloading shared
  WARNING: Did not unuse /cm/shared/modulefiles
[start] Sat May 23 01:12:40 PM CDT 2026  host=node049  task=4  name=cond_C
name
NVIDIA L40S
global_step=400, episodic_return=0.0
global_step=400, episodic_return=0.0
global_step=400, episodic_return=0.0
global_step=400, episodic_return=0.0
SPS: 75
global_step=792, episodic_return=0.127
global_step=804, episodic_return=0.0
global_step=804, episodic_return=0.0
global_step=804, episodic_return=0.0
global_step=1004, episodic_return=0.5589999999999999
SPS: 147
global_step=1196, episodic_return=0.0
global_step=1208, episodic_return=0.0
global_step=1208, episodic_return=0.0
global_step=1408, episodic_return=0.0
SPS: 216
global_step=1600, episodic_return=0.0
global_step=1612, episodic_return=0.0
global_step=1612, episodic_return=0.0
global_step=1812, episodic_return=0.0
global_step=2004, episodic_return=0.0
global_step=2016, episodic_return=0.0
global_step=2016, episodic_return=0.0
SPS: 283
global_step=2216, episodic_return=0.0
global_step=2288, episodic_return=0.3969999999999999
global_step=2408, episodic_return=0.0
global_step=2420, episodic_return=0.0
SPS: 346
global_step=2620, episodic_return=0.0
global_step=2692, episodic_return=0.0
global_step=2812, episodic_return=0.0
global_step=2824, episodic_return=0.0
global_step=3024, episodic_return=0.0
SPS: 408
global_step=3096, episodic_return=0.0
global_step=3216, episodic_return=0.0
global_step=3228, episodic_return=0.0
global_step=3428, episodic_return=0.0
global_step=3500, episodic_return=0.0
SPS: 467
global_step=3620, episodic_return=0.0
global_step=3632, episodic_return=0.0
global_step=3832, episodic_return=0.0
global_step=3904, episodic_return=0.0
global_step=4024, episodic_return=0.0
global_step=4036, episodic_return=0.0
SPS: 524
global_step=4232, episodic_return=0.5680000000000001
global_step=4236, episodic_return=0.0
global_step=4308, episodic_return=0.0
global_step=4428, episodic_return=0.0
SPS: 579
global_step=4636, episodic_return=0.0
global_step=4640, episodic_return=0.0
global_step=4712, episodic_return=0.0
global_step=4832, episodic_return=0.0
global_step=4924, episodic_return=0.532
global_step=5040, episodic_return=0.0
global_step=5044, episodic_return=0.0
SPS: 632
global_step=5236, episodic_return=0.0
global_step=5328, episodic_return=0.0
global_step=5444, episodic_return=0.0
global_step=5448, episodic_return=0.0
SPS: 683
global_step=5640, episodic_return=0.0
global_step=5732, episodic_return=0.0
global_step=5848, episodic_return=0.0
global_step=5852, episodic_return=0.0
global_step=6044, episodic_return=0.0
global_step=6136, episodic_return=0.0
SPS: 732
global_step=6252, episodic_return=0.0
global_step=6256, episodic_return=0.0
global_step=6448, episodic_return=0.0
global_step=6540, episodic_return=0.0
global_step=6656, episodic_return=0.0
SPS: 780
global_step=6660, episodic_return=0.0
global_step=6852, episodic_return=0.0
global_step=6944, episodic_return=0.0
global_step=7060, episodic_return=0.0
global_step=7064, episodic_return=0.0
SPS: 825
global_step=7256, episodic_return=0.0
global_step=7348, episodic_return=0.0
global_step=7464, episodic_return=0.0
global_step=7468, episodic_return=0.0
global_step=7660, episodic_return=0.0
SPS: 870
global_step=7752, episodic_return=0.0
global_step=7868, episodic_return=0.0
global_step=7872, episodic_return=0.0
global_step=8064, episodic_return=0.0
global_step=8156, episodic_return=0.0
SPS: 913
global_step=8272, episodic_return=0.0
global_step=8276, episodic_return=0.0
global_step=8468, episodic_return=0.0
global_step=8560, episodic_return=0.0
global_step=8676, episodic_return=0.0
global_step=8680, episodic_return=0.0
SPS: 955
global_step=8872, episodic_return=0.0
global_step=8964, episodic_return=0.0
global_step=9080, episodic_return=0.0
global_step=9084, episodic_return=0.0
SPS: 995
global_step=9276, episodic_return=0.0
global_step=9368, episodic_return=0.0
global_step=9484, episodic_return=0.0
global_step=9488, episodic_return=0.0
global_step=9680, episodic_return=0.0
SPS: 1035
global_step=9772, episodic_return=0.0
global_step=9888, episodic_return=0.0
global_step=9892, episodic_return=0.0
global_step=10084, episodic_return=0.0
global_step=10176, episodic_return=0.0
SPS: 1073
global_step=10292, episodic_return=0.0
global_step=10296, episodic_return=0.0
global_step=10488, episodic_return=0.0
global_step=10580, episodic_return=0.0
global_step=10696, episodic_return=0.0
global_step=10700, episodic_return=0.0
SPS: 1110
global_step=10892, episodic_return=0.0
global_step=10984, episodic_return=0.0
global_step=11100, episodic_return=0.0
global_step=11104, episodic_return=0.0
SPS: 1146
global_step=11296, episodic_return=0.0
global_step=11388, episodic_return=0.0
global_step=11504, episodic_return=0.0
global_step=11508, episodic_return=0.0
global_step=11700, episodic_return=0.0
SPS: 1181
global_step=11792, episodic_return=0.0
global_step=11808, episodic_return=0.32499999999999996
global_step=11912, episodic_return=0.0
global_step=12104, episodic_return=0.0
global_step=12196, episodic_return=0.0
global_step=12212, episodic_return=0.0
SPS: 1214
global_step=12316, episodic_return=0.0
global_step=12508, episodic_return=0.0
global_step=12600, episodic_return=0.0
global_step=12616, episodic_return=0.0
global_step=12720, episodic_return=0.0
SPS: 1247
global_step=12912, episodic_return=0.0
global_step=13004, episodic_return=0.0
global_step=13020, episodic_return=0.0
global_step=13124, episodic_return=0.0
SPS: 1280
global_step=13316, episodic_return=0.0
global_step=13408, episodic_return=0.0
global_step=13424, episodic_return=0.0
global_step=13528, episodic_return=0.0
global_step=13720, episodic_return=0.0
global_step=13812, episodic_return=0.0
SPS: 1311
global_step=13828, episodic_return=0.0
global_step=13932, episodic_return=0.0
global_step=14124, episodic_return=0.0
global_step=14160, episodic_return=0.9279999999999999
global_step=14216, episodic_return=0.0
global_step=14232, episodic_return=0.0
global_step=14336, episodic_return=0.0
SPS: 1339
global_step=14440, episodic_return=0.775
global_step=14564, episodic_return=0.0
global_step=14620, episodic_return=0.0
global_step=14636, episodic_return=0.0
global_step=14844, episodic_return=0.0
SPS: 1368
global_step=14968, episodic_return=0.0
global_step=15024, episodic_return=0.0
global_step=15040, episodic_return=0.0
global_step=15248, episodic_return=0.0
SPS: 1398
global_step=15372, episodic_return=0.0
global_step=15428, episodic_return=0.0
global_step=15444, episodic_return=0.0
global_step=15652, episodic_return=0.0
global_step=15776, episodic_return=0.0
global_step=15832, episodic_return=0.0
global_step=15848, episodic_return=0.0
global_step=15872, episodic_return=0.955
SPS: 1425
global_step=15936, episodic_return=0.37
global_step=16180, episodic_return=0.0
global_step=16236, episodic_return=0.0
global_step=16276, episodic_return=0.0
global_step=16340, episodic_return=0.0
SPS: 1452
global_step=16528, episodic_return=0.352
global_step=16584, episodic_return=0.0
global_step=16680, episodic_return=0.0
global_step=16744, episodic_return=0.0
SPS: 1479
global_step=16932, episodic_return=0.0
global_step=16988, episodic_return=0.0
global_step=17084, episodic_return=0.0
global_step=17148, episodic_return=0.0
global_step=17336, episodic_return=0.0
global_step=17392, episodic_return=0.0
SPS: 1504
global_step=17488, episodic_return=0.0
global_step=17552, episodic_return=0.0
global_step=17740, episodic_return=0.0
global_step=17796, episodic_return=0.0
global_step=17892, episodic_return=0.0
SPS: 1530
global_step=17956, episodic_return=0.0
global_step=18144, episodic_return=0.0
global_step=18200, episodic_return=0.0
global_step=18296, episodic_return=0.0
global_step=18360, episodic_return=0.0
SPS: 1554
global_step=18548, episodic_return=0.0
global_step=18604, episodic_return=0.0
global_step=18700, episodic_return=0.0
global_step=18764, episodic_return=0.0
SPS: 1578
global_step=18952, episodic_return=0.0
global_step=19008, episodic_return=0.0
global_step=19104, episodic_return=0.0
global_step=19168, episodic_return=0.0
global_step=19356, episodic_return=0.0
global_step=19412, episodic_return=0.0
SPS: 1601
global_step=19508, episodic_return=0.0
global_step=19572, episodic_return=0.0
global_step=19760, episodic_return=0.0
global_step=19816, episodic_return=0.0
global_step=19912, episodic_return=0.0
global_step=19916, episodic_return=0.235
SPS: 1623
global_step=20164, episodic_return=0.0
global_step=20220, episodic_return=0.0
global_step=20316, episodic_return=0.0
global_step=20320, episodic_return=0.0
SPS: 1646
global_step=20568, episodic_return=0.0
global_step=20624, episodic_return=0.0
global_step=20720, episodic_return=0.0
global_step=20724, episodic_return=0.0
global_step=20972, episodic_return=0.0
SPS: 1668
global_step=21028, episodic_return=0.0
global_step=21124, episodic_return=0.0
global_step=21128, episodic_return=0.0
global_step=21376, episodic_return=0.0
global_step=21420, episodic_return=0.91
global_step=21432, episodic_return=0.0
SPS: 1689
global_step=21528, episodic_return=0.0
global_step=21532, episodic_return=0.0
global_step=21824, episodic_return=0.0
global_step=21836, episodic_return=0.0
global_step=21932, episodic_return=0.0
global_step=21936, episodic_return=0.0
SPS: 1710
global_step=22228, episodic_return=0.0
global_step=22240, episodic_return=0.0
global_step=22336, episodic_return=0.0
global_step=22340, episodic_return=0.0
SPS: 1731
global_step=22632, episodic_return=0.0
global_step=22644, episodic_return=0.0
global_step=22740, episodic_return=0.0
global_step=22744, episodic_return=0.0
global_step=23036, episodic_return=0.0
SPS: 1751
global_step=23048, episodic_return=0.0
global_step=23144, episodic_return=0.0
global_step=23148, episodic_return=0.0
global_step=23440, episodic_return=0.0
global_step=23452, episodic_return=0.0
global_step=23548, episodic_return=0.0
global_step=23552, episodic_return=0.0
SPS: 1770
global_step=23844, episodic_return=0.0
global_step=23856, episodic_return=0.0
global_step=23952, episodic_return=0.0
global_step=23956, episodic_return=0.0
SPS: 1789
global_step=24248, episodic_return=0.0
global_step=24260, episodic_return=0.0
global_step=24356, episodic_return=0.0
global_step=24360, episodic_return=0.0
SPS: 1809
global_step=24652, episodic_return=0.0
global_step=24664, episodic_return=0.0
global_step=24760, episodic_return=0.0
global_step=24764, episodic_return=0.0
global_step=25056, episodic_return=0.0
global_step=25068, episodic_return=0.0
SPS: 1827
global_step=25164, episodic_return=0.0
global_step=25168, episodic_return=0.0
global_step=25460, episodic_return=0.0
global_step=25472, episodic_return=0.0
global_step=25568, episodic_return=0.0
global_step=25572, episodic_return=0.0
SPS: 1844
global_step=25864, episodic_return=0.0
global_step=25876, episodic_return=0.0
global_step=25972, episodic_return=0.0
global_step=25976, episodic_return=0.0
SPS: 1862
global_step=26268, episodic_return=0.0
global_step=26280, episodic_return=0.0
global_step=26376, episodic_return=0.0
global_step=26380, episodic_return=0.0
SPS: 1879
global_step=26672, episodic_return=0.0
global_step=26684, episodic_return=0.0
global_step=26716, episodic_return=0.253
global_step=26780, episodic_return=0.0
global_step=27076, episodic_return=0.0
global_step=27088, episodic_return=0.0
global_step=27120, episodic_return=0.0
SPS: 1896
global_step=27184, episodic_return=0.0
global_step=27476, episodic_return=0.352
global_step=27480, episodic_return=0.0
global_step=27492, episodic_return=0.0
global_step=27524, episodic_return=0.0
SPS: 1912
global_step=27820, episodic_return=0.235
global_step=27884, episodic_return=0.0
global_step=27896, episodic_return=0.0
global_step=27928, episodic_return=0.0
SPS: 1929
global_step=28224, episodic_return=0.0
global_step=28288, episodic_return=0.0
global_step=28300, episodic_return=0.0
global_step=28332, episodic_return=0.0
global_step=28628, episodic_return=0.0
SPS: 1946
global_step=28692, episodic_return=0.0
global_step=28704, episodic_return=0.0
global_step=28736, episodic_return=0.0
global_step=28868, episodic_return=0.6399999999999999
global_step=29032, episodic_return=0.0
global_step=29096, episodic_return=0.0
global_step=29140, episodic_return=0.0
SPS: 1961
global_step=29272, episodic_return=0.0
global_step=29436, episodic_return=0.0
global_step=29500, episodic_return=0.0
global_step=29544, episodic_return=0.0
global_step=29676, episodic_return=0.0
SPS: 1976
global_step=29840, episodic_return=0.0
global_step=29904, episodic_return=0.0
global_step=29948, episodic_return=0.0
global_step=30008, episodic_return=0.775
global_step=30080, episodic_return=0.0
SPS: 1992
global_step=30244, episodic_return=0.0
global_step=30352, episodic_return=0.0
global_step=30412, episodic_return=0.0
global_step=30484, episodic_return=0.0
global_step=30648, episodic_return=0.0
SPS: 2006
global_step=30756, episodic_return=0.0
global_step=30816, episodic_return=0.0
global_step=30888, episodic_return=0.0
global_step=31052, episodic_return=0.0
global_step=31160, episodic_return=0.0
global_step=31220, episodic_return=0.0
SPS: 2020
global_step=31292, episodic_return=0.0
global_step=31456, episodic_return=0.0
global_step=31564, episodic_return=0.0
global_step=31624, episodic_return=0.0
global_step=31696, episodic_return=0.0
global_step=31700, episodic_return=0.703
SPS: 2034
global_step=31860, episodic_return=0.0
global_step=32028, episodic_return=0.0
global_step=32100, episodic_return=0.0
global_step=32104, episodic_return=0.0
SPS: 2045
global_step=32264, episodic_return=0.0
global_step=32432, episodic_return=0.0
global_step=32504, episodic_return=0.0
global_step=32508, episodic_return=0.0
global_step=32668, episodic_return=0.0
SPS: 2058
global_step=32836, episodic_return=0.0
global_step=32908, episodic_return=0.0
global_step=32912, episodic_return=0.0
global_step=33072, episodic_return=0.0
global_step=33240, episodic_return=0.0
SPS: 2071
global_step=33312, episodic_return=0.0
global_step=33316, episodic_return=0.0
global_step=33476, episodic_return=0.0
global_step=33644, episodic_return=0.0
global_step=33716, episodic_return=0.0
global_step=33720, episodic_return=0.0
SPS: 2084
global_step=33880, episodic_return=0.0
global_step=34048, episodic_return=0.0
global_step=34120, episodic_return=0.0
global_step=34124, episodic_return=0.0
global_step=34284, episodic_return=0.0
SPS: 2097
global_step=34452, episodic_return=0.0
global_step=34524, episodic_return=0.0
global_step=34528, episodic_return=0.0
global_step=34688, episodic_return=0.0
SPS: 2110
global_step=34856, episodic_return=0.0
global_step=34928, episodic_return=0.0
global_step=34932, episodic_return=0.0
global_step=35016, episodic_return=0.2709999999999999
global_step=35260, episodic_return=0.0
SPS: 2122
global_step=35332, episodic_return=0.0
global_step=35336, episodic_return=0.0
global_step=35420, episodic_return=0.0
global_step=35664, episodic_return=0.0
global_step=35736, episodic_return=0.0
global_step=35740, episodic_return=0.0
global_step=35824, episodic_return=0.0
SPS: 2135
global_step=36068, episodic_return=0.0
global_step=36140, episodic_return=0.0
global_step=36144, episodic_return=0.0
global_step=36228, episodic_return=0.0
SPS: 2147
global_step=36472, episodic_return=0.0
global_step=36544, episodic_return=0.0
global_step=36548, episodic_return=0.0
global_step=36632, episodic_return=0.0
global_step=36796, episodic_return=0.44199999999999995
SPS: 2158
global_step=36876, episodic_return=0.0
global_step=36952, episodic_return=0.0
global_step=37036, episodic_return=0.0
global_step=37200, episodic_return=0.0
global_step=37280, episodic_return=0.0
global_step=37356, episodic_return=0.0
SPS: 2169
global_step=37440, episodic_return=0.0
global_step=37604, episodic_return=0.0
global_step=37684, episodic_return=0.0
global_step=37760, episodic_return=0.0
global_step=37832, episodic_return=0.6759999999999999
global_step=37844, episodic_return=0.0
SPS: 2180
global_step=37900, episodic_return=0.883
global_step=38008, episodic_return=0.0
global_step=38164, episodic_return=0.0
global_step=38236, episodic_return=0.0
global_step=38304, episodic_return=0.0
SPS: 2192
global_step=38412, episodic_return=0.0
global_step=38568, episodic_return=0.0
global_step=38640, episodic_return=0.0
global_step=38708, episodic_return=0.0
global_step=38816, episodic_return=0.0
SPS: 2203
global_step=38972, episodic_return=0.0
global_step=39044, episodic_return=0.0
global_step=39112, episodic_return=0.0
global_step=39220, episodic_return=0.0
global_step=39376, episodic_return=0.0
SPS: 2213
global_step=39448, episodic_return=0.0
global_step=39516, episodic_return=0.0
global_step=39624, episodic_return=0.0
global_step=39780, episodic_return=0.0
global_step=39852, episodic_return=0.0
global_step=39920, episodic_return=0.0
SPS: 2224
global_step=40028, episodic_return=0.0
global_step=40184, episodic_return=0.0
global_step=40256, episodic_return=0.0
global_step=40324, episodic_return=0.0
global_step=40432, episodic_return=0.0
SPS: 2234
global_step=40496, episodic_return=0.865
global_step=40588, episodic_return=0.0
global_step=40660, episodic_return=0.0
global_step=40728, episodic_return=0.0
global_step=40900, episodic_return=0.0
SPS: 2244
global_step=40992, episodic_return=0.0
global_step=41064, episodic_return=0.0
global_step=41132, episodic_return=0.0
global_step=41304, episodic_return=0.0
global_step=41396, episodic_return=0.0
global_step=41468, episodic_return=0.0
SPS: 2254
global_step=41536, episodic_return=0.0
global_step=41708, episodic_return=0.0
global_step=41800, episodic_return=0.0
global_step=41872, episodic_return=0.0
global_step=41892, episodic_return=0.964
global_step=41940, episodic_return=0.0
global_step=41976, episodic_return=0.613
SPS: 2263
global_step=42112, episodic_return=0.0
global_step=42296, episodic_return=0.0
global_step=42344, episodic_return=0.0
global_step=42380, episodic_return=0.0
SPS: 2273
global_step=42516, episodic_return=0.0
global_step=42700, episodic_return=0.0
global_step=42748, episodic_return=0.0
global_step=42784, episodic_return=0.0
global_step=42920, episodic_return=0.0
SPS: 2282
global_step=43104, episodic_return=0.0
global_step=43152, episodic_return=0.0
global_step=43188, episodic_return=0.0
global_step=43324, episodic_return=0.0
global_step=43508, episodic_return=0.0
SPS: 2292
global_step=43556, episodic_return=0.0
global_step=43592, episodic_return=0.0
global_step=43708, episodic_return=0.748
global_step=43728, episodic_return=0.0
global_step=43912, episodic_return=0.0
global_step=43960, episodic_return=0.0
SPS: 2302
global_step=44112, episodic_return=0.0
global_step=44132, episodic_return=0.0
global_step=44316, episodic_return=0.0
global_step=44364, episodic_return=0.0
global_step=44516, episodic_return=0.0
global_step=44536, episodic_return=0.0
SPS: 2311
global_step=44720, episodic_return=0.0
global_step=44768, episodic_return=0.0
global_step=44920, episodic_return=0.0
global_step=44940, episodic_return=0.0
SPS: 2320
global_step=45124, episodic_return=0.0
global_step=45172, episodic_return=0.0
global_step=45324, episodic_return=0.0
global_step=45344, episodic_return=0.0
global_step=45528, episodic_return=0.0
SPS: 2330
global_step=45576, episodic_return=0.0
global_step=45728, episodic_return=0.0
global_step=45748, episodic_return=0.0
global_step=45932, episodic_return=0.0
global_step=45980, episodic_return=0.0
SPS: 2339
global_step=46132, episodic_return=0.0
global_step=46152, episodic_return=0.0
global_step=46336, episodic_return=0.0
global_step=46384, episodic_return=0.0
global_step=46416, episodic_return=0.37
global_step=46556, episodic_return=0.0
SPS: 2347
global_step=46740, episodic_return=0.0
global_step=46788, episodic_return=0.0
global_step=46820, episodic_return=0.0
global_step=46960, episodic_return=0.0
SPS: 2356
global_step=47144, episodic_return=0.0
global_step=47192, episodic_return=0.0
global_step=47224, episodic_return=0.0
global_step=47364, episodic_return=0.0
global_step=47548, episodic_return=0.0
global_step=47596, episodic_return=0.0
SPS: 2365
global_step=47628, episodic_return=0.0
global_step=47768, episodic_return=0.0
global_step=47952, episodic_return=0.0
global_step=48000, episodic_return=0.0
global_step=48032, episodic_return=0.0
SPS: 2373
global_step=48172, episodic_return=0.0
global_step=48196, episodic_return=0.45999999999999996
global_step=48404, episodic_return=0.0
global_step=48436, episodic_return=0.0
global_step=48576, episodic_return=0.0
global_step=48600, episodic_return=0.0
SPS: 2382
global_step=48808, episodic_return=0.0
global_step=48840, episodic_return=0.0
global_step=48980, episodic_return=0.0
global_step=49004, episodic_return=0.0
SPS: 2390
global_step=49212, episodic_return=0.0
global_step=49244, episodic_return=0.0
global_step=49384, episodic_return=0.0
global_step=49408, episodic_return=0.0
global_step=49616, episodic_return=0.0
global_step=49648, episodic_return=0.0
SPS: 2393
global_step=49788, episodic_return=0.0
global_step=49812, episodic_return=0.0
global_step=49988, episodic_return=0.613
global_step=50020, episodic_return=0.0
global_step=50040, episodic_return=0.892
global_step=50052, episodic_return=0.0
SPS: 2402
global_step=50192, episodic_return=0.0
global_step=50424, episodic_return=0.0
global_step=50444, episodic_return=0.0
global_step=50456, episodic_return=0.0
global_step=50596, episodic_return=0.0
SPS: 2410
global_step=50828, episodic_return=0.0
global_step=50848, episodic_return=0.0
global_step=50860, episodic_return=0.0
global_step=51000, episodic_return=0.0
SPS: 2418
global_step=51232, episodic_return=0.0
global_step=51252, episodic_return=0.0
global_step=51264, episodic_return=0.0
global_step=51404, episodic_return=0.0
global_step=51636, episodic_return=0.0
global_step=51656, episodic_return=0.0
global_step=51668, episodic_return=0.0
SPS: 2426
global_step=51808, episodic_return=0.0
global_step=52040, episodic_return=0.0
global_step=52044, episodic_return=0.16299999999999992
global_step=52060, episodic_return=0.0
global_step=52212, episodic_return=0.0
SPS: 2433
global_step=52288, episodic_return=0.4959999999999999
global_step=52444, episodic_return=0.0
global_step=52448, episodic_return=0.0
global_step=52560, episodic_return=0.757
global_step=52616, episodic_return=0.0
global_step=52692, episodic_return=0.0
SPS: 2441
global_step=52848, episodic_return=0.0
global_step=52964, episodic_return=0.0
global_step=53020, episodic_return=0.0
global_step=53032, episodic_return=0.856
global_step=53096, episodic_return=0.0
SPS: 2448
global_step=53252, episodic_return=0.0
global_step=53424, episodic_return=0.0
global_step=53436, episodic_return=0.0
global_step=53500, episodic_return=0.0
global_step=53656, episodic_return=0.0
global_step=53684, episodic_return=0.946
SPS: 2453
global_step=53828, episodic_return=0.0
global_step=53840, episodic_return=0.0
global_step=53904, episodic_return=0.0
global_step=54088, episodic_return=0.0
global_step=54232, episodic_return=0.0
global_step=54244, episodic_return=0.0
SPS: 2460
global_step=54308, episodic_return=0.0
global_step=54492, episodic_return=0.0
global_step=54636, episodic_return=0.0
global_step=54648, episodic_return=0.0
global_step=54712, episodic_return=0.0
SPS: 2467
global_step=54868, episodic_return=0.16299999999999992
global_step=55040, episodic_return=0.0
global_step=55052, episodic_return=0.0
global_step=55116, episodic_return=0.0
global_step=55272, episodic_return=0.0
SPS: 2474
global_step=55444, episodic_return=0.0
global_step=55456, episodic_return=0.0
global_step=55520, episodic_return=0.0
global_step=55676, episodic_return=0.0
SPS: 2482
global_step=55812, episodic_return=0.18099999999999994
global_step=55860, episodic_return=0.0
global_step=55924, episodic_return=0.0
global_step=55984, episodic_return=0.73
global_step=56080, episodic_return=0.0
global_step=56216, episodic_return=0.0
SPS: 2488
global_step=56328, episodic_return=0.0
global_step=56388, episodic_return=0.0
global_step=56444, episodic_return=0.4959999999999999
global_step=56484, episodic_return=0.0
global_step=56732, episodic_return=0.0
global_step=56792, episodic_return=0.0
SPS: 2494
global_step=56848, episodic_return=0.0
global_step=56888, episodic_return=0.0
global_step=57136, episodic_return=0.0
global_step=57196, episodic_return=0.0
global_step=57252, episodic_return=0.0
global_step=57292, episodic_return=0.0
SPS: 2501
global_step=57540, episodic_return=0.0
global_step=57600, episodic_return=0.0
global_step=57656, episodic_return=0.0
global_step=57696, episodic_return=0.0
SPS: 2507
global_step=57944, episodic_return=0.0
global_step=58004, episodic_return=0.0
global_step=58060, episodic_return=0.0
global_step=58100, episodic_return=0.0
global_step=58348, episodic_return=0.09999999999999998
SPS: 2514
global_step=58408, episodic_return=0.0
global_step=58464, episodic_return=0.0
global_step=58504, episodic_return=0.0
global_step=58752, episodic_return=0.0
global_step=58812, episodic_return=0.0
global_step=58840, episodic_return=0.946
global_step=58868, episodic_return=0.0
SPS: 2520
global_step=58908, episodic_return=0.0
global_step=59156, episodic_return=0.0
global_step=59244, episodic_return=0.0
global_step=59272, episodic_return=0.0
global_step=59312, episodic_return=0.0
global_step=59328, episodic_return=0.622
SPS: 2526
global_step=59648, episodic_return=0.0
global_step=59676, episodic_return=0.0
global_step=59716, episodic_return=0.0
global_step=59732, episodic_return=0.0
SPS: 2532
global_step=60052, episodic_return=0.0
global_step=60080, episodic_return=0.0
global_step=60120, episodic_return=0.0
global_step=60136, episodic_return=0.0
SPS: 2539
global_step=60456, episodic_return=0.0
global_step=60484, episodic_return=0.0
global_step=60524, episodic_return=0.0
global_step=60540, episodic_return=0.0
global_step=60860, episodic_return=0.0
global_step=60888, episodic_return=0.0
global_step=60928, episodic_return=0.0
SPS: 2545
global_step=60944, episodic_return=0.0
global_step=61148, episodic_return=0.514
global_step=61264, episodic_return=0.0
global_step=61292, episodic_return=0.0
global_step=61348, episodic_return=0.0
SPS: 2550
global_step=61552, episodic_return=0.0
global_step=61572, episodic_return=0.31599999999999995
global_step=61696, episodic_return=0.0
global_step=61752, episodic_return=0.0
global_step=61780, episodic_return=0.82
SPS: 2557
global_step=61956, episodic_return=0.0
global_step=61976, episodic_return=0.0
global_step=62156, episodic_return=0.0
global_step=62184, episodic_return=0.0
global_step=62360, episodic_return=0.0
global_step=62380, episodic_return=0.0
SPS: 2562
global_step=62560, episodic_return=0.0
global_step=62588, episodic_return=0.0
global_step=62764, episodic_return=0.0
global_step=62784, episodic_return=0.0
global_step=62964, episodic_return=0.0
SPS: 2568
global_step=62992, episodic_return=0.0
global_step=63168, episodic_return=0.0
global_step=63188, episodic_return=0.0
global_step=63368, episodic_return=0.0
global_step=63396, episodic_return=0.0
SPS: 2574
global_step=63572, episodic_return=0.0
global_step=63592, episodic_return=0.0
global_step=63772, episodic_return=0.0
global_step=63800, episodic_return=0.0
global_step=63976, episodic_return=0.0
global_step=63996, episodic_return=0.0
SPS: 2579
global_step=64176, episodic_return=0.0
global_step=64204, episodic_return=0.0
global_step=64348, episodic_return=0.17199999999999993
global_step=64400, episodic_return=0.0
SPS: 2585
global_step=64580, episodic_return=0.0
global_step=64608, episodic_return=0.0
global_step=64752, episodic_return=0.0
global_step=64804, episodic_return=0.0
global_step=64984, episodic_return=0.0
global_step=65012, episodic_return=0.0
SPS: 2590
global_step=65156, episodic_return=0.0
global_step=65208, episodic_return=0.0
global_step=65388, episodic_return=0.0
global_step=65416, episodic_return=0.0
SPS: 2596
global_step=65560, episodic_return=0.0
global_step=65612, episodic_return=0.0
global_step=65792, episodic_return=0.0
global_step=65820, episodic_return=0.0
global_step=65964, episodic_return=0.0
global_step=65992, episodic_return=0.946
global_step=66016, episodic_return=0.0
global_step=66028, episodic_return=0.982
global_step=66040, episodic_return=0.514
SPS: 2601
global_step=66196, episodic_return=0.0
global_step=66396, episodic_return=0.0
global_step=66432, episodic_return=0.0
global_step=66444, episodic_return=0.0
SPS: 2606
global_step=66600, episodic_return=0.0
global_step=66800, episodic_return=0.0
global_step=66836, episodic_return=0.0
global_step=66848, episodic_return=0.0
global_step=67004, episodic_return=0.0
SPS: 2612
global_step=67204, episodic_return=0.0
global_step=67240, episodic_return=0.0
global_step=67252, episodic_return=0.0
global_step=67408, episodic_return=0.0
SPS: 2615
global_step=67608, episodic_return=0.0
global_step=67644, episodic_return=0.0
global_step=67656, episodic_return=0.0
global_step=67812, episodic_return=0.0
global_step=68012, episodic_return=0.0
global_step=68048, episodic_return=0.0
global_step=68060, episodic_return=0.0
SPS: 2620
global_step=68216, episodic_return=0.0
global_step=68416, episodic_return=0.0
global_step=68452, episodic_return=0.0
global_step=68464, episodic_return=0.0
SPS: 2625
global_step=68620, episodic_return=0.0
global_step=68820, episodic_return=0.0
global_step=68856, episodic_return=0.0
global_step=68868, episodic_return=0.0
global_step=69024, episodic_return=0.0
SPS: 2630
global_step=69224, episodic_return=0.0
global_step=69260, episodic_return=0.0
global_step=69272, episodic_return=0.0
global_step=69428, episodic_return=0.0
global_step=69628, episodic_return=0.0
SPS: 2635
global_step=69664, episodic_return=0.0
global_step=69676, episodic_return=0.0
global_step=69832, episodic_return=0.0
global_step=70032, episodic_return=0.0
global_step=70068, episodic_return=0.0
global_step=70080, episodic_return=0.0
SPS: 2640
global_step=70236, episodic_return=0.0
global_step=70436, episodic_return=0.0
global_step=70472, episodic_return=0.0
global_step=70484, episodic_return=0.0
global_step=70640, episodic_return=0.0
SPS: 2645
global_step=70840, episodic_return=0.0
global_step=70876, episodic_return=0.0
global_step=70888, episodic_return=0.0
global_step=71044, episodic_return=0.0
SPS: 2650
global_step=71244, episodic_return=0.0
global_step=71280, episodic_return=0.0
global_step=71292, episodic_return=0.0
global_step=71448, episodic_return=0.0
global_step=71648, episodic_return=0.0
SPS: 2655
global_step=71684, episodic_return=0.0
global_step=71696, episodic_return=0.0
global_step=71852, episodic_return=0.0
global_step=72052, episodic_return=0.0
global_step=72088, episodic_return=0.0
global_step=72100, episodic_return=0.0
SPS: 2659
global_step=72256, episodic_return=0.0
global_step=72456, episodic_return=0.0
global_step=72492, episodic_return=0.0
global_step=72504, episodic_return=0.0
global_step=72660, episodic_return=0.0
SPS: 2664
global_step=72752, episodic_return=0.34299999999999997
global_step=72896, episodic_return=0.0
global_step=72908, episodic_return=0.0
global_step=73064, episodic_return=0.0
global_step=73156, episodic_return=0.0
SPS: 2669
global_step=73300, episodic_return=0.0
global_step=73312, episodic_return=0.0
global_step=73468, episodic_return=0.0
global_step=73560, episodic_return=0.0
global_step=73704, episodic_return=0.0
global_step=73716, episodic_return=0.0
SPS: 2673
global_step=73872, episodic_return=0.0
global_step=73964, episodic_return=0.0
global_step=74108, episodic_return=0.0
global_step=74120, episodic_return=0.0
SPS: 2678
global_step=74276, episodic_return=0.0
global_step=74348, episodic_return=0.847
global_step=74368, episodic_return=0.0
global_step=74512, episodic_return=0.0
global_step=74524, episodic_return=0.0
global_step=74752, episodic_return=0.0
SPS: 2682
global_step=74772, episodic_return=0.0
global_step=74916, episodic_return=0.0
global_step=74928, episodic_return=0.0
global_step=75156, episodic_return=0.0
global_step=75176, episodic_return=0.0
SPS: 2686
global_step=75320, episodic_return=0.0
global_step=75332, episodic_return=0.0
global_step=75560, episodic_return=0.0
global_step=75580, episodic_return=0.0
global_step=75724, episodic_return=0.0
global_step=75736, episodic_return=0.0
SPS: 2691
global_step=75876, episodic_return=0.29799999999999993
global_step=75984, episodic_return=0.0
global_step=76128, episodic_return=0.0
global_step=76140, episodic_return=0.0
global_step=76232, episodic_return=0.802
global_step=76280, episodic_return=0.0
SPS: 2695
global_step=76388, episodic_return=0.0
global_step=76532, episodic_return=0.0
global_step=76636, episodic_return=0.0
global_step=76684, episodic_return=0.0
global_step=76792, episodic_return=0.0
SPS: 2699
global_step=76936, episodic_return=0.0
global_step=77040, episodic_return=0.0
global_step=77088, episodic_return=0.0
global_step=77196, episodic_return=0.0
SPS: 2703
global_step=77340, episodic_return=0.0
global_step=77444, episodic_return=0.0
global_step=77492, episodic_return=0.0
global_step=77600, episodic_return=0.0
global_step=77744, episodic_return=0.0
SPS: 2708
global_step=77848, episodic_return=0.0
global_step=77896, episodic_return=0.0
global_step=78004, episodic_return=0.0
global_step=78148, episodic_return=0.0
global_step=78252, episodic_return=0.0
global_step=78300, episodic_return=0.0
SPS: 2712
global_step=78408, episodic_return=0.0
global_step=78552, episodic_return=0.0
global_step=78656, episodic_return=0.0
global_step=78704, episodic_return=0.0
global_step=78812, episodic_return=0.0
SPS: 2716
global_step=78956, episodic_return=0.0
global_step=79060, episodic_return=0.0
global_step=79108, episodic_return=0.0
global_step=79216, episodic_return=0.0
global_step=79360, episodic_return=0.0
SPS: 2720
global_step=79464, episodic_return=0.0
global_step=79512, episodic_return=0.0
global_step=79620, episodic_return=0.0
global_step=79764, episodic_return=0.0
global_step=79868, episodic_return=0.0
SPS: 2723
global_step=79916, episodic_return=0.0
global_step=79940, episodic_return=0.955
global_step=80024, episodic_return=0.0
global_step=80096, episodic_return=0.4959999999999999
global_step=80168, episodic_return=0.0
global_step=80344, episodic_return=0.0
SPS: 2727
global_step=80428, episodic_return=0.0
global_step=80500, episodic_return=0.0
global_step=80572, episodic_return=0.0
global_step=80748, episodic_return=0.0
global_step=80832, episodic_return=0.0
SPS: 2731
global_step=80904, episodic_return=0.0
global_step=80976, episodic_return=0.0
global_step=81152, episodic_return=0.0
global_step=81236, episodic_return=0.0
global_step=81308, episodic_return=0.0
global_step=81380, episodic_return=0.0
SPS: 2735
global_step=81556, episodic_return=0.0
global_step=81640, episodic_return=0.0
global_step=81712, episodic_return=0.0
global_step=81784, episodic_return=0.0
SPS: 2739
global_step=81960, episodic_return=0.0
global_step=82044, episodic_return=0.0
global_step=82116, episodic_return=0.0
global_step=82188, episodic_return=0.0
global_step=82364, episodic_return=0.0
SPS: 2743
global_step=82448, episodic_return=0.0
global_step=82456, episodic_return=0.802
global_step=82520, episodic_return=0.0
global_step=82568, episodic_return=0.901
global_step=82592, episodic_return=0.0
global_step=82852, episodic_return=0.0
global_step=82860, episodic_return=0.0
SPS: 2746
global_step=82972, episodic_return=0.0
global_step=82996, episodic_return=0.0
global_step=83116, episodic_return=0.43299999999999994
global_step=83256, episodic_return=0.0
global_step=83376, episodic_return=0.0
global_step=83400, episodic_return=0.0
SPS: 2750
global_step=83520, episodic_return=0.0
global_step=83660, episodic_return=0.0
global_step=83780, episodic_return=0.0
global_step=83804, episodic_return=0.0
global_step=83924, episodic_return=0.0
SPS: 2754
global_step=84064, episodic_return=0.0
global_step=84184, episodic_return=0.0
global_step=84208, episodic_return=0.0
global_step=84284, episodic_return=0.514
global_step=84328, episodic_return=0.0
SPS: 2757
global_step=84588, episodic_return=0.0
global_step=84612, episodic_return=0.0
global_step=84688, episodic_return=0.0
global_step=84732, episodic_return=0.0
global_step=84992, episodic_return=0.0
SPS: 2758
global_step=85016, episodic_return=0.0
global_step=85092, episodic_return=0.0
global_step=85136, episodic_return=0.0
global_step=85396, episodic_return=0.0
global_step=85420, episodic_return=0.0
global_step=85496, episodic_return=0.0
SPS: 2761
global_step=85520, episodic_return=0.955
global_step=85540, episodic_return=0.0
global_step=85800, episodic_return=0.0
global_step=85824, episodic_return=0.0
global_step=85880, episodic_return=0.829
global_step=85924, episodic_return=0.0
global_step=85944, episodic_return=0.0
SPS: 2765
global_step=86228, episodic_return=0.0
global_step=86284, episodic_return=0.0
global_step=86328, episodic_return=0.0
global_step=86348, episodic_return=0.0
SPS: 2769
global_step=86632, episodic_return=0.0
global_step=86688, episodic_return=0.0
global_step=86732, episodic_return=0.0
global_step=86752, episodic_return=0.0
global_step=87036, episodic_return=0.0
SPS: 2772
global_step=87092, episodic_return=0.0
global_step=87136, episodic_return=0.0
global_step=87156, episodic_return=0.0
global_step=87296, episodic_return=0.694
global_step=87440, episodic_return=0.0
global_step=87496, episodic_return=0.0
global_step=87540, episodic_return=0.0
SPS: 2776
global_step=87700, episodic_return=0.0
global_step=87844, episodic_return=0.0
global_step=87868, episodic_return=0.2709999999999999
global_step=87900, episodic_return=0.0
SPS: 2779
global_step=88104, episodic_return=0.0
global_step=88248, episodic_return=0.0
global_step=88272, episodic_return=0.0
global_step=88304, episodic_return=0.0
global_step=88508, episodic_return=0.0
SPS: 2783
global_step=88652, episodic_return=0.0
global_step=88676, episodic_return=0.0
global_step=88708, episodic_return=0.0
global_step=88912, episodic_return=0.0
global_step=89056, episodic_return=0.0
global_step=89080, episodic_return=0.0
SPS: 2785
global_step=89112, episodic_return=0.0
global_step=89196, episodic_return=0.37
global_step=89460, episodic_return=0.0
global_step=89484, episodic_return=0.0
global_step=89516, episodic_return=0.0
global_step=89600, episodic_return=0.0
SPS: 2788
global_step=89864, episodic_return=0.0
global_step=89888, episodic_return=0.0
global_step=89920, episodic_return=0.0
global_step=90004, episodic_return=0.0
SPS: 2791
global_step=90268, episodic_return=0.0
global_step=90292, episodic_return=0.0
global_step=90324, episodic_return=0.0
global_step=90408, episodic_return=0.0
SPS: 2795
global_step=90672, episodic_return=0.0
global_step=90696, episodic_return=0.0
global_step=90728, episodic_return=0.0
global_step=90812, episodic_return=0.0
global_step=90824, episodic_return=0.667
global_step=90840, episodic_return=0.757
global_step=91100, episodic_return=0.0
SPS: 2798
global_step=91216, episodic_return=0.0
global_step=91228, episodic_return=0.0
global_step=91244, episodic_return=0.0
global_step=91504, episodic_return=0.0
global_step=91620, episodic_return=0.0
global_step=91632, episodic_return=0.0
global_step=91648, episodic_return=0.0
SPS: 2801
global_step=91908, episodic_return=0.0
global_step=92024, episodic_return=0.0
global_step=92036, episodic_return=0.0
global_step=92052, episodic_return=0.0
SPS: 2804
global_step=92312, episodic_return=0.0
global_step=92428, episodic_return=0.0
global_step=92440, episodic_return=0.0
global_step=92456, episodic_return=0.0
SPS: 2807
global_step=92716, episodic_return=0.0
global_step=92832, episodic_return=0.0
global_step=92844, episodic_return=0.0
global_step=92860, episodic_return=0.0
global_step=93120, episodic_return=0.0
SPS: 2811
global_step=93236, episodic_return=0.0
global_step=93248, episodic_return=0.0
global_step=93264, episodic_return=0.0
global_step=93524, episodic_return=0.0
global_step=93640, episodic_return=0.0
global_step=93652, episodic_return=0.0
global_step=93668, episodic_return=0.0
SPS: 2813
global_step=93712, episodic_return=0.586
global_step=94044, episodic_return=0.0
global_step=94056, episodic_return=0.0
global_step=94072, episodic_return=0.0
global_step=94116, episodic_return=0.0
SPS: 2816
global_step=94448, episodic_return=0.0
global_step=94460, episodic_return=0.0
global_step=94476, episodic_return=0.0
global_step=94520, episodic_return=0.0
SPS: 2819
global_step=94852, episodic_return=0.0
global_step=94864, episodic_return=0.0
global_step=94880, episodic_return=0.0
global_step=94924, episodic_return=0.0
global_step=95024, episodic_return=0.685
SPS: 2822
global_step=95256, episodic_return=0.0
global_step=95268, episodic_return=0.0
global_step=95328, episodic_return=0.0
global_step=95428, episodic_return=0.0
global_step=95524, episodic_return=0.43299999999999994
global_step=95660, episodic_return=0.0
global_step=95668, episodic_return=0.244
SPS: 2825
global_step=95832, episodic_return=0.0
global_step=95928, episodic_return=0.0
global_step=96064, episodic_return=0.0
global_step=96072, episodic_return=0.0
global_step=96224, episodic_return=0.127
SPS: 2828
global_step=96332, episodic_return=0.0
global_step=96468, episodic_return=0.0
global_step=96476, episodic_return=0.0
global_step=96628, episodic_return=0.0
global_step=96736, episodic_return=0.0
SPS: 2830
global_step=96776, episodic_return=0.33399999999999996
global_step=96860, episodic_return=0.73
global_step=96872, episodic_return=0.0
global_step=97032, episodic_return=0.0
global_step=97180, episodic_return=0.0
global_step=97264, episodic_return=0.0
global_step=97276, episodic_return=0.0
SPS: 2833
global_step=97436, episodic_return=0.0
global_step=97584, episodic_return=0.0
global_step=97668, episodic_return=0.0
global_step=97680, episodic_return=0.0
SPS: 2836
global_step=97840, episodic_return=0.0
global_step=97988, episodic_return=0.0
global_step=98072, episodic_return=0.0
global_step=98084, episodic_return=0.0
global_step=98244, episodic_return=0.0
SPS: 2839
global_step=98392, episodic_return=0.0
global_step=98464, episodic_return=0.15400000000000003
global_step=98476, episodic_return=0.0
global_step=98648, episodic_return=0.0
global_step=98796, episodic_return=0.0
SPS: 2841
global_step=98868, episodic_return=0.0
global_step=98880, episodic_return=0.0
global_step=99052, episodic_return=0.0
global_step=99200, episodic_return=0.0
global_step=99272, episodic_return=0.0
global_step=99284, episodic_return=0.0
SPS: 2844
global_step=99456, episodic_return=0.0
global_step=99584, episodic_return=0.30699999999999994
global_step=99604, episodic_return=0.0
global_step=99688, episodic_return=0.0
SPS: 2846
global_step=99860, episodic_return=0.0
global_step=99988, episodic_return=0.0
global_step=100008, episodic_return=0.0
global_step=100092, episodic_return=0.0
global_step=100264, episodic_return=0.0
SPS: 2849
global_step=100368, episodic_return=0.19899999999999995
global_step=100392, episodic_return=0.0
global_step=100496, episodic_return=0.0
global_step=100668, episodic_return=0.0
global_step=100772, episodic_return=0.0
global_step=100796, episodic_return=0.0
SPS: 2852
global_step=100900, episodic_return=0.0
global_step=101072, episodic_return=0.0
global_step=101176, episodic_return=0.0
global_step=101200, episodic_return=0.0
global_step=101304, episodic_return=0.0
SPS: 2855
global_step=101476, episodic_return=0.0
global_step=101580, episodic_return=0.0
global_step=101604, episodic_return=0.0
global_step=101708, episodic_return=0.0
global_step=101880, episodic_return=0.0
SPS: 2857
global_step=101984, episodic_return=0.0
global_step=102008, episodic_return=0.0
global_step=102112, episodic_return=0.0
global_step=102284, episodic_return=0.0
global_step=102388, episodic_return=0.0
SPS: 2857
global_step=102412, episodic_return=0.0
global_step=102440, episodic_return=0.946
global_step=102516, episodic_return=0.0
global_step=102688, episodic_return=0.0
global_step=102792, episodic_return=0.0
global_step=102844, episodic_return=0.0
global_step=102888, episodic_return=0.7929999999999999
SPS: 2860
global_step=102920, episodic_return=0.0
global_step=103092, episodic_return=0.0
global_step=103248, episodic_return=0.0
global_step=103292, episodic_return=0.0
global_step=103324, episodic_return=0.0
global_step=103368, episodic_return=0.838
SPS: 2862
global_step=103496, episodic_return=0.0
global_step=103652, episodic_return=0.0
global_step=103728, episodic_return=0.0
global_step=103772, episodic_return=0.0
global_step=103900, episodic_return=0.0
SPS: 2865
global_step=104056, episodic_return=0.0
global_step=104132, episodic_return=0.0
global_step=104176, episodic_return=0.0
global_step=104304, episodic_return=0.0
SPS: 2867
global_step=104460, episodic_return=0.0
global_step=104536, episodic_return=0.0
global_step=104580, episodic_return=0.0
global_step=104708, episodic_return=0.0
global_step=104864, episodic_return=0.0
global_step=104940, episodic_return=0.0
SPS: 2870
global_step=104984, episodic_return=0.0
global_step=105112, episodic_return=0.0
global_step=105268, episodic_return=0.0
global_step=105344, episodic_return=0.0
global_step=105388, episodic_return=0.0
SPS: 2873
global_step=105516, episodic_return=0.0
global_step=105672, episodic_return=0.0
global_step=105748, episodic_return=0.0
global_step=105792, episodic_return=0.0
global_step=105920, episodic_return=0.0
global_step=105944, episodic_return=0.667
SPS: 2875
global_step=106032, episodic_return=0.757
global_step=106072, episodic_return=0.721
global_step=106076, episodic_return=0.0
global_step=106152, episodic_return=0.0
global_step=106192, episodic_return=0.649
global_step=106476, episodic_return=0.0
global_step=106480, episodic_return=0.0
SPS: 2877
global_step=106556, episodic_return=0.0
global_step=106596, episodic_return=0.0
global_step=106880, episodic_return=0.0
global_step=106884, episodic_return=0.0
global_step=106960, episodic_return=0.0
global_step=107000, episodic_return=0.0
SPS: 2880
global_step=107040, episodic_return=0.6579999999999999
global_step=107208, episodic_return=0.631
global_step=107284, episodic_return=0.0
global_step=107364, episodic_return=0.0
global_step=107404, episodic_return=0.0
SPS: 2882
global_step=107612, episodic_return=0.0
global_step=107688, episodic_return=0.0
global_step=107768, episodic_return=0.0
global_step=107808, episodic_return=0.0
global_step=108016, episodic_return=0.0
SPS: 2884
global_step=108092, episodic_return=0.0
global_step=108132, episodic_return=0.2799999999999999
global_step=108172, episodic_return=0.0
global_step=108420, episodic_return=0.0
global_step=108496, episodic_return=0.0
global_step=108536, episodic_return=0.0
SPS: 2887
global_step=108576, episodic_return=0.0
global_step=108824, episodic_return=0.0
global_step=108900, episodic_return=0.0
global_step=108940, episodic_return=0.0
global_step=108980, episodic_return=0.0
SPS: 2889
global_step=109228, episodic_return=0.0
global_step=109304, episodic_return=0.0
global_step=109344, episodic_return=0.0
global_step=109384, episodic_return=0.0
SPS: 2892
global_step=109632, episodic_return=0.0
global_step=109708, episodic_return=0.0
global_step=109748, episodic_return=0.0
global_step=109788, episodic_return=0.0
global_step=110036, episodic_return=0.0
SPS: 2894
global_step=110112, episodic_return=0.0
global_step=110152, episodic_return=0.0
global_step=110192, episodic_return=0.0
global_step=110324, episodic_return=0.622
global_step=110440, episodic_return=0.0
global_step=110516, episodic_return=0.0
SPS: 2897
global_step=110596, episodic_return=0.0
global_step=110692, episodic_return=0.18099999999999994
global_step=110844, episodic_return=0.0
global_step=110920, episodic_return=0.0
global_step=110968, episodic_return=0.901
global_step=111000, episodic_return=0.0
global_step=111096, episodic_return=0.0
SPS: 2899
global_step=111248, episodic_return=0.0
global_step=111372, episodic_return=0.0
global_step=111404, episodic_return=0.0
global_step=111500, episodic_return=0.0
SPS: 2901
global_step=111652, episodic_return=0.0
global_step=111776, episodic_return=0.0
global_step=111808, episodic_return=0.0
global_step=111904, episodic_return=0.0
global_step=112056, episodic_return=0.0
SPS: 2904
global_step=112180, episodic_return=0.0
global_step=112212, episodic_return=0.0
global_step=112308, episodic_return=0.0
global_step=112460, episodic_return=0.0
global_step=112584, episodic_return=0.0
global_step=112616, episodic_return=0.0
SPS: 2906
global_step=112712, episodic_return=0.0
global_step=112864, episodic_return=0.0
global_step=112988, episodic_return=0.0
global_step=113020, episodic_return=0.0
global_step=113116, episodic_return=0.0
SPS: 2908
global_step=113268, episodic_return=0.0
global_step=113392, episodic_return=0.0
global_step=113424, episodic_return=0.0
global_step=113520, episodic_return=0.0
global_step=113652, episodic_return=0.42399999999999993
SPS: 2910
global_step=113672, episodic_return=0.0
global_step=113816, episodic_return=0.685
global_step=113828, episodic_return=0.0
global_step=113924, episodic_return=0.0
global_step=114056, episodic_return=0.0
SPS: 2913
global_step=114220, episodic_return=0.0
global_step=114232, episodic_return=0.0
global_step=114328, episodic_return=0.0
global_step=114460, episodic_return=0.0
global_step=114624, episodic_return=0.0
global_step=114636, episodic_return=0.0
SPS: 2915
global_step=114732, episodic_return=0.0
global_step=114864, episodic_return=0.0
global_step=115028, episodic_return=0.0
global_step=115040, episodic_return=0.0
global_step=115136, episodic_return=0.0
SPS: 2917
global_step=115268, episodic_return=0.0
global_step=115432, episodic_return=0.0
global_step=115444, episodic_return=0.0
global_step=115540, episodic_return=0.0
global_step=115640, episodic_return=0.784
global_step=115672, episodic_return=0.0
SPS: 2919
global_step=115836, episodic_return=0.0
global_step=115848, episodic_return=0.0
global_step=116044, episodic_return=0.0
global_step=116076, episodic_return=0.0
SPS: 2922
global_step=116240, episodic_return=0.0
global_step=116252, episodic_return=0.0
global_step=116448, episodic_return=0.0
global_step=116480, episodic_return=0.0
global_step=116644, episodic_return=0.0
global_step=116656, episodic_return=0.0
SPS: 2924
global_step=116852, episodic_return=0.0
global_step=116884, episodic_return=0.0
global_step=117048, episodic_return=0.0
global_step=117060, episodic_return=0.0
SPS: 2926
global_step=117256, episodic_return=0.0
global_step=117288, episodic_return=0.0
global_step=117452, episodic_return=0.0
global_step=117464, episodic_return=0.0
global_step=117660, episodic_return=0.0
global_step=117692, episodic_return=0.0
SPS: 2928
global_step=117856, episodic_return=0.0
global_step=117868, episodic_return=0.0
global_step=117972, episodic_return=0.775
global_step=118064, episodic_return=0.0
global_step=118096, episodic_return=0.0
global_step=118260, episodic_return=0.0
SPS: 2930
global_step=118376, episodic_return=0.0
global_step=118468, episodic_return=0.0
global_step=118500, episodic_return=0.0
global_step=118664, episodic_return=0.0
global_step=118696, episodic_return=0.5680000000000001
global_step=118744, episodic_return=0.901
global_step=118780, episodic_return=0.0
SPS: 2932
global_step=118872, episodic_return=0.721
global_step=118872, episodic_return=0.0
global_step=119068, episodic_return=0.0
global_step=119104, episodic_return=0.9279999999999999
global_step=119184, episodic_return=0.0
global_step=119276, episodic_return=0.0
global_step=119276, episodic_return=0.0
SPS: 2934
global_step=119508, episodic_return=0.0
global_step=119588, episodic_return=0.0
global_step=119680, episodic_return=0.0
global_step=119680, episodic_return=0.0
global_step=119704, episodic_return=0.5680000000000001
SPS: 2935
global_step=119992, episodic_return=0.0
global_step=120084, episodic_return=0.0
global_step=120084, episodic_return=0.0
global_step=120108, episodic_return=0.0
SPS: 2935
global_step=120396, episodic_return=0.0
global_step=120488, episodic_return=0.0
global_step=120488, episodic_return=0.0
global_step=120512, episodic_return=0.0
global_step=120800, episodic_return=0.0
global_step=120832, episodic_return=0.2889999999999999
SPS: 2937
global_step=120892, episodic_return=0.0
global_step=120892, episodic_return=0.0
global_step=121204, episodic_return=0.0
global_step=121236, episodic_return=0.0
global_step=121296, episodic_return=0.0
global_step=121296, episodic_return=0.0
SPS: 2939
global_step=121380, episodic_return=0.82
global_step=121608, episodic_return=0.0
global_step=121640, episodic_return=0.0
global_step=121700, episodic_return=0.0
global_step=121784, episodic_return=0.0
SPS: 2941
global_step=122012, episodic_return=0.0
global_step=122044, episodic_return=0.0
global_step=122104, episodic_return=0.0
global_step=122188, episodic_return=0.0
SPS: 2943
global_step=122416, episodic_return=0.0
global_step=122448, episodic_return=0.0
global_step=122508, episodic_return=0.0
global_step=122592, episodic_return=0.0
global_step=122820, episodic_return=0.0
global_step=122852, episodic_return=0.0
SPS: 2945
global_step=122912, episodic_return=0.0
global_step=122996, episodic_return=0.0
global_step=123004, episodic_return=0.595
global_step=123236, episodic_return=0.487
global_step=123256, episodic_return=0.0
global_step=123280, episodic_return=0.37
global_step=123316, episodic_return=0.0
SPS: 2946
global_step=123640, episodic_return=0.0
global_step=123660, episodic_return=0.0
global_step=123684, episodic_return=0.0
global_step=123720, episodic_return=0.0
global_step=123888, episodic_return=0.631
SPS: 2948
global_step=124044, episodic_return=0.0
global_step=124064, episodic_return=0.0
global_step=124088, episodic_return=0.0
global_step=124292, episodic_return=0.0
SPS: 2950
global_step=124448, episodic_return=0.0
global_step=124468, episodic_return=0.0
global_step=124492, episodic_return=0.0
global_step=124696, episodic_return=0.0
global_step=124852, episodic_return=0.0
global_step=124872, episodic_return=0.0
global_step=124896, episodic_return=0.0
SPS: 2952
global_step=125100, episodic_return=0.0
global_step=125148, episodic_return=0.901
global_step=125256, episodic_return=0.0
global_step=125276, episodic_return=0.0
global_step=125300, episodic_return=0.0
SPS: 2954
global_step=125552, episodic_return=0.0
global_step=125660, episodic_return=0.0
global_step=125680, episodic_return=0.0
global_step=125704, episodic_return=0.0
global_step=125844, episodic_return=0.352
SPS: 2956
global_step=125980, episodic_return=0.2889999999999999
global_step=126048, episodic_return=0.235
global_step=126084, episodic_return=0.0
global_step=126248, episodic_return=0.0
global_step=126308, episodic_return=0.874
global_step=126384, episodic_return=0.0
global_step=126420, episodic_return=0.9279999999999999
global_step=126452, episodic_return=0.0
SPS: 2957
global_step=126488, episodic_return=0.0
global_step=126532, episodic_return=0.91
global_step=126712, episodic_return=0.0
global_step=126824, episodic_return=0.0
global_step=126856, episodic_return=0.0
global_step=126936, episodic_return=0.0
SPS: 2959
global_step=127116, episodic_return=0.0
global_step=127228, episodic_return=0.0
global_step=127260, episodic_return=0.0
global_step=127340, episodic_return=0.0
global_step=127364, episodic_return=0.703
SPS: 2961
global_step=127520, episodic_return=0.0
global_step=127664, episodic_return=0.0
global_step=127728, episodic_return=0.5409999999999999
global_step=127744, episodic_return=0.0
global_step=127768, episodic_return=0.0
global_step=127804, episodic_return=0.838
SPS: 2962
global_step=128068, episodic_return=0.0
global_step=128148, episodic_return=0.0
global_step=128172, episodic_return=0.0
global_step=128208, episodic_return=0.0
global_step=128256, episodic_return=0.82
global_step=128284, episodic_return=0.946
global_step=128472, episodic_return=0.0
SPS: 2964
global_step=128552, episodic_return=0.0
global_step=128612, episodic_return=0.0
global_step=128688, episodic_return=0.0
global_step=128876, episodic_return=0.0
global_step=128956, episodic_return=0.0
global_step=129016, episodic_return=0.0
SPS: 2966
global_step=129092, episodic_return=0.0
global_step=129280, episodic_return=0.0
global_step=129312, episodic_return=0.20799999999999996
global_step=129420, episodic_return=0.0
global_step=129452, episodic_return=0.694
global_step=129496, episodic_return=0.0
SPS: 2967
global_step=129684, episodic_return=0.0
global_step=129780, episodic_return=0.7929999999999999
global_step=129824, episodic_return=0.0
global_step=129856, episodic_return=0.0
global_step=129900, episodic_return=0.0
SPS: 2969
global_step=130184, episodic_return=0.0
global_step=130228, episodic_return=0.0
global_step=130260, episodic_return=0.0
global_step=130304, episodic_return=0.0
SPS: 2971
global_step=130588, episodic_return=0.0
global_step=130632, episodic_return=0.0
global_step=130636, episodic_return=0.901
global_step=130664, episodic_return=0.0
global_step=130708, episodic_return=0.0
global_step=131036, episodic_return=0.0
global_step=131040, episodic_return=0.0
global_step=131068, episodic_return=0.0
SPS: 2972
global_step=131112, episodic_return=0.0
global_step=131440, episodic_return=0.0
global_step=131444, episodic_return=0.0
global_step=131472, episodic_return=0.0
global_step=131516, episodic_return=0.0
SPS: 2974
global_step=131844, episodic_return=0.0
global_step=131848, episodic_return=0.0
global_step=131876, episodic_return=0.0
global_step=131904, episodic_return=0.874
global_step=131920, episodic_return=0.0
SPS: 2976
global_step=132184, episodic_return=0.31599999999999995
global_step=132252, episodic_return=0.0
global_step=132308, episodic_return=0.0
global_step=132324, episodic_return=0.0
global_step=132588, episodic_return=0.0
SPS: 2978
global_step=132656, episodic_return=0.0
global_step=132712, episodic_return=0.0
global_step=132728, episodic_return=0.0
global_step=132992, episodic_return=0.0
global_step=133060, episodic_return=0.0
global_step=133116, episodic_return=0.0
SPS: 2979
global_step=133132, episodic_return=0.0
global_step=133396, episodic_return=0.0
global_step=133464, episodic_return=0.0
global_step=133520, episodic_return=0.0
global_step=133536, episodic_return=0.0
SPS: 2981
global_step=133708, episodic_return=0.586
global_step=133800, episodic_return=0.0
global_step=133868, episodic_return=0.0
global_step=133940, episodic_return=0.0
global_step=134112, episodic_return=0.0
SPS: 2983
global_step=134204, episodic_return=0.0
global_step=134272, episodic_return=0.0
global_step=134344, episodic_return=0.0
global_step=134516, episodic_return=0.0
global_step=134608, episodic_return=0.0
global_step=134644, episodic_return=0.17199999999999993
SPS: 2984
global_step=134748, episodic_return=0.0
global_step=134920, episodic_return=0.0
global_step=135012, episodic_return=0.0
global_step=135048, episodic_return=0.0
global_step=135152, episodic_return=0.0
SPS: 2986
global_step=135324, episodic_return=0.0
global_step=135416, episodic_return=0.0
global_step=135452, episodic_return=0.0
global_step=135556, episodic_return=0.0
global_step=135604, episodic_return=0.901
SPS: 2988
global_step=135728, episodic_return=0.0
global_step=135820, episodic_return=0.0
global_step=135856, episodic_return=0.0
global_step=135868, episodic_return=0.901
global_step=136008, episodic_return=0.0
global_step=136132, episodic_return=0.0
SPS: 2989
global_step=136260, episodic_return=0.0
global_step=136272, episodic_return=0.0
global_step=136412, episodic_return=0.0
global_step=136536, episodic_return=0.0
global_step=136664, episodic_return=0.0
global_step=136676, episodic_return=0.0
SPS: 2991
global_step=136816, episodic_return=0.0
global_step=136852, episodic_return=0.29799999999999993
global_step=137068, episodic_return=0.0
global_step=137080, episodic_return=0.0
global_step=137124, episodic_return=0.91
SPS: 2992
global_step=137220, episodic_return=0.0
global_step=137256, episodic_return=0.0
global_step=137464, episodic_return=0.244
global_step=137472, episodic_return=0.0
global_step=137528, episodic_return=0.3969999999999999
global_step=137624, episodic_return=0.0
global_step=137728, episodic_return=0.43299999999999994
SPS: 2992
global_step=137868, episodic_return=0.0
global_step=137932, episodic_return=0.0
global_step=137968, episodic_return=0.235
global_step=138132, episodic_return=0.0
SPS: 2993
global_step=138272, episodic_return=0.0
global_step=138276, episodic_return=0.685
global_step=138336, episodic_return=0.0
global_step=138372, episodic_return=0.0
global_step=138676, episodic_return=0.0
global_step=138680, episodic_return=0.0
global_step=138740, episodic_return=0.0
SPS: 2995
global_step=138776, episodic_return=0.0
global_step=138808, episodic_return=0.856
global_step=139080, episodic_return=0.0
global_step=139084, episodic_return=0.0
global_step=139180, episodic_return=0.0
global_step=139212, episodic_return=0.0
SPS: 2996
global_step=139340, episodic_return=0.721
global_step=139484, episodic_return=0.0
global_step=139488, episodic_return=0.0
global_step=139584, episodic_return=0.0
global_step=139744, episodic_return=0.0
SPS: 2998
global_step=139800, episodic_return=0.5229999999999999
global_step=139888, episodic_return=0.0
global_step=139892, episodic_return=0.0
global_step=140148, episodic_return=0.0
global_step=140204, episodic_return=0.0
global_step=140212, episodic_return=0.2799999999999999
SPS: 2999
global_step=140296, episodic_return=0.0
global_step=140348, episodic_return=0.685
global_step=140552, episodic_return=0.0
global_step=140616, episodic_return=0.0
global_step=140700, episodic_return=0.0
global_step=140752, episodic_return=0.0
SPS: 3000
global_step=140956, episodic_return=0.0
global_step=141020, episodic_return=0.0
global_step=141104, episodic_return=0.0
global_step=141156, episodic_return=0.0
SPS: 3001
global_step=141360, episodic_return=0.0
global_step=141424, episodic_return=0.0
global_step=141508, episodic_return=0.0
global_step=141560, episodic_return=0.0
global_step=141764, episodic_return=0.0
SPS: 3003
global_step=141828, episodic_return=0.0
global_step=141912, episodic_return=0.0
global_step=141964, episodic_return=0.0
global_step=142168, episodic_return=0.0
global_step=142232, episodic_return=0.0
global_step=142316, episodic_return=0.0
SPS: 3004
global_step=142368, episodic_return=0.0
global_step=142536, episodic_return=0.514
global_step=142572, episodic_return=0.0
global_step=142636, episodic_return=0.0
global_step=142672, episodic_return=0.32499999999999996
SPS: 3006
global_step=142940, episodic_return=0.0
global_step=142976, episodic_return=0.0
global_step=143040, episodic_return=0.0
global_step=143076, episodic_return=0.0
global_step=143344, episodic_return=0.0
SPS: 3007
global_step=143380, episodic_return=0.0
global_step=143444, episodic_return=0.0
global_step=143480, episodic_return=0.0
global_step=143748, episodic_return=0.0
global_step=143784, episodic_return=0.0
global_step=143848, episodic_return=0.0
SPS: 3008
global_step=143884, episodic_return=0.0
global_step=144152, episodic_return=0.0
global_step=144188, episodic_return=0.0
global_step=144252, episodic_return=0.0
global_step=144288, episodic_return=0.703
global_step=144288, episodic_return=0.0
SPS: 3010
global_step=144592, episodic_return=0.0
global_step=144656, episodic_return=0.0
global_step=144692, episodic_return=0.0
global_step=144692, episodic_return=0.0
SPS: 3011
global_step=144996, episodic_return=0.0
global_step=145060, episodic_return=0.0
global_step=145096, episodic_return=0.0
global_step=145096, episodic_return=0.0
global_step=145144, episodic_return=0.82
global_step=145400, episodic_return=0.0
SPS: 3013
global_step=145500, episodic_return=0.0
global_step=145500, episodic_return=0.0
global_step=145548, episodic_return=0.0
global_step=145600, episodic_return=0.784
global_step=145652, episodic_return=0.44199999999999995
global_step=145880, episodic_return=0.15400000000000003
SPS: 3014
global_step=145952, episodic_return=0.0
global_step=146004, episodic_return=0.0
global_step=146056, episodic_return=0.0
global_step=146140, episodic_return=0.703
global_step=146284, episodic_return=0.0
global_step=146356, episodic_return=0.0
SPS: 3015
global_step=146460, episodic_return=0.613
global_step=146460, episodic_return=0.0
global_step=146544, episodic_return=0.0
global_step=146760, episodic_return=0.0
global_step=146828, episodic_return=0.856
global_step=146864, episodic_return=0.0
global_step=146864, episodic_return=0.0
SPS: 3017
global_step=146948, episodic_return=0.0
global_step=147232, episodic_return=0.0
global_step=147268, episodic_return=0.0
global_step=147268, episodic_return=0.0
global_step=147352, episodic_return=0.0
SPS: 3018
global_step=147636, episodic_return=0.0
global_step=147672, episodic_return=0.0
global_step=147672, episodic_return=0.0
global_step=147676, episodic_return=0.2799999999999999
global_step=147704, episodic_return=0.9369999999999999
SPS: 3020
global_step=148040, episodic_return=0.0
global_step=148076, episodic_return=0.0
global_step=148080, episodic_return=0.0
global_step=148108, episodic_return=0.0
global_step=148264, episodic_return=0.6579999999999999
global_step=148444, episodic_return=0.0
global_step=148480, episodic_return=0.0
SPS: 3021
global_step=148484, episodic_return=0.0
global_step=148540, episodic_return=0.7929999999999999
global_step=148668, episodic_return=0.0
global_step=148852, episodic_return=0.30699999999999994
global_step=148884, episodic_return=0.0
global_step=148888, episodic_return=0.0
SPS: 3022
global_step=149072, episodic_return=0.0
global_step=149256, episodic_return=0.0
global_step=149288, episodic_return=0.0
global_step=149292, episodic_return=0.0
global_step=149476, episodic_return=0.0
SPS: 3023
global_step=149592, episodic_return=0.33399999999999996
global_step=149660, episodic_return=0.0
global_step=149692, episodic_return=0.0
global_step=149880, episodic_return=0.0
global_step=149996, episodic_return=0.0
SPS: 3025
global_step=150064, episodic_return=0.0
global_step=150096, episodic_return=0.0
global_step=150284, episodic_return=0.0
global_step=150400, episodic_return=0.0
global_step=150464, episodic_return=0.18099999999999994
global_step=150468, episodic_return=0.0
SPS: 3026
global_step=150688, episodic_return=0.0
global_step=150804, episodic_return=0.0
global_step=150868, episodic_return=0.0
global_step=150872, episodic_return=0.0
SPS: 3028
global_step=151092, episodic_return=0.0
global_step=151100, episodic_return=0.4959999999999999
global_step=151208, episodic_return=0.0
global_step=151272, episodic_return=0.0
global_step=151496, episodic_return=0.0
global_step=151504, episodic_return=0.0
SPS: 3029
global_step=151612, episodic_return=0.0
global_step=151676, episodic_return=0.0
global_step=151900, episodic_return=0.0
global_step=151908, episodic_return=0.0
global_step=152016, episodic_return=0.0
SPS: 3030
global_step=152080, episodic_return=0.0
global_step=152172, episodic_return=0.802
global_step=152304, episodic_return=0.0
global_step=152312, episodic_return=0.0
global_step=152420, episodic_return=0.0
global_step=152576, episodic_return=0.0
SPS: 3032
global_step=152708, episodic_return=0.0
global_step=152716, episodic_return=0.0
global_step=152800, episodic_return=0.82
global_step=152824, episodic_return=0.0
global_step=152980, episodic_return=0.0
global_step=153016, episodic_return=0.577
SPS: 3033
global_step=153112, episodic_return=0.0
global_step=153140, episodic_return=0.649
global_step=153204, episodic_return=0.0
global_step=153420, episodic_return=0.0
global_step=153516, episodic_return=0.0
global_step=153544, episodic_return=0.0
SPS: 3034
global_step=153608, episodic_return=0.0
global_step=153632, episodic_return=0.748
global_step=153824, episodic_return=0.0
global_step=153948, episodic_return=0.0
global_step=154012, episodic_return=0.0
global_step=154036, episodic_return=0.0
global_step=154076, episodic_return=0.44199999999999995
SPS: 3035
global_step=154352, episodic_return=0.0
global_step=154416, episodic_return=0.0
global_step=154440, episodic_return=0.0
global_step=154480, episodic_return=0.0
SPS: 3034
global_step=154632, episodic_return=0.379
global_step=154760, episodic_return=0.235
global_step=154844, episodic_return=0.0
global_step=154884, episodic_return=0.0
global_step=154920, episodic_return=0.9279999999999999
global_step=155036, episodic_return=0.0
SPS: 3035
global_step=155164, episodic_return=0.0
global_step=155248, episodic_return=0.0
global_step=155324, episodic_return=0.0
global_step=155412, episodic_return=0.45099999999999996
global_step=155424, episodic_return=0.613
global_step=155440, episodic_return=0.0
SPS: 3036
global_step=155728, episodic_return=0.0
global_step=155812, episodic_return=0.10899999999999999
global_step=155828, episodic_return=0.0
global_step=155844, episodic_return=0.0
global_step=156132, episodic_return=0.0
SPS: 3038
global_step=156216, episodic_return=0.0
global_step=156232, episodic_return=0.0
global_step=156248, episodic_return=0.0
global_step=156536, episodic_return=0.0
global_step=156620, episodic_return=0.0
global_step=156636, episodic_return=0.0
global_step=156652, episodic_return=0.0
SPS: 3039
global_step=156784, episodic_return=0.712
global_step=156940, episodic_return=0.0
global_step=157024, episodic_return=0.0
global_step=157040, episodic_return=0.0
global_step=157160, episodic_return=0.514
SPS: 3040
global_step=157188, episodic_return=0.0
global_step=157428, episodic_return=0.0
global_step=157444, episodic_return=0.0
global_step=157504, episodic_return=0.838
global_step=157564, episodic_return=0.0
global_step=157592, episodic_return=0.0
SPS: 3041
global_step=157712, episodic_return=0.4059999999999999
global_step=157908, episodic_return=0.0
global_step=157968, episodic_return=0.0
global_step=157988, episodic_return=0.964
global_step=157996, episodic_return=0.0
global_step=158108, episodic_return=0.757
global_step=158116, episodic_return=0.0
SPS: 3042
global_step=158312, episodic_return=0.0
global_step=158392, episodic_return=0.0
global_step=158512, episodic_return=0.0
global_step=158520, episodic_return=0.0
global_step=158716, episodic_return=0.0
SPS: 3043
global_step=158796, episodic_return=0.0
global_step=158860, episodic_return=0.244
global_step=158916, episodic_return=0.0
global_step=158924, episodic_return=0.991
global_step=159116, episodic_return=0.43299999999999994
global_step=159120, episodic_return=0.0
global_step=159164, episodic_return=0.18099999999999994
global_step=159208, episodic_return=0.8109999999999999
SPS: 3044
global_step=159328, episodic_return=0.0
global_step=159520, episodic_return=0.0
global_step=159568, episodic_return=0.0
global_step=159612, episodic_return=0.0
global_step=159732, episodic_return=0.0
SPS: 3045
global_step=159780, episodic_return=0.42399999999999993
global_step=159972, episodic_return=0.0
global_step=160000, episodic_return=0.946
global_step=160016, episodic_return=0.0
global_step=160136, episodic_return=0.0
global_step=160184, episodic_return=0.0
SPS: 3047
global_step=160404, episodic_return=0.0
global_step=160420, episodic_return=0.0
global_step=160540, episodic_return=0.0
global_step=160588, episodic_return=0.0
SPS: 3048
global_step=160808, episodic_return=0.0
global_step=160824, episodic_return=0.0
global_step=160868, episodic_return=0.874
global_step=160936, episodic_return=0.757
global_step=160944, episodic_return=0.0
global_step=160992, episodic_return=0.0
global_step=161272, episodic_return=0.0
global_step=161272, episodic_return=0.379
SPS: 3048
global_step=161340, episodic_return=0.0
global_step=161348, episodic_return=0.0
global_step=161676, episodic_return=0.0
global_step=161676, episodic_return=0.0
global_step=161744, episodic_return=0.0
global_step=161752, episodic_return=0.0
global_step=161780, episodic_return=0.775
SPS: 3049
global_step=162080, episodic_return=0.0
global_step=162148, episodic_return=0.0
global_step=162156, episodic_return=0.0
global_step=162184, episodic_return=0.0
SPS: 3051
global_step=162484, episodic_return=0.0
global_step=162500, episodic_return=0.29799999999999993
global_step=162552, episodic_return=0.0
global_step=162560, episodic_return=0.0
SPS: 3052
global_step=162888, episodic_return=0.0
global_step=162904, episodic_return=0.0
global_step=162956, episodic_return=0.0
global_step=162964, episodic_return=0.0
global_step=162984, episodic_return=0.946
global_step=163292, episodic_return=0.0
global_step=163308, episodic_return=0.0
SPS: 3053
global_step=163368, episodic_return=0.0
global_step=163388, episodic_return=0.0
global_step=163408, episodic_return=0.919
global_step=163472, episodic_return=0.82
global_step=163696, episodic_return=0.0
global_step=163712, episodic_return=0.0
global_step=163812, episodic_return=0.0
SPS: 3054
global_step=163876, episodic_return=0.0
global_step=164100, episodic_return=0.0
global_step=164116, episodic_return=0.0
global_step=164216, episodic_return=0.0
global_step=164280, episodic_return=0.0
SPS: 3055
global_step=164388, episodic_return=0.622
global_step=164504, episodic_return=0.0
global_step=164520, episodic_return=0.0
global_step=164684, episodic_return=0.0
global_step=164792, episodic_return=0.0
SPS: 3057
global_step=164908, episodic_return=0.0
global_step=164924, episodic_return=0.0
global_step=165088, episodic_return=0.0
global_step=165196, episodic_return=0.0
global_step=165312, episodic_return=0.0
global_step=165328, episodic_return=0.0
SPS: 3058
global_step=165492, episodic_return=0.0
global_step=165600, episodic_return=0.0
global_step=165712, episodic_return=0.14500000000000002
global_step=165716, episodic_return=0.0
SPS: 3059
global_step=165896, episodic_return=0.0
global_step=166004, episodic_return=0.0
global_step=166116, episodic_return=0.0
global_step=166120, episodic_return=0.0
global_step=166280, episodic_return=0.14500000000000002
global_step=166360, episodic_return=0.829
SPS: 3060
global_step=166408, episodic_return=0.0
global_step=166416, episodic_return=0.33399999999999996
global_step=166524, episodic_return=0.0
global_step=166640, episodic_return=0.748
global_step=166764, episodic_return=0.0
global_step=166812, episodic_return=0.0
global_step=166820, episodic_return=0.0
SPS: 3061
global_step=167044, episodic_return=0.0
global_step=167168, episodic_return=0.0
global_step=167216, episodic_return=0.0
global_step=167224, episodic_return=0.0
SPS: 3063
global_step=167448, episodic_return=0.0
global_step=167572, episodic_return=0.0
global_step=167620, episodic_return=0.0
global_step=167628, episodic_return=0.0
global_step=167852, episodic_return=0.0
SPS: 3064
global_step=167976, episodic_return=0.0
global_step=168024, episodic_return=0.0
global_step=168032, episodic_return=0.0
global_step=168228, episodic_return=0.55
global_step=168256, episodic_return=0.0
global_step=168380, episodic_return=0.0
global_step=168436, episodic_return=0.0
SPS: 3065
global_step=168632, episodic_return=0.0
global_step=168660, episodic_return=0.0
global_step=168784, episodic_return=0.0
global_step=168840, episodic_return=0.0
SPS: 3066
global_step=169016, episodic_return=0.613
global_step=169036, episodic_return=0.0
global_step=169064, episodic_return=0.0
global_step=169116, episodic_return=0.784
global_step=169184, episodic_return=0.739
global_step=169188, episodic_return=0.0
global_step=169440, episodic_return=0.0
SPS: 3067
global_step=169520, episodic_return=0.0
global_step=169588, episodic_return=0.0
global_step=169592, episodic_return=0.0
global_step=169844, episodic_return=0.0
global_step=169924, episodic_return=0.0
SPS: 3068
global_step=169992, episodic_return=0.0
global_step=169996, episodic_return=0.0
global_step=170152, episodic_return=0.649
global_step=170248, episodic_return=0.0
global_step=170328, episodic_return=0.0
global_step=170400, episodic_return=0.0
SPS: 3069
global_step=170556, episodic_return=0.0
global_step=170652, episodic_return=0.0
global_step=170732, episodic_return=0.0
global_step=170732, episodic_return=0.829
global_step=170804, episodic_return=0.0
global_step=170872, episodic_return=0.694
global_step=170960, episodic_return=0.0
SPS: 3070
global_step=171136, episodic_return=0.0
global_step=171208, episodic_return=0.0
global_step=171276, episodic_return=0.0
global_step=171364, episodic_return=0.0
SPS: 3070
global_step=171540, episodic_return=0.0
global_step=171612, episodic_return=0.0
global_step=171680, episodic_return=0.0
global_step=171768, episodic_return=0.0
global_step=171944, episodic_return=0.0
global_step=172016, episodic_return=0.0
SPS: 3070
global_step=172084, episodic_return=0.0
global_step=172172, episodic_return=0.0
global_step=172348, episodic_return=0.0
global_step=172396, episodic_return=0.30699999999999994
global_step=172420, episodic_return=0.0
SPS: 3072
global_step=172576, episodic_return=0.0
global_step=172672, episodic_return=0.3879999999999999
global_step=172752, episodic_return=0.0
global_step=172824, episodic_return=0.0
global_step=172980, episodic_return=0.0
SPS: 3073
global_step=173076, episodic_return=0.0
global_step=173156, episodic_return=0.0
global_step=173228, episodic_return=0.0
global_step=173384, episodic_return=0.4959999999999999
global_step=173384, episodic_return=0.0
global_step=173460, episodic_return=0.838
global_step=173480, episodic_return=0.0
SPS: 3074
global_step=173632, episodic_return=0.0
global_step=173788, episodic_return=0.0
global_step=173864, episodic_return=0.0
global_step=173884, episodic_return=0.0
global_step=174036, episodic_return=0.0
SPS: 3076
global_step=174192, episodic_return=0.31599999999999995
global_step=174192, episodic_return=0.0
global_step=174268, episodic_return=0.0
global_step=174316, episodic_return=0.901
global_step=174436, episodic_return=0.45999999999999996
global_step=174440, episodic_return=0.0
global_step=174512, episodic_return=0.838
SPS: 3077
global_step=174596, episodic_return=0.0
global_step=174720, episodic_return=0.0
global_step=174844, episodic_return=0.0
global_step=174916, episodic_return=0.0
global_step=175000, episodic_return=0.0
SPS: 3078
global_step=175124, episodic_return=0.0
global_step=175248, episodic_return=0.0
global_step=175320, episodic_return=0.0
global_step=175404, episodic_return=0.0
global_step=175412, episodic_return=0.6399999999999999
global_step=175528, episodic_return=0.0
SPS: 3079
global_step=175724, episodic_return=0.0
global_step=175808, episodic_return=0.0
global_step=175816, episodic_return=0.0
global_step=175932, episodic_return=0.0
global_step=175952, episodic_return=0.964
global_step=176012, episodic_return=0.874
global_step=176128, episodic_return=0.0
SPS: 3079
global_step=176212, episodic_return=0.0
global_step=176220, episodic_return=0.0
global_step=176300, episodic_return=0.361
global_step=176532, episodic_return=0.0
global_step=176616, episodic_return=0.0
global_step=176624, episodic_return=0.0
SPS: 3081
global_step=176704, episodic_return=0.0
global_step=176936, episodic_return=0.0
global_step=177020, episodic_return=0.0
global_step=177028, episodic_return=0.0
global_step=177108, episodic_return=0.0
SPS: 3082
global_step=177340, episodic_return=0.0
global_step=177392, episodic_return=0.18999999999999995
global_step=177424, episodic_return=0.0
global_step=177512, episodic_return=0.0
SPS: 3083
global_step=177744, episodic_return=0.0
global_step=177796, episodic_return=0.0
global_step=177828, episodic_return=0.0
global_step=177832, episodic_return=0.8109999999999999
global_step=177916, episodic_return=0.0
SPS: 3084
global_step=178200, episodic_return=0.0
global_step=178232, episodic_return=0.0
global_step=178236, episodic_return=0.0
global_step=178320, episodic_return=0.0
global_step=178336, episodic_return=0.973
global_step=178524, episodic_return=0.361
global_step=178604, episodic_return=0.0
global_step=178636, episodic_return=0.0
SPS: 3085
global_step=178740, episodic_return=0.0
global_step=178796, episodic_return=0.883
global_step=178928, episodic_return=0.0
global_step=179008, episodic_return=0.0
global_step=179040, episodic_return=0.0
global_step=179200, episodic_return=0.0
SPS: 3086
global_step=179332, episodic_return=0.0
global_step=179412, episodic_return=0.0
global_step=179444, episodic_return=0.0
global_step=179484, episodic_return=0.37
global_step=179584, episodic_return=0.44199999999999995
global_step=179596, episodic_return=0.667
SPS: 3087
global_step=179816, episodic_return=0.0
global_step=179888, episodic_return=0.0
global_step=179988, episodic_return=0.0
global_step=180000, episodic_return=0.0
global_step=180220, episodic_return=0.0
SPS: 3088
global_step=180232, episodic_return=0.982
global_step=180292, episodic_return=0.0
global_step=180392, episodic_return=0.0
global_step=180404, episodic_return=0.0
global_step=180444, episodic_return=0.892
global_step=180636, episodic_return=0.0
global_step=180696, episodic_return=0.0
SPS: 3089
global_step=180756, episodic_return=0.874
global_step=180808, episodic_return=0.0
global_step=180844, episodic_return=0.9279999999999999
global_step=180848, episodic_return=0.0
global_step=180916, episodic_return=0.379
global_step=181160, episodic_return=0.0
global_step=181248, episodic_return=0.0
SPS: 3090
global_step=181252, episodic_return=0.0
global_step=181280, episodic_return=0.946
global_step=181320, episodic_return=0.0
global_step=181564, episodic_return=0.0
global_step=181652, episodic_return=0.0
global_step=181684, episodic_return=0.0
global_step=181724, episodic_return=0.0
SPS: 3090
global_step=181768, episodic_return=0.55
global_step=181832, episodic_return=0.865
global_step=181952, episodic_return=0.33399999999999996
global_step=182088, episodic_return=0.0
global_step=182128, episodic_return=0.0
global_step=182236, episodic_return=0.0
SPS: 3091
global_step=182356, episodic_return=0.0
global_step=182492, episodic_return=0.0
global_step=182532, episodic_return=0.0
global_step=182544, episodic_return=0.982
global_step=182580, episodic_return=0.8109999999999999
global_step=182640, episodic_return=0.0
global_step=182760, episodic_return=0.0
SPS: 3092
global_step=182816, episodic_return=0.883
global_step=182864, episodic_return=0.37
global_step=182948, episodic_return=0.0
global_step=183044, episodic_return=0.0
global_step=183220, episodic_return=0.0
global_step=183268, episodic_return=0.0
SPS: 3092
global_step=183352, episodic_return=0.0
global_step=183388, episodic_return=0.739
global_step=183448, episodic_return=0.0
global_step=183476, episodic_return=0.43299999999999994
global_step=183560, episodic_return=0.757
global_step=183756, episodic_return=0.0
global_step=183792, episodic_return=0.0
SPS: 3093
global_step=183880, episodic_return=0.0
global_step=183964, episodic_return=0.0
global_step=184160, episodic_return=0.0
global_step=184196, episodic_return=0.0
global_step=184244, episodic_return=0.82
global_step=184248, episodic_return=0.892
global_step=184284, episodic_return=0.0
SPS: 3094
global_step=184368, episodic_return=0.0
global_step=184648, episodic_return=0.0
global_step=184652, episodic_return=0.0
global_step=184688, episodic_return=0.0
global_step=184724, episodic_return=0.20799999999999996
global_step=184784, episodic_return=0.703
SPS: 3095
global_step=184884, episodic_return=0.784
global_step=185056, episodic_return=0.0
global_step=185092, episodic_return=0.0
global_step=185128, episodic_return=0.0
global_step=185288, episodic_return=0.0
SPS: 3096
global_step=185460, episodic_return=0.0
global_step=185496, episodic_return=0.0
global_step=185508, episodic_return=0.15400000000000003
global_step=185692, episodic_return=0.0
global_step=185760, episodic_return=0.856
SPS: 3097
global_step=185860, episodic_return=0.18999999999999995
global_step=185864, episodic_return=0.0
global_step=185912, episodic_return=0.0
global_step=186160, episodic_return=0.34299999999999997
global_step=186164, episodic_return=0.0
global_step=186264, episodic_return=0.0
global_step=186316, episodic_return=0.0
SPS: 3097
global_step=186564, episodic_return=0.0
global_step=186568, episodic_return=0.0
global_step=186668, episodic_return=0.0
global_step=186720, episodic_return=0.0
global_step=186792, episodic_return=0.5049999999999999
global_step=186860, episodic_return=0.856
SPS: 3098
global_step=186968, episodic_return=0.0
global_step=187072, episodic_return=0.0
global_step=187124, episodic_return=0.0
global_step=187264, episodic_return=0.0
global_step=187316, episodic_return=0.45999999999999996
global_step=187372, episodic_return=0.0
SPS: 3099
global_step=187512, episodic_return=0.5680000000000001
global_step=187528, episodic_return=0.0
global_step=187668, episodic_return=0.0
global_step=187776, episodic_return=0.0
global_step=187864, episodic_return=0.5680000000000001
SPS: 3100
global_step=187916, episodic_return=0.0
global_step=187932, episodic_return=0.0
global_step=188180, episodic_return=0.0
global_step=188268, episodic_return=0.0
global_step=188320, episodic_return=0.0
global_step=188336, episodic_return=0.0
global_step=188400, episodic_return=0.514
SPS: 3101
global_step=188488, episodic_return=0.631
global_step=188620, episodic_return=0.21699999999999997
global_step=188648, episodic_return=0.946
global_step=188660, episodic_return=0.2799999999999999
global_step=188804, episodic_return=0.0
global_step=188892, episodic_return=0.0
global_step=188896, episodic_return=0.45099999999999996
SPS: 3102
global_step=189064, episodic_return=0.0
global_step=189208, episodic_return=0.0
global_step=189296, episodic_return=0.0
global_step=189300, episodic_return=0.0
global_step=189344, episodic_return=0.379
SPS: 3101
global_step=189612, episodic_return=0.0
global_step=189624, episodic_return=0.2799999999999999
global_step=189700, episodic_return=0.0
global_step=189748, episodic_return=0.0
SPS: 3102
global_step=190016, episodic_return=0.0
global_step=190028, episodic_return=0.0
global_step=190104, episodic_return=0.0
global_step=190152, episodic_return=0.0
global_step=190196, episodic_return=0.91
global_step=190420, episodic_return=0.0
global_step=190432, episodic_return=0.0
SPS: 3103
global_step=190508, episodic_return=0.0
global_step=190512, episodic_return=0.802
global_step=190600, episodic_return=0.0
global_step=190740, episodic_return=0.31599999999999995
global_step=190912, episodic_return=0.0
global_step=190916, episodic_return=0.0
SPS: 3104
global_step=191000, episodic_return=0.82
global_step=191004, episodic_return=0.0
global_step=191060, episodic_return=0.2889999999999999
global_step=191316, episodic_return=0.0
global_step=191404, episodic_return=0.0
global_step=191408, episodic_return=0.0
global_step=191464, episodic_return=0.0
SPS: 3105
global_step=191720, episodic_return=0.29799999999999993
global_step=191720, episodic_return=0.0
global_step=191812, episodic_return=0.0
global_step=191844, episodic_return=0.73
global_step=191860, episodic_return=0.973
global_step=191868, episodic_return=0.0
SPS: 3106
global_step=192124, episodic_return=0.0
global_step=192216, episodic_return=0.0
global_step=192264, episodic_return=0.0
global_step=192272, episodic_return=0.0
global_step=192368, episodic_return=0.775
SPS: 3107
global_step=192528, episodic_return=0.0
global_step=192620, episodic_return=0.0
global_step=192676, episodic_return=0.0
global_step=192680, episodic_return=0.667
global_step=192728, episodic_return=0.892
global_step=192772, episodic_return=0.0
global_step=192924, episodic_return=0.667
global_step=193024, episodic_return=0.0
SPS: 3108
global_step=193084, episodic_return=0.0
global_step=193132, episodic_return=0.0
global_step=193296, episodic_return=0.3969999999999999
global_step=193328, episodic_return=0.0
global_step=193364, episodic_return=0.856
global_step=193488, episodic_return=0.0
global_step=193496, episodic_return=0.18999999999999995
global_step=193504, episodic_return=0.613
SPS: 3108
global_step=193544, episodic_return=0.901
global_step=193680, episodic_return=0.577
global_step=193692, episodic_return=0.6759999999999999
global_step=193768, episodic_return=0.0
global_step=193888, episodic_return=0.739
global_step=193896, episodic_return=0.991
global_step=193908, episodic_return=0.0
global_step=193932, episodic_return=0.469
SPS: 3109
global_step=194084, episodic_return=0.0
global_step=194200, episodic_return=0.4059999999999999
global_step=194296, episodic_return=0.7929999999999999
global_step=194300, episodic_return=0.0
global_step=194312, episodic_return=0.0
global_step=194360, episodic_return=0.901
global_step=194488, episodic_return=0.0
SPS: 3110
global_step=194700, episodic_return=0.0
global_step=194700, episodic_return=0.244
global_step=194704, episodic_return=0.0
global_step=194756, episodic_return=0.883
global_step=194768, episodic_return=0.856
global_step=194868, episodic_return=0.6399999999999999
global_step=194892, episodic_return=0.0
global_step=194960, episodic_return=0.802
global_step=194964, episodic_return=0.5409999999999999
SPS: 3110
global_step=195132, episodic_return=0.631
global_step=195172, episodic_return=0.0
global_step=195296, episodic_return=0.0
global_step=195364, episodic_return=0.0
global_step=195536, episodic_return=0.0
global_step=195576, episodic_return=0.0
SPS: 3111
global_step=195700, episodic_return=0.0
global_step=195768, episodic_return=0.0
global_step=195940, episodic_return=0.0
global_step=195980, episodic_return=0.0
SPS: 3112
global_step=196104, episodic_return=0.0
global_step=196172, episodic_return=0.0
global_step=196344, episodic_return=0.0
global_step=196384, episodic_return=0.0
global_step=196508, episodic_return=0.0
global_step=196516, episodic_return=0.235
SPS: 3113
global_step=196708, episodic_return=0.18999999999999995
global_step=196788, episodic_return=0.09999999999999998
global_step=196912, episodic_return=0.0
global_step=196920, episodic_return=0.0
global_step=197108, episodic_return=0.2889999999999999
global_step=197112, episodic_return=0.0
SPS: 3114
global_step=197316, episodic_return=0.0
global_step=197324, episodic_return=0.0
global_step=197440, episodic_return=0.262
global_step=197516, episodic_return=0.0
SPS: 3115
global_step=197640, episodic_return=0.73
global_step=197720, episodic_return=0.0
global_step=197728, episodic_return=0.0
global_step=197844, episodic_return=0.0
global_step=197876, episodic_return=0.6579999999999999
global_step=198044, episodic_return=0.0
global_step=198132, episodic_return=0.0
global_step=198136, episodic_return=0.352
SPS: 3115
global_step=198280, episodic_return=0.0
global_step=198448, episodic_return=0.0
global_step=198536, episodic_return=0.0
global_step=198540, episodic_return=0.0
global_step=198624, episodic_return=0.82
SPS: 3116
global_step=198684, episodic_return=0.0
global_step=198772, episodic_return=0.6759999999999999
global_step=198804, episodic_return=0.20799999999999996
global_step=198808, episodic_return=0.9279999999999999
global_step=198940, episodic_return=0.0
global_step=198964, episodic_return=0.955
global_step=199088, episodic_return=0.0
SPS: 3117
global_step=199208, episodic_return=0.0
global_step=199212, episodic_return=0.0
global_step=199368, episodic_return=0.0
global_step=199380, episodic_return=0.352
global_step=199436, episodic_return=0.5049999999999999
global_step=199612, episodic_return=0.0
SPS: 3118
global_step=199704, episodic_return=0.2799999999999999
global_step=199772, episodic_return=0.0
global_step=199796, episodic_return=0.19899999999999995
global_step=199848, episodic_return=0.892
global_step=199884, episodic_return=0.3969999999999999
global_step=199904, episodic_return=0.964
global_step=199904, episodic_return=0.712
global_step=200004, episodic_return=0.784
global_step=200048, episodic_return=0.685
global_step=200108, episodic_return=0.0
global_step=200188, episodic_return=0.694
SPS: 3118
global_step=200252, episodic_return=0.0
global_step=200380, episodic_return=0.721
global_step=200408, episodic_return=0.0
global_step=200512, episodic_return=0.0
global_step=200592, episodic_return=0.0
global_step=200612, episodic_return=0.784
SPS: 3119
global_step=200784, episodic_return=0.0
global_step=200812, episodic_return=0.0
global_step=200996, episodic_return=0.0
global_step=201016, episodic_return=0.0
global_step=201148, episodic_return=0.667
global_step=201188, episodic_return=0.0
global_step=201212, episodic_return=0.865
global_step=201216, episodic_return=0.0
SPS: 3120
global_step=201284, episodic_return=0.847
global_step=201420, episodic_return=0.0
global_step=201592, episodic_return=0.0
global_step=201620, episodic_return=0.0
global_step=201632, episodic_return=0.22599999999999998
SPS: 3121
global_step=201824, episodic_return=0.0
global_step=201900, episodic_return=0.838
global_step=201996, episodic_return=0.0
global_step=202024, episodic_return=0.0
global_step=202036, episodic_return=0.0
SPS: 3121
global_step=202304, episodic_return=0.0
global_step=202400, episodic_return=0.0
global_step=202428, episodic_return=0.0
global_step=202440, episodic_return=0.0
global_step=202516, episodic_return=0.8109999999999999
global_step=202676, episodic_return=0.649
global_step=202708, episodic_return=0.0
SPS: 3122
global_step=202804, episodic_return=0.0
global_step=202844, episodic_return=0.0
global_step=202956, episodic_return=0.667
global_step=203080, episodic_return=0.0
global_step=203112, episodic_return=0.0
global_step=203188, episodic_return=0.766
global_step=203248, episodic_return=0.0
SPS: 3123
global_step=203360, episodic_return=0.0
global_step=203516, episodic_return=0.0
global_step=203532, episodic_return=0.973
global_step=203588, episodic_return=0.244
global_step=203592, episodic_return=0.0
global_step=203764, episodic_return=0.0
SPS: 3123
global_step=203852, episodic_return=0.4149999999999999
global_step=203936, episodic_return=0.0
global_step=203996, episodic_return=0.0
global_step=204168, episodic_return=0.0
global_step=204256, episodic_return=0.0
SPS: 3124
global_step=204340, episodic_return=0.0
global_step=204368, episodic_return=0.757
global_step=204400, episodic_return=0.0
global_step=204572, episodic_return=0.0
global_step=204744, episodic_return=0.0
global_step=204772, episodic_return=0.0
SPS: 3125
global_step=204804, episodic_return=0.0
global_step=204944, episodic_return=0.694
global_step=204976, episodic_return=0.0
global_step=205148, episodic_return=0.0
global_step=205176, episodic_return=0.0
global_step=205192, episodic_return=0.5229999999999999
global_step=205304, episodic_return=0.19899999999999995
SPS: 3126
global_step=205408, episodic_return=0.5229999999999999
global_step=205552, episodic_return=0.0
global_step=205580, episodic_return=0.946
global_step=205580, episodic_return=0.0
global_step=205708, episodic_return=0.0
global_step=205812, episodic_return=0.0
SPS: 3126
global_step=205984, episodic_return=0.0
global_step=205984, episodic_return=0.0
global_step=206112, episodic_return=0.0
global_step=206216, episodic_return=0.0
global_step=206252, episodic_return=0.694
SPS: 3127
global_step=206388, episodic_return=0.0
global_step=206388, episodic_return=0.0
global_step=206612, episodic_return=0.5049999999999999
global_step=206620, episodic_return=0.0
global_step=206656, episodic_return=0.0
global_step=206792, episodic_return=0.0
SPS: 3126
global_step=207016, episodic_return=0.0
global_step=207024, episodic_return=0.0
global_step=207060, episodic_return=0.0
global_step=207160, episodic_return=0.703
global_step=207196, episodic_return=0.0
SPS: 3127
global_step=207420, episodic_return=0.0
global_step=207464, episodic_return=0.0
global_step=207564, episodic_return=0.0
global_step=207600, episodic_return=0.0
global_step=207608, episodic_return=0.685
global_step=207628, episodic_return=0.5409999999999999
global_step=207708, episodic_return=0.784
global_step=207824, episodic_return=0.5680000000000001
SPS: 3128
global_step=207968, episodic_return=0.0
global_step=207976, episodic_return=0.4059999999999999
global_step=207992, episodic_return=0.973
global_step=208004, episodic_return=0.0
global_step=208132, episodic_return=0.694
global_step=208228, episodic_return=0.0
global_step=208264, episodic_return=0.42399999999999993
global_step=208292, episodic_return=0.865
global_step=208372, episodic_return=0.0
SPS: 3128
global_step=208428, episodic_return=0.703
global_step=208536, episodic_return=0.0
global_step=208668, episodic_return=0.0
global_step=208776, episodic_return=0.0
global_step=208788, episodic_return=0.982
global_step=208832, episodic_return=0.0
SPS: 3129
global_step=208940, episodic_return=0.0
global_step=208972, episodic_return=0.9369999999999999
global_step=209072, episodic_return=0.0
global_step=209192, episodic_return=0.0
global_step=209236, episodic_return=0.0
global_step=209376, episodic_return=0.0
SPS: 3130
global_step=209436, episodic_return=0.45999999999999996
global_step=209476, episodic_return=0.0
global_step=209640, episodic_return=0.0
global_step=209780, episodic_return=0.0
global_step=209840, episodic_return=0.0
global_step=209880, episodic_return=0.0
SPS: 3131
global_step=210044, episodic_return=0.0
global_step=210084, episodic_return=0.45999999999999996
global_step=210112, episodic_return=0.946
global_step=210184, episodic_return=0.0
global_step=210220, episodic_return=0.9279999999999999
global_step=210284, episodic_return=0.0
SPS: 3131
global_step=210448, episodic_return=0.0
global_step=210516, episodic_return=0.0
global_step=210624, episodic_return=0.0
global_step=210688, episodic_return=0.0
global_step=210692, episodic_return=0.613
global_step=210796, episodic_return=0.775
global_step=210852, episodic_return=0.0
SPS: 3132
global_step=211028, episodic_return=0.0
global_step=211092, episodic_return=0.0
global_step=211200, episodic_return=0.0
global_step=211208, episodic_return=0.604
global_step=211224, episodic_return=0.955
global_step=211256, episodic_return=0.0
global_step=211364, episodic_return=0.766
global_step=211376, episodic_return=0.667
SPS: 3133
global_step=211496, episodic_return=0.0
global_step=211612, episodic_return=0.09999999999999998
global_step=211648, episodic_return=0.37
global_step=211780, episodic_return=0.0
global_step=211900, episodic_return=0.0
SPS: 3133
global_step=212016, episodic_return=0.0
global_step=212052, episodic_return=0.0
global_step=212184, episodic_return=0.0
global_step=212304, episodic_return=0.0
global_step=212420, episodic_return=0.0
global_step=212456, episodic_return=0.0
SPS: 3134
global_step=212588, episodic_return=0.0
global_step=212704, episodic_return=0.37
global_step=212708, episodic_return=0.0
global_step=212824, episodic_return=0.748
global_step=212860, episodic_return=0.0
global_step=212980, episodic_return=0.6579999999999999
global_step=212992, episodic_return=0.0
SPS: 3135
global_step=213108, episodic_return=0.0
global_step=213264, episodic_return=0.0
global_step=213304, episodic_return=0.2799999999999999
global_step=213396, episodic_return=0.0
SPS: 3135
global_step=213512, episodic_return=0.0
global_step=213668, episodic_return=0.0
global_step=213708, episodic_return=0.0
global_step=213800, episodic_return=0.0
global_step=213916, episodic_return=0.0
SPS: 3136
global_step=214072, episodic_return=0.0
global_step=214112, episodic_return=0.0
global_step=214204, episodic_return=0.0
global_step=214252, episodic_return=0.901
global_step=214320, episodic_return=0.0
global_step=214444, episodic_return=0.577
global_step=214476, episodic_return=0.0
global_step=214516, episodic_return=0.0
SPS: 3137
global_step=214724, episodic_return=0.0
global_step=214728, episodic_return=0.37
global_step=214880, episodic_return=0.0
global_step=214920, episodic_return=0.0
SPS: 3138
global_step=215128, episodic_return=0.0
global_step=215132, episodic_return=0.0
global_step=215284, episodic_return=0.0
global_step=215324, episodic_return=0.0
global_step=215532, episodic_return=0.0
global_step=215536, episodic_return=0.0
SPS: 3138
global_step=215576, episodic_return=0.91
global_step=215688, episodic_return=0.0
global_step=215704, episodic_return=0.973
global_step=215728, episodic_return=0.0
global_step=215940, episodic_return=0.0
global_step=215980, episodic_return=0.0
global_step=216008, episodic_return=0.32499999999999996
SPS: 3139
global_step=216132, episodic_return=0.0
global_step=216224, episodic_return=0.37
global_step=216384, episodic_return=0.0
global_step=216412, episodic_return=0.0
global_step=216536, episodic_return=0.0
SPS: 3140
global_step=216628, episodic_return=0.0
global_step=216788, episodic_return=0.0
global_step=216816, episodic_return=0.0
global_step=216908, episodic_return=0.802
global_step=216940, episodic_return=0.0
global_step=217032, episodic_return=0.0
SPS: 3141
global_step=217120, episodic_return=0.532
global_step=217192, episodic_return=0.0
global_step=217232, episodic_return=0.352
global_step=217436, episodic_return=0.0
global_step=217524, episodic_return=0.0
global_step=217596, episodic_return=0.0
SPS: 3141
global_step=217632, episodic_return=0.5680000000000001
global_step=217636, episodic_return=0.0
global_step=217928, episodic_return=0.0
global_step=218000, episodic_return=0.0
global_step=218036, episodic_return=0.0
global_step=218040, episodic_return=0.0
global_step=218080, episodic_return=0.91
SPS: 3142
global_step=218220, episodic_return=0.694
global_step=218316, episodic_return=0.29799999999999993
global_step=218332, episodic_return=0.0
global_step=218352, episodic_return=0.30699999999999994
global_step=218440, episodic_return=0.514
global_step=218460, episodic_return=0.766
global_step=218516, episodic_return=0.838
global_step=218592, episodic_return=0.712
SPS: 3143
global_step=218668, episodic_return=0.667
global_step=218720, episodic_return=0.0
global_step=218736, episodic_return=0.0
global_step=218972, episodic_return=0.478
global_step=218996, episodic_return=0.0
global_step=219072, episodic_return=0.0
global_step=219108, episodic_return=0.9279999999999999
global_step=219124, episodic_return=0.0
SPS: 3143
global_step=219304, episodic_return=0.604
global_step=219376, episodic_return=0.0
global_step=219400, episodic_return=0.0
global_step=219408, episodic_return=0.775
global_step=219512, episodic_return=0.0
SPS: 3144
global_step=219780, episodic_return=0.0
global_step=219804, episodic_return=0.0
global_step=219812, episodic_return=0.0
global_step=219888, episodic_return=0.16299999999999992
global_step=220096, episodic_return=0.352
SPS: 3145
global_step=220184, episodic_return=0.0
global_step=220216, episodic_return=0.0
global_step=220244, episodic_return=0.946
global_step=220292, episodic_return=0.0
global_step=220500, episodic_return=0.0
global_step=220588, episodic_return=0.0
global_step=220648, episodic_return=0.0
SPS: 3145
global_step=220676, episodic_return=0.613
global_step=220696, episodic_return=0.0
global_step=220992, episodic_return=0.0
global_step=221052, episodic_return=0.0
global_step=221080, episodic_return=0.0
global_step=221100, episodic_return=0.0
SPS: 3146
global_step=221304, episodic_return=0.5049999999999999
global_step=221396, episodic_return=0.0
global_step=221456, episodic_return=0.0
global_step=221504, episodic_return=0.0
global_step=221540, episodic_return=0.82
global_step=221624, episodic_return=0.4959999999999999
SPS: 3146
global_step=221708, episodic_return=0.0
global_step=221908, episodic_return=0.0
global_step=221944, episodic_return=0.0
global_step=222028, episodic_return=0.0
global_step=222084, episodic_return=0.694
global_step=222112, episodic_return=0.0
SPS: 3147
global_step=222312, episodic_return=0.0
global_step=222380, episodic_return=0.34299999999999997
global_step=222432, episodic_return=0.0
global_step=222516, episodic_return=0.0
global_step=222520, episodic_return=0.5409999999999999
SPS: 3147
global_step=222784, episodic_return=0.0
global_step=222836, episodic_return=0.0
global_step=222916, episodic_return=0.829
global_step=222920, episodic_return=0.0
global_step=222924, episodic_return=0.0
global_step=222944, episodic_return=0.955
global_step=223016, episodic_return=0.847
global_step=223068, episodic_return=0.37
SPS: 3148
global_step=223320, episodic_return=0.0
global_step=223328, episodic_return=0.0
global_step=223420, episodic_return=0.0
global_step=223428, episodic_return=0.766
global_step=223472, episodic_return=0.0
global_step=223732, episodic_return=0.0
SPS: 3149
global_step=223824, episodic_return=0.0
global_step=223832, episodic_return=0.0
global_step=223876, episodic_return=0.0
global_step=223996, episodic_return=0.622
global_step=224136, episodic_return=0.0
global_step=224140, episodic_return=0.4149999999999999
global_step=224236, episodic_return=0.0
SPS: 3148
global_step=224400, episodic_return=0.0
global_step=224540, episodic_return=0.0
global_step=224544, episodic_return=0.0
global_step=224640, episodic_return=0.0
SPS: 3149
global_step=224804, episodic_return=0.0
global_step=224864, episodic_return=0.874
global_step=224924, episodic_return=0.14500000000000002
global_step=224948, episodic_return=0.0
global_step=225044, episodic_return=0.0
global_step=225268, episodic_return=0.0
SPS: 3150
global_step=225296, episodic_return=0.22599999999999998
global_step=225328, episodic_return=0.0
global_step=225448, episodic_return=0.0
global_step=225672, episodic_return=0.0
global_step=225700, episodic_return=0.0
global_step=225732, episodic_return=0.0
SPS: 3150
global_step=225852, episodic_return=0.0
global_step=225892, episodic_return=0.577
global_step=226076, episodic_return=0.0
global_step=226104, episodic_return=0.44199999999999995
global_step=226136, episodic_return=0.0
global_step=226296, episodic_return=0.0
SPS: 3151
global_step=226328, episodic_return=0.9369999999999999
global_step=226348, episodic_return=0.964
global_step=226416, episodic_return=0.244
global_step=226508, episodic_return=0.0
global_step=226540, episodic_return=0.0
global_step=226644, episodic_return=0.775
global_step=226752, episodic_return=0.0
SPS: 3151
global_step=226820, episodic_return=0.0
global_step=226912, episodic_return=0.0
global_step=227012, episodic_return=0.577
global_step=227048, episodic_return=0.0
global_step=227156, episodic_return=0.0
global_step=227316, episodic_return=0.0
SPS: 3152
global_step=227400, episodic_return=0.82
global_step=227416, episodic_return=0.0
global_step=227452, episodic_return=0.0
global_step=227560, episodic_return=0.0
global_step=227580, episodic_return=0.721
global_step=227728, episodic_return=0.2709999999999999
global_step=227748, episodic_return=0.262
global_step=227772, episodic_return=0.577
global_step=227780, episodic_return=0.991
global_step=227788, episodic_return=0.4959999999999999
SPS: 3152
global_step=228132, episodic_return=0.0
global_step=228152, episodic_return=0.0
global_step=228184, episodic_return=0.0
global_step=228192, episodic_return=0.0
global_step=228316, episodic_return=0.6399999999999999
SPS: 3153
global_step=228536, episodic_return=0.0
global_step=228548, episodic_return=0.20799999999999996
global_step=228588, episodic_return=0.0
global_step=228720, episodic_return=0.0
SPS: 3154
global_step=228940, episodic_return=0.0
global_step=228952, episodic_return=0.0
global_step=228992, episodic_return=0.0
global_step=229088, episodic_return=0.18099999999999994
global_step=229344, episodic_return=0.09999999999999998
global_step=229352, episodic_return=0.10899999999999999
SPS: 3155
global_step=229396, episodic_return=0.0
global_step=229408, episodic_return=0.883
global_step=229492, episodic_return=0.0
global_step=229600, episodic_return=0.55
global_step=229716, episodic_return=0.5049999999999999
global_step=229748, episodic_return=0.0
global_step=229812, episodic_return=0.0
SPS: 3155
global_step=230004, episodic_return=0.0
global_step=230076, episodic_return=0.19899999999999995
global_step=230140, episodic_return=0.127
global_step=230168, episodic_return=0.6399999999999999
global_step=230172, episodic_return=0.19899999999999995
SPS: 3156
global_step=230480, episodic_return=0.0
global_step=230544, episodic_return=0.0
global_step=230544, episodic_return=0.16299999999999992
global_step=230576, episodic_return=0.0
global_step=230652, episodic_return=0.766
global_step=230652, episodic_return=0.766
global_step=230884, episodic_return=0.0
SPS: 3157
global_step=230980, episodic_return=0.0
global_step=231028, episodic_return=0.685
global_step=231056, episodic_return=0.0
global_step=231056, episodic_return=0.0
global_step=231204, episodic_return=0.6759999999999999
global_step=231384, episodic_return=0.0
SPS: 3157
global_step=231432, episodic_return=0.0
global_step=231460, episodic_return=0.0
global_step=231568, episodic_return=0.703
global_step=231608, episodic_return=0.0
global_step=231612, episodic_return=0.4959999999999999
global_step=231652, episodic_return=0.919
global_step=231716, episodic_return=0.6759999999999999
global_step=231724, episodic_return=0.847
global_step=231856, episodic_return=0.118
SPS: 3158
global_step=232012, episodic_return=0.0
global_step=232120, episodic_return=0.0
global_step=232128, episodic_return=0.0
global_step=232232, episodic_return=0.757
global_step=232240, episodic_return=0.757
global_step=232260, episodic_return=0.0
global_step=232416, episodic_return=0.0
SPS: 3158
global_step=232636, episodic_return=0.0
global_step=232644, episodic_return=0.0
global_step=232664, episodic_return=0.0
global_step=232820, episodic_return=0.0
SPS: 3159
global_step=233040, episodic_return=0.0
global_step=233048, episodic_return=0.0
global_step=233068, episodic_return=0.0
global_step=233096, episodic_return=0.901
global_step=233224, episodic_return=0.0
global_step=233288, episodic_return=0.865
global_step=233444, episodic_return=0.0
global_step=233444, episodic_return=0.16299999999999992
SPS: 3159
global_step=233500, episodic_return=0.0
global_step=233548, episodic_return=0.775
global_step=233692, episodic_return=0.0
global_step=233780, episodic_return=0.8109999999999999
global_step=233848, episodic_return=0.0
global_step=233904, episodic_return=0.0
global_step=233952, episodic_return=0.0
SPS: 3160
global_step=233992, episodic_return=0.532
global_step=234112, episodic_return=0.739
global_step=234252, episodic_return=0.0
global_step=234300, episodic_return=0.22599999999999998
global_step=234308, episodic_return=0.0
global_step=234320, episodic_return=0.5409999999999999
global_step=234428, episodic_return=0.721
SPS: 3161
global_step=234656, episodic_return=0.0
global_step=234712, episodic_return=0.0
global_step=234724, episodic_return=0.0
global_step=234832, episodic_return=0.0
SPS: 3161
global_step=235060, episodic_return=0.0
global_step=235116, episodic_return=0.0
global_step=235128, episodic_return=0.0
global_step=235148, episodic_return=0.29799999999999993
global_step=235180, episodic_return=0.739
global_step=235204, episodic_return=0.8109999999999999
global_step=235316, episodic_return=0.586
global_step=235332, episodic_return=0.721
SPS: 3162
global_step=235552, episodic_return=0.0
global_step=235584, episodic_return=0.0
global_step=235684, episodic_return=0.784
global_step=235704, episodic_return=0.964
global_step=235720, episodic_return=0.0
global_step=235736, episodic_return=0.0
global_step=235852, episodic_return=0.33399999999999996
global_step=235960, episodic_return=0.469
SPS: 3162
global_step=236108, episodic_return=0.0
global_step=236140, episodic_return=0.0
global_step=236256, episodic_return=0.0
global_step=236296, episodic_return=0.586
global_step=236364, episodic_return=0.0
global_step=236396, episodic_return=0.784
global_step=236420, episodic_return=0.883
global_step=236456, episodic_return=0.29799999999999993
SPS: 3163
global_step=236660, episodic_return=0.0
global_step=236668, episodic_return=0.3969999999999999
global_step=236824, episodic_return=0.0
global_step=236860, episodic_return=0.0
global_step=236956, episodic_return=0.712
global_step=236996, episodic_return=0.2709999999999999
global_step=237044, episodic_return=0.14500000000000002
SPS: 3163
global_step=237112, episodic_return=0.6579999999999999
global_step=237156, episodic_return=0.34299999999999997
global_step=237312, episodic_return=0.4059999999999999
global_step=237348, episodic_return=0.577
global_step=237392, episodic_return=0.379
global_step=237400, episodic_return=0.0
SPS: 3164
global_step=237576, episodic_return=0.595
global_step=237604, episodic_return=0.43299999999999994
global_step=237656, episodic_return=0.829
global_step=237692, episodic_return=0.8109999999999999
global_step=237716, episodic_return=0.0
global_step=237804, episodic_return=0.0
global_step=237920, episodic_return=0.748
global_step=237988, episodic_return=0.3969999999999999
global_step=238060, episodic_return=0.0
SPS: 3164
global_step=238092, episodic_return=0.10899999999999999
global_step=238168, episodic_return=0.45099999999999996
global_step=238392, episodic_return=0.0
global_step=238464, episodic_return=0.0
global_step=238496, episodic_return=0.0
global_step=238572, episodic_return=0.0
SPS: 3164
global_step=238796, episodic_return=0.0
global_step=238828, episodic_return=0.43299999999999994
global_step=238868, episodic_return=0.0
global_step=238900, episodic_return=0.0
global_step=238976, episodic_return=0.838
SPS: 3165
global_step=239200, episodic_return=0.0
global_step=239232, episodic_return=0.0
global_step=239272, episodic_return=0.0
global_step=239312, episodic_return=0.829
global_step=239380, episodic_return=0.0
global_step=239444, episodic_return=0.865
global_step=239500, episodic_return=0.33399999999999996
global_step=239536, episodic_return=0.4149999999999999
SPS: 3165
global_step=239716, episodic_return=0.0
global_step=239776, episodic_return=0.3879999999999999
global_step=239848, episodic_return=0.0
global_step=239932, episodic_return=0.6579999999999999
global_step=239940, episodic_return=0.0
global_step=239996, episodic_return=0.883
global_step=240120, episodic_return=0.0
SPS: 3166
global_step=240252, episodic_return=0.712
global_step=240252, episodic_return=0.0
global_step=240336, episodic_return=0.0
global_step=240356, episodic_return=0.775
global_step=240400, episodic_return=0.0
SPS: 3166
global_step=240656, episodic_return=0.0
global_step=240720, episodic_return=0.18999999999999995
global_step=240740, episodic_return=0.0
global_step=240804, episodic_return=0.0
global_step=241060, episodic_return=0.0
global_step=241124, episodic_return=0.0
global_step=241144, episodic_return=0.0
SPS: 3165
global_step=241208, episodic_return=0.0
global_step=241236, episodic_return=0.757
global_step=241280, episodic_return=0.847
global_step=241424, episodic_return=0.379
global_step=241464, episodic_return=0.0
global_step=241516, episodic_return=0.379
global_step=241552, episodic_return=0.721
SPS: 3166
global_step=241684, episodic_return=0.0
global_step=241684, episodic_return=0.712
global_step=241724, episodic_return=0.919
global_step=241868, episodic_return=0.0
global_step=241920, episodic_return=0.0
global_step=241956, episodic_return=0.487
global_step=242088, episodic_return=0.0
SPS: 3166
global_step=242272, episodic_return=0.0
global_step=242324, episodic_return=0.0
global_step=242344, episodic_return=0.43299999999999994
global_step=242360, episodic_return=0.9279999999999999
global_step=242360, episodic_return=0.0
global_step=242448, episodic_return=0.775
global_step=242676, episodic_return=0.29799999999999993
global_step=242676, episodic_return=0.0
global_step=242676, episodic_return=0.29799999999999993
SPS: 3167
global_step=242852, episodic_return=0.0
global_step=242904, episodic_return=0.4959999999999999
global_step=242988, episodic_return=0.82
global_step=243044, episodic_return=0.883
global_step=243080, episodic_return=0.0
global_step=243080, episodic_return=0.0
SPS: 3167
global_step=243240, episodic_return=0.5680000000000001
global_step=243256, episodic_return=0.0
global_step=243484, episodic_return=0.0
global_step=243484, episodic_return=0.0
global_step=243612, episodic_return=0.17199999999999993
global_step=243660, episodic_return=0.0
global_step=243664, episodic_return=0.604
SPS: 3168
global_step=243748, episodic_return=0.8109999999999999
global_step=243852, episodic_return=0.18099999999999994
global_step=243888, episodic_return=0.3879999999999999
global_step=244004, episodic_return=0.667
global_step=244008, episodic_return=0.235
global_step=244152, episodic_return=0.0
global_step=244216, episodic_return=0.532
SPS: 3168
global_step=244292, episodic_return=0.0
global_step=244380, episodic_return=0.4959999999999999
global_step=244412, episodic_return=0.0
global_step=244620, episodic_return=0.0
global_step=244696, episodic_return=0.0
SPS: 3169
global_step=244772, episodic_return=0.127
global_step=244816, episodic_return=0.5680000000000001
global_step=244816, episodic_return=0.0
global_step=244908, episodic_return=0.703
global_step=244936, episodic_return=0.739
global_step=244992, episodic_return=0.613
global_step=245100, episodic_return=0.0
global_step=245168, episodic_return=0.856
global_step=245216, episodic_return=0.31599999999999995
SPS: 3169
global_step=245340, episodic_return=0.0
global_step=245344, episodic_return=0.21699999999999997
global_step=245356, episodic_return=0.586
global_step=245368, episodic_return=0.667
global_step=245396, episodic_return=0.946
global_step=245464, episodic_return=0.73
global_step=245508, episodic_return=0.6399999999999999
global_step=245628, episodic_return=0.739
global_step=245656, episodic_return=0.42399999999999993
global_step=245760, episodic_return=0.0
SPS: 3169
global_step=245868, episodic_return=0.0
global_step=246024, episodic_return=0.4149999999999999
global_step=246032, episodic_return=0.0
global_step=246060, episodic_return=0.0
global_step=246108, episodic_return=0.901
global_step=246164, episodic_return=0.883
global_step=246272, episodic_return=0.0
SPS: 3170
global_step=246300, episodic_return=0.946
global_step=246316, episodic_return=0.973
global_step=246320, episodic_return=0.34299999999999997
global_step=246344, episodic_return=0.30699999999999994
global_step=246364, episodic_return=0.91
global_step=246568, episodic_return=0.0
global_step=246620, episodic_return=0.892
global_step=246692, episodic_return=0.847
global_step=246712, episodic_return=0.18099999999999994
global_step=246720, episodic_return=0.0
global_step=246768, episodic_return=0.0
SPS: 3170
global_step=246824, episodic_return=0.883
global_step=247096, episodic_return=0.0
global_step=247116, episodic_return=0.0
global_step=247124, episodic_return=0.0
global_step=247228, episodic_return=0.0
global_step=247256, episodic_return=0.694
SPS: 3171
global_step=247340, episodic_return=0.5229999999999999
global_step=247344, episodic_return=0.8109999999999999
global_step=247352, episodic_return=0.43299999999999994
global_step=247632, episodic_return=0.0
global_step=247640, episodic_return=0.33399999999999996
global_step=247748, episodic_return=0.0
global_step=247756, episodic_return=0.0
SPS: 3171
global_step=248036, episodic_return=0.0
global_step=248044, episodic_return=0.0
global_step=248052, episodic_return=0.973
global_step=248052, episodic_return=0.34299999999999997
global_step=248144, episodic_return=0.802
global_step=248152, episodic_return=0.0
SPS: 3172
global_step=248372, episodic_return=0.2889999999999999
global_step=248424, episodic_return=0.3969999999999999
global_step=248448, episodic_return=0.0
global_step=248460, episodic_return=0.9279999999999999
global_step=248548, episodic_return=0.0
global_step=248764, episodic_return=0.127
SPS: 3173
global_step=248852, episodic_return=0.0
global_step=248864, episodic_return=0.0
global_step=248928, episodic_return=0.15400000000000003
global_step=249168, episodic_return=0.0
global_step=249256, episodic_return=0.0
global_step=249268, episodic_return=0.0
global_step=249332, episodic_return=0.0
SPS: 3173
global_step=249444, episodic_return=0.613
global_step=249572, episodic_return=0.0
global_step=249660, episodic_return=0.0
global_step=249736, episodic_return=0.0
global_step=249756, episodic_return=0.30699999999999994
SPS: 3174
global_step=249880, episodic_return=0.73
global_step=249932, episodic_return=0.19899999999999995
global_step=250020, episodic_return=0.19899999999999995
global_step=250028, episodic_return=0.6759999999999999
global_step=250140, episodic_return=0.0
global_step=250212, episodic_return=0.379
global_step=250224, episodic_return=0.55
SPS: 3174
global_step=250432, episodic_return=0.0
global_step=250544, episodic_return=0.0
global_step=250616, episodic_return=0.0
global_step=250628, episodic_return=0.0
global_step=250836, episodic_return=0.0
SPS: 3175
global_step=250948, episodic_return=0.0
global_step=251020, episodic_return=0.0
global_step=251032, episodic_return=0.0
global_step=251240, episodic_return=0.0
global_step=251352, episodic_return=0.0
SPS: 3175
global_step=251424, episodic_return=0.0
global_step=251436, episodic_return=0.0
global_step=251516, episodic_return=0.802
global_step=251644, episodic_return=0.0
global_step=251756, episodic_return=0.0
global_step=251764, episodic_return=0.2709999999999999
SPS: 3176
global_step=251916, episodic_return=0.3969999999999999
global_step=251920, episodic_return=0.0
global_step=252160, episodic_return=0.0
global_step=252168, episodic_return=0.0
global_step=252320, episodic_return=0.0
global_step=252324, episodic_return=0.0
SPS: 3176
global_step=252564, episodic_return=0.0
global_step=252572, episodic_return=0.0
global_step=252592, episodic_return=0.3969999999999999
global_step=252684, episodic_return=0.802
global_step=252728, episodic_return=0.0
SPS: 3177
global_step=252968, episodic_return=0.0
global_step=252976, episodic_return=0.0
global_step=253088, episodic_return=0.0
global_step=253132, episodic_return=0.0
global_step=253356, episodic_return=0.136
global_step=253380, episodic_return=0.0
SPS: 3178
global_step=253492, episodic_return=0.0
global_step=253536, episodic_return=0.0
global_step=253572, episodic_return=0.829
global_step=253760, episodic_return=0.0
global_step=253784, episodic_return=0.0
global_step=253940, episodic_return=0.0
SPS: 3178
global_step=253976, episodic_return=0.0
global_step=254164, episodic_return=0.0
global_step=254188, episodic_return=0.0
global_step=254188, episodic_return=0.955
global_step=254304, episodic_return=0.2709999999999999
global_step=254344, episodic_return=0.0
SPS: 3179
global_step=254592, episodic_return=0.0
global_step=254592, episodic_return=0.0
global_step=254708, episodic_return=0.0
global_step=254748, episodic_return=0.0
global_step=254816, episodic_return=0.5049999999999999
SPS: 3179
global_step=254996, episodic_return=0.0
global_step=255112, episodic_return=0.0
global_step=255152, episodic_return=0.0
global_step=255220, episodic_return=0.0
global_step=255304, episodic_return=0.31599999999999995
global_step=255400, episodic_return=0.361
SPS: 3180
global_step=255496, episodic_return=0.7929999999999999
global_step=255556, episodic_return=0.0
global_step=255624, episodic_return=0.0
global_step=255708, episodic_return=0.0
global_step=255728, episodic_return=0.487
global_step=255764, episodic_return=0.5409999999999999
global_step=255892, episodic_return=0.595
SPS: 3180
global_step=256028, episodic_return=0.0
global_step=256060, episodic_return=0.9369999999999999
global_step=256116, episodic_return=0.5049999999999999
global_step=256116, episodic_return=0.136
global_step=256168, episodic_return=0.0
global_step=256176, episodic_return=0.874
global_step=256464, episodic_return=0.0
SPS: 3181
global_step=256520, episodic_return=0.0
global_step=256572, episodic_return=0.0
global_step=256580, episodic_return=0.0
global_step=256616, episodic_return=0.7929999999999999
global_step=256672, episodic_return=0.5409999999999999
global_step=256684, episodic_return=0.757
global_step=256776, episodic_return=0.649
global_step=256984, episodic_return=0.0
SPS: 3181
global_step=257076, episodic_return=0.0
global_step=257076, episodic_return=0.127
global_step=257180, episodic_return=0.0
global_step=257388, episodic_return=0.0
global_step=257480, episodic_return=0.0
global_step=257480, episodic_return=0.0
SPS: 3182
global_step=257580, episodic_return=0.10899999999999999
global_step=257792, episodic_return=0.0
global_step=257816, episodic_return=0.478
global_step=257840, episodic_return=0.19899999999999995
global_step=257884, episodic_return=0.0
SPS: 3182
global_step=258080, episodic_return=0.361
global_step=258196, episodic_return=0.30699999999999994
global_step=258220, episodic_return=0.0
global_step=258244, episodic_return=0.0
global_step=258484, episodic_return=0.0
SPS: 3182
global_step=258600, episodic_return=0.0
global_step=258624, episodic_return=0.0
global_step=258648, episodic_return=0.0
global_step=258652, episodic_return=0.946
global_step=258700, episodic_return=0.901
global_step=258740, episodic_return=0.43299999999999994
global_step=258928, episodic_return=0.586
global_step=259004, episodic_return=0.0
global_step=259052, episodic_return=0.0
SPS: 3182
global_step=259104, episodic_return=0.0
global_step=259124, episodic_return=0.964
global_step=259196, episodic_return=0.4059999999999999
global_step=259408, episodic_return=0.0
global_step=259416, episodic_return=0.352
global_step=259456, episodic_return=0.0
SPS: 3183
global_step=259600, episodic_return=0.0
global_step=259668, episodic_return=0.44199999999999995
global_step=259704, episodic_return=0.9279999999999999
global_step=259812, episodic_return=0.0
global_step=259860, episodic_return=0.0
global_step=259932, episodic_return=0.739
global_step=260004, episodic_return=0.0
SPS: 3183
global_step=260108, episodic_return=0.0
global_step=260264, episodic_return=0.0
global_step=260336, episodic_return=0.0
global_step=260408, episodic_return=0.0
global_step=260512, episodic_return=0.0
global_step=260552, episodic_return=0.919
SPS: 3183
global_step=260668, episodic_return=0.0
global_step=260740, episodic_return=0.0
global_step=260752, episodic_return=0.982
global_step=260772, episodic_return=0.18999999999999995
global_step=260956, episodic_return=0.0
global_step=261072, episodic_return=0.0
SPS: 3184
global_step=261124, episodic_return=0.892
global_step=261156, episodic_return=0.0
global_step=261176, episodic_return=0.0
global_step=261212, episodic_return=0.883
global_step=261296, episodic_return=0.82
global_step=261360, episodic_return=0.0
global_step=261528, episodic_return=0.0
global_step=261544, episodic_return=0.18099999999999994
global_step=261548, episodic_return=0.586
SPS: 3184
global_step=261700, episodic_return=0.0
global_step=261744, episodic_return=0.5229999999999999
global_step=261948, episodic_return=0.0
global_step=261952, episodic_return=0.0
global_step=262104, episodic_return=0.0
SPS: 3185
global_step=262148, episodic_return=0.0
global_step=262248, episodic_return=0.784
global_step=262352, episodic_return=0.0
global_step=262356, episodic_return=0.0
global_step=262448, episodic_return=0.5589999999999999
global_step=262508, episodic_return=0.0
SPS: 3185
global_step=262756, episodic_return=0.0
global_step=262760, episodic_return=0.0
global_step=262852, episodic_return=0.0
global_step=262868, episodic_return=0.757
global_step=262912, episodic_return=0.0
global_step=263164, episodic_return=0.0
SPS: 3186
global_step=263228, episodic_return=0.29799999999999993
global_step=263256, episodic_return=0.0
global_step=263272, episodic_return=0.0
global_step=263360, episodic_return=0.8109999999999999
global_step=263460, episodic_return=0.55
global_step=263568, episodic_return=0.0
global_step=263632, episodic_return=0.0
SPS: 3186
global_step=263764, episodic_return=0.0
global_step=263780, episodic_return=0.2889999999999999
global_step=263912, episodic_return=0.6759999999999999
global_step=263972, episodic_return=0.0
global_step=264036, episodic_return=0.09999999999999998
global_step=264184, episodic_return=0.0
SPS: 3187
global_step=264232, episodic_return=0.5680000000000001
global_step=264240, episodic_return=0.991
global_step=264316, episodic_return=0.0
global_step=264376, episodic_return=0.0
global_step=264452, episodic_return=0.532
global_step=264560, episodic_return=0.595
global_step=264588, episodic_return=0.0
SPS: 3187
global_step=264720, episodic_return=0.0
global_step=264856, episodic_return=0.0
global_step=264872, episodic_return=0.37
global_step=264912, episodic_return=0.21699999999999997
global_step=265124, episodic_return=0.0
SPS: 3188
global_step=265260, episodic_return=0.0
global_step=265276, episodic_return=0.0
global_step=265316, episodic_return=0.0
global_step=265472, episodic_return=0.532
global_step=265528, episodic_return=0.0
global_step=265528, episodic_return=0.883
global_step=265680, episodic_return=0.0
global_step=265720, episodic_return=0.0
SPS: 3188
global_step=265876, episodic_return=0.5680000000000001
global_step=265932, episodic_return=0.0
global_step=265932, episodic_return=0.0
global_step=266044, episodic_return=0.757
global_step=266072, episodic_return=0.694
global_step=266124, episodic_return=0.0
global_step=266164, episodic_return=0.802
SPS: 3188
global_step=266280, episodic_return=0.0
global_step=266448, episodic_return=0.0
global_step=266528, episodic_return=0.0
global_step=266528, episodic_return=0.45099999999999996
global_step=266552, episodic_return=0.955
global_step=266568, episodic_return=0.0
SPS: 3189
global_step=266852, episodic_return=0.0
global_step=266932, episodic_return=0.0
global_step=266956, episodic_return=0.0
global_step=266972, episodic_return=0.0
global_step=267000, episodic_return=0.91
global_step=267080, episodic_return=0.4959999999999999
SPS: 3189
global_step=267336, episodic_return=0.0
global_step=267376, episodic_return=0.0
global_step=267404, episodic_return=0.0
global_step=267448, episodic_return=0.757
global_step=267484, episodic_return=0.0
global_step=267512, episodic_return=0.865
global_step=267752, episodic_return=0.469
SPS: 3190
global_step=267780, episodic_return=0.0
global_step=267808, episodic_return=0.0
global_step=267888, episodic_return=0.0
global_step=267956, episodic_return=0.6759999999999999
global_step=267996, episodic_return=0.766
global_step=268052, episodic_return=0.883
global_step=268156, episodic_return=0.0
global_step=268184, episodic_return=0.0
global_step=268192, episodic_return=0.478
global_step=268284, episodic_return=0.487
SPS: 3190
global_step=268320, episodic_return=0.721
global_step=268352, episodic_return=0.631
global_step=268404, episodic_return=0.82
global_step=268560, episodic_return=0.0
global_step=268688, episodic_return=0.0
global_step=268732, episodic_return=0.622
global_step=268756, episodic_return=0.0
SPS: 3190
global_step=268808, episodic_return=0.0
global_step=268872, episodic_return=0.694
global_step=269016, episodic_return=0.2709999999999999
global_step=269160, episodic_return=0.0
global_step=269212, episodic_return=0.0
global_step=269276, episodic_return=0.0
SPS: 3191
global_step=269404, episodic_return=0.136
global_step=269448, episodic_return=0.478
global_step=269564, episodic_return=0.0
global_step=269680, episodic_return=0.09999999999999998
global_step=269768, episodic_return=0.8109999999999999
global_step=269768, episodic_return=0.18999999999999995
global_step=269812, episodic_return=0.45099999999999996
global_step=269824, episodic_return=0.982
SPS: 3191
global_step=269852, episodic_return=0.82
global_step=269852, episodic_return=0.0
global_step=269860, episodic_return=0.802
global_step=269936, episodic_return=0.757
global_step=270068, episodic_return=0.5229999999999999
global_step=270164, episodic_return=0.30699999999999994
global_step=270264, episodic_return=0.0
SPS: 3192
global_step=270340, episodic_return=0.0
global_step=270464, episodic_return=0.33399999999999996
global_step=270472, episodic_return=0.0
global_step=270492, episodic_return=0.4959999999999999
global_step=270544, episodic_return=0.829
global_step=270632, episodic_return=0.352
SPS: 3192
global_step=270876, episodic_return=0.0
global_step=270896, episodic_return=0.0
global_step=270948, episodic_return=0.0
global_step=271024, episodic_return=0.127
global_step=271280, episodic_return=0.0
global_step=271288, episodic_return=0.127
global_step=271352, episodic_return=0.0
SPS: 3193
global_step=271376, episodic_return=0.21699999999999997
global_step=271396, episodic_return=0.766
global_step=271620, episodic_return=0.45999999999999996
global_step=271684, episodic_return=0.0
global_step=271756, episodic_return=0.0
global_step=271800, episodic_return=0.0
global_step=271816, episodic_return=0.5680000000000001
global_step=271856, episodic_return=0.622
SPS: 3193
global_step=271928, episodic_return=0.847
global_step=271936, episodic_return=0.604
global_step=271952, episodic_return=0.703
global_step=272032, episodic_return=0.487
global_step=272332, episodic_return=0.0
global_step=272340, episodic_return=0.0
global_step=272356, episodic_return=0.0
SPS: 3193
global_step=272396, episodic_return=0.919
global_step=272436, episodic_return=0.0
global_step=272548, episodic_return=0.5409999999999999
global_step=272592, episodic_return=0.5680000000000001
global_step=272736, episodic_return=0.0
global_step=272760, episodic_return=0.631
global_step=272840, episodic_return=0.0
global_step=272872, episodic_return=0.703
SPS: 3194
global_step=272948, episodic_return=0.838
global_step=272952, episodic_return=0.0
global_step=273128, episodic_return=0.361
global_step=273164, episodic_return=0.0
global_step=273352, episodic_return=0.0
global_step=273356, episodic_return=0.0
global_step=273372, episodic_return=0.964
SPS: 3194
global_step=273424, episodic_return=0.34299999999999997
global_step=273448, episodic_return=0.955
global_step=273452, episodic_return=0.7929999999999999
global_step=273544, episodic_return=0.7929999999999999
global_step=273568, episodic_return=0.0
global_step=273648, episodic_return=0.5680000000000001
global_step=273776, episodic_return=0.0
global_step=273852, episodic_return=0.55
SPS: 3194
global_step=273948, episodic_return=0.0
global_step=273964, episodic_return=0.757
global_step=273972, episodic_return=0.0
global_step=273988, episodic_return=0.973
global_step=274180, episodic_return=0.0
global_step=274352, episodic_return=0.0
global_step=274368, episodic_return=0.0
global_step=274392, episodic_return=0.0
SPS: 3195
global_step=274452, episodic_return=0.784
global_step=274584, episodic_return=0.0
global_step=274752, episodic_return=0.33399999999999996
global_step=274772, episodic_return=0.0
global_step=274796, episodic_return=0.0
global_step=274884, episodic_return=0.8109999999999999
SPS: 3195
global_step=274988, episodic_return=0.0
global_step=275000, episodic_return=0.982
global_step=275124, episodic_return=0.17199999999999993
global_step=275176, episodic_return=0.0
global_step=275176, episodic_return=0.892
global_step=275216, episodic_return=0.919
global_step=275236, episodic_return=0.874
global_step=275260, episodic_return=0.955
global_step=275288, episodic_return=0.0
global_step=275364, episodic_return=0.775
global_step=275404, episodic_return=0.0
global_step=275436, episodic_return=0.847
SPS: 3194
global_step=275620, episodic_return=0.0
global_step=275684, episodic_return=0.118
global_step=275700, episodic_return=0.34299999999999997
global_step=275800, episodic_return=0.748
global_step=275840, episodic_return=0.0
global_step=275868, episodic_return=0.45099999999999996
global_step=275872, episodic_return=0.847
SPS: 3194
global_step=275980, episodic_return=0.694
global_step=276056, episodic_return=0.595
global_step=276092, episodic_return=0.5049999999999999
global_step=276104, episodic_return=0.0
global_step=276116, episodic_return=0.703
global_step=276444, episodic_return=0.21699999999999997
global_step=276456, episodic_return=0.244
global_step=276460, episodic_return=0.0
SPS: 3195
global_step=276508, episodic_return=0.0
global_step=276572, episodic_return=0.757
global_step=276636, episodic_return=0.604
global_step=276848, episodic_return=0.0
global_step=276912, episodic_return=0.0
global_step=276976, episodic_return=0.0
SPS: 3195
global_step=277040, episodic_return=0.0
global_step=277068, episodic_return=0.802
global_step=277140, episodic_return=0.784
global_step=277252, episodic_return=0.0
global_step=277316, episodic_return=0.0
global_step=277376, episodic_return=0.478
global_step=277428, episodic_return=0.892
global_step=277472, episodic_return=0.0
SPS: 3195
global_step=277528, episodic_return=0.784
global_step=277656, episodic_return=0.0
global_step=277720, episodic_return=0.0
global_step=277876, episodic_return=0.0
global_step=277932, episodic_return=0.0
global_step=277976, episodic_return=0.43299999999999994
SPS: 3196
global_step=278060, episodic_return=0.0
global_step=278108, episodic_return=0.613
global_step=278280, episodic_return=0.0
global_step=278324, episodic_return=0.91
global_step=278380, episodic_return=0.0
global_step=278464, episodic_return=0.0
global_step=278512, episodic_return=0.0
SPS: 3196
global_step=278728, episodic_return=0.0
global_step=278784, episodic_return=0.883
global_step=278784, episodic_return=0.0
global_step=278868, episodic_return=0.09999999999999998
global_step=278880, episodic_return=0.18099999999999994
global_step=278940, episodic_return=0.6579999999999999
SPS: 3197
global_step=279080, episodic_return=0.694
global_step=279128, episodic_return=0.901
global_step=279188, episodic_return=0.0
global_step=279272, episodic_return=0.0
global_step=279284, episodic_return=0.0
global_step=279412, episodic_return=0.37
SPS: 3197
global_step=279592, episodic_return=0.0
global_step=279656, episodic_return=0.14500000000000002
global_step=279660, episodic_return=0.45099999999999996
global_step=279688, episodic_return=0.0
global_step=279840, episodic_return=0.45099999999999996
global_step=279860, episodic_return=0.622
global_step=279952, episodic_return=0.352
global_step=279976, episodic_return=0.703
global_step=280020, episodic_return=0.91
global_step=280060, episodic_return=0.0
SPS: 3198
global_step=280180, episodic_return=0.739
global_step=280264, episodic_return=0.0
global_step=280296, episodic_return=0.3879999999999999
global_step=280324, episodic_return=0.946
global_step=280352, episodic_return=0.10899999999999999
SPS: 3198
global_step=280584, episodic_return=0.0
global_step=280608, episodic_return=0.235
global_step=280656, episodic_return=0.262
global_step=280672, episodic_return=0.2889999999999999
global_step=280744, episodic_return=0.649
global_step=280896, episodic_return=0.5049999999999999
global_step=280896, episodic_return=0.361
global_step=280988, episodic_return=0.802
global_step=281060, episodic_return=0.09999999999999998
SPS: 3198
global_step=281148, episodic_return=0.0
global_step=281168, episodic_return=0.3969999999999999
global_step=281188, episodic_return=0.5589999999999999
global_step=281276, episodic_return=0.8109999999999999
global_step=281304, episodic_return=0.6579999999999999
global_step=281352, episodic_return=0.595
global_step=281464, episodic_return=0.0
SPS: 3199
global_step=281680, episodic_return=0.0
global_step=281708, episodic_return=0.0
global_step=281756, episodic_return=0.0
global_step=281848, episodic_return=0.694
global_step=281868, episodic_return=0.0
global_step=282036, episodic_return=0.631
global_step=282084, episodic_return=0.0
SPS: 3199
global_step=282160, episodic_return=0.0
global_step=282252, episodic_return=0.0
global_step=282356, episodic_return=0.3969999999999999
global_step=282440, episodic_return=0.0
global_step=282504, episodic_return=0.44199999999999995
global_step=282564, episodic_return=0.0
SPS: 3200
global_step=282684, episodic_return=0.739
global_step=282760, episodic_return=0.0
global_step=282844, episodic_return=0.0
global_step=282908, episodic_return=0.0
global_step=282928, episodic_return=0.45999999999999996
global_step=282948, episodic_return=0.919
global_step=282972, episodic_return=0.721
global_step=283116, episodic_return=0.685
SPS: 3200
global_step=283164, episodic_return=0.0
global_step=283296, episodic_return=0.604
global_step=283332, episodic_return=0.0
global_step=283348, episodic_return=0.595
global_step=283352, episodic_return=0.0
global_step=283564, episodic_return=0.5229999999999999
global_step=283640, episodic_return=0.361
SPS: 3201
global_step=283700, episodic_return=0.0
global_step=283736, episodic_return=0.0
global_step=283804, episodic_return=0.775
global_step=283848, episodic_return=0.5409999999999999
global_step=283968, episodic_return=0.0
global_step=284064, episodic_return=0.2709999999999999
SPS: 3201
global_step=284188, episodic_return=0.73
global_step=284208, episodic_return=0.0
global_step=284252, episodic_return=0.0
global_step=284292, episodic_return=0.2799999999999999
global_step=284292, episodic_return=0.919
global_step=284328, episodic_return=0.9279999999999999
global_step=284340, episodic_return=0.901
global_step=284376, episodic_return=0.631
global_step=284404, episodic_return=0.838
global_step=284592, episodic_return=0.0
global_step=284604, episodic_return=0.5589999999999999
SPS: 3201
global_step=284704, episodic_return=0.18999999999999995
global_step=284780, episodic_return=0.0
global_step=284940, episodic_return=0.253
global_step=284996, episodic_return=0.0
global_step=285108, episodic_return=0.0
global_step=285184, episodic_return=0.0
SPS: 3202
global_step=285272, episodic_return=0.262
global_step=285400, episodic_return=0.0
global_step=285476, episodic_return=0.352
global_step=285512, episodic_return=0.0
global_step=285600, episodic_return=0.8109999999999999
global_step=285676, episodic_return=0.0
SPS: 3202
global_step=285784, episodic_return=0.766
global_step=285804, episodic_return=0.0
global_step=285880, episodic_return=0.0
global_step=286004, episodic_return=0.0
global_step=286032, episodic_return=0.667
global_step=286068, episodic_return=0.865
global_step=286084, episodic_return=0.379
global_step=286188, episodic_return=0.0
SPS: 3202
global_step=286348, episodic_return=0.4149999999999999
global_step=286384, episodic_return=0.5680000000000001
global_step=286436, episodic_return=0.0
global_step=286472, episodic_return=0.0
global_step=286504, episodic_return=0.739
global_step=286684, episodic_return=0.532
SPS: 3203
global_step=286752, episodic_return=0.0
global_step=286836, episodic_return=0.82
global_step=286840, episodic_return=0.0
global_step=286908, episodic_return=0.0
global_step=286968, episodic_return=0.721
global_step=287056, episodic_return=0.6759999999999999
global_step=287088, episodic_return=0.0
global_step=287176, episodic_return=0.244
global_step=287212, episodic_return=0.45999999999999996
global_step=287232, episodic_return=0.685
SPS: 3203
global_step=287240, episodic_return=0.595
global_step=287332, episodic_return=0.784
global_step=287336, episodic_return=0.7929999999999999
global_step=287480, episodic_return=0.32499999999999996
global_step=287616, episodic_return=0.0
global_step=287648, episodic_return=0.30699999999999994
global_step=287652, episodic_return=0.2889999999999999
SPS: 3204
global_step=287884, episodic_return=0.0
global_step=287888, episodic_return=0.478
global_step=288020, episodic_return=0.0
global_step=288052, episodic_return=0.0
global_step=288084, episodic_return=0.865
global_step=288180, episodic_return=0.34299999999999997
SPS: 3204
global_step=288292, episodic_return=0.0
global_step=288328, episodic_return=0.45999999999999996
global_step=288456, episodic_return=0.0
global_step=288500, episodic_return=0.2889999999999999
global_step=288672, episodic_return=0.5229999999999999
global_step=288696, episodic_return=0.0
global_step=288732, episodic_return=0.0
SPS: 3204
global_step=288836, episodic_return=0.6399999999999999
global_step=288904, episodic_return=0.622
global_step=288904, episodic_return=0.0
global_step=288964, episodic_return=0.874
global_step=289100, episodic_return=0.0
global_step=289140, episodic_return=0.478
global_step=289240, episodic_return=0.0
global_step=289268, episodic_return=0.631
SPS: 3205
global_step=289368, episodic_return=0.0
global_step=289544, episodic_return=0.0
global_step=289644, episodic_return=0.0
global_step=289672, episodic_return=0.0
global_step=289772, episodic_return=0.0
SPS: 3205
global_step=289836, episodic_return=0.352
global_step=289984, episodic_return=0.244
global_step=290032, episodic_return=0.19899999999999995
global_step=290064, episodic_return=0.4959999999999999
global_step=290176, episodic_return=0.0
global_step=290284, episodic_return=0.33399999999999996
SPS: 3205
global_step=290436, episodic_return=0.0
global_step=290468, episodic_return=0.0
global_step=290580, episodic_return=0.0
global_step=290596, episodic_return=0.721
global_step=290688, episodic_return=0.0
SPS: 3206
global_step=290840, episodic_return=0.0
global_step=290852, episodic_return=0.43299999999999994
global_step=290928, episodic_return=0.469
global_step=290984, episodic_return=0.0
global_step=291244, episodic_return=0.0
global_step=291256, episodic_return=0.0
SPS: 3206
global_step=291332, episodic_return=0.0
global_step=291388, episodic_return=0.0
global_step=291452, episodic_return=0.739
global_step=291648, episodic_return=0.0
global_step=291652, episodic_return=0.5589999999999999
global_step=291660, episodic_return=0.0
global_step=291676, episodic_return=0.955
global_step=291792, episodic_return=0.0
global_step=291796, episodic_return=0.703
SPS: 3207
global_step=292052, episodic_return=0.0
global_step=292080, episodic_return=0.0
global_step=292132, episodic_return=0.253
global_step=292148, episodic_return=0.856
global_step=292196, episodic_return=0.0
global_step=292288, episodic_return=0.6579999999999999
SPS: 3207
global_step=292456, episodic_return=0.0
global_step=292552, episodic_return=0.0
global_step=292600, episodic_return=0.0
global_step=292624, episodic_return=0.847
global_step=292692, episodic_return=0.0
global_step=292708, episodic_return=0.82
global_step=292796, episodic_return=0.775
global_step=292860, episodic_return=0.0
SPS: 3206
global_step=293004, episodic_return=0.0
global_step=293048, episodic_return=0.586
global_step=293112, episodic_return=0.0
global_step=293140, episodic_return=0.802
global_step=293200, episodic_return=0.0
SPS: 3207
global_step=293408, episodic_return=0.0
global_step=293516, episodic_return=0.0
global_step=293544, episodic_return=0.0
global_step=293604, episodic_return=0.0
global_step=293636, episodic_return=0.802
global_step=293644, episodic_return=0.478
global_step=293700, episodic_return=0.7929999999999999
SPS: 3207
global_step=293920, episodic_return=0.0
global_step=294040, episodic_return=0.0
global_step=294048, episodic_return=0.0
global_step=294104, episodic_return=0.09999999999999998
global_step=294260, episodic_return=0.6579999999999999
global_step=294264, episodic_return=0.5049999999999999
global_step=294320, episodic_return=0.874
global_step=294324, episodic_return=0.0
SPS: 3207
global_step=294452, episodic_return=0.0
global_step=294496, episodic_return=0.487
global_step=294656, episodic_return=0.55
global_step=294724, episodic_return=0.0
global_step=294728, episodic_return=0.0
global_step=294900, episodic_return=0.0
SPS: 3208
global_step=295060, episodic_return=0.0
global_step=295128, episodic_return=0.0
global_step=295132, episodic_return=0.0
global_step=295180, episodic_return=0.739
global_step=295220, episodic_return=0.8109999999999999
global_step=295264, episodic_return=0.91
global_step=295304, episodic_return=0.0
SPS: 3208
global_step=295532, episodic_return=0.0
global_step=295584, episodic_return=0.0
global_step=295636, episodic_return=0.262
global_step=295668, episodic_return=0.0
global_step=295792, episodic_return=0.6579999999999999
global_step=295808, episodic_return=0.5049999999999999
global_step=295936, episodic_return=0.0
SPS: 3208
global_step=296008, episodic_return=0.847
global_step=296044, episodic_return=0.44199999999999995
global_step=296072, episodic_return=0.0
global_step=296108, episodic_return=0.33399999999999996
global_step=296212, episodic_return=0.55
global_step=296408, episodic_return=0.33399999999999996
global_step=296448, episodic_return=0.0
SPS: 3209
global_step=296476, episodic_return=0.0
global_step=296564, episodic_return=0.8109999999999999
global_step=296568, episodic_return=0.739
global_step=296592, episodic_return=0.595
global_step=296616, episodic_return=0.0
global_step=296712, episodic_return=0.685
global_step=296748, episodic_return=0.6579999999999999
global_step=296748, episodic_return=0.595
global_step=296868, episodic_return=0.739
global_step=296872, episodic_return=0.649
SPS: 3209
global_step=297020, episodic_return=0.0
global_step=297068, episodic_return=0.2889999999999999
global_step=297180, episodic_return=0.31599999999999995
global_step=297212, episodic_return=0.685
global_step=297272, episodic_return=0.0
global_step=297308, episodic_return=0.361
global_step=297348, episodic_return=0.631
global_step=297416, episodic_return=0.766
global_step=297432, episodic_return=0.649
SPS: 3209
global_step=297572, episodic_return=0.5049999999999999
global_step=297616, episodic_return=0.0
global_step=297632, episodic_return=0.973
global_step=297644, episodic_return=0.532
global_step=297780, episodic_return=0.703
global_step=297796, episodic_return=0.5049999999999999
global_step=297820, episodic_return=0.0
global_step=297880, episodic_return=0.82
global_step=297892, episodic_return=0.757
global_step=297968, episodic_return=0.253
global_step=297980, episodic_return=0.784
SPS: 3209
global_step=298004, episodic_return=0.9279999999999999
global_step=298104, episodic_return=0.73
global_step=298136, episodic_return=0.45999999999999996
global_step=298148, episodic_return=0.2709999999999999
global_step=298180, episodic_return=0.838
global_step=298260, episodic_return=0.73
global_step=298408, episodic_return=0.0
global_step=298424, episodic_return=0.45999999999999996
SPS: 3210
global_step=298516, episodic_return=0.766
global_step=298552, episodic_return=0.09999999999999998
global_step=298612, episodic_return=0.586
global_step=298664, episodic_return=0.0
global_step=298920, episodic_return=0.0
global_step=298956, episodic_return=0.0
SPS: 3210
global_step=299016, episodic_return=0.0
global_step=299068, episodic_return=0.0
global_step=299084, episodic_return=0.721
global_step=299136, episodic_return=0.856
global_step=299172, episodic_return=0.8109999999999999
global_step=299212, episodic_return=0.5680000000000001
global_step=299312, episodic_return=0.613
global_step=299324, episodic_return=0.0
global_step=299368, episodic_return=0.91
global_step=299456, episodic_return=0.8109999999999999
SPS: 3210
global_step=299556, episodic_return=0.235
global_step=299576, episodic_return=0.0
global_step=299648, episodic_return=0.577
global_step=299664, episodic_return=0.21699999999999997
global_step=299884, episodic_return=0.31599999999999995
global_step=299948, episodic_return=0.127
global_step=299984, episodic_return=0.784
global_step=300016, episodic_return=0.18099999999999994
SPS: 3210
global_step=300068, episodic_return=0.0
global_step=300096, episodic_return=0.6759999999999999
global_step=300388, episodic_return=0.0
global_step=300420, episodic_return=0.0
global_step=300460, episodic_return=0.18999999999999995
global_step=300472, episodic_return=0.0
SPS: 3211
global_step=300644, episodic_return=0.5049999999999999
global_step=300724, episodic_return=0.829
global_step=300792, episodic_return=0.0
global_step=300808, episodic_return=0.253
global_step=300864, episodic_return=0.0
global_step=300948, episodic_return=0.5049999999999999
global_step=300972, episodic_return=0.604
global_step=300980, episodic_return=0.9369999999999999
global_step=301004, episodic_return=0.9369999999999999
SPS: 3211
global_step=301076, episodic_return=0.4059999999999999
global_step=301112, episodic_return=0.45099999999999996
global_step=301332, episodic_return=0.514
global_step=301384, episodic_return=0.0
global_step=301408, episodic_return=0.0
global_step=301456, episodic_return=0.15400000000000003
global_step=301520, episodic_return=0.703
SPS: 3211
global_step=301704, episodic_return=0.34299999999999997
global_step=301736, episodic_return=0.0
global_step=301860, episodic_return=0.0
global_step=301904, episodic_return=0.91
global_step=301912, episodic_return=0.5409999999999999
global_step=301924, episodic_return=0.0
global_step=301944, episodic_return=0.919
global_step=302020, episodic_return=0.7929999999999999
SPS: 3211
global_step=302140, episodic_return=0.0
global_step=302296, episodic_return=0.6579999999999999
global_step=302316, episodic_return=0.0
global_step=302324, episodic_return=0.15400000000000003
global_step=302424, episodic_return=0.0
global_step=302448, episodic_return=0.73
global_step=302452, episodic_return=0.703
SPS: 3212
global_step=302700, episodic_return=0.0
global_step=302764, episodic_return=0.244
global_step=302824, episodic_return=0.73
global_step=302852, episodic_return=0.0
global_step=302856, episodic_return=0.0
global_step=303016, episodic_return=0.44199999999999995
SPS: 3212
global_step=303116, episodic_return=0.42399999999999993
global_step=303148, episodic_return=0.712
global_step=303208, episodic_return=0.802
global_step=303228, episodic_return=0.0
global_step=303256, episodic_return=0.0
global_step=303288, episodic_return=0.694
global_step=303340, episodic_return=0.757
global_step=303360, episodic_return=0.775
global_step=303560, episodic_return=0.3969999999999999
global_step=303612, episodic_return=0.0
SPS: 3212
global_step=303664, episodic_return=0.2799999999999999
global_step=303764, episodic_return=0.0
global_step=303964, episodic_return=0.0
global_step=304008, episodic_return=0.91
global_step=304016, episodic_return=0.0
global_step=304068, episodic_return=0.0
SPS: 3213
global_step=304168, episodic_return=0.784
global_step=304168, episodic_return=0.0
global_step=304236, episodic_return=0.4959999999999999
global_step=304376, episodic_return=0.5409999999999999
global_step=304416, episodic_return=0.604
global_step=304420, episodic_return=0.0
global_step=304504, episodic_return=0.82
global_step=304548, episodic_return=0.712
global_step=304572, episodic_return=0.09999999999999998
SPS: 3213
global_step=304656, episodic_return=0.379
global_step=304848, episodic_return=0.577
global_step=304908, episodic_return=0.0
global_step=304952, episodic_return=0.0
global_step=304976, episodic_return=0.0
SPS: 3213
global_step=305164, episodic_return=0.532
global_step=305252, episodic_return=0.0
global_step=305280, episodic_return=0.748
global_step=305312, episodic_return=0.0
global_step=305380, episodic_return=0.0
global_step=305400, episodic_return=0.8109999999999999
global_step=305456, episodic_return=0.838
global_step=305540, episodic_return=0.42399999999999993
global_step=305576, episodic_return=0.9279999999999999
global_step=305592, episodic_return=0.244
SPS: 3213
global_step=305804, episodic_return=0.0
global_step=305848, episodic_return=0.3969999999999999
global_step=305860, episodic_return=0.0
global_step=305904, episodic_return=0.784
global_step=305996, episodic_return=0.0
global_step=306152, episodic_return=0.45099999999999996
SPS: 3214
global_step=306248, episodic_return=0.7929999999999999
global_step=306252, episodic_return=0.0
global_step=306264, episodic_return=0.0
global_step=306352, episodic_return=0.775
global_step=306400, episodic_return=0.0
global_step=306448, episodic_return=0.595
global_step=306472, episodic_return=0.739
global_step=306656, episodic_return=0.0
SPS: 3214
global_step=306804, episodic_return=0.0
global_step=306852, episodic_return=0.0
global_step=306876, episodic_return=0.0
global_step=306916, episodic_return=0.42399999999999993
global_step=306964, episodic_return=0.649
global_step=307032, episodic_return=0.856
global_step=307084, episodic_return=0.5409999999999999
global_step=307184, episodic_return=0.4059999999999999
SPS: 3214
global_step=307256, episodic_return=0.0
global_step=307264, episodic_return=0.991
global_step=307400, episodic_return=0.5229999999999999
global_step=307436, episodic_return=0.0
global_step=307488, episodic_return=0.0
global_step=307552, episodic_return=0.865
global_step=307588, episodic_return=0.586
global_step=307624, episodic_return=0.586
global_step=307648, episodic_return=0.7929999999999999
global_step=307668, episodic_return=0.0
global_step=307704, episodic_return=0.748
global_step=307708, episodic_return=0.874
SPS: 3214
global_step=307780, episodic_return=0.838
global_step=307912, episodic_return=0.45999999999999996
global_step=308028, episodic_return=0.0
global_step=308080, episodic_return=0.892
global_step=308096, episodic_return=0.136
global_step=308184, episodic_return=0.0
global_step=308220, episodic_return=0.73
SPS: 3215
global_step=308316, episodic_return=0.0
global_step=308444, episodic_return=0.42399999999999993
global_step=308484, episodic_return=0.0
global_step=308492, episodic_return=0.613
global_step=308612, episodic_return=0.721
global_step=308624, episodic_return=0.0
global_step=308664, episodic_return=0.892
SPS: 3214
global_step=308756, episodic_return=0.30699999999999994
global_step=308852, episodic_return=0.7929999999999999
global_step=308868, episodic_return=0.55
global_step=308896, episodic_return=0.0
global_step=308948, episodic_return=0.7929999999999999
global_step=308968, episodic_return=0.235
global_step=309096, episodic_return=0.721
global_step=309140, episodic_return=0.45999999999999996
SPS: 3215
global_step=309268, episodic_return=0.721
global_step=309272, episodic_return=0.0
global_step=309324, episodic_return=0.16299999999999992
global_step=309340, episodic_return=0.856
global_step=309404, episodic_return=0.865
global_step=309500, episodic_return=0.0
global_step=309596, episodic_return=0.577
global_step=309672, episodic_return=0.0
global_step=309704, episodic_return=0.15400000000000003
global_step=309716, episodic_return=0.982
global_step=309728, episodic_return=0.712
SPS: 3214
global_step=309904, episodic_return=0.0
global_step=309916, episodic_return=0.45999999999999996
global_step=310024, episodic_return=0.34299999999999997
global_step=310116, episodic_return=0.532
global_step=310120, episodic_return=0.0
global_step=310268, episodic_return=0.45999999999999996
global_step=310272, episodic_return=0.667
SPS: 3214
global_step=310280, episodic_return=0.6399999999999999
global_step=310320, episodic_return=0.0
global_step=310352, episodic_return=0.847
global_step=310508, episodic_return=0.6579999999999999
global_step=310608, episodic_return=0.253
global_step=310672, episodic_return=0.0
global_step=310688, episodic_return=0.829
global_step=310724, episodic_return=0.0
SPS: 3214
global_step=310912, episodic_return=0.0
global_step=311076, episodic_return=0.0
global_step=311092, episodic_return=0.0
global_step=311108, episodic_return=0.14500000000000002
global_step=311208, episodic_return=0.34299999999999997
global_step=311212, episodic_return=0.775
SPS: 3215
global_step=311304, episodic_return=0.7929999999999999
global_step=311480, episodic_return=0.0
global_step=311496, episodic_return=0.0
global_step=311560, episodic_return=0.22599999999999998
global_step=311572, episodic_return=0.838
global_step=311680, episodic_return=0.766
global_step=311684, episodic_return=0.73
global_step=311708, episodic_return=0.0
global_step=311736, episodic_return=0.892
global_step=311760, episodic_return=0.955
SPS: 3215
global_step=311816, episodic_return=0.253
global_step=311956, episodic_return=0.694
global_step=311984, episodic_return=0.32499999999999996
global_step=312028, episodic_return=0.4059999999999999
global_step=312044, episodic_return=0.973
global_step=312112, episodic_return=0.0
global_step=312188, episodic_return=0.487
global_step=312232, episodic_return=0.586
global_step=312292, episodic_return=0.31599999999999995
SPS: 3215
global_step=312368, episodic_return=0.703
global_step=312516, episodic_return=0.0
global_step=312592, episodic_return=0.0
global_step=312696, episodic_return=0.0
global_step=312724, episodic_return=0.946
global_step=312748, episodic_return=0.15400000000000003
global_step=312824, episodic_return=0.487
SPS: 3215
global_step=312868, episodic_return=0.21699999999999997
global_step=312908, episodic_return=0.919
global_step=313040, episodic_return=0.29799999999999993
global_step=313152, episodic_return=0.0
global_step=313228, episodic_return=0.0
global_step=313276, episodic_return=0.18099999999999994
global_step=313288, episodic_return=0.874
global_step=313340, episodic_return=0.586
SPS: 3215
global_step=313408, episodic_return=0.712
global_step=313444, episodic_return=0.0
global_step=313456, episodic_return=0.631
global_step=313464, episodic_return=0.73
global_step=313488, episodic_return=0.829
global_step=313804, episodic_return=0.244
global_step=313848, episodic_return=0.0
SPS: 3216
global_step=313860, episodic_return=0.0
global_step=313892, episodic_return=0.0
global_step=314128, episodic_return=0.2799999999999999
global_step=314156, episodic_return=0.4149999999999999
global_step=314244, episodic_return=0.14500000000000002
global_step=314252, episodic_return=0.0
global_step=314324, episodic_return=0.847
SPS: 3216
global_step=314472, episodic_return=0.235
global_step=314560, episodic_return=0.0
global_step=314648, episodic_return=0.0
global_step=314688, episodic_return=0.721
global_step=314728, episodic_return=0.0
global_step=314852, episodic_return=0.6399999999999999
global_step=314876, episodic_return=0.0
SPS: 3216
global_step=315016, episodic_return=0.18099999999999994
global_step=315116, episodic_return=0.136
global_step=315216, episodic_return=0.5589999999999999
global_step=315216, episodic_return=0.244
global_step=315240, episodic_return=0.136
global_step=315376, episodic_return=0.703
SPS: 3217
global_step=315448, episodic_return=0.487
global_step=315460, episodic_return=0.235
global_step=315500, episodic_return=0.37
global_step=315588, episodic_return=0.694
global_step=315780, episodic_return=0.0
global_step=315788, episodic_return=0.2709999999999999
global_step=315904, episodic_return=0.0
SPS: 3217
global_step=315932, episodic_return=0.946
global_step=315992, episodic_return=0.0
global_step=316040, episodic_return=0.44199999999999995
global_step=316060, episodic_return=0.379
global_step=316216, episodic_return=0.37
global_step=316272, episodic_return=0.379
global_step=316380, episodic_return=0.766
SPS: 3217
global_step=316444, episodic_return=0.0
global_step=316464, episodic_return=0.0
global_step=316508, episodic_return=0.721
global_step=316516, episodic_return=0.847
global_step=316540, episodic_return=0.9369999999999999
global_step=316620, episodic_return=0.0
global_step=316660, episodic_return=0.5680000000000001
global_step=316792, episodic_return=0.712
global_step=316920, episodic_return=0.0
SPS: 3217
global_step=316944, episodic_return=0.0
global_step=317024, episodic_return=0.0
global_step=317188, episodic_return=0.45999999999999996
global_step=317196, episodic_return=0.0
global_step=317324, episodic_return=0.0
global_step=317388, episodic_return=0.865
global_step=317428, episodic_return=0.0
global_step=317440, episodic_return=0.982
SPS: 3217
global_step=317552, episodic_return=0.20799999999999996
global_step=317592, episodic_return=0.0
global_step=317756, episodic_return=0.55
global_step=317788, episodic_return=0.22599999999999998
global_step=317792, episodic_return=0.0
global_step=317928, episodic_return=0.703
SPS: 3217
global_step=317960, episodic_return=0.55
global_step=317984, episodic_return=0.127
global_step=318000, episodic_return=0.973
global_step=318028, episodic_return=0.469
global_step=318260, episodic_return=0.487
global_step=318332, episodic_return=0.0
global_step=318364, episodic_return=0.0
global_step=318404, episodic_return=0.0
global_step=318412, episodic_return=0.829
global_step=318436, episodic_return=0.9369999999999999
SPS: 3218
global_step=318604, episodic_return=0.577
global_step=318660, episodic_return=0.34299999999999997
global_step=318664, episodic_return=0.0
global_step=318720, episodic_return=0.883
global_step=318796, episodic_return=0.703
global_step=318824, episodic_return=0.775
global_step=318840, episodic_return=0.0
global_step=318844, episodic_return=0.901
global_step=318956, episodic_return=0.748
SPS: 3218
global_step=319008, episodic_return=0.0
global_step=319040, episodic_return=0.82
global_step=319108, episodic_return=0.37
global_step=319168, episodic_return=0.649
global_step=319248, episodic_return=0.0
global_step=319384, episodic_return=0.5229999999999999
global_step=319432, episodic_return=0.2799999999999999
global_step=319444, episodic_return=0.0
SPS: 3218
global_step=319508, episodic_return=0.838
global_step=319584, episodic_return=0.5589999999999999
global_step=319620, episodic_return=0.613
global_step=319640, episodic_return=0.883
global_step=319648, episodic_return=0.946
global_step=319652, episodic_return=0.0
global_step=319660, episodic_return=0.667
global_step=319820, episodic_return=0.649
SPS: 3218
global_step=320044, episodic_return=0.0
global_step=320052, episodic_return=0.0
global_step=320056, episodic_return=0.0
global_step=320092, episodic_return=0.901
global_step=320192, episodic_return=0.703
global_step=320224, episodic_return=0.0
global_step=320456, episodic_return=0.0
global_step=320496, episodic_return=0.0
SPS: 3218
global_step=320596, episodic_return=0.0
global_step=320628, episodic_return=0.0
global_step=320860, episodic_return=0.0
global_step=320900, episodic_return=0.0
global_step=320952, episodic_return=0.892
global_step=321000, episodic_return=0.0
SPS: 3219
global_step=321032, episodic_return=0.0
global_step=321128, episodic_return=0.4059999999999999
global_step=321156, episodic_return=0.55
global_step=321404, episodic_return=0.0
global_step=321436, episodic_return=0.0
global_step=321456, episodic_return=0.2709999999999999
global_step=321504, episodic_return=0.784
global_step=321532, episodic_return=0.946
SPS: 3219
global_step=321544, episodic_return=0.136
global_step=321592, episodic_return=0.703
global_step=321652, episodic_return=0.766
global_step=321668, episodic_return=0.973
global_step=321696, episodic_return=0.775
global_step=321744, episodic_return=0.901
global_step=321840, episodic_return=0.0
global_step=321872, episodic_return=0.244
global_step=321980, episodic_return=0.30699999999999994
SPS: 3219
global_step=322108, episodic_return=0.478
global_step=322148, episodic_return=0.0
global_step=322180, episodic_return=0.847
global_step=322208, episodic_return=0.4959999999999999
global_step=322244, episodic_return=0.0
global_step=322552, episodic_return=0.0
SPS: 3219
global_step=322584, episodic_return=0.0
global_step=322612, episodic_return=0.0
global_step=322648, episodic_return=0.0
global_step=322832, episodic_return=0.595
global_step=322848, episodic_return=0.478
global_step=322956, episodic_return=0.0
global_step=322988, episodic_return=0.0
global_step=323016, episodic_return=0.874
global_step=323048, episodic_return=0.9369999999999999
SPS: 3220
global_step=323076, episodic_return=0.946
global_step=323084, episodic_return=0.478
global_step=323104, episodic_return=0.946
global_step=323228, episodic_return=0.685
global_step=323236, episodic_return=0.0
global_step=323392, episodic_return=0.0
global_step=323392, episodic_return=0.6579999999999999
global_step=323408, episodic_return=0.604
global_step=323508, episodic_return=0.0
global_step=323520, episodic_return=0.721
global_step=323580, episodic_return=0.622
SPS: 3220
global_step=323764, episodic_return=0.17199999999999993
global_step=323772, episodic_return=0.577
global_step=323804, episodic_return=0.9369999999999999
global_step=323824, episodic_return=0.32499999999999996
global_step=323912, episodic_return=0.0
global_step=323924, episodic_return=0.982
global_step=324004, episodic_return=0.469
global_step=324060, episodic_return=0.43299999999999994
global_step=324064, episodic_return=0.694
SPS: 3220
global_step=324228, episodic_return=0.0
global_step=324256, episodic_return=0.577
global_step=324408, episodic_return=0.0
global_step=324420, episodic_return=0.19899999999999995
global_step=324448, episodic_return=0.577
global_step=324520, episodic_return=0.847
global_step=324604, episodic_return=0.595
SPS: 3219
global_step=324616, episodic_return=0.5409999999999999
global_step=324632, episodic_return=0.0
global_step=324776, episodic_return=0.685
global_step=324924, episodic_return=0.0
global_step=325008, episodic_return=0.0
global_step=325020, episodic_return=0.0
SPS: 3220
global_step=325136, episodic_return=0.748
global_step=325180, episodic_return=0.0
global_step=325224, episodic_return=0.5229999999999999
global_step=325252, episodic_return=0.847
global_step=325328, episodic_return=0.0
global_step=325348, episodic_return=0.73
global_step=325404, episodic_return=0.838
global_step=325444, episodic_return=0.31599999999999995
global_step=325628, episodic_return=0.379
SPS: 3220
global_step=325648, episodic_return=0.118
global_step=325656, episodic_return=0.44199999999999995
global_step=325660, episodic_return=0.9369999999999999
global_step=325772, episodic_return=0.748
global_step=325788, episodic_return=0.694
global_step=325848, episodic_return=0.0
global_step=325856, episodic_return=0.82
global_step=325904, episodic_return=0.748
global_step=326064, episodic_return=0.0
SPS: 3220
global_step=326220, episodic_return=0.6579999999999999
global_step=326252, episodic_return=0.0
global_step=326260, episodic_return=0.0
global_step=326276, episodic_return=0.955
global_step=326308, episodic_return=0.0
global_step=326320, episodic_return=0.91
global_step=326588, episodic_return=0.379
global_step=326624, episodic_return=0.0
SPS: 3220
global_step=326664, episodic_return=0.0
global_step=326684, episodic_return=0.874
global_step=326724, episodic_return=0.0
global_step=326872, episodic_return=0.6759999999999999
global_step=326880, episodic_return=0.5229999999999999
global_step=326924, episodic_return=0.892
global_step=326992, episodic_return=0.0
global_step=327084, episodic_return=0.55
global_step=327088, episodic_return=0.0
global_step=327120, episodic_return=0.9369999999999999
SPS: 3220
global_step=327220, episodic_return=0.703
global_step=327328, episodic_return=0.0
global_step=327396, episodic_return=0.0
global_step=327400, episodic_return=0.847
global_step=327412, episodic_return=0.577
global_step=327524, episodic_return=0.0
global_step=327576, episodic_return=0.6399999999999999
global_step=327668, episodic_return=0.4059999999999999
SPS: 3220
global_step=327716, episodic_return=0.2889999999999999
global_step=327812, episodic_return=0.361
global_step=327836, episodic_return=0.955
global_step=327864, episodic_return=0.946
global_step=327980, episodic_return=0.0
global_step=328012, episodic_return=0.34299999999999997
global_step=328072, episodic_return=0.0
global_step=328072, episodic_return=0.802
global_step=328172, episodic_return=0.784
SPS: 3221
global_step=328268, episodic_return=0.0
global_step=328416, episodic_return=0.0
global_step=328468, episodic_return=0.892
global_step=328476, episodic_return=0.0
global_step=328556, episodic_return=0.361
global_step=328576, episodic_return=0.0
global_step=328664, episodic_return=0.766
SPS: 3221
global_step=328872, episodic_return=0.0
global_step=328880, episodic_return=0.0
global_step=328944, episodic_return=0.18099999999999994
global_step=329068, episodic_return=0.0
SPS: 3221
global_step=329244, episodic_return=0.17199999999999993
global_step=329252, episodic_return=0.595
global_step=329284, episodic_return=0.0
global_step=329348, episodic_return=0.0
global_step=329356, episodic_return=0.847
global_step=329368, episodic_return=0.73
global_step=329508, episodic_return=0.667
global_step=329536, episodic_return=0.37
global_step=329552, episodic_return=0.595
global_step=329588, episodic_return=0.829
global_step=329640, episodic_return=0.8109999999999999
SPS: 3222
global_step=329752, episodic_return=0.0
global_step=329788, episodic_return=0.44199999999999995
global_step=329796, episodic_return=0.5409999999999999
global_step=329944, episodic_return=0.6579999999999999
global_step=330044, episodic_return=0.0
global_step=330108, episodic_return=0.20799999999999996
global_step=330200, episodic_return=0.0
global_step=330212, episodic_return=0.631
SPS: 3222
global_step=330348, episodic_return=0.0
global_step=330352, episodic_return=0.667
global_step=330416, episodic_return=0.55
global_step=330420, episodic_return=0.856
global_step=330512, episodic_return=0.0
global_step=330592, episodic_return=0.45999999999999996
global_step=330660, episodic_return=0.45999999999999996
global_step=330692, episodic_return=0.9369999999999999
global_step=330712, episodic_return=0.964
global_step=330724, episodic_return=0.712
SPS: 3222
global_step=330812, episodic_return=0.33399999999999996
global_step=330824, episodic_return=0.0
global_step=331040, episodic_return=0.2709999999999999
global_step=331128, episodic_return=0.0
global_step=331152, episodic_return=0.244
global_step=331180, episodic_return=0.892
global_step=331220, episodic_return=0.118
global_step=331264, episodic_return=0.757
SPS: 3222
global_step=331424, episodic_return=0.649
global_step=331444, episodic_return=0.0
global_step=331532, episodic_return=0.21699999999999997
global_step=331624, episodic_return=0.0
global_step=331712, episodic_return=0.604
SPS: 3223
global_step=331816, episodic_return=0.577
global_step=331828, episodic_return=0.0
global_step=331848, episodic_return=0.0
global_step=331920, episodic_return=0.775
global_step=331924, episodic_return=0.838
global_step=331944, episodic_return=0.487
global_step=332044, episodic_return=0.784
global_step=332232, episodic_return=0.0
SPS: 3223
global_step=332308, episodic_return=0.838
global_step=332324, episodic_return=0.0
global_step=332328, episodic_return=0.0
global_step=332408, episodic_return=0.82
global_step=332432, episodic_return=0.775
global_step=332448, episodic_return=0.0
global_step=332552, episodic_return=0.685
global_step=332636, episodic_return=0.82
global_step=332640, episodic_return=0.262
global_step=332696, episodic_return=0.4149999999999999
SPS: 3223
global_step=332852, episodic_return=0.0
global_step=333040, episodic_return=0.0
global_step=333044, episodic_return=0.0
global_step=333100, episodic_return=0.0
global_step=333192, episodic_return=0.6759999999999999
global_step=333256, episodic_return=0.0
global_step=333276, episodic_return=0.613
SPS: 3223
global_step=333404, episodic_return=0.18999999999999995
global_step=333480, episodic_return=0.361
global_step=333488, episodic_return=0.991
global_step=333620, episodic_return=0.712
global_step=333660, episodic_return=0.09999999999999998
global_step=333680, episodic_return=0.0
global_step=333748, episodic_return=0.235
global_step=333812, episodic_return=0.712
SPS: 3223
global_step=333924, episodic_return=0.613
global_step=333956, episodic_return=0.685
global_step=334024, episodic_return=0.0
global_step=334064, episodic_return=0.0
global_step=334092, episodic_return=0.703
global_step=334172, episodic_return=0.829
global_step=334328, episodic_return=0.6579999999999999
global_step=334328, episodic_return=0.0
global_step=334328, episodic_return=0.32499999999999996
SPS: 3224
global_step=334468, episodic_return=0.0
global_step=334552, episodic_return=0.82
global_step=334552, episodic_return=0.5049999999999999
global_step=334552, episodic_return=0.5049999999999999
global_step=334612, episodic_return=0.874
global_step=334720, episodic_return=0.631
global_step=334732, episodic_return=0.0
global_step=334732, episodic_return=0.604
global_step=334796, episodic_return=0.838
SPS: 3224
global_step=334920, episodic_return=0.73
global_step=334936, episodic_return=0.55
global_step=334948, episodic_return=0.946
global_step=335016, episodic_return=0.0
global_step=335032, episodic_return=0.82
global_step=335064, episodic_return=0.901
global_step=335112, episodic_return=0.829
global_step=335136, episodic_return=0.0
global_step=335196, episodic_return=0.874
global_step=335236, episodic_return=0.73
global_step=335240, episodic_return=0.32499999999999996
global_step=335260, episodic_return=0.865
global_step=335296, episodic_return=0.487
SPS: 3224
global_step=335444, episodic_return=0.55
global_step=335640, episodic_return=0.0
global_step=335664, episodic_return=0.0
global_step=335692, episodic_return=0.45099999999999996
global_step=335700, episodic_return=0.0
global_step=335852, episodic_return=0.667
global_step=335864, episodic_return=0.622
SPS: 3224
global_step=336044, episodic_return=0.0
global_step=336056, episodic_return=0.982
global_step=336068, episodic_return=0.0
global_step=336088, episodic_return=0.9369999999999999
global_step=336156, episodic_return=0.32499999999999996
global_step=336268, episodic_return=0.0
SPS: 3224
global_step=336472, episodic_return=0.0
global_step=336492, episodic_return=0.0
global_step=336560, episodic_return=0.0
global_step=336608, episodic_return=0.748
global_step=336672, episodic_return=0.0
global_step=336780, episodic_return=0.766
global_step=336872, episodic_return=0.10899999999999999
SPS: 3224
global_step=336900, episodic_return=0.739
global_step=336964, episodic_return=0.0
global_step=337004, episodic_return=0.919
global_step=337012, episodic_return=0.0
global_step=337068, episodic_return=0.865
global_step=337276, episodic_return=0.0
global_step=337304, episodic_return=0.0
global_step=337376, episodic_return=0.847
global_step=337404, episodic_return=0.721
SPS: 3225
global_step=337416, episodic_return=0.0
global_step=337452, episodic_return=0.901
global_step=337472, episodic_return=0.0
global_step=337592, episodic_return=0.5229999999999999
global_step=337608, episodic_return=0.577
global_step=337632, episodic_return=0.955
global_step=337816, episodic_return=0.595
global_step=337836, episodic_return=0.18999999999999995
global_step=337856, episodic_return=0.0
global_step=337868, episodic_return=0.9369999999999999
global_step=337920, episodic_return=0.775
SPS: 3225
global_step=337932, episodic_return=0.838
global_step=337936, episodic_return=0.235
global_step=337952, episodic_return=0.9369999999999999
global_step=338116, episodic_return=0.604
global_step=338160, episodic_return=0.4959999999999999
global_step=338160, episodic_return=0.5409999999999999
global_step=338208, episodic_return=0.901
global_step=338272, episodic_return=0.0
global_step=338312, episodic_return=0.5680000000000001
global_step=338380, episodic_return=0.514
SPS: 3225
global_step=338440, episodic_return=0.874
global_step=338472, episodic_return=0.649
global_step=338612, episodic_return=0.0
global_step=338632, episodic_return=0.964
global_step=338676, episodic_return=0.0
global_step=338776, episodic_return=0.253
global_step=338876, episodic_return=0.0
global_step=338944, episodic_return=0.4059999999999999
SPS: 3225
global_step=339036, episodic_return=0.0
global_step=339080, episodic_return=0.703
global_step=339180, episodic_return=0.0
global_step=339280, episodic_return=0.0
global_step=339440, episodic_return=0.0
global_step=339440, episodic_return=0.649
SPS: 3226
global_step=339484, episodic_return=0.0
global_step=339584, episodic_return=0.0
global_step=339612, episodic_return=0.622
global_step=339624, episodic_return=0.919
global_step=339668, episodic_return=0.91
global_step=339672, episodic_return=0.874
global_step=339744, episodic_return=0.32499999999999996
global_step=339796, episodic_return=0.73
global_step=339800, episodic_return=0.883
global_step=339856, episodic_return=0.874
global_step=339888, episodic_return=0.514
global_step=339888, episodic_return=0.0
SPS: 3226
global_step=340180, episodic_return=0.15400000000000003
global_step=340260, episodic_return=0.0
global_step=340292, episodic_return=0.0
global_step=340292, episodic_return=0.0
SPS: 3226
global_step=340584, episodic_return=0.0
global_step=340664, episodic_return=0.0
global_step=340696, episodic_return=0.0
global_step=340696, episodic_return=0.0
global_step=340728, episodic_return=0.865
global_step=340728, episodic_return=0.9369999999999999
global_step=340800, episodic_return=0.775
global_step=340840, episodic_return=0.757
global_step=340876, episodic_return=0.838
global_step=340928, episodic_return=0.892
global_step=340940, episodic_return=0.532
global_step=340988, episodic_return=0.0
SPS: 3226
global_step=341008, episodic_return=0.964
global_step=341124, episodic_return=0.595
global_step=341244, episodic_return=0.09999999999999998
global_step=341320, episodic_return=0.838
global_step=341332, episodic_return=0.0
global_step=341412, episodic_return=0.0
SPS: 3227
global_step=341508, episodic_return=0.613
global_step=341516, episodic_return=0.5680000000000001
global_step=341528, episodic_return=0.0
global_step=341592, episodic_return=0.82
global_step=341756, episodic_return=0.235
global_step=341820, episodic_return=0.4959999999999999
global_step=341892, episodic_return=0.18999999999999995
global_step=341904, episodic_return=0.136
global_step=342000, episodic_return=0.45999999999999996
SPS: 3227
global_step=342224, episodic_return=0.0
global_step=342264, episodic_return=0.19899999999999995
global_step=342268, episodic_return=0.4059999999999999
global_step=342296, episodic_return=0.0
global_step=342404, episodic_return=0.703
global_step=342424, episodic_return=0.964
global_step=342436, episodic_return=0.982
global_step=342448, episodic_return=0.5049999999999999
SPS: 3227
global_step=342600, episodic_return=0.32499999999999996
global_step=342668, episodic_return=0.0
global_step=342760, episodic_return=0.802
global_step=342796, episodic_return=0.5680000000000001
global_step=342840, episodic_return=0.0
global_step=342852, episodic_return=0.0
global_step=342924, episodic_return=0.82
SPS: 3227
global_step=343164, episodic_return=0.0
global_step=343200, episodic_return=0.0
global_step=343256, episodic_return=0.0
global_step=343328, episodic_return=0.0
global_step=343344, episodic_return=0.8109999999999999
global_step=343372, episodic_return=0.91
global_step=343508, episodic_return=0.6399999999999999
global_step=343512, episodic_return=0.694
SPS: 3227
global_step=343568, episodic_return=0.0
global_step=343600, episodic_return=0.9369999999999999
global_step=343604, episodic_return=0.0
global_step=343680, episodic_return=0.631
global_step=343684, episodic_return=0.829
global_step=343712, episodic_return=0.946
global_step=343880, episodic_return=0.631
global_step=343912, episodic_return=0.0
global_step=344004, episodic_return=0.0
global_step=344024, episodic_return=0.964
SPS: 3227
global_step=344084, episodic_return=0.0
global_step=344096, episodic_return=0.5229999999999999
global_step=344132, episodic_return=0.514
global_step=344428, episodic_return=0.0
global_step=344472, episodic_return=0.16299999999999992
global_step=344488, episodic_return=0.0
global_step=344536, episodic_return=0.0
global_step=344572, episodic_return=0.9279999999999999
SPS: 3227
global_step=344684, episodic_return=0.43299999999999994
global_step=344876, episodic_return=0.0
global_step=344892, episodic_return=0.0
global_step=344976, episodic_return=0.0
global_step=344996, episodic_return=0.739
global_step=345028, episodic_return=0.235
global_step=345044, episodic_return=0.667
SPS: 3227
global_step=345240, episodic_return=0.532
global_step=345240, episodic_return=0.5680000000000001
global_step=345268, episodic_return=0.3969999999999999
global_step=345272, episodic_return=0.9369999999999999
global_step=345324, episodic_return=0.22599999999999998
global_step=345492, episodic_return=0.5049999999999999
SPS: 3228
global_step=345644, episodic_return=0.0
global_step=345676, episodic_return=0.0
global_step=345704, episodic_return=0.532
global_step=345728, episodic_return=0.0
global_step=345912, episodic_return=0.4059999999999999
global_step=345940, episodic_return=0.946
global_step=346080, episodic_return=0.0
global_step=346108, episodic_return=0.0
SPS: 3228
global_step=346132, episodic_return=0.0
global_step=346160, episodic_return=0.514
global_step=346240, episodic_return=0.712
global_step=346244, episodic_return=0.757
global_step=346484, episodic_return=0.0
global_step=346564, episodic_return=0.0
SPS: 3228
global_step=346644, episodic_return=0.0
global_step=346648, episodic_return=0.0
global_step=346680, episodic_return=0.5680000000000001
global_step=346728, episodic_return=0.6399999999999999
global_step=346752, episodic_return=0.775
global_step=346964, episodic_return=0.2889999999999999
global_step=347012, episodic_return=0.262
global_step=347060, episodic_return=0.31599999999999995
global_step=347064, episodic_return=0.253
global_step=347064, episodic_return=0.784
SPS: 3229
global_step=347240, episodic_return=0.613
global_step=347360, episodic_return=0.33399999999999996
global_step=347416, episodic_return=0.0
global_step=347452, episodic_return=0.802
global_step=347468, episodic_return=0.0
global_step=347504, episodic_return=0.9279999999999999
global_step=347644, episodic_return=0.0
global_step=347648, episodic_return=0.685
SPS: 3229
global_step=347660, episodic_return=0.5409999999999999
global_step=347720, episodic_return=0.32499999999999996
global_step=347880, episodic_return=0.514
global_step=348040, episodic_return=0.127
global_step=348048, episodic_return=0.0
global_step=348100, episodic_return=0.15400000000000003
global_step=348104, episodic_return=0.5049999999999999
SPS: 3229
global_step=348240, episodic_return=0.694
global_step=348240, episodic_return=0.5589999999999999
global_step=348376, episodic_return=0.2709999999999999
global_step=348508, episodic_return=0.0
global_step=348644, episodic_return=0.0
global_step=348644, episodic_return=0.0
SPS: 3229
global_step=348676, episodic_return=0.9369999999999999
global_step=348676, episodic_return=0.33399999999999996
global_step=348912, episodic_return=0.0
global_step=349048, episodic_return=0.0
global_step=349076, episodic_return=0.946
global_step=349080, episodic_return=0.0
global_step=349080, episodic_return=0.0
global_step=349176, episodic_return=0.4149999999999999
global_step=349184, episodic_return=0.766
SPS: 3230
global_step=349276, episodic_return=0.784
global_step=349368, episodic_return=0.361
global_step=349368, episodic_return=0.802
global_step=349372, episodic_return=0.352
global_step=349384, episodic_return=0.973
global_step=349420, episodic_return=0.478
global_step=349472, episodic_return=0.8109999999999999
global_step=349484, episodic_return=0.757
global_step=349604, episodic_return=0.478
SPS: 3230
global_step=349732, episodic_return=0.45099999999999996
global_step=349760, episodic_return=0.946
global_step=349824, episodic_return=0.0
global_step=349852, episodic_return=0.802
global_step=349876, episodic_return=0.0
global_step=349944, episodic_return=0.244
global_step=350052, episodic_return=0.5589999999999999
global_step=350116, episodic_return=0.352
global_step=350152, episodic_return=0.5409999999999999
global_step=350200, episodic_return=0.6759999999999999
SPS: 3230
global_step=350280, episodic_return=0.6399999999999999
global_step=350280, episodic_return=0.0
global_step=350404, episodic_return=0.73
global_step=350512, episodic_return=0.487
global_step=350536, episodic_return=0.712
global_step=350556, episodic_return=0.0
global_step=350604, episodic_return=0.0
global_step=350636, episodic_return=0.73
SPS: 3230
global_step=350940, episodic_return=0.0
global_step=350960, episodic_return=0.0
global_step=351008, episodic_return=0.0
global_step=351012, episodic_return=0.847
global_step=351036, episodic_return=0.946
global_step=351040, episodic_return=0.0
global_step=351088, episodic_return=0.721
global_step=351136, episodic_return=0.784
global_step=351232, episodic_return=0.577
SPS: 3230
global_step=351416, episodic_return=0.0
global_step=351460, episodic_return=0.17199999999999993
global_step=351484, episodic_return=0.856
global_step=351488, episodic_return=0.43299999999999994
global_step=351540, episodic_return=0.0
global_step=351588, episodic_return=0.721
global_step=351604, episodic_return=0.748
global_step=351688, episodic_return=0.784
SPS: 3230
global_step=351760, episodic_return=0.847
global_step=351872, episodic_return=0.4059999999999999
global_step=351888, episodic_return=0.0
global_step=351892, episodic_return=0.21699999999999997
global_step=352076, episodic_return=0.55
global_step=352164, episodic_return=0.0
global_step=352180, episodic_return=0.973
global_step=352196, episodic_return=0.31599999999999995
SPS: 3231
global_step=352296, episodic_return=0.0
global_step=352448, episodic_return=0.17199999999999993
global_step=352584, episodic_return=0.0
global_step=352600, episodic_return=0.0
global_step=352700, episodic_return=0.0
global_step=352700, episodic_return=0.44199999999999995
global_step=352760, episodic_return=0.649
SPS: 3231
global_step=352860, episodic_return=0.3879999999999999
global_step=352948, episodic_return=0.45099999999999996
global_step=353000, episodic_return=0.469
global_step=353104, episodic_return=0.0
global_step=353156, episodic_return=0.892
global_step=353188, episodic_return=0.2709999999999999
SPS: 3231
global_step=353300, episodic_return=0.757
global_step=353304, episodic_return=0.32499999999999996
global_step=353352, episodic_return=0.0
global_step=353472, episodic_return=0.622
global_step=353540, episodic_return=0.478
global_step=353560, episodic_return=0.0
global_step=353756, episodic_return=0.0
SPS: 3232
global_step=353876, episodic_return=0.0
global_step=353888, episodic_return=0.22599999999999998
global_step=353964, episodic_return=0.0
global_step=354020, episodic_return=0.4149999999999999
global_step=354036, episodic_return=0.973
global_step=354036, episodic_return=0.649
global_step=354136, episodic_return=0.784
global_step=354252, episodic_return=0.18999999999999995
SPS: 3232
global_step=354368, episodic_return=0.0
global_step=354440, episodic_return=0.0
global_step=354468, episodic_return=0.946
global_step=354492, episodic_return=0.73
global_step=354540, episodic_return=0.0
global_step=354656, episodic_return=0.0
SPS: 3232
global_step=354872, episodic_return=0.0
global_step=354896, episodic_return=0.0
global_step=354904, episodic_return=0.45099999999999996
global_step=354944, episodic_return=0.0
global_step=354960, episodic_return=0.865
global_step=355044, episodic_return=0.784
global_step=355080, episodic_return=0.613
global_step=355248, episodic_return=0.55
global_step=355276, episodic_return=0.0
global_step=355280, episodic_return=0.2889999999999999
global_step=355300, episodic_return=0.514
global_step=355316, episodic_return=0.919
SPS: 3232
global_step=355388, episodic_return=0.694
global_step=355404, episodic_return=0.8109999999999999
global_step=355532, episodic_return=0.685
global_step=355632, episodic_return=0.4959999999999999
global_step=355640, episodic_return=0.19899999999999995
global_step=355640, episodic_return=0.244
global_step=355824, episodic_return=0.352
SPS: 3233
global_step=355904, episodic_return=0.829
global_step=355924, episodic_return=0.37
global_step=355928, episodic_return=0.361
global_step=355956, episodic_return=0.2799999999999999
global_step=355972, episodic_return=0.91
global_step=356000, episodic_return=0.838
global_step=356020, episodic_return=0.748
global_step=356052, episodic_return=0.829
global_step=356168, episodic_return=0.6759999999999999
global_step=356272, episodic_return=0.775
global_step=356272, episodic_return=0.3969999999999999
global_step=356288, episodic_return=0.478
SPS: 3233
global_step=356360, episodic_return=0.0
global_step=356400, episodic_return=0.919
global_step=356420, episodic_return=0.6759999999999999
global_step=356652, episodic_return=0.18999999999999995
global_step=356676, episodic_return=0.0
global_step=356804, episodic_return=0.0
global_step=356824, episodic_return=0.0
global_step=356852, episodic_return=0.946
global_step=356852, episodic_return=0.613
SPS: 3233
global_step=356928, episodic_return=0.838
global_step=356940, episodic_return=0.8109999999999999
global_step=357056, episodic_return=0.0
global_step=357096, episodic_return=0.352
global_step=357172, episodic_return=0.487
global_step=357216, episodic_return=0.361
global_step=357224, episodic_return=0.631
SPS: 3233
global_step=357400, episodic_return=0.32499999999999996
global_step=357412, episodic_return=0.586
global_step=357448, episodic_return=0.3879999999999999
global_step=357588, episodic_return=0.17199999999999993
global_step=357592, episodic_return=0.685
global_step=357628, episodic_return=0.5229999999999999
global_step=357804, episodic_return=0.0
global_step=357828, episodic_return=0.5589999999999999
SPS: 3233
global_step=357896, episodic_return=0.32499999999999996
global_step=357972, episodic_return=0.685
global_step=357992, episodic_return=0.0
global_step=358052, episodic_return=0.829
global_step=358208, episodic_return=0.0
global_step=358236, episodic_return=0.946
global_step=358296, episodic_return=0.10899999999999999
global_step=358396, episodic_return=0.0
SPS: 3233
global_step=358456, episodic_return=0.0
global_step=358472, episodic_return=0.478
global_step=358620, episodic_return=0.6759999999999999
global_step=358700, episodic_return=0.0
global_step=358732, episodic_return=0.3879999999999999
global_step=358800, episodic_return=0.0
global_step=358864, episodic_return=0.712
global_step=358876, episodic_return=0.982
SPS: 3234
global_step=358928, episodic_return=0.4959999999999999
global_step=358972, episodic_return=0.91
global_step=359024, episodic_return=0.0
global_step=359060, episodic_return=0.8109999999999999
global_step=359172, episodic_return=0.34299999999999997
global_step=359204, episodic_return=0.0
global_step=359244, episodic_return=0.919
SPS: 3234
global_step=359428, episodic_return=0.0
global_step=359464, episodic_return=0.0
global_step=359500, episodic_return=0.43299999999999994
global_step=359520, episodic_return=0.883
global_step=359576, episodic_return=0.0
global_step=359608, episodic_return=0.766
global_step=359648, episodic_return=0.919
global_step=359764, episodic_return=0.748
global_step=359804, episodic_return=0.37
global_step=359832, episodic_return=0.0
global_step=359912, episodic_return=0.766
global_step=359916, episodic_return=0.82
global_step=359932, episodic_return=0.964
SPS: 3234
global_step=359980, episodic_return=0.0
global_step=360016, episodic_return=0.784
global_step=360168, episodic_return=0.0
global_step=360304, episodic_return=0.361
global_step=360336, episodic_return=0.0
global_step=360384, episodic_return=0.0
global_step=360400, episodic_return=0.7929999999999999
SPS: 3233
global_step=360504, episodic_return=0.253
global_step=360608, episodic_return=0.5409999999999999
global_step=360660, episodic_return=0.3879999999999999
global_step=360740, episodic_return=0.0
global_step=360836, episodic_return=0.262
global_step=360860, episodic_return=0.955
global_step=360896, episodic_return=0.6579999999999999
global_step=360952, episodic_return=0.802
SPS: 3233
global_step=360976, episodic_return=0.955
global_step=361012, episodic_return=0.0
global_step=361064, episodic_return=0.0
global_step=361116, episodic_return=0.694
global_step=361224, episodic_return=0.649
global_step=361240, episodic_return=0.973
global_step=361292, episodic_return=0.118
global_step=361416, episodic_return=0.0
SPS: 3234
global_step=361520, episodic_return=0.0
global_step=361560, episodic_return=0.685
global_step=361644, episodic_return=0.0
global_step=361660, episodic_return=0.784
global_step=361696, episodic_return=0.0
global_step=361784, episodic_return=0.73
global_step=361812, episodic_return=0.352
global_step=361900, episodic_return=0.55
global_step=361948, episodic_return=0.32499999999999996
SPS: 3233
global_step=362004, episodic_return=0.883
global_step=362112, episodic_return=0.532
global_step=362188, episodic_return=0.0
global_step=362216, episodic_return=0.0
global_step=362304, episodic_return=0.577
global_step=362312, episodic_return=0.73
global_step=362352, episodic_return=0.703
global_step=362408, episodic_return=0.0
global_step=362468, episodic_return=0.6579999999999999
SPS: 3234
global_step=362540, episodic_return=0.712
global_step=362548, episodic_return=0.991
global_step=362644, episodic_return=0.613
global_step=362680, episodic_return=0.712
global_step=362708, episodic_return=0.0
global_step=362756, episodic_return=0.0
global_step=362852, episodic_return=0.622
global_step=362976, episodic_return=0.514
SPS: 3234
global_step=363048, episodic_return=0.0
global_step=363112, episodic_return=0.0
global_step=363180, episodic_return=0.2709999999999999
global_step=363216, episodic_return=0.775
global_step=363228, episodic_return=0.982
global_step=363380, episodic_return=0.0
global_step=363452, episodic_return=0.0
global_step=363464, episodic_return=0.82
global_step=363504, episodic_return=0.3879999999999999
SPS: 3234
global_step=363540, episodic_return=0.8109999999999999
global_step=363584, episodic_return=0.0
global_step=363708, episodic_return=0.73
global_step=363732, episodic_return=0.4959999999999999
global_step=363788, episodic_return=0.883
global_step=363792, episodic_return=0.2709999999999999
global_step=363820, episodic_return=0.946
global_step=363944, episodic_return=0.0
global_step=363968, episodic_return=0.604
SPS: 3234
global_step=364036, episodic_return=0.802
global_step=364056, episodic_return=0.478
global_step=364112, episodic_return=0.0
global_step=364128, episodic_return=0.649
global_step=364176, episodic_return=0.901
global_step=364340, episodic_return=0.4959999999999999
global_step=364340, episodic_return=0.6399999999999999
global_step=364364, episodic_return=0.2709999999999999
global_step=364404, episodic_return=0.22599999999999998
global_step=364416, episodic_return=0.838
global_step=364440, episodic_return=0.784
SPS: 3234
global_step=364580, episodic_return=0.694
global_step=364620, episodic_return=0.55
global_step=364672, episodic_return=0.802
global_step=364692, episodic_return=0.964
global_step=364700, episodic_return=0.253
global_step=364804, episodic_return=0.595
global_step=364808, episodic_return=0.0
global_step=364824, episodic_return=0.73
global_step=364904, episodic_return=0.7929999999999999
global_step=364956, episodic_return=0.892
global_step=364976, episodic_return=0.667
SPS: 3234
global_step=365096, episodic_return=0.0
global_step=365208, episodic_return=0.0
global_step=365360, episodic_return=0.0
global_step=365376, episodic_return=0.631
global_step=365380, episodic_return=0.0
global_step=365488, episodic_return=0.766
global_step=365500, episodic_return=0.0
global_step=365560, episodic_return=0.595
SPS: 3235
global_step=365720, episodic_return=0.649
global_step=365764, episodic_return=0.0
global_step=365824, episodic_return=0.253
global_step=365904, episodic_return=0.0
global_step=366028, episodic_return=0.4149999999999999
global_step=366060, episodic_return=0.6579999999999999
global_step=366064, episodic_return=0.9279999999999999
SPS: 3235
global_step=366092, episodic_return=0.946
global_step=366124, episodic_return=0.0
global_step=366176, episodic_return=0.892
global_step=366224, episodic_return=0.712
global_step=366228, episodic_return=0.0
global_step=366300, episodic_return=0.469
global_step=366456, episodic_return=0.4959999999999999
global_step=366548, episodic_return=0.45099999999999996
global_step=366580, episodic_return=0.0
SPS: 3235
global_step=366628, episodic_return=0.0
global_step=366860, episodic_return=0.0
global_step=366952, episodic_return=0.0
global_step=366984, episodic_return=0.0
global_step=367032, episodic_return=0.0
SPS: 3236
global_step=367196, episodic_return=0.45999999999999996
global_step=367264, episodic_return=0.0
global_step=367388, episodic_return=0.0
global_step=367436, episodic_return=0.0
global_step=367536, episodic_return=0.3969999999999999
global_step=367600, episodic_return=0.0
SPS: 3236
global_step=367636, episodic_return=0.5589999999999999
global_step=367712, episodic_return=0.838
global_step=367792, episodic_return=0.0
global_step=367872, episodic_return=0.649
global_step=367932, episodic_return=0.694
global_step=367940, episodic_return=0.0
global_step=368000, episodic_return=0.721
global_step=368004, episodic_return=0.0
global_step=368024, episodic_return=0.955
global_step=368072, episodic_return=0.856
global_step=368120, episodic_return=0.7929999999999999
SPS: 3236
global_step=368140, episodic_return=0.5589999999999999
global_step=368148, episodic_return=0.838
global_step=368220, episodic_return=0.829
global_step=368296, episodic_return=0.613
global_step=368336, episodic_return=0.0
global_step=368544, episodic_return=0.45099999999999996
global_step=368552, episodic_return=0.0
global_step=368624, episodic_return=0.0
SPS: 3236
global_step=368712, episodic_return=0.631
global_step=368740, episodic_return=0.0
global_step=368792, episodic_return=0.829
global_step=368848, episodic_return=0.766
global_step=368952, episodic_return=0.10899999999999999
global_step=368988, episodic_return=0.18999999999999995
global_step=369032, episodic_return=0.595
global_step=369140, episodic_return=0.766
SPS: 3236
global_step=369196, episodic_return=0.0
global_step=369288, episodic_return=0.253
global_step=369352, episodic_return=0.18999999999999995
global_step=369380, episodic_return=0.469
global_step=369508, episodic_return=0.30699999999999994
global_step=369560, episodic_return=0.892
global_step=369640, episodic_return=0.42399999999999993
SPS: 3237
global_step=369668, episodic_return=0.766
global_step=369692, episodic_return=0.0
global_step=369756, episodic_return=0.0
global_step=369828, episodic_return=0.703
global_step=369972, episodic_return=0.32499999999999996
global_step=370016, episodic_return=0.16299999999999992
global_step=370108, episodic_return=0.802
global_step=370136, episodic_return=0.15400000000000003
SPS: 3237
global_step=370204, episodic_return=0.7929999999999999
global_step=370232, episodic_return=0.0
global_step=370308, episodic_return=0.775
global_step=370308, episodic_return=0.253
global_step=370340, episodic_return=0.9369999999999999
global_step=370416, episodic_return=0.766
global_step=370420, episodic_return=0.586
global_step=370432, episodic_return=0.802
global_step=370504, episodic_return=0.847
global_step=370520, episodic_return=0.775
global_step=370540, episodic_return=0.0
global_step=370552, episodic_return=0.982
global_step=370568, episodic_return=0.865
global_step=370648, episodic_return=0.4959999999999999
global_step=370688, episodic_return=0.739
SPS: 3237
global_step=370720, episodic_return=0.5589999999999999
global_step=370800, episodic_return=0.829
global_step=370860, episodic_return=0.622
global_step=370948, episodic_return=0.6759999999999999
global_step=370956, episodic_return=0.0
global_step=371000, episodic_return=0.892
global_step=371052, episodic_return=0.0
global_step=371168, episodic_return=0.631
global_step=371180, episodic_return=0.2889999999999999
SPS: 3237
global_step=371216, episodic_return=0.901
global_step=371360, episodic_return=0.0
global_step=371364, episodic_return=0.30699999999999994
global_step=371536, episodic_return=0.622
global_step=371584, episodic_return=0.0
global_step=371620, episodic_return=0.0
global_step=371652, episodic_return=0.856
global_step=371676, episodic_return=0.694
global_step=371696, episodic_return=0.253
global_step=371712, episodic_return=0.9279999999999999
SPS: 3237
global_step=371924, episodic_return=0.3969999999999999
global_step=372024, episodic_return=0.0
global_step=372048, episodic_return=0.21699999999999997
global_step=372112, episodic_return=0.10899999999999999
global_step=372180, episodic_return=0.856
SPS: 3238
global_step=372328, episodic_return=0.0
global_step=372368, episodic_return=0.919
global_step=372428, episodic_return=0.0
global_step=372452, episodic_return=0.0
global_step=372584, episodic_return=0.0
global_step=372644, episodic_return=0.3879999999999999
global_step=372676, episodic_return=0.5049999999999999
SPS: 3238
global_step=372784, episodic_return=0.766
global_step=372832, episodic_return=0.0
global_step=372920, episodic_return=0.3879999999999999
global_step=372976, episodic_return=0.127
global_step=373036, episodic_return=0.44199999999999995
global_step=373124, episodic_return=0.6759999999999999
global_step=373132, episodic_return=0.532
global_step=373236, episodic_return=0.0
global_step=373244, episodic_return=0.739
SPS: 3238
global_step=373404, episodic_return=0.18099999999999994
global_step=373536, episodic_return=0.0
global_step=373600, episodic_return=0.865
global_step=373640, episodic_return=0.0
global_step=373648, episodic_return=0.0
global_step=373744, episodic_return=0.685
SPS: 3238
global_step=373808, episodic_return=0.0
global_step=373824, episodic_return=0.829
global_step=373832, episodic_return=0.595
global_step=373892, episodic_return=0.82
global_step=374024, episodic_return=0.577
global_step=374044, episodic_return=0.0
global_step=374212, episodic_return=0.586
global_step=374228, episodic_return=0.0
SPS: 3239
global_step=374296, episodic_return=0.0
global_step=374308, episodic_return=0.7929999999999999
global_step=374448, episodic_return=0.0
global_step=374472, episodic_return=0.45999999999999996
global_step=374492, episodic_return=0.964
global_step=374524, episodic_return=0.4959999999999999
global_step=374632, episodic_return=0.595
global_step=374676, episodic_return=0.667
global_step=374712, episodic_return=0.0
SPS: 3239
global_step=374896, episodic_return=0.0
global_step=375008, episodic_return=0.34299999999999997
global_step=375020, episodic_return=0.73
global_step=375036, episodic_return=0.0
global_step=375064, episodic_return=0.136
global_step=375092, episodic_return=0.82
global_step=375176, episodic_return=0.757
global_step=375268, episodic_return=0.802
SPS: 3239
global_step=375380, episodic_return=0.235
global_step=375384, episodic_return=0.352
global_step=375424, episodic_return=0.0
global_step=375588, episodic_return=0.2889999999999999
global_step=375664, episodic_return=0.469
global_step=375716, episodic_return=0.892
global_step=375784, episodic_return=0.0
global_step=375788, episodic_return=0.0
SPS: 3239
global_step=375828, episodic_return=0.757
global_step=375992, episodic_return=0.0
global_step=376132, episodic_return=0.235
global_step=376140, episodic_return=0.30699999999999994
global_step=376188, episodic_return=0.0
global_step=376288, episodic_return=0.6579999999999999
SPS: 3239
global_step=376356, episodic_return=0.5229999999999999
global_step=376396, episodic_return=0.0
global_step=376436, episodic_return=0.6759999999999999
global_step=376480, episodic_return=0.352
global_step=376492, episodic_return=0.703
global_step=376672, episodic_return=0.3879999999999999
global_step=376676, episodic_return=0.595
global_step=376752, episodic_return=0.829
global_step=376824, episodic_return=0.847
SPS: 3240
global_step=376840, episodic_return=0.0
global_step=376844, episodic_return=0.964
global_step=376884, episodic_return=0.0
global_step=377080, episodic_return=0.0
global_step=377112, episodic_return=0.3969999999999999
global_step=377112, episodic_return=0.4059999999999999
global_step=377244, episodic_return=0.712
global_step=377256, episodic_return=0.17199999999999993
global_step=377340, episodic_return=0.7929999999999999
SPS: 3239
global_step=377484, episodic_return=0.0
global_step=377516, episodic_return=0.0
global_step=377520, episodic_return=0.604
global_step=377544, episodic_return=0.955
global_step=377660, episodic_return=0.0
global_step=377708, episodic_return=0.901
global_step=377732, episodic_return=0.586
SPS: 3239
global_step=377888, episodic_return=0.0
global_step=377920, episodic_return=0.0
global_step=377980, episodic_return=0.3969999999999999
global_step=378016, episodic_return=0.37
global_step=378096, episodic_return=0.829
global_step=378188, episodic_return=0.33399999999999996
global_step=378324, episodic_return=0.0
global_step=378324, episodic_return=0.4959999999999999
SPS: 3239
global_step=378384, episodic_return=0.0
global_step=378488, episodic_return=0.33399999999999996
global_step=378528, episodic_return=0.919
global_step=378536, episodic_return=0.532
global_step=378640, episodic_return=0.775
global_step=378644, episodic_return=0.2889999999999999
global_step=378684, episodic_return=0.6579999999999999
global_step=378788, episodic_return=0.0
global_step=378796, episodic_return=0.6579999999999999
global_step=378864, episodic_return=0.856
SPS: 3239
global_step=378884, episodic_return=0.964
global_step=379040, episodic_return=0.6579999999999999
global_step=379048, episodic_return=0.0
global_step=379088, episodic_return=0.0
global_step=379088, episodic_return=0.901
global_step=379148, episodic_return=0.874
global_step=379192, episodic_return=0.0
global_step=379200, episodic_return=0.667
SPS: 3240
global_step=379492, episodic_return=0.0
global_step=379524, episodic_return=0.262
global_step=379532, episodic_return=0.262
global_step=379552, episodic_return=0.0
global_step=379592, episodic_return=0.919
global_step=379796, episodic_return=0.32499999999999996
SPS: 3240
global_step=379928, episodic_return=0.0
global_step=379936, episodic_return=0.0
global_step=379964, episodic_return=0.631
global_step=379988, episodic_return=0.892
global_step=379996, episodic_return=0.0
global_step=380028, episodic_return=0.784
global_step=380236, episodic_return=0.5409999999999999
global_step=380304, episodic_return=0.31599999999999995
global_step=380324, episodic_return=0.19899999999999995
global_step=380372, episodic_return=0.856
global_step=380392, episodic_return=0.0
SPS: 3240
global_step=380432, episodic_return=0.874
global_step=380512, episodic_return=0.739
global_step=380520, episodic_return=0.5680000000000001
global_step=380544, episodic_return=0.31599999999999995
global_step=380576, episodic_return=0.865
global_step=380664, episodic_return=0.739
global_step=380756, episodic_return=0.802
global_step=380836, episodic_return=0.0
global_step=380888, episodic_return=0.30699999999999994
global_step=380924, episodic_return=0.0
SPS: 3240
global_step=380952, episodic_return=0.865
global_step=381036, episodic_return=0.757
global_step=381160, episodic_return=0.0
global_step=381172, episodic_return=0.982
global_step=381184, episodic_return=0.6759999999999999
global_step=381236, episodic_return=0.865
global_step=381240, episodic_return=0.0
global_step=381320, episodic_return=0.82
global_step=381336, episodic_return=0.7929999999999999
global_step=381352, episodic_return=0.631
global_step=381356, episodic_return=0.0
SPS: 3240
global_step=381568, episodic_return=0.532
global_step=381668, episodic_return=0.262
global_step=381724, episodic_return=0.0
global_step=381744, episodic_return=0.964
global_step=381756, episodic_return=0.0
global_step=381804, episodic_return=0.478
global_step=381928, episodic_return=0.595
global_step=381948, episodic_return=0.577
SPS: 3240
global_step=381972, episodic_return=0.631
global_step=382036, episodic_return=0.766
global_step=382072, episodic_return=0.0
global_step=382088, episodic_return=0.748
global_step=382352, episodic_return=0.0
global_step=382416, episodic_return=0.2709999999999999
global_step=382440, episodic_return=0.0
SPS: 3240
global_step=382476, episodic_return=0.0
global_step=382548, episodic_return=0.5680000000000001
global_step=382588, episodic_return=0.6759999999999999
global_step=382616, episodic_return=0.694
global_step=382804, episodic_return=0.5229999999999999
global_step=382820, episodic_return=0.0
global_step=382952, episodic_return=0.0
SPS: 3241
global_step=383020, episodic_return=0.0
global_step=383152, episodic_return=0.262
global_step=383164, episodic_return=0.19899999999999995
global_step=383316, episodic_return=0.34299999999999997
global_step=383356, episodic_return=0.0
global_step=383460, episodic_return=0.685
global_step=383464, episodic_return=0.33399999999999996
SPS: 3241
global_step=383532, episodic_return=0.613
global_step=383556, episodic_return=0.0
global_step=383568, episodic_return=0.766
global_step=383580, episodic_return=0.901
global_step=383620, episodic_return=0.919
global_step=383684, episodic_return=0.748
global_step=383724, episodic_return=0.631
global_step=383836, episodic_return=0.5229999999999999
global_step=383868, episodic_return=0.0
SPS: 3241
global_step=384088, episodic_return=0.0
global_step=384092, episodic_return=0.18099999999999994
global_step=384160, episodic_return=0.352
global_step=384212, episodic_return=0.73
global_step=384240, episodic_return=0.0
global_step=384256, episodic_return=0.91
global_step=384344, episodic_return=0.8109999999999999
global_step=384380, episodic_return=0.694
global_step=384388, episodic_return=0.4959999999999999
global_step=384440, episodic_return=0.7929999999999999
global_step=384496, episodic_return=0.0
SPS: 3241
global_step=384524, episodic_return=0.703
global_step=384740, episodic_return=0.33399999999999996
global_step=384784, episodic_return=0.0
global_step=384872, episodic_return=0.22599999999999998
global_step=384900, episodic_return=0.0
global_step=385008, episodic_return=0.4059999999999999
SPS: 3241
global_step=385188, episodic_return=0.0
global_step=385188, episodic_return=0.361
global_step=385276, episodic_return=0.0
global_step=385380, episodic_return=0.577
global_step=385404, episodic_return=0.721
global_step=385412, episodic_return=0.0
global_step=385460, episodic_return=0.901
global_step=385488, episodic_return=0.766
global_step=385536, episodic_return=0.838
SPS: 3242
global_step=385580, episodic_return=0.613
global_step=385592, episodic_return=0.0
global_step=385844, episodic_return=0.4149999999999999
global_step=385868, episodic_return=0.3879999999999999
global_step=385892, episodic_return=0.0
global_step=385908, episodic_return=0.17199999999999993
SPS: 3242
global_step=386188, episodic_return=0.379
global_step=386240, episodic_return=0.17199999999999993
global_step=386248, episodic_return=0.0
global_step=386296, episodic_return=0.0
global_step=386404, episodic_return=0.766
global_step=386404, episodic_return=0.6579999999999999
global_step=386520, episodic_return=0.748
SPS: 3242
global_step=386592, episodic_return=0.0
global_step=386644, episodic_return=0.0
global_step=386652, episodic_return=0.874
global_step=386728, episodic_return=0.5409999999999999
global_step=386768, episodic_return=0.73
global_step=386784, episodic_return=0.712
global_step=386808, episodic_return=0.0
global_step=386872, episodic_return=0.865
global_step=386908, episodic_return=0.73
global_step=386920, episodic_return=0.577
global_step=386964, episodic_return=0.5680000000000001
SPS: 3242
global_step=387240, episodic_return=0.262
global_step=387244, episodic_return=0.2799999999999999
global_step=387276, episodic_return=0.0
global_step=387312, episodic_return=0.22599999999999998
global_step=387332, episodic_return=0.8109999999999999
global_step=387384, episodic_return=0.685
global_step=387408, episodic_return=0.7929999999999999
global_step=387468, episodic_return=0.577
SPS: 3243
global_step=387724, episodic_return=0.43299999999999994
global_step=387736, episodic_return=0.0
global_step=387788, episodic_return=0.0
global_step=387796, episodic_return=0.847
global_step=387812, episodic_return=0.0
global_step=387824, episodic_return=0.9279999999999999
global_step=387996, episodic_return=0.622
global_step=388032, episodic_return=0.34299999999999997
global_step=388084, episodic_return=0.361
SPS: 3243
global_step=388116, episodic_return=0.739
global_step=388184, episodic_return=0.784
global_step=388188, episodic_return=0.6579999999999999
global_step=388212, episodic_return=0.7929999999999999
global_step=388216, episodic_return=0.0
global_step=388240, episodic_return=0.892
global_step=388432, episodic_return=0.5229999999999999
global_step=388564, episodic_return=0.712
global_step=388588, episodic_return=0.0
SPS: 3243
global_step=388616, episodic_return=0.0
global_step=388644, episodic_return=0.0
global_step=388700, episodic_return=0.883
global_step=388740, episodic_return=0.613
global_step=388816, episodic_return=0.5589999999999999
global_step=388972, episodic_return=0.6579999999999999
global_step=388992, episodic_return=0.0
global_step=389008, episodic_return=0.4059999999999999
global_step=389080, episodic_return=0.847
global_step=389084, episodic_return=0.14500000000000002
global_step=389100, episodic_return=0.721
SPS: 3243
global_step=389232, episodic_return=0.6759999999999999
global_step=389356, episodic_return=0.43299999999999994
global_step=389396, episodic_return=0.0
global_step=389484, episodic_return=0.0
global_step=389516, episodic_return=0.37
SPS: 3243
global_step=389636, episodic_return=0.469
global_step=389656, episodic_return=0.622
global_step=389672, episodic_return=0.29799999999999993
global_step=389916, episodic_return=0.45999999999999996
global_step=389920, episodic_return=0.0
global_step=390040, episodic_return=0.0
global_step=390060, episodic_return=0.0
SPS: 3244
global_step=390148, episodic_return=0.487
global_step=390324, episodic_return=0.0
global_step=390444, episodic_return=0.0
global_step=390464, episodic_return=0.0
global_step=390552, episodic_return=0.0
global_step=390592, episodic_return=0.6759999999999999
SPS: 3244
global_step=390692, episodic_return=0.784
global_step=390724, episodic_return=0.622
global_step=390728, episodic_return=0.0
global_step=390788, episodic_return=0.865
global_step=390840, episodic_return=0.757
global_step=390868, episodic_return=0.0
global_step=390884, episodic_return=0.577
global_step=391148, episodic_return=0.379
SPS: 3244
global_step=391192, episodic_return=0.0
global_step=391244, episodic_return=0.0
global_step=391268, episodic_return=0.14500000000000002
global_step=391324, episodic_return=0.829
global_step=391384, episodic_return=0.874
global_step=391460, episodic_return=0.838
global_step=391552, episodic_return=0.0
global_step=391580, episodic_return=0.136
global_step=391672, episodic_return=0.0
SPS: 3244
global_step=391852, episodic_return=0.604
global_step=391864, episodic_return=0.0
global_step=391904, episodic_return=0.2799999999999999
global_step=391912, episodic_return=0.874
global_step=391956, episodic_return=0.0
global_step=392172, episodic_return=0.42399999999999993
SPS: 3245
global_step=392228, episodic_return=0.18999999999999995
global_step=392308, episodic_return=0.0
global_step=392360, episodic_return=0.0
global_step=392480, episodic_return=0.44199999999999995
global_step=392496, episodic_return=0.703
global_step=392528, episodic_return=0.514
global_step=392576, episodic_return=0.0
global_step=392692, episodic_return=0.532
global_step=392704, episodic_return=0.613
SPS: 3245
global_step=392716, episodic_return=0.955
global_step=392788, episodic_return=0.532
global_step=392852, episodic_return=0.20799999999999996
global_step=393044, episodic_return=0.577
global_step=393044, episodic_return=0.2709999999999999
global_step=393076, episodic_return=0.17199999999999993
global_step=393192, episodic_return=0.0
SPS: 3245
global_step=393220, episodic_return=0.613
global_step=393448, episodic_return=0.0
global_step=393480, episodic_return=0.0
global_step=393508, episodic_return=0.361
global_step=393596, episodic_return=0.0
global_step=393664, episodic_return=0.5229999999999999
global_step=393696, episodic_return=0.784
SPS: 3245
global_step=393884, episodic_return=0.0
global_step=393912, episodic_return=0.0
global_step=393956, episodic_return=0.352
global_step=394020, episodic_return=0.703
global_step=394056, episodic_return=0.685
global_step=394080, episodic_return=0.955
global_step=394100, episodic_return=0.0
SPS: 3244
global_step=394360, episodic_return=0.0
global_step=394372, episodic_return=0.21699999999999997
global_step=394412, episodic_return=0.262
global_step=394504, episodic_return=0.0
global_step=394612, episodic_return=0.5589999999999999
global_step=394636, episodic_return=0.955
global_step=394664, episodic_return=0.32499999999999996
global_step=394696, episodic_return=0.577
global_step=394752, episodic_return=0.748
SPS: 3244
global_step=394776, episodic_return=0.0
global_step=394836, episodic_return=0.622
global_step=394840, episodic_return=0.685
global_step=394880, episodic_return=0.775
global_step=394912, episodic_return=0.649
global_step=394932, episodic_return=0.802
global_step=394936, episodic_return=0.784
global_step=394964, episodic_return=0.82
global_step=394992, episodic_return=0.883
global_step=395008, episodic_return=0.838
global_step=395060, episodic_return=0.6759999999999999
global_step=395096, episodic_return=0.8109999999999999
global_step=395100, episodic_return=0.703
global_step=395208, episodic_return=0.766
global_step=395240, episodic_return=0.45099999999999996
SPS: 3244
global_step=395312, episodic_return=0.5229999999999999
global_step=395404, episodic_return=0.6399999999999999
global_step=395428, episodic_return=0.748
global_step=395452, episodic_return=0.127
global_step=395532, episodic_return=0.775
global_step=395612, episodic_return=0.0
global_step=395652, episodic_return=0.739
global_step=395732, episodic_return=0.379
SPS: 3244
global_step=395808, episodic_return=0.0
global_step=395824, episodic_return=0.802
global_step=395924, episodic_return=0.30699999999999994
global_step=396056, episodic_return=0.0
global_step=396056, episodic_return=0.712
global_step=396096, episodic_return=0.919
global_step=396212, episodic_return=0.0
global_step=396228, episodic_return=0.0
global_step=396276, episodic_return=0.901
SPS: 3244
global_step=396320, episodic_return=0.5049999999999999
global_step=396324, episodic_return=0.901
global_step=396332, episodic_return=0.739
global_step=396340, episodic_return=0.964
global_step=396372, episodic_return=0.9369999999999999
global_step=396460, episodic_return=0.0
global_step=396560, episodic_return=0.478
global_step=396580, episodic_return=0.739
global_step=396648, episodic_return=0.29799999999999993
global_step=396652, episodic_return=0.847
global_step=396676, episodic_return=0.748
global_step=396708, episodic_return=0.253
SPS: 3244
global_step=396856, episodic_return=0.5409999999999999
global_step=397056, episodic_return=0.0
global_step=397080, episodic_return=0.5049999999999999
global_step=397080, episodic_return=0.0
global_step=397112, episodic_return=0.0
global_step=397116, episodic_return=0.874
SPS: 3244
global_step=397328, episodic_return=0.45099999999999996
global_step=397424, episodic_return=0.235
global_step=397508, episodic_return=0.118
global_step=397520, episodic_return=0.0
global_step=397592, episodic_return=0.847
global_step=397624, episodic_return=0.34299999999999997
global_step=397672, episodic_return=0.829
global_step=397684, episodic_return=0.42399999999999993
global_step=397712, episodic_return=0.946
global_step=397804, episodic_return=0.712
global_step=397808, episodic_return=0.33399999999999996
global_step=397812, episodic_return=0.784
SPS: 3244
global_step=398028, episodic_return=0.0
global_step=398076, episodic_return=0.4149999999999999
global_step=398096, episodic_return=0.361
global_step=398208, episodic_return=0.0
global_step=398280, episodic_return=0.595
global_step=398316, episodic_return=0.9279999999999999
SPS: 3245
global_step=398432, episodic_return=0.0
global_step=398480, episodic_return=0.0
global_step=398484, episodic_return=0.892
global_step=398484, episodic_return=0.3879999999999999
global_step=398524, episodic_return=0.5409999999999999
global_step=398636, episodic_return=0.757
global_step=398684, episodic_return=0.5589999999999999
global_step=398692, episodic_return=0.532
global_step=398704, episodic_return=0.982
global_step=398824, episodic_return=0.694
SPS: 3245
global_step=398852, episodic_return=0.18099999999999994
global_step=398892, episodic_return=0.919
global_step=398908, episodic_return=0.55
global_step=399040, episodic_return=0.0
global_step=399068, episodic_return=0.45999999999999996
global_step=399100, episodic_return=0.577
global_step=399168, episodic_return=0.856
global_step=399296, episodic_return=0.0
global_step=399312, episodic_return=0.45999999999999996
SPS: 3245
global_step=399364, episodic_return=0.2799999999999999
global_step=399572, episodic_return=0.0
global_step=399632, episodic_return=0.253
global_step=399636, episodic_return=0.3969999999999999
global_step=399700, episodic_return=0.865
global_step=399716, episodic_return=0.0
SPS: 3245
global_step=399892, episodic_return=0.577
global_step=399952, episodic_return=0.15400000000000003
global_step=399956, episodic_return=0.865
global_step=399956, episodic_return=0.469
global_step=400008, episodic_return=0.892
global_step=400036, episodic_return=0.0
global_step=400140, episodic_return=0.712
global_step=400248, episodic_return=0.532
global_step=400356, episodic_return=0.0
global_step=400360, episodic_return=0.0
SPS: 3245
global_step=400484, episodic_return=0.721
global_step=400532, episodic_return=0.622
global_step=400544, episodic_return=0.0
global_step=400624, episodic_return=0.694
global_step=400652, episodic_return=0.0
global_step=400652, episodic_return=0.946
global_step=400696, episodic_return=0.6399999999999999
global_step=400784, episodic_return=0.712
global_step=400868, episodic_return=0.5229999999999999
SPS: 3245
global_step=400948, episodic_return=0.0
global_step=401020, episodic_return=0.847
global_step=401100, episodic_return=0.09999999999999998
global_step=401188, episodic_return=0.0
global_step=401192, episodic_return=0.622
global_step=401256, episodic_return=0.856
global_step=401272, episodic_return=0.0
SPS: 3245
global_step=401472, episodic_return=0.5589999999999999
global_step=401504, episodic_return=0.0
global_step=401596, episodic_return=0.0
global_step=401660, episodic_return=0.0
global_step=401716, episodic_return=0.532
global_step=401724, episodic_return=0.44199999999999995
global_step=401864, episodic_return=0.6759999999999999
global_step=401888, episodic_return=0.955
SPS: 3245
global_step=401976, episodic_return=0.15400000000000003
global_step=402064, episodic_return=0.0
global_step=402128, episodic_return=0.0
global_step=402156, episodic_return=0.802
global_step=402164, episodic_return=0.586
global_step=402268, episodic_return=0.757
global_step=402292, episodic_return=0.0
global_step=402384, episodic_return=0.802
SPS: 3246
global_step=402532, episodic_return=0.0
global_step=402568, episodic_return=0.0
global_step=402584, episodic_return=0.5589999999999999
global_step=402672, episodic_return=0.0
global_step=402680, episodic_return=0.991
global_step=402700, episodic_return=0.631
global_step=402720, episodic_return=0.919
global_step=402752, episodic_return=0.892
global_step=402784, episodic_return=0.5589999999999999
global_step=402920, episodic_return=0.21699999999999997
SPS: 3246
global_step=403040, episodic_return=0.739
global_step=403124, episodic_return=0.0
global_step=403156, episodic_return=0.0
global_step=403188, episodic_return=0.0
global_step=403212, episodic_return=0.8109999999999999
global_step=403360, episodic_return=0.55
global_step=403364, episodic_return=0.2799999999999999
SPS: 3246
global_step=403476, episodic_return=0.748
global_step=403580, episodic_return=0.18099999999999994
global_step=403592, episodic_return=0.0
global_step=403744, episodic_return=0.4059999999999999
global_step=403768, episodic_return=0.0
global_step=403824, episodic_return=0.883
global_step=403908, episodic_return=0.29799999999999993
global_step=403908, episodic_return=0.6399999999999999
global_step=403936, episodic_return=0.946
SPS: 3246
global_step=403984, episodic_return=0.0
global_step=404028, episodic_return=0.802
global_step=404048, episodic_return=0.694
global_step=404124, episodic_return=0.694
global_step=404228, episodic_return=0.0
global_step=404296, episodic_return=0.622
global_step=404432, episodic_return=0.0
global_step=404452, episodic_return=0.0
SPS: 3246
global_step=404548, episodic_return=0.2889999999999999
global_step=404612, episodic_return=0.604
global_step=404676, episodic_return=0.721
global_step=404692, episodic_return=0.118
global_step=404760, episodic_return=0.82
global_step=404856, episodic_return=0.0
global_step=404880, episodic_return=0.739
SPS: 3246
global_step=405016, episodic_return=0.0
global_step=405036, episodic_return=0.964
global_step=405056, episodic_return=0.964
global_step=405096, episodic_return=0.0
global_step=405260, episodic_return=0.0
global_step=405284, episodic_return=0.0
global_step=405300, episodic_return=0.45999999999999996
global_step=405372, episodic_return=0.3879999999999999
global_step=405412, episodic_return=0.757
global_step=405488, episodic_return=0.55
SPS: 3247
global_step=405636, episodic_return=0.4149999999999999
global_step=405636, episodic_return=0.6759999999999999
global_step=405664, episodic_return=0.0
global_step=405668, episodic_return=0.9369999999999999
global_step=405728, episodic_return=0.29799999999999993
global_step=405772, episodic_return=0.91
global_step=405820, episodic_return=0.667
global_step=405952, episodic_return=0.361
global_step=405984, episodic_return=0.9369999999999999
SPS: 3247
global_step=406040, episodic_return=0.0
global_step=406100, episodic_return=0.748
global_step=406176, episodic_return=0.0
global_step=406208, episodic_return=0.631
global_step=406224, episodic_return=0.0
global_step=406324, episodic_return=0.784
global_step=406396, episodic_return=0.514
global_step=406424, episodic_return=0.946
global_step=406440, episodic_return=0.748
global_step=406504, episodic_return=0.0
SPS: 3247
global_step=406600, episodic_return=0.649
global_step=406612, episodic_return=0.0
global_step=406632, episodic_return=0.9369999999999999
global_step=406664, episodic_return=0.9369999999999999
global_step=406712, episodic_return=0.361
global_step=406756, episodic_return=0.802
global_step=406804, episodic_return=0.901
global_step=406908, episodic_return=0.0
global_step=407016, episodic_return=0.0
global_step=407040, episodic_return=0.712
SPS: 3247
global_step=407116, episodic_return=0.0
global_step=407152, episodic_return=0.703
global_step=407208, episodic_return=0.0
global_step=407212, episodic_return=0.7929999999999999
global_step=407276, episodic_return=0.856
global_step=407308, episodic_return=0.6579999999999999
global_step=407320, episodic_return=0.379
global_step=407424, episodic_return=0.748
global_step=407524, episodic_return=0.55
SPS: 3247
global_step=407568, episodic_return=0.685
global_step=407592, episodic_return=0.15400000000000003
global_step=407628, episodic_return=0.21699999999999997
global_step=407680, episodic_return=0.8109999999999999
global_step=407756, episodic_return=0.586
global_step=407784, episodic_return=0.775
global_step=407844, episodic_return=0.2889999999999999
global_step=408012, episodic_return=0.631
global_step=408032, episodic_return=0.0
SPS: 3247
global_step=408092, episodic_return=0.829
global_step=408148, episodic_return=0.748
global_step=408160, episodic_return=0.0
global_step=408184, episodic_return=0.802
global_step=408188, episodic_return=0.0
global_step=408220, episodic_return=0.874
global_step=408280, episodic_return=0.7929999999999999
global_step=408328, episodic_return=0.694
global_step=408344, episodic_return=0.73
global_step=408392, episodic_return=0.865
global_step=408516, episodic_return=0.478
global_step=408532, episodic_return=0.694
global_step=408552, episodic_return=0.0
SPS: 3247
global_step=408656, episodic_return=0.775
global_step=408748, episodic_return=0.0
global_step=408748, episodic_return=0.802
global_step=408920, episodic_return=0.0
global_step=408936, episodic_return=0.0
global_step=408968, episodic_return=0.901
global_step=409040, episodic_return=0.847
global_step=409052, episodic_return=0.748
SPS: 3247
global_step=409128, episodic_return=0.15400000000000003
global_step=409152, episodic_return=0.0
global_step=409240, episodic_return=0.5589999999999999
global_step=409328, episodic_return=0.8109999999999999
global_step=409360, episodic_return=0.5409999999999999
global_step=409376, episodic_return=0.973
global_step=409456, episodic_return=0.0
global_step=409492, episodic_return=0.18999999999999995
global_step=409524, episodic_return=0.9369999999999999
global_step=409532, episodic_return=0.55
global_step=409592, episodic_return=0.856
SPS: 3247
global_step=409664, episodic_return=0.5409999999999999
global_step=409680, episodic_return=0.8109999999999999
global_step=409684, episodic_return=0.964
global_step=409780, episodic_return=0.0
global_step=409808, episodic_return=0.946
global_step=409828, episodic_return=0.34299999999999997
global_step=409832, episodic_return=0.955
global_step=409840, episodic_return=0.649
global_step=409908, episodic_return=0.856
global_step=410036, episodic_return=0.5409999999999999
global_step=410080, episodic_return=0.118
SPS: 3247
global_step=410164, episodic_return=0.43299999999999994
global_step=410196, episodic_return=0.649
global_step=410236, episodic_return=0.0
global_step=410296, episodic_return=0.712
global_step=410328, episodic_return=0.45099999999999996
global_step=410340, episodic_return=0.685
global_step=410408, episodic_return=0.622
global_step=410484, episodic_return=0.586
global_step=410604, episodic_return=0.739
SPS: 3247
global_step=410644, episodic_return=0.32499999999999996
global_step=410672, episodic_return=0.4149999999999999
global_step=410732, episodic_return=0.09999999999999998
global_step=410744, episodic_return=0.694
global_step=410792, episodic_return=0.6759999999999999
global_step=410808, episodic_return=0.703
global_step=410968, episodic_return=0.5049999999999999
global_step=410980, episodic_return=0.622
global_step=411136, episodic_return=0.0
SPS: 3247
global_step=411196, episodic_return=0.0
global_step=411288, episodic_return=0.31599999999999995
global_step=411348, episodic_return=0.874
global_step=411372, episodic_return=0.0
global_step=411540, episodic_return=0.0
global_step=411600, episodic_return=0.0
SPS: 3247
global_step=411716, episodic_return=0.235
global_step=411752, episodic_return=0.0
global_step=411820, episodic_return=0.775
global_step=411848, episodic_return=0.31599999999999995
global_step=411856, episodic_return=0.775
global_step=411940, episodic_return=0.82
global_step=411944, episodic_return=0.235
global_step=412152, episodic_return=0.5409999999999999
SPS: 3247
global_step=412184, episodic_return=0.45999999999999996
global_step=412224, episodic_return=0.0
global_step=412252, episodic_return=0.0
global_step=412400, episodic_return=0.613
global_step=412440, episodic_return=0.361
global_step=412496, episodic_return=0.45999999999999996
global_step=412560, episodic_return=0.16299999999999992
global_step=412608, episodic_return=0.5409999999999999
global_step=412664, episodic_return=0.5049999999999999
global_step=412668, episodic_return=0.622
global_step=412672, episodic_return=0.865
SPS: 3247
global_step=412732, episodic_return=0.865
global_step=412788, episodic_return=0.4959999999999999
global_step=412836, episodic_return=0.901
global_step=412876, episodic_return=0.532
global_step=413076, episodic_return=0.0
global_step=413088, episodic_return=0.532
global_step=413136, episodic_return=0.0
SPS: 3247
global_step=413240, episodic_return=0.0
global_step=413272, episodic_return=0.9369999999999999
global_step=413312, episodic_return=0.5049999999999999
global_step=413480, episodic_return=0.0
global_step=413508, episodic_return=0.5680000000000001
global_step=413540, episodic_return=0.0
global_step=413568, episodic_return=0.34299999999999997
global_step=413596, episodic_return=0.8109999999999999
SPS: 3247
global_step=413728, episodic_return=0.649
global_step=413768, episodic_return=0.919
global_step=413776, episodic_return=0.34299999999999997
global_step=413920, episodic_return=0.685
global_step=413944, episodic_return=0.0
global_step=413960, episodic_return=0.577
global_step=414000, episodic_return=0.0
SPS: 3248
global_step=414224, episodic_return=0.4149999999999999
global_step=414324, episodic_return=0.0
global_step=414348, episodic_return=0.0
global_step=414404, episodic_return=0.0
global_step=414460, episodic_return=0.478
global_step=414520, episodic_return=0.748
global_step=414524, episodic_return=0.865
global_step=414560, episodic_return=0.9279999999999999
global_step=414584, episodic_return=0.478
global_step=414616, episodic_return=0.352
SPS: 3248
global_step=414744, episodic_return=0.5049999999999999
global_step=414840, episodic_return=0.5049999999999999
global_step=414964, episodic_return=0.0
global_step=414988, episodic_return=0.0
global_step=415004, episodic_return=0.6399999999999999
global_step=415076, episodic_return=0.757
global_step=415148, episodic_return=0.0
global_step=415168, episodic_return=0.604
SPS: 3248
global_step=415352, episodic_return=0.595
global_step=415380, episodic_return=0.946
global_step=415408, episodic_return=0.0
global_step=415420, episodic_return=0.3969999999999999
global_step=415436, episodic_return=0.19899999999999995
global_step=415592, episodic_return=0.622
global_step=415688, episodic_return=0.44199999999999995
global_step=415692, episodic_return=0.37
SPS: 3248
global_step=415784, episodic_return=0.0
global_step=415848, episodic_return=0.649
global_step=415896, episodic_return=0.32499999999999996
global_step=415980, episodic_return=0.361
global_step=416024, episodic_return=0.469
global_step=416040, episodic_return=0.874
global_step=416136, episodic_return=0.469
global_step=416252, episodic_return=0.0
SPS: 3248
global_step=416320, episodic_return=0.856
global_step=416428, episodic_return=0.0
global_step=416444, episodic_return=0.0
global_step=416540, episodic_return=0.7929999999999999
global_step=416540, episodic_return=0.0
global_step=416568, episodic_return=0.694
global_step=416724, episodic_return=0.0
global_step=416752, episodic_return=0.532
SPS: 3248
global_step=416800, episodic_return=0.42399999999999993
global_step=416820, episodic_return=0.7929999999999999
global_step=416876, episodic_return=0.31599999999999995
global_step=417156, episodic_return=0.0
global_step=417204, episodic_return=0.0
global_step=417204, episodic_return=0.901
global_step=417224, episodic_return=0.0
global_step=417280, episodic_return=0.0
SPS: 3249
global_step=417328, episodic_return=0.901
global_step=417376, episodic_return=0.622
global_step=417396, episodic_return=0.577
global_step=417456, episodic_return=0.874
global_step=417628, episodic_return=0.0
global_step=417732, episodic_return=0.775
global_step=417732, episodic_return=0.0
global_step=417756, episodic_return=0.955
global_step=417780, episodic_return=0.0
SPS: 3248
global_step=417820, episodic_return=0.919
global_step=417860, episodic_return=0.0
global_step=418048, episodic_return=0.4959999999999999
global_step=418080, episodic_return=0.514
global_step=418136, episodic_return=0.0
global_step=418160, episodic_return=0.0
global_step=418168, episodic_return=0.8109999999999999
global_step=418248, episodic_return=0.5589999999999999
global_step=418300, episodic_return=0.892
SPS: 3249
global_step=418424, episodic_return=0.43299999999999994
global_step=418464, episodic_return=0.2709999999999999
global_step=418472, episodic_return=0.622
global_step=418528, episodic_return=0.883
global_step=418564, episodic_return=0.0
global_step=418616, episodic_return=0.8109999999999999
SPS: 3249
global_step=418828, episodic_return=0.0
global_step=418868, episodic_return=0.0
global_step=418924, episodic_return=0.7929999999999999
global_step=418968, episodic_return=0.0
global_step=419020, episodic_return=0.0
global_step=419256, episodic_return=0.136
global_step=419272, episodic_return=0.44199999999999995
global_step=419328, episodic_return=0.0
SPS: 3249
global_step=419344, episodic_return=0.8109999999999999
global_step=419372, episodic_return=0.0
global_step=419460, episodic_return=0.586
global_step=419692, episodic_return=0.18999999999999995
global_step=419696, episodic_return=0.2799999999999999
global_step=419720, episodic_return=0.42399999999999993
global_step=419748, episodic_return=0.0
global_step=419752, episodic_return=0.9369999999999999
global_step=419784, episodic_return=0.802
global_step=419832, episodic_return=0.82
SPS: 3249
global_step=419856, episodic_return=0.955
global_step=419968, episodic_return=0.595
global_step=420020, episodic_return=0.6399999999999999
global_step=420056, episodic_return=0.8109999999999999
global_step=420068, episodic_return=0.29799999999999993
global_step=420084, episodic_return=0.946
global_step=420088, episodic_return=0.856
global_step=420092, episodic_return=0.955
global_step=420100, episodic_return=0.0
global_step=420240, episodic_return=0.6579999999999999
SPS: 3249
global_step=420356, episodic_return=0.748
global_step=420384, episodic_return=0.946
global_step=420480, episodic_return=0.7929999999999999
global_step=420492, episodic_return=0.0
global_step=420496, episodic_return=0.0
global_step=420504, episodic_return=0.0
global_step=420512, episodic_return=0.991
global_step=420564, episodic_return=0.856
global_step=420664, episodic_return=0.622
global_step=420684, episodic_return=0.739
global_step=420748, episodic_return=0.865
global_step=420764, episodic_return=0.37
SPS: 3249
global_step=420916, episodic_return=0.0
global_step=420964, episodic_return=0.901
global_step=421068, episodic_return=0.0
global_step=421144, episodic_return=0.604
global_step=421152, episodic_return=0.0
global_step=421168, episodic_return=0.0
global_step=421280, episodic_return=0.721
SPS: 3249
global_step=421408, episodic_return=0.721
global_step=421416, episodic_return=0.22599999999999998
global_step=421436, episodic_return=0.352
global_step=421488, episodic_return=0.892
global_step=421548, episodic_return=0.15400000000000003
global_step=421596, episodic_return=0.604
global_step=421664, episodic_return=0.43299999999999994
global_step=421680, episodic_return=0.82
global_step=421776, episodic_return=0.4959999999999999
global_step=421844, episodic_return=0.604
SPS: 3249
global_step=421892, episodic_return=0.0
global_step=422064, episodic_return=0.514
global_step=422084, episodic_return=0.0
global_step=422088, episodic_return=0.5680000000000001
global_step=422164, episodic_return=0.784
global_step=422180, episodic_return=0.0
global_step=422216, episodic_return=0.892
global_step=422224, episodic_return=0.991
global_step=422284, episodic_return=0.874
global_step=422364, episodic_return=0.379
SPS: 3249
global_step=422404, episodic_return=0.29799999999999993
global_step=422496, episodic_return=0.712
global_step=422584, episodic_return=0.0
global_step=422628, episodic_return=0.91
global_step=422652, episodic_return=0.18099999999999994
global_step=422752, episodic_return=0.43299999999999994
global_step=422808, episodic_return=0.0
global_step=422844, episodic_return=0.5229999999999999
SPS: 3250
global_step=422932, episodic_return=0.604
global_step=422964, episodic_return=0.739
global_step=423056, episodic_return=0.0
global_step=423192, episodic_return=0.42399999999999993
global_step=423196, episodic_return=0.694
global_step=423212, episodic_return=0.0
global_step=423368, episodic_return=0.0
global_step=423416, episodic_return=0.901
SPS: 3250
global_step=423496, episodic_return=0.829
global_step=423548, episodic_return=0.253
global_step=423596, episodic_return=0.0
global_step=423600, episodic_return=0.0
global_step=423700, episodic_return=0.775
global_step=423900, episodic_return=0.0
global_step=423936, episodic_return=0.478
SPS: 3250
global_step=423952, episodic_return=0.0
global_step=424004, episodic_return=0.0
global_step=424084, episodic_return=0.712
global_step=424096, episodic_return=0.5680000000000001
global_step=424184, episodic_return=0.604
global_step=424200, episodic_return=0.973
global_step=424204, episodic_return=0.4059999999999999
global_step=424396, episodic_return=0.5680000000000001
SPS: 3250
global_step=424488, episodic_return=0.0
global_step=424500, episodic_return=0.0
global_step=424608, episodic_return=0.739
global_step=424608, episodic_return=0.0
global_step=424648, episodic_return=0.44199999999999995
global_step=424680, episodic_return=0.847
global_step=424744, episodic_return=0.45999999999999996
global_step=424772, episodic_return=0.946
global_step=424824, episodic_return=0.613
global_step=424920, episodic_return=0.7929999999999999
SPS: 3250
global_step=424984, episodic_return=0.16299999999999992
global_step=425044, episodic_return=0.3969999999999999
global_step=425068, episodic_return=0.955
global_step=425084, episodic_return=0.0
global_step=425100, episodic_return=0.604
global_step=425132, episodic_return=0.901
global_step=425132, episodic_return=0.6759999999999999
global_step=425236, episodic_return=0.775
global_step=425280, episodic_return=0.532
global_step=425292, episodic_return=0.649
SPS: 3250
global_step=425484, episodic_return=0.45099999999999996
global_step=425504, episodic_return=0.0
global_step=425536, episodic_return=0.9369999999999999
global_step=425544, episodic_return=0.44199999999999995
global_step=425544, episodic_return=0.4149999999999999
global_step=425576, episodic_return=0.802
global_step=425592, episodic_return=0.901
global_step=425600, episodic_return=0.883
global_step=425668, episodic_return=0.856
global_step=425672, episodic_return=0.7929999999999999
global_step=425752, episodic_return=0.82
global_step=425776, episodic_return=0.595
global_step=425816, episodic_return=0.865
global_step=425900, episodic_return=0.73
global_step=425928, episodic_return=0.43299999999999994
global_step=425940, episodic_return=0.0
SPS: 3250
global_step=426052, episodic_return=0.757
global_step=426124, episodic_return=0.5049999999999999
global_step=426136, episodic_return=0.2889999999999999
global_step=426332, episodic_return=0.0
global_step=426456, episodic_return=0.0
SPS: 3251
global_step=426528, episodic_return=0.0
global_step=426540, episodic_return=0.0
global_step=426568, episodic_return=0.478
global_step=426632, episodic_return=0.865
global_step=426636, episodic_return=0.766
global_step=426668, episodic_return=0.9279999999999999
global_step=426772, episodic_return=0.775
global_step=426860, episodic_return=0.0
global_step=426928, episodic_return=0.352
global_step=426944, episodic_return=0.0
SPS: 3251
global_step=427100, episodic_return=0.622
global_step=427176, episodic_return=0.0
global_step=427256, episodic_return=0.6579999999999999
global_step=427264, episodic_return=0.0
global_step=427348, episodic_return=0.0
SPS: 3251
global_step=427580, episodic_return=0.0
global_step=427660, episodic_return=0.0
global_step=427668, episodic_return=0.0
global_step=427752, episodic_return=0.0
global_step=427876, episodic_return=0.5409999999999999
global_step=427876, episodic_return=0.34299999999999997
SPS: 3250
global_step=428064, episodic_return=0.0
global_step=428156, episodic_return=0.0
global_step=428208, episodic_return=0.262
global_step=428256, episodic_return=0.577
global_step=428280, episodic_return=0.0
global_step=428344, episodic_return=0.703
global_step=428388, episodic_return=0.712
global_step=428508, episodic_return=0.739
global_step=428512, episodic_return=0.631
SPS: 3251
global_step=428560, episodic_return=0.0
global_step=428684, episodic_return=0.0
global_step=428912, episodic_return=0.0
global_step=428916, episodic_return=0.0
global_step=428964, episodic_return=0.0
global_step=428988, episodic_return=0.847
SPS: 3251
global_step=429088, episodic_return=0.0
global_step=429136, episodic_return=0.622
global_step=429316, episodic_return=0.0
global_step=429392, episodic_return=0.0
global_step=429404, episodic_return=0.982
global_step=429456, episodic_return=0.2889999999999999
global_step=429492, episodic_return=0.0
global_step=429504, episodic_return=0.784
global_step=429504, episodic_return=0.586
global_step=429560, episodic_return=0.856
SPS: 3251
global_step=429652, episodic_return=0.802
global_step=429656, episodic_return=0.5589999999999999
global_step=429704, episodic_return=0.892
global_step=429728, episodic_return=0.5049999999999999
global_step=429760, episodic_return=0.43299999999999994
global_step=429860, episodic_return=0.55
global_step=429908, episodic_return=0.55
global_step=429936, episodic_return=0.838
global_step=429948, episodic_return=0.514
global_step=429980, episodic_return=0.91
global_step=430044, episodic_return=0.37
global_step=430068, episodic_return=0.8109999999999999
SPS: 3251
global_step=430116, episodic_return=0.847
global_step=430220, episodic_return=0.3969999999999999
global_step=430312, episodic_return=0.0
global_step=430332, episodic_return=0.757
global_step=430392, episodic_return=0.829
global_step=430472, episodic_return=0.0
global_step=430520, episodic_return=0.0
global_step=430544, episodic_return=0.955
global_step=430560, episodic_return=0.631
SPS: 3251
global_step=430700, episodic_return=0.6579999999999999
global_step=430736, episodic_return=0.0
global_step=430764, episodic_return=0.55
global_step=430804, episodic_return=0.856
global_step=430856, episodic_return=0.6579999999999999
global_step=430876, episodic_return=0.0
global_step=430916, episodic_return=0.919
global_step=431060, episodic_return=0.34299999999999997
SPS: 3252
global_step=431208, episodic_return=0.0
global_step=431260, episodic_return=0.0
global_step=431280, episodic_return=0.18999999999999995
global_step=431324, episodic_return=0.748
global_step=431328, episodic_return=0.4059999999999999
global_step=431520, episodic_return=0.5680000000000001
global_step=431608, episodic_return=0.8109999999999999
SPS: 3252
global_step=431664, episodic_return=0.0
global_step=431684, episodic_return=0.0
global_step=431732, episodic_return=0.0
global_step=431796, episodic_return=0.712
global_step=431848, episodic_return=0.6399999999999999
global_step=431940, episodic_return=0.5409999999999999
global_step=432012, episodic_return=0.0
global_step=432040, episodic_return=0.45999999999999996
SPS: 3252
global_step=432140, episodic_return=0.721
global_step=432148, episodic_return=0.766
global_step=432168, episodic_return=0.2889999999999999
global_step=432188, episodic_return=0.45099999999999996
global_step=432216, episodic_return=0.838
global_step=432280, episodic_return=0.757
global_step=432284, episodic_return=0.703
global_step=432360, episodic_return=0.838
global_step=432440, episodic_return=0.44199999999999995
global_step=432620, episodic_return=0.0
global_step=432636, episodic_return=0.5680000000000001
SPS: 3252
global_step=432680, episodic_return=0.2889999999999999
global_step=432684, episodic_return=0.0
global_step=432756, episodic_return=0.847
global_step=432800, episodic_return=0.739
global_step=432840, episodic_return=0.514
global_step=432852, episodic_return=0.5229999999999999
global_step=432924, episodic_return=0.73
global_step=432984, episodic_return=0.685
global_step=433004, episodic_return=0.829
global_step=433040, episodic_return=0.37
global_step=433076, episodic_return=0.5049999999999999
global_step=433128, episodic_return=0.73
SPS: 3252
global_step=433288, episodic_return=0.649
global_step=433304, episodic_return=0.2889999999999999
global_step=433316, episodic_return=0.3879999999999999
global_step=433476, episodic_return=0.622
global_step=433480, episodic_return=0.0
global_step=433520, episodic_return=0.91
global_step=433528, episodic_return=0.469
global_step=433556, episodic_return=0.469
global_step=433592, episodic_return=0.757
global_step=433616, episodic_return=0.874
SPS: 3252
global_step=433796, episodic_return=0.4059999999999999
global_step=433892, episodic_return=0.7929999999999999
global_step=433912, episodic_return=0.127
global_step=433916, episodic_return=0.2799999999999999
global_step=434000, episodic_return=0.82
global_step=434020, episodic_return=0.0
global_step=434144, episodic_return=0.487
SPS: 3252
global_step=434180, episodic_return=0.649
global_step=434184, episodic_return=0.595
global_step=434188, episodic_return=0.34299999999999997
global_step=434228, episodic_return=0.82
global_step=434372, episodic_return=0.586
global_step=434420, episodic_return=0.901
global_step=434500, episodic_return=0.829
global_step=434584, episodic_return=0.0
global_step=434592, episodic_return=0.0
global_step=434632, episodic_return=0.0
global_step=434648, episodic_return=0.883
global_step=434680, episodic_return=0.7929999999999999
SPS: 3252
global_step=434696, episodic_return=0.901
global_step=434768, episodic_return=0.4059999999999999
global_step=434832, episodic_return=0.703
global_step=434988, episodic_return=0.514
global_step=435036, episodic_return=0.0
global_step=435084, episodic_return=0.0
SPS: 3253
global_step=435236, episodic_return=0.0
global_step=435240, episodic_return=0.44199999999999995
global_step=435408, episodic_return=0.2799999999999999
global_step=435412, episodic_return=0.16299999999999992
global_step=435472, episodic_return=0.865
global_step=435500, episodic_return=0.42399999999999993
global_step=435548, episodic_return=0.30699999999999994
global_step=435588, episodic_return=0.613
SPS: 3253
global_step=435748, episodic_return=0.3879999999999999
global_step=435800, episodic_return=0.33399999999999996
global_step=435816, episodic_return=0.4059999999999999
global_step=435896, episodic_return=0.6759999999999999
global_step=435992, episodic_return=0.0
global_step=436084, episodic_return=0.4059999999999999
global_step=436204, episodic_return=0.0
SPS: 3253
global_step=436244, episodic_return=0.919
global_step=436300, episodic_return=0.0
global_step=436324, episodic_return=0.469
global_step=436396, episodic_return=0.0
global_step=436516, episodic_return=0.5229999999999999
global_step=436616, episodic_return=0.514
global_step=436648, episodic_return=0.0
global_step=436728, episodic_return=0.0
SPS: 3253
global_step=436840, episodic_return=0.5049999999999999
global_step=436920, episodic_return=0.0
global_step=436960, episodic_return=0.739
global_step=436984, episodic_return=0.865
global_step=437052, episodic_return=0.0
global_step=437080, episodic_return=0.739
global_step=437132, episodic_return=0.0
global_step=437176, episodic_return=0.577
global_step=437196, episodic_return=0.865
global_step=437212, episodic_return=0.649
SPS: 3253
global_step=437364, episodic_return=0.631
global_step=437376, episodic_return=0.6399999999999999
global_step=437400, episodic_return=0.955
global_step=437484, episodic_return=0.0
global_step=437532, episodic_return=0.631
global_step=437580, episodic_return=0.0
global_step=437616, episodic_return=0.712
global_step=437696, episodic_return=0.6399999999999999
global_step=437732, episodic_return=0.262
SPS: 3254
global_step=437768, episodic_return=0.586
global_step=437788, episodic_return=0.964
global_step=437808, episodic_return=0.757
global_step=437944, episodic_return=0.703
global_step=438020, episodic_return=0.0
global_step=438060, episodic_return=0.3969999999999999
global_step=438112, episodic_return=0.631
global_step=438136, episodic_return=0.0
global_step=438156, episodic_return=0.964
global_step=438252, episodic_return=0.577
SPS: 3254
global_step=438348, episodic_return=0.577
global_step=438356, episodic_return=0.253
global_step=438376, episodic_return=0.4149999999999999
global_step=438476, episodic_return=0.784
global_step=438516, episodic_return=0.919
global_step=438588, episodic_return=0.487
global_step=438620, episodic_return=0.775
global_step=438656, episodic_return=0.0
global_step=438700, episodic_return=0.91
global_step=438752, episodic_return=0.0
SPS: 3254
global_step=438792, episodic_return=0.55
global_step=438912, episodic_return=0.649
global_step=439024, episodic_return=0.0
global_step=439060, episodic_return=0.6759999999999999
global_step=439096, episodic_return=0.118
global_step=439172, episodic_return=0.757
global_step=439188, episodic_return=0.118
global_step=439200, episodic_return=0.613
global_step=439212, episodic_return=0.748
global_step=439244, episodic_return=0.883
SPS: 3254
global_step=439436, episodic_return=0.577
global_step=439576, episodic_return=0.0
global_step=439604, episodic_return=0.0
global_step=439616, episodic_return=0.0
global_step=439624, episodic_return=0.991
global_step=439672, episodic_return=0.7929999999999999
global_step=439680, episodic_return=0.45999999999999996
global_step=439760, episodic_return=0.703
global_step=439808, episodic_return=0.703
SPS: 3254
global_step=439852, episodic_return=0.45099999999999996
global_step=439912, episodic_return=0.487
global_step=439928, episodic_return=0.739
global_step=439972, episodic_return=0.532
global_step=439992, episodic_return=0.829
global_step=440056, episodic_return=0.865
global_step=440100, episodic_return=0.721
global_step=440172, episodic_return=0.45999999999999996
global_step=440200, episodic_return=0.685
global_step=440220, episodic_return=0.964
global_step=440252, episodic_return=0.667
global_step=440256, episodic_return=0.0
global_step=440292, episodic_return=0.919
SPS: 3254
global_step=440452, episodic_return=0.649
global_step=440524, episodic_return=0.21699999999999997
global_step=440556, episodic_return=0.33399999999999996
global_step=440624, episodic_return=0.0
global_step=440668, episodic_return=0.685
global_step=440764, episodic_return=0.5409999999999999
SPS: 3254
global_step=440856, episodic_return=0.0
global_step=440944, episodic_return=0.8109999999999999
global_step=440948, episodic_return=0.379
global_step=441028, episodic_return=0.0
global_step=441124, episodic_return=0.604
global_step=441168, episodic_return=0.0
global_step=441172, episodic_return=0.685
global_step=441264, episodic_return=0.802
global_step=441268, episodic_return=0.2889999999999999
SPS: 3254
global_step=441376, episodic_return=0.44199999999999995
global_step=441404, episodic_return=0.478
global_step=441652, episodic_return=0.136
global_step=441672, episodic_return=0.0
global_step=441672, episodic_return=0.4059999999999999
global_step=441740, episodic_return=0.856
global_step=441768, episodic_return=0.748
global_step=441780, episodic_return=0.0
global_step=441824, episodic_return=0.82
SPS: 3254
global_step=441928, episodic_return=0.43299999999999994
global_step=441968, episodic_return=0.685
global_step=442000, episodic_return=0.514
global_step=442024, episodic_return=0.43299999999999994
global_step=442168, episodic_return=0.469
SPS: 3255
global_step=442372, episodic_return=0.0
global_step=442404, episodic_return=0.0
global_step=442428, episodic_return=0.0
global_step=442528, episodic_return=0.73
global_step=442572, episodic_return=0.0
global_step=442644, episodic_return=0.3969999999999999
global_step=442664, episodic_return=0.703
global_step=442684, episodic_return=0.919
global_step=442792, episodic_return=0.721
global_step=442832, episodic_return=0.0
global_step=442876, episodic_return=0.577
SPS: 3255
global_step=442976, episodic_return=0.0
global_step=443048, episodic_return=0.43299999999999994
global_step=443088, episodic_return=0.43299999999999994
global_step=443212, episodic_return=0.6399999999999999
global_step=443280, episodic_return=0.0
global_step=443380, episodic_return=0.0
SPS: 3255
global_step=443424, episodic_return=0.532
global_step=443472, episodic_return=0.577
global_step=443492, episodic_return=0.0
global_step=443500, episodic_return=0.838
global_step=443532, episodic_return=0.667
global_step=443592, episodic_return=0.739
global_step=443696, episodic_return=0.55
global_step=443800, episodic_return=0.775
global_step=443824, episodic_return=0.487
global_step=443828, episodic_return=0.2709999999999999
SPS: 3255
global_step=443932, episodic_return=0.775
global_step=443936, episodic_return=0.0
global_step=443960, episodic_return=0.955
global_step=444004, episodic_return=0.55
global_step=444068, episodic_return=0.766
global_step=444100, episodic_return=0.7929999999999999
global_step=444168, episodic_return=0.784
global_step=444228, episodic_return=0.0
global_step=444336, episodic_return=0.0
SPS: 3255
global_step=444448, episodic_return=0.379
global_step=444504, episodic_return=0.0
global_step=444536, episodic_return=0.8109999999999999
global_step=444632, episodic_return=0.0
global_step=444660, episodic_return=0.73
global_step=444740, episodic_return=0.0
global_step=444844, episodic_return=0.595
global_step=444908, episodic_return=0.0
SPS: 3254
global_step=444960, episodic_return=0.514
global_step=445028, episodic_return=0.118
global_step=445124, episodic_return=0.7929999999999999
global_step=445212, episodic_return=0.18099999999999994
global_step=445216, episodic_return=0.31599999999999995
global_step=445364, episodic_return=0.0
global_step=445400, episodic_return=0.595
SPS: 3254
global_step=445520, episodic_return=0.118
global_step=445612, episodic_return=0.45099999999999996
global_step=445616, episodic_return=0.0
global_step=445616, episodic_return=0.7929999999999999
global_step=445648, episodic_return=0.9369999999999999
global_step=445728, episodic_return=0.748
global_step=445740, episodic_return=0.73
global_step=445760, episodic_return=0.964
global_step=445796, episodic_return=0.856
global_step=445804, episodic_return=0.0
global_step=445892, episodic_return=0.7929999999999999
global_step=445936, episodic_return=0.361
SPS: 3254
global_step=446036, episodic_return=0.3879999999999999
global_step=446036, episodic_return=0.487
global_step=446164, episodic_return=0.721
global_step=446296, episodic_return=0.0
global_step=446340, episodic_return=0.0
global_step=446340, episodic_return=0.32499999999999996
global_step=446392, episodic_return=0.4959999999999999
global_step=446464, episodic_return=0.847
SPS: 3254
global_step=446500, episodic_return=0.649
global_step=446676, episodic_return=0.532
global_step=446684, episodic_return=0.595
global_step=446700, episodic_return=0.0
global_step=446744, episodic_return=0.0
global_step=446864, episodic_return=0.604
global_step=446876, episodic_return=0.613
global_step=446908, episodic_return=0.487
global_step=446972, episodic_return=0.766
SPS: 3255
global_step=446996, episodic_return=0.8109999999999999
global_step=447008, episodic_return=0.9279999999999999
global_step=447064, episodic_return=0.586
global_step=447120, episodic_return=0.16299999999999992
global_step=447208, episodic_return=0.685
global_step=447228, episodic_return=0.487
global_step=447300, episodic_return=0.352
global_step=447348, episodic_return=0.694
global_step=447452, episodic_return=0.667
global_step=447452, episodic_return=0.5049999999999999
SPS: 3255
global_step=447524, episodic_return=0.0
global_step=447612, episodic_return=0.4149999999999999
global_step=447696, episodic_return=0.82
global_step=447816, episodic_return=0.352
global_step=447856, episodic_return=0.0
global_step=447856, episodic_return=0.0
global_step=447936, episodic_return=0.829
SPS: 3255
global_step=448024, episodic_return=0.631
global_step=448092, episodic_return=0.6579999999999999
global_step=448092, episodic_return=0.856
global_step=448100, episodic_return=0.0
global_step=448220, episodic_return=0.0
global_step=448252, episodic_return=0.649
global_step=448348, episodic_return=0.7929999999999999
global_step=448380, episodic_return=0.379
global_step=448476, episodic_return=0.721
global_step=448496, episodic_return=0.0
SPS: 3255
global_step=448624, episodic_return=0.0
global_step=448680, episodic_return=0.55
global_step=448716, episodic_return=0.802
global_step=448740, episodic_return=0.19899999999999995
global_step=448888, episodic_return=0.6759999999999999
global_step=448888, episodic_return=0.622
global_step=448900, episodic_return=0.0
SPS: 3255
global_step=449084, episodic_return=0.0
global_step=449168, episodic_return=0.379
global_step=449188, episodic_return=0.361
global_step=449208, episodic_return=0.2889999999999999
global_step=449260, episodic_return=0.802
global_step=449312, episodic_return=0.4959999999999999
global_step=449384, episodic_return=0.73
SPS: 3255
global_step=449592, episodic_return=0.0
global_step=449612, episodic_return=0.0
global_step=449632, episodic_return=0.2889999999999999
global_step=449700, episodic_return=0.29799999999999993
global_step=449708, episodic_return=0.748
global_step=449744, episodic_return=0.712
global_step=449820, episodic_return=0.757
global_step=449828, episodic_return=0.721
global_step=449900, episodic_return=0.829
global_step=449924, episodic_return=0.604
global_step=449948, episodic_return=0.29799999999999993
global_step=449980, episodic_return=0.667
SPS: 3255
global_step=450068, episodic_return=0.685
global_step=450164, episodic_return=0.595
global_step=450196, episodic_return=0.9369999999999999
global_step=450304, episodic_return=0.0
global_step=450352, episodic_return=0.0
global_step=450396, episodic_return=0.802
global_step=450472, episodic_return=0.0
global_step=450532, episodic_return=0.253
global_step=450536, episodic_return=0.595
SPS: 3256
global_step=450576, episodic_return=0.775
global_step=450576, episodic_return=0.604
global_step=450612, episodic_return=0.9279999999999999
global_step=450688, episodic_return=0.667
global_step=450816, episodic_return=0.469
global_step=450892, episodic_return=0.838
global_step=450936, episodic_return=0.0
global_step=451016, episodic_return=0.0
global_step=451044, episodic_return=0.667
SPS: 3256
global_step=451092, episodic_return=0.0
global_step=451100, episodic_return=0.6399999999999999
global_step=451284, episodic_return=0.4059999999999999
global_step=451336, episodic_return=0.478
global_step=451448, episodic_return=0.0
global_step=451496, episodic_return=0.0
global_step=451520, episodic_return=0.847
global_step=451540, episodic_return=0.43299999999999994
SPS: 3256
global_step=451592, episodic_return=0.43299999999999994
global_step=451696, episodic_return=0.775
global_step=451708, episodic_return=0.586
global_step=451732, episodic_return=0.478
global_step=451792, episodic_return=0.82
global_step=451800, episodic_return=0.775
global_step=451872, episodic_return=0.262
global_step=451972, episodic_return=0.784
SPS: 3256
global_step=452128, episodic_return=0.6579999999999999
global_step=452136, episodic_return=0.0
global_step=452196, episodic_return=0.0
global_step=452204, episodic_return=0.09999999999999998
global_step=452352, episodic_return=0.6579999999999999
global_step=452532, episodic_return=0.0
global_step=452540, episodic_return=0.0
global_step=452608, episodic_return=0.0
SPS: 3256
global_step=452624, episodic_return=0.82
global_step=452652, episodic_return=0.33399999999999996
global_step=452824, episodic_return=0.622
global_step=452868, episodic_return=0.45999999999999996
global_step=452936, episodic_return=0.0
global_step=452984, episodic_return=0.16299999999999992
global_step=453008, episodic_return=0.595
global_step=453084, episodic_return=0.6759999999999999
global_step=453112, episodic_return=0.775
SPS: 3256
global_step=453248, episodic_return=0.703
global_step=453272, episodic_return=0.09999999999999998
global_step=453292, episodic_return=0.5409999999999999
global_step=453388, episodic_return=0.0
global_step=453388, episodic_return=0.694
global_step=453396, episodic_return=0.73
global_step=453512, episodic_return=0.73
SPS: 3257
global_step=453640, episodic_return=0.45999999999999996
global_step=453688, episodic_return=0.901
global_step=453696, episodic_return=0.0
global_step=453768, episodic_return=0.43299999999999994
global_step=453792, episodic_return=0.0
global_step=453968, episodic_return=0.379
global_step=454024, episodic_return=0.487
global_step=454100, episodic_return=0.0
global_step=454100, episodic_return=0.838
SPS: 3257
global_step=454172, episodic_return=0.0
global_step=454272, episodic_return=0.784
global_step=454356, episodic_return=0.43299999999999994
global_step=454372, episodic_return=0.0
global_step=454504, episodic_return=0.0
global_step=454516, episodic_return=0.685
global_step=454536, episodic_return=0.9369999999999999
global_step=454560, episodic_return=0.91
global_step=454600, episodic_return=0.45999999999999996
global_step=454620, episodic_return=0.964
SPS: 3257
global_step=454676, episodic_return=0.0
global_step=454740, episodic_return=0.604
global_step=454744, episodic_return=0.73
global_step=454796, episodic_return=0.42399999999999993
global_step=454896, episodic_return=0.667
global_step=454904, episodic_return=0.4959999999999999
global_step=454936, episodic_return=0.9369999999999999
global_step=454956, episodic_return=0.5229999999999999
global_step=454968, episodic_return=0.847
global_step=455008, episodic_return=0.532
global_step=455100, episodic_return=0.802
SPS: 3257
global_step=455232, episodic_return=0.34299999999999997
global_step=455264, episodic_return=0.31599999999999995
global_step=455372, episodic_return=0.0
global_step=455472, episodic_return=0.5409999999999999
global_step=455504, episodic_return=0.0
global_step=455636, episodic_return=0.0
global_step=455648, episodic_return=0.613
global_step=455676, episodic_return=0.32499999999999996
SPS: 3257
global_step=455700, episodic_return=0.955
global_step=455816, episodic_return=0.631
global_step=455908, episodic_return=0.0
global_step=455996, episodic_return=0.8109999999999999
global_step=456040, episodic_return=0.0
global_step=456052, episodic_return=0.478
global_step=456104, episodic_return=0.0
SPS: 3257
global_step=456220, episodic_return=0.631
global_step=456380, episodic_return=0.3879999999999999
global_step=456400, episodic_return=0.0
global_step=456444, episodic_return=0.0
global_step=456500, episodic_return=0.739
global_step=456588, episodic_return=0.685
global_step=456608, episodic_return=0.5409999999999999
global_step=456624, episodic_return=0.0
SPS: 3257
global_step=456752, episodic_return=0.721
global_step=456760, episodic_return=0.622
global_step=456872, episodic_return=0.739
global_step=456904, episodic_return=0.0
global_step=456984, episodic_return=0.5049999999999999
global_step=457012, episodic_return=0.0
SPS: 3258
global_step=457276, episodic_return=0.0
global_step=457308, episodic_return=0.0
global_step=457348, episodic_return=0.847
global_step=457388, episodic_return=0.0
global_step=457416, episodic_return=0.0
global_step=457460, episodic_return=0.847
global_step=457616, episodic_return=0.31599999999999995
SPS: 3258
global_step=457744, episodic_return=0.37
global_step=457752, episodic_return=0.0
global_step=457820, episodic_return=0.0
global_step=457880, episodic_return=0.874
global_step=457940, episodic_return=0.5680000000000001
global_step=457956, episodic_return=0.244
global_step=457964, episodic_return=0.532
global_step=458068, episodic_return=0.586
global_step=458196, episodic_return=0.487
global_step=458224, episodic_return=0.4059999999999999
global_step=458228, episodic_return=0.9369999999999999
SPS: 3258
global_step=458344, episodic_return=0.0
global_step=458396, episodic_return=0.892
global_step=458420, episodic_return=0.5680000000000001
global_step=458432, episodic_return=0.18999999999999995
global_step=458520, episodic_return=0.8109999999999999
global_step=458600, episodic_return=0.829
global_step=458608, episodic_return=0.532
global_step=458632, episodic_return=0.0
global_step=458704, episodic_return=0.847
global_step=458752, episodic_return=0.901
SPS: 3258
global_step=458784, episodic_return=0.613
global_step=458824, episodic_return=0.0
global_step=458844, episodic_return=0.45999999999999996
global_step=458892, episodic_return=0.766
global_step=458996, episodic_return=0.775
global_step=459016, episodic_return=0.4149999999999999
global_step=459048, episodic_return=0.5049999999999999
global_step=459180, episodic_return=0.595
global_step=459248, episodic_return=0.0
SPS: 3258
global_step=459340, episodic_return=0.649
global_step=459420, episodic_return=0.0
global_step=459452, episodic_return=0.0
global_step=459456, episodic_return=0.5409999999999999
global_step=459488, episodic_return=0.9279999999999999
global_step=459636, episodic_return=0.34299999999999997
global_step=459688, episodic_return=0.4059999999999999
global_step=459728, episodic_return=0.469
global_step=459768, episodic_return=0.829
SPS: 3258
global_step=459812, episodic_return=0.91
global_step=459860, episodic_return=0.0
global_step=459872, episodic_return=0.982
global_step=459896, episodic_return=0.955
global_step=459972, episodic_return=0.649
global_step=460028, episodic_return=0.712
global_step=460040, episodic_return=0.0
global_step=460096, episodic_return=0.883
global_step=460132, episodic_return=0.9279999999999999
global_step=460132, episodic_return=0.0
global_step=460272, episodic_return=0.33399999999999996
SPS: 3258
global_step=460328, episodic_return=0.33399999999999996
global_step=460344, episodic_return=0.847
global_step=460536, episodic_return=0.0
global_step=460536, episodic_return=0.0
global_step=460560, episodic_return=0.5229999999999999
global_step=460732, episodic_return=0.0
SPS: 3258
global_step=460920, episodic_return=0.19899999999999995
global_step=460940, episodic_return=0.0
global_step=460940, episodic_return=0.0
global_step=461096, episodic_return=0.6579999999999999
global_step=461100, episodic_return=0.18099999999999994
global_step=461156, episodic_return=0.883
SPS: 3258
global_step=461324, episodic_return=0.0
global_step=461344, episodic_return=0.0
global_step=461408, episodic_return=0.44199999999999995
global_step=461484, episodic_return=0.838
global_step=461500, episodic_return=0.0
global_step=461556, episodic_return=0.532
global_step=461580, episodic_return=0.7929999999999999
global_step=461584, episodic_return=0.42399999999999993
global_step=461684, episodic_return=0.595
global_step=461692, episodic_return=0.991
global_step=461780, episodic_return=0.5049999999999999
global_step=461800, episodic_return=0.766
SPS: 3257
global_step=461884, episodic_return=0.32499999999999996
global_step=461988, episodic_return=0.0
global_step=462124, episodic_return=0.703
global_step=462184, episodic_return=0.0
global_step=462204, episodic_return=0.0
global_step=462220, episodic_return=0.253
SPS: 3257
global_step=462372, episodic_return=0.586
global_step=462440, episodic_return=0.514
global_step=462528, episodic_return=0.0
global_step=462608, episodic_return=0.0
global_step=462616, episodic_return=0.991
global_step=462776, episodic_return=0.0
global_step=462808, episodic_return=0.18099999999999994
global_step=462808, episodic_return=0.9369999999999999
global_step=462816, episodic_return=0.5589999999999999
global_step=462844, episodic_return=0.946
SPS: 3257
global_step=462932, episodic_return=0.0
global_step=463124, episodic_return=0.577
global_step=463212, episodic_return=0.0
global_step=463212, episodic_return=0.0
global_step=463248, episodic_return=0.0
global_step=463340, episodic_return=0.721
global_step=463344, episodic_return=0.514
SPS: 3257
global_step=463384, episodic_return=0.622
global_step=463404, episodic_return=0.865
global_step=463468, episodic_return=0.865
global_step=463568, episodic_return=0.595
global_step=463648, episodic_return=0.829
global_step=463652, episodic_return=0.0
global_step=463748, episodic_return=0.0
global_step=463748, episodic_return=0.7929999999999999
global_step=463804, episodic_return=0.6579999999999999
global_step=463820, episodic_return=0.21699999999999997
global_step=463832, episodic_return=0.82
global_step=463856, episodic_return=0.892
SPS: 3257
global_step=464056, episodic_return=0.5049999999999999
global_step=464072, episodic_return=0.44199999999999995
global_step=464152, episodic_return=0.0
global_step=464188, episodic_return=0.712
global_step=464260, episodic_return=0.0
global_step=464300, episodic_return=0.757
global_step=464356, episodic_return=0.7929999999999999
global_step=464372, episodic_return=0.33399999999999996
SPS: 3257
global_step=464468, episodic_return=0.631
global_step=464472, episodic_return=0.784
global_step=464556, episodic_return=0.0
global_step=464660, episodic_return=0.586
global_step=464760, episodic_return=0.0
global_step=464768, episodic_return=0.532
global_step=464872, episodic_return=0.0
global_step=464888, episodic_return=0.973
SPS: 3258
global_step=464924, episodic_return=0.4149999999999999
global_step=464948, episodic_return=0.586
global_step=464964, episodic_return=0.973
global_step=464976, episodic_return=0.892
global_step=465036, episodic_return=0.874
global_step=465072, episodic_return=0.595
global_step=465100, episodic_return=0.262
global_step=465160, episodic_return=0.73
global_step=465184, episodic_return=0.514
global_step=465260, episodic_return=0.649
SPS: 3258
global_step=465424, episodic_return=0.4149999999999999
global_step=465476, episodic_return=0.0
global_step=465584, episodic_return=0.766
global_step=465588, episodic_return=0.0
global_step=465664, episodic_return=0.0
global_step=465672, episodic_return=0.8109999999999999
global_step=465724, episodic_return=0.892
global_step=465776, episodic_return=0.586
global_step=465792, episodic_return=0.18099999999999994
SPS: 3258
global_step=465940, episodic_return=0.5229999999999999
global_step=466068, episodic_return=0.0
global_step=466180, episodic_return=0.0
global_step=466192, episodic_return=0.73
global_step=466196, episodic_return=0.0
global_step=466228, episodic_return=0.901
global_step=466284, episodic_return=0.8109999999999999
global_step=466344, episodic_return=0.0
global_step=466344, episodic_return=0.667
global_step=466364, episodic_return=0.829
SPS: 3258
global_step=466512, episodic_return=0.37
global_step=466532, episodic_return=0.586
global_step=466616, episodic_return=0.3969999999999999
global_step=466744, episodic_return=0.721
global_step=466768, episodic_return=0.0
global_step=466916, episodic_return=0.6759999999999999
global_step=466916, episodic_return=0.0
global_step=466936, episodic_return=0.0
SPS: 3258
global_step=467044, episodic_return=0.766
global_step=467064, episodic_return=0.964
global_step=467100, episodic_return=0.595
global_step=467112, episodic_return=0.982
global_step=467140, episodic_return=0.118
global_step=467144, episodic_return=0.4959999999999999
global_step=467200, episodic_return=0.874
global_step=467248, episodic_return=0.901
global_step=467332, episodic_return=0.586
global_step=467372, episodic_return=0.31599999999999995
SPS: 3258
global_step=467464, episodic_return=0.802
global_step=467516, episodic_return=0.0
global_step=467556, episodic_return=0.31599999999999995
global_step=467588, episodic_return=0.73
global_step=467664, episodic_return=0.262
global_step=467720, episodic_return=0.883
global_step=467772, episodic_return=0.595
global_step=467784, episodic_return=0.982
global_step=467788, episodic_return=0.856
global_step=467920, episodic_return=0.0
global_step=467960, episodic_return=0.0
SPS: 3258
global_step=468004, episodic_return=0.5229999999999999
global_step=468012, episodic_return=0.802
global_step=468060, episodic_return=0.3879999999999999
global_step=468108, episodic_return=0.775
global_step=468240, episodic_return=0.4959999999999999
global_step=468256, episodic_return=0.5680000000000001
global_step=468308, episodic_return=0.5589999999999999
global_step=468312, episodic_return=0.847
global_step=468364, episodic_return=0.0
global_step=468404, episodic_return=0.802
global_step=468436, episodic_return=0.721
SPS: 3258
global_step=468492, episodic_return=0.883
global_step=468492, episodic_return=0.721
global_step=468660, episodic_return=0.0
global_step=468764, episodic_return=0.775
global_step=468808, episodic_return=0.0
global_step=468896, episodic_return=0.0
global_step=468896, episodic_return=0.0
global_step=468912, episodic_return=0.775
SPS: 3259
global_step=468996, episodic_return=0.784
global_step=469012, episodic_return=0.784
global_step=469116, episodic_return=0.514
global_step=469168, episodic_return=0.0
global_step=469292, episodic_return=0.379
global_step=469320, episodic_return=0.667
global_step=469400, episodic_return=0.0
SPS: 3259
global_step=469512, episodic_return=0.514
global_step=469520, episodic_return=0.0
global_step=469632, episodic_return=0.30699999999999994
global_step=469644, episodic_return=0.45999999999999996
global_step=469648, episodic_return=0.973
global_step=469680, episodic_return=0.9279999999999999
global_step=469708, episodic_return=0.5680000000000001
global_step=469892, episodic_return=0.45999999999999996
global_step=469924, episodic_return=0.0
SPS: 3259
global_step=470084, episodic_return=0.0
global_step=470112, episodic_return=0.0
global_step=470160, episodic_return=0.4059999999999999
global_step=470200, episodic_return=0.3879999999999999
global_step=470232, episodic_return=0.847
global_step=470432, episodic_return=0.22599999999999998
global_step=470516, episodic_return=0.0
SPS: 3259
global_step=470604, episodic_return=0.0
global_step=470616, episodic_return=0.784
global_step=470636, episodic_return=0.0
global_step=470836, episodic_return=0.0
global_step=470960, episodic_return=0.235
global_step=471008, episodic_return=0.0
global_step=471040, episodic_return=0.0
SPS: 3259
global_step=471064, episodic_return=0.775
global_step=471076, episodic_return=0.9279999999999999
global_step=471148, episodic_return=0.694
global_step=471208, episodic_return=0.685
global_step=471240, episodic_return=0.0
global_step=471244, episodic_return=0.631
global_step=471364, episodic_return=0.5229999999999999
global_step=471408, episodic_return=0.631
global_step=471452, episodic_return=0.91
global_step=471468, episodic_return=0.5049999999999999
global_step=471504, episodic_return=0.892
SPS: 3259
global_step=471568, episodic_return=0.865
global_step=471612, episodic_return=0.0
global_step=471768, episodic_return=0.5589999999999999
global_step=471768, episodic_return=0.0
global_step=471808, episodic_return=0.5680000000000001
global_step=471872, episodic_return=0.0
global_step=471876, episodic_return=0.766
global_step=471880, episodic_return=0.991
global_step=471952, episodic_return=0.685
global_step=471952, episodic_return=0.847
SPS: 3259
global_step=472068, episodic_return=0.748
global_step=472124, episodic_return=0.622
global_step=472172, episodic_return=0.0
global_step=472172, episodic_return=0.901
global_step=472280, episodic_return=0.0
global_step=472308, episodic_return=0.469
global_step=472316, episodic_return=0.685
global_step=472364, episodic_return=0.577
global_step=472388, episodic_return=0.847
global_step=472484, episodic_return=0.613
global_step=472536, episodic_return=0.6759999999999999
global_step=472544, episodic_return=0.604
SPS: 3259
global_step=472632, episodic_return=0.8109999999999999
global_step=472632, episodic_return=0.7929999999999999
global_step=472680, episodic_return=0.10899999999999999
global_step=472748, episodic_return=0.4149999999999999
global_step=472760, episodic_return=0.721
global_step=472828, episodic_return=0.6759999999999999
global_step=472880, episodic_return=0.712
global_step=473000, episodic_return=0.18099999999999994
global_step=473004, episodic_return=0.45999999999999996
global_step=473088, episodic_return=0.8109999999999999
SPS: 3259
global_step=473096, episodic_return=0.991
global_step=473232, episodic_return=0.0
global_step=473284, episodic_return=0.0
global_step=473308, episodic_return=0.955
global_step=473376, episodic_return=0.379
global_step=473408, episodic_return=0.0
global_step=473508, episodic_return=0.5589999999999999
global_step=473520, episodic_return=0.757
global_step=473548, episodic_return=0.946
SPS: 3259
global_step=473620, episodic_return=0.136
global_step=473676, episodic_return=0.33399999999999996
global_step=473692, episodic_return=0.847
global_step=473716, episodic_return=0.919
global_step=473760, episodic_return=0.44199999999999995
global_step=473776, episodic_return=0.4959999999999999
global_step=473856, episodic_return=0.829
global_step=473864, episodic_return=0.6759999999999999
global_step=473920, episodic_return=0.4959999999999999
global_step=473936, episodic_return=0.847
global_step=473952, episodic_return=0.973
global_step=473964, episodic_return=0.766
global_step=474048, episodic_return=0.82
SPS: 3259
global_step=474164, episodic_return=0.0
global_step=474200, episodic_return=0.379
global_step=474224, episodic_return=0.874
global_step=474256, episodic_return=0.32499999999999996
global_step=474332, episodic_return=0.712
global_step=474452, episodic_return=0.0
global_step=474496, episodic_return=0.3969999999999999
global_step=474552, episodic_return=0.34299999999999997
global_step=474568, episodic_return=0.478
global_step=474584, episodic_return=0.712
global_step=474620, episodic_return=0.856
SPS: 3259
global_step=474724, episodic_return=0.775
global_step=474780, episodic_return=0.532
global_step=474784, episodic_return=0.5589999999999999
global_step=474828, episodic_return=0.775
global_step=474880, episodic_return=0.892
global_step=474900, episodic_return=0.0
global_step=475020, episodic_return=0.739
global_step=475092, episodic_return=0.847
SPS: 3259
global_step=475184, episodic_return=0.0
global_step=475188, episodic_return=0.0
global_step=475272, episodic_return=0.82
global_step=475284, episodic_return=0.0
global_step=475424, episodic_return=0.667
global_step=475436, episodic_return=0.44199999999999995
global_step=475468, episodic_return=0.595
global_step=475496, episodic_return=0.0
global_step=475600, episodic_return=0.712
SPS: 3260
global_step=475676, episodic_return=0.604
global_step=475704, episodic_return=0.775
global_step=475828, episodic_return=0.0
global_step=475840, episodic_return=0.0
global_step=475852, episodic_return=0.613
global_step=475876, episodic_return=0.901
global_step=475920, episodic_return=0.829
global_step=476004, episodic_return=0.82
global_step=476108, episodic_return=0.0
global_step=476116, episodic_return=0.4149999999999999
SPS: 3260
global_step=476248, episodic_return=0.694
global_step=476280, episodic_return=0.0
global_step=476408, episodic_return=0.0
global_step=476432, episodic_return=0.667
global_step=476468, episodic_return=0.21699999999999997
global_step=476632, episodic_return=0.5589999999999999
global_step=476652, episodic_return=0.0
SPS: 3260
global_step=476812, episodic_return=0.0
global_step=476816, episodic_return=0.6399999999999999
global_step=476872, episodic_return=0.0
global_step=476944, episodic_return=0.847
global_step=477016, episodic_return=0.5589999999999999
global_step=477036, episodic_return=0.0
global_step=477056, episodic_return=0.45999999999999996
global_step=477064, episodic_return=0.739
global_step=477148, episodic_return=0.757
global_step=477160, episodic_return=0.685
SPS: 3260
global_step=477188, episodic_return=0.712
global_step=477316, episodic_return=0.631
global_step=477344, episodic_return=0.946
global_step=477468, episodic_return=0.0
global_step=477564, episodic_return=0.0
global_step=477592, episodic_return=0.0
global_step=477652, episodic_return=0.874
global_step=477688, episodic_return=0.73
SPS: 3260
global_step=477748, episodic_return=0.0
global_step=477872, episodic_return=0.0
global_step=477912, episodic_return=0.919
global_step=477992, episodic_return=0.244
global_step=478000, episodic_return=0.44199999999999995
global_step=478092, episodic_return=0.0
global_step=478188, episodic_return=0.3879999999999999
global_step=478196, episodic_return=0.991
global_step=478204, episodic_return=0.532
SPS: 3260
global_step=478224, episodic_return=0.712
global_step=478404, episodic_return=0.0
global_step=478428, episodic_return=0.5049999999999999
global_step=478600, episodic_return=0.0
global_step=478628, episodic_return=0.0
global_step=478652, episodic_return=0.45099999999999996
global_step=478716, episodic_return=0.361
SPS: 3260
global_step=478776, episodic_return=0.874
global_step=478788, episodic_return=0.649
global_step=478848, episodic_return=0.847
global_step=478868, episodic_return=0.5229999999999999
global_step=478900, episodic_return=0.892
global_step=479004, episodic_return=0.0
global_step=479016, episodic_return=0.748
global_step=479084, episodic_return=0.829
global_step=479144, episodic_return=0.20799999999999996
global_step=479148, episodic_return=0.379
global_step=479172, episodic_return=0.8109999999999999
global_step=479196, episodic_return=0.892
SPS: 3259
global_step=479368, episodic_return=0.5680000000000001
global_step=479420, episodic_return=0.0
global_step=479460, episodic_return=0.4149999999999999
global_step=479480, episodic_return=0.757
global_step=479552, episodic_return=0.0
global_step=479576, episodic_return=0.6579999999999999
global_step=479652, episodic_return=0.838
global_step=479664, episodic_return=0.595
global_step=479712, episodic_return=0.649
global_step=479716, episodic_return=0.865
SPS: 3260
global_step=479748, episodic_return=0.361
global_step=479772, episodic_return=0.766
global_step=479800, episodic_return=0.82
global_step=479952, episodic_return=0.604
global_step=479996, episodic_return=0.37
global_step=480008, episodic_return=0.5409999999999999
global_step=480144, episodic_return=0.577
global_step=480152, episodic_return=0.0
SPS: 3260
global_step=480300, episodic_return=0.352
global_step=480328, episodic_return=0.613
global_step=480376, episodic_return=0.487
global_step=480400, episodic_return=0.0
global_step=480412, episodic_return=0.757
global_step=480528, episodic_return=0.721
global_step=480540, episodic_return=0.721
global_step=480652, episodic_return=0.73
global_step=480732, episodic_return=0.0
SPS: 3260
global_step=480780, episodic_return=0.0
global_step=480892, episodic_return=0.469
global_step=480896, episodic_return=0.748
global_step=480944, episodic_return=0.0
global_step=480948, episodic_return=0.5229999999999999
global_step=481048, episodic_return=0.667
global_step=481068, episodic_return=0.73
global_step=481088, episodic_return=0.694
global_step=481112, episodic_return=0.955
global_step=481216, episodic_return=0.631
global_step=481224, episodic_return=0.757
global_step=481228, episodic_return=0.649
SPS: 3260
global_step=481296, episodic_return=0.0
global_step=481356, episodic_return=0.874
global_step=481580, episodic_return=0.21699999999999997
global_step=481620, episodic_return=0.0
global_step=481628, episodic_return=0.0
global_step=481740, episodic_return=0.739
global_step=481760, episodic_return=0.0
global_step=481788, episodic_return=0.5409999999999999
SPS: 3260
global_step=481796, episodic_return=0.883
global_step=481988, episodic_return=0.4959999999999999
global_step=482032, episodic_return=0.0
global_step=482124, episodic_return=0.802
global_step=482180, episodic_return=0.14500000000000002
global_step=482192, episodic_return=0.0
global_step=482224, episodic_return=0.478
SPS: 3260
global_step=482344, episodic_return=0.514
global_step=482436, episodic_return=0.532
global_step=482512, episodic_return=0.838
global_step=482584, episodic_return=0.0
global_step=482596, episodic_return=0.0
global_step=482644, episodic_return=0.874
global_step=482748, episodic_return=0.0
SPS: 3260
global_step=482828, episodic_return=0.829
global_step=482888, episodic_return=0.45999999999999996
global_step=482896, episodic_return=0.856
global_step=482916, episodic_return=0.0
global_step=482960, episodic_return=0.847
global_step=483000, episodic_return=0.0
global_step=483064, episodic_return=0.631
global_step=483100, episodic_return=0.9279999999999999
global_step=483180, episodic_return=0.514
global_step=483188, episodic_return=0.3969999999999999
SPS: 3260
global_step=483404, episodic_return=0.0
global_step=483468, episodic_return=0.379
global_step=483504, episodic_return=0.0
global_step=483584, episodic_return=0.0
global_step=483624, episodic_return=0.6579999999999999
global_step=483644, episodic_return=0.874
global_step=483652, episodic_return=0.6759999999999999
global_step=483808, episodic_return=0.0
global_step=483816, episodic_return=0.577
SPS: 3260
global_step=483868, episodic_return=0.5229999999999999
global_step=483972, episodic_return=0.6579999999999999
global_step=483976, episodic_return=0.766
global_step=483980, episodic_return=0.253
global_step=484080, episodic_return=0.784
global_step=484148, episodic_return=0.613
global_step=484156, episodic_return=0.22599999999999998
global_step=484204, episodic_return=0.73
global_step=484252, episodic_return=0.3879999999999999
global_step=484316, episodic_return=0.649
SPS: 3260
global_step=484416, episodic_return=0.6399999999999999
global_step=484552, episodic_return=0.0
global_step=484584, episodic_return=0.631
global_step=484584, episodic_return=0.4059999999999999
global_step=484608, episodic_return=0.0
global_step=484784, episodic_return=0.613
SPS: 3261
global_step=484876, episodic_return=0.802
global_step=484884, episodic_return=0.33399999999999996
global_step=484912, episodic_return=0.9279999999999999
global_step=484956, episodic_return=0.0
global_step=484988, episodic_return=0.0
global_step=485016, episodic_return=0.874
global_step=485044, episodic_return=0.712
global_step=485068, episodic_return=0.595
global_step=485196, episodic_return=0.667
global_step=485220, episodic_return=0.955
global_step=485292, episodic_return=0.5049999999999999
SPS: 3261
global_step=485392, episodic_return=0.0
global_step=485408, episodic_return=0.586
global_step=485420, episodic_return=0.0
global_step=485428, episodic_return=0.964
global_step=485488, episodic_return=0.7929999999999999
global_step=485540, episodic_return=0.757
global_step=485572, episodic_return=0.9369999999999999
global_step=485592, episodic_return=0.775
global_step=485604, episodic_return=0.595
global_step=485672, episodic_return=0.15400000000000003
global_step=485692, episodic_return=0.739
global_step=485760, episodic_return=0.6579999999999999
global_step=485764, episodic_return=0.802
global_step=485836, episodic_return=0.838
SPS: 3261
global_step=485996, episodic_return=0.0
global_step=486096, episodic_return=0.0
global_step=486120, episodic_return=0.20799999999999996
global_step=486132, episodic_return=0.703
global_step=486168, episodic_return=0.901
global_step=486240, episodic_return=0.0
global_step=486252, episodic_return=0.82
global_step=486324, episodic_return=0.82
global_step=486372, episodic_return=0.3879999999999999
SPS: 3261
global_step=486536, episodic_return=0.0
global_step=486564, episodic_return=0.577
global_step=486656, episodic_return=0.0
global_step=486728, episodic_return=0.0
global_step=486748, episodic_return=0.532
global_step=486776, episodic_return=0.739
global_step=486840, episodic_return=0.3879999999999999
global_step=486908, episodic_return=0.649
SPS: 3261
global_step=486988, episodic_return=0.42399999999999993
global_step=487020, episodic_return=0.9369999999999999
global_step=487076, episodic_return=0.33399999999999996
global_step=487096, episodic_return=0.43299999999999994
global_step=487168, episodic_return=0.847
global_step=487212, episodic_return=0.577
global_step=487216, episodic_return=0.31599999999999995
global_step=487244, episodic_return=0.631
global_step=487256, episodic_return=0.8109999999999999
global_step=487340, episodic_return=0.73
global_step=487408, episodic_return=0.667
SPS: 3261
global_step=487476, episodic_return=0.487
global_step=487572, episodic_return=0.7929999999999999
global_step=487616, episodic_return=0.0
global_step=487744, episodic_return=0.0
global_step=487812, episodic_return=0.0
global_step=487864, episodic_return=0.352
global_step=487936, episodic_return=0.73
SPS: 3261
global_step=488020, episodic_return=0.0
global_step=488028, episodic_return=0.37
global_step=488028, episodic_return=0.6399999999999999
global_step=488060, episodic_return=0.73
global_step=488116, episodic_return=0.8109999999999999
global_step=488120, episodic_return=0.784
global_step=488128, episodic_return=0.856
global_step=488168, episodic_return=0.694
global_step=488224, episodic_return=0.7929999999999999
global_step=488224, episodic_return=0.766
global_step=488248, episodic_return=0.721
SPS: 3261
global_step=488536, episodic_return=0.30699999999999994
global_step=488572, episodic_return=0.0
global_step=488628, episodic_return=0.0
global_step=488652, episodic_return=0.0
global_step=488896, episodic_return=0.45999999999999996
global_step=488940, episodic_return=0.0
SPS: 3261
global_step=488976, episodic_return=0.0
global_step=489032, episodic_return=0.0
global_step=489184, episodic_return=0.361
global_step=489312, episodic_return=0.379
global_step=489344, episodic_return=0.0
global_step=489360, episodic_return=0.973
global_step=489380, episodic_return=0.0
SPS: 3262
global_step=489480, episodic_return=0.784
global_step=489548, episodic_return=0.478
global_step=489588, episodic_return=0.0
global_step=489600, episodic_return=0.469
global_step=489628, episodic_return=0.829
global_step=489660, episodic_return=0.874
global_step=489752, episodic_return=0.3969999999999999
global_step=489808, episodic_return=0.514
SPS: 3262
global_step=490016, episodic_return=0.20799999999999996
global_step=490032, episodic_return=0.0
global_step=490144, episodic_return=0.757
global_step=490156, episodic_return=0.0
global_step=490184, episodic_return=0.919
global_step=490188, episodic_return=0.15400000000000003
global_step=490212, episodic_return=0.5680000000000001
global_step=490232, episodic_return=0.838
global_step=490248, episodic_return=0.865
global_step=490360, episodic_return=0.6759999999999999
global_step=490400, episodic_return=0.532
global_step=490428, episodic_return=0.604
SPS: 3262
global_step=490500, episodic_return=0.4059999999999999
global_step=490540, episodic_return=0.757
global_step=490556, episodic_return=0.973
global_step=490764, episodic_return=0.0
global_step=490804, episodic_return=0.0
global_step=490856, episodic_return=0.20799999999999996
global_step=490900, episodic_return=0.235
global_step=490956, episodic_return=0.667
global_step=490976, episodic_return=0.739
global_step=491004, episodic_return=0.775
SPS: 3262
global_step=491032, episodic_return=0.4059999999999999
global_step=491128, episodic_return=0.667
global_step=491176, episodic_return=0.514
global_step=491184, episodic_return=0.604
global_step=491268, episodic_return=0.478
global_step=491344, episodic_return=0.838
global_step=491440, episodic_return=0.43299999999999994
global_step=491448, episodic_return=0.3969999999999999
SPS: 3262
global_step=491532, episodic_return=0.0
global_step=491652, episodic_return=0.31599999999999995
global_step=491708, episodic_return=0.883
global_step=491732, episodic_return=0.352
global_step=491848, episodic_return=0.748
global_step=491852, episodic_return=0.0
global_step=491916, episodic_return=0.14500000000000002
global_step=492020, episodic_return=0.622
SPS: 3263
global_step=492036, episodic_return=0.595
global_step=492112, episodic_return=0.0
global_step=492140, episodic_return=0.946
global_step=492168, episodic_return=0.946
global_step=492264, episodic_return=0.45999999999999996
global_step=492320, episodic_return=0.0
global_step=492416, episodic_return=0.667
global_step=492440, episodic_return=0.0
global_step=492524, episodic_return=0.20799999999999996
global_step=492532, episodic_return=0.748
SPS: 3263
global_step=492668, episodic_return=0.4959999999999999
global_step=492724, episodic_return=0.0
global_step=492776, episodic_return=0.766
global_step=492812, episodic_return=0.379
global_step=492916, episodic_return=0.577
global_step=492928, episodic_return=0.0
global_step=492996, episodic_return=0.595
global_step=493040, episodic_return=0.73
SPS: 3263
global_step=493060, episodic_return=0.712
global_step=493072, episodic_return=0.9369999999999999
global_step=493116, episodic_return=0.883
global_step=493160, episodic_return=0.8109999999999999
global_step=493180, episodic_return=0.0
global_step=493232, episodic_return=0.478
global_step=493364, episodic_return=0.55
global_step=493408, episodic_return=0.4959999999999999
global_step=493408, episodic_return=0.352
global_step=493456, episodic_return=0.802
global_step=493516, episodic_return=0.766
SPS: 3263
global_step=493608, episodic_return=0.802
global_step=493636, episodic_return=0.0
global_step=493812, episodic_return=0.0
global_step=493844, episodic_return=0.478
global_step=493856, episodic_return=0.514
global_step=493860, episodic_return=0.0
global_step=493876, episodic_return=0.865
global_step=493908, episodic_return=0.892
SPS: 3264
global_step=494172, episodic_return=0.4149999999999999
global_step=494248, episodic_return=0.0
global_step=494264, episodic_return=0.0
global_step=494280, episodic_return=0.0
global_step=494420, episodic_return=0.622
global_step=494444, episodic_return=0.955
global_step=494576, episodic_return=0.0
SPS: 3264
global_step=494632, episodic_return=0.883
global_step=494668, episodic_return=0.0
global_step=494684, episodic_return=0.0
global_step=494740, episodic_return=0.847
global_step=494760, episodic_return=0.721
global_step=494848, episodic_return=0.0
global_step=494872, episodic_return=0.586
global_step=494880, episodic_return=0.9369999999999999
SPS: 3264
global_step=495140, episodic_return=0.10899999999999999
global_step=495164, episodic_return=0.0
global_step=495276, episodic_return=0.0
global_step=495284, episodic_return=0.0
global_step=495300, episodic_return=0.973
global_step=495328, episodic_return=0.892
global_step=495388, episodic_return=0.8109999999999999
global_step=495420, episodic_return=0.43299999999999994
global_step=495488, episodic_return=0.856
global_step=495500, episodic_return=0.622
global_step=495544, episodic_return=0.0
global_step=495580, episodic_return=0.802
global_step=495596, episodic_return=0.5409999999999999
SPS: 3263
global_step=495644, episodic_return=0.685
global_step=495676, episodic_return=0.9369999999999999
global_step=495760, episodic_return=0.5229999999999999
global_step=495760, episodic_return=0.82
global_step=495784, episodic_return=0.55
global_step=495812, episodic_return=0.5229999999999999
global_step=495944, episodic_return=0.595
global_step=496004, episodic_return=0.874
global_step=496020, episodic_return=0.42399999999999993
global_step=496076, episodic_return=0.352
global_step=496116, episodic_return=0.7929999999999999
SPS: 3264
global_step=496200, episodic_return=0.5680000000000001
global_step=496212, episodic_return=0.703
global_step=496216, episodic_return=0.0
global_step=496252, episodic_return=0.703
global_step=496300, episodic_return=0.8109999999999999
global_step=496360, episodic_return=0.874
global_step=496392, episodic_return=0.694
global_step=496512, episodic_return=0.739
global_step=496548, episodic_return=0.262
global_step=496552, episodic_return=0.577
global_step=496604, episodic_return=0.0
global_step=496612, episodic_return=0.991
SPS: 3264
global_step=496788, episodic_return=0.3879999999999999
global_step=496808, episodic_return=0.43299999999999994
global_step=496904, episodic_return=0.7929999999999999
global_step=496952, episodic_return=0.0
global_step=497016, episodic_return=0.0
global_step=497048, episodic_return=0.7929999999999999
global_step=497052, episodic_return=0.4149999999999999
global_step=497068, episodic_return=0.6399999999999999
global_step=497148, episodic_return=0.7929999999999999
SPS: 3264
global_step=497228, episodic_return=0.829
global_step=497284, episodic_return=0.478
global_step=497312, episodic_return=0.82
global_step=497320, episodic_return=0.44199999999999995
global_step=497420, episodic_return=0.0
global_step=497616, episodic_return=0.262
global_step=497628, episodic_return=0.31599999999999995
SPS: 3265
global_step=497704, episodic_return=0.838
global_step=497716, episodic_return=0.0
global_step=497724, episodic_return=0.766
global_step=497824, episodic_return=0.739
global_step=497824, episodic_return=0.0
global_step=497876, episodic_return=0.667
global_step=497936, episodic_return=0.514
global_step=498064, episodic_return=0.469
global_step=498148, episodic_return=0.532
global_step=498168, episodic_return=0.775
SPS: 3265
global_step=498228, episodic_return=0.0
global_step=498244, episodic_return=0.838
global_step=498280, episodic_return=0.0
global_step=498304, episodic_return=0.874
global_step=498360, episodic_return=0.532
global_step=498412, episodic_return=0.595
global_step=498456, episodic_return=0.667
global_step=498460, episodic_return=0.901
global_step=498596, episodic_return=0.29799999999999993
SPS: 3265
global_step=498704, episodic_return=0.45999999999999996
global_step=498764, episodic_return=0.0
global_step=498768, episodic_return=0.865
global_step=498776, episodic_return=0.604
global_step=498860, episodic_return=0.0
global_step=498872, episodic_return=0.7929999999999999
global_step=498996, episodic_return=0.487
global_step=499172, episodic_return=0.0
SPS: 3266
global_step=499236, episodic_return=0.865
global_step=499264, episodic_return=0.0
global_step=499276, episodic_return=0.0
global_step=499356, episodic_return=0.19899999999999995
global_step=499424, episodic_return=0.649
global_step=499492, episodic_return=0.5229999999999999
global_step=499504, episodic_return=0.4059999999999999
global_step=499524, episodic_return=0.631
global_step=499548, episodic_return=0.955
global_step=499584, episodic_return=0.829
SPS: 3266
Saved agent to runs/grandom_yfollow__cond_C__1__1779559961/agent.pt
[1;34mwandb[0m: 
[1;34mwandb[0m: 🚀 View run [33mgrandom_yfollow__cond_C__1__1779559961[0m at: [34mhttps://wandb.ai/animeconqueror108-university-of-southern-mississippi/ppo-spurious/runs/ftk5ok9l[0m
[1;34mwandb[0m: Find logs at: [1;35mwandb/run-20260523_131242-ftk5ok9l/logs[0m
[done] Sat May 23 01:15:53 PM CDT 2026  name=cond_C
