Unloading shared
  WARNING: Did not unuse /cm/shared/modulefiles
[start] Sat May 23 01:37:44 PM CDT 2026  host=node049  task=5  name=cond_D
name
NVIDIA L40S
global_step=400, episodic_return=0.0
global_step=400, episodic_return=0.0
global_step=400, episodic_return=0.0
global_step=400, episodic_return=0.0
SPS: 1015
global_step=804, episodic_return=0.0
global_step=804, episodic_return=0.0
global_step=804, episodic_return=0.0
global_step=804, episodic_return=0.0
SPS: 1509
global_step=1208, episodic_return=0.0
global_step=1208, episodic_return=0.0
global_step=1208, episodic_return=0.0
global_step=1208, episodic_return=0.0
SPS: 1807
global_step=1612, episodic_return=0.0
global_step=1612, episodic_return=0.0
global_step=1612, episodic_return=0.0
global_step=1612, episodic_return=0.0
global_step=2016, episodic_return=0.0
global_step=2016, episodic_return=0.0
global_step=2016, episodic_return=0.0
global_step=2016, episodic_return=0.0
SPS: 2002
global_step=2420, episodic_return=0.0
global_step=2420, episodic_return=0.0
global_step=2420, episodic_return=0.0
global_step=2420, episodic_return=0.0
SPS: 2143
global_step=2824, episodic_return=0.0
global_step=2824, episodic_return=0.0
global_step=2824, episodic_return=0.0
global_step=2824, episodic_return=0.0
SPS: 2245
global_step=3192, episodic_return=0.18099999999999994
global_step=3228, episodic_return=0.0
global_step=3228, episodic_return=0.0
global_step=3228, episodic_return=0.0
SPS: 2325
global_step=3596, episodic_return=0.0
global_step=3632, episodic_return=0.0
global_step=3632, episodic_return=0.0
global_step=3632, episodic_return=0.0
global_step=4000, episodic_return=0.0
global_step=4036, episodic_return=0.0
global_step=4036, episodic_return=0.0
global_step=4036, episodic_return=0.0
SPS: 2385
global_step=4360, episodic_return=0.2799999999999999
global_step=4404, episodic_return=0.0
global_step=4440, episodic_return=0.0
global_step=4440, episodic_return=0.0
SPS: 2438
global_step=4764, episodic_return=0.0
global_step=4808, episodic_return=0.0
global_step=4844, episodic_return=0.0
global_step=4844, episodic_return=0.0
SPS: 2482
global_step=5168, episodic_return=0.0
global_step=5212, episodic_return=0.0
global_step=5248, episodic_return=0.0
global_step=5248, episodic_return=0.0
global_step=5572, episodic_return=0.0
global_step=5616, episodic_return=0.0
SPS: 2516
global_step=5652, episodic_return=0.0
global_step=5652, episodic_return=0.0
global_step=5976, episodic_return=0.0
global_step=6020, episodic_return=0.0
global_step=6056, episodic_return=0.0
global_step=6056, episodic_return=0.0
SPS: 2549
global_step=6380, episodic_return=0.0
global_step=6424, episodic_return=0.0
global_step=6460, episodic_return=0.0
global_step=6460, episodic_return=0.0
global_step=6480, episodic_return=0.784
SPS: 2577
global_step=6828, episodic_return=0.0
global_step=6864, episodic_return=0.0
global_step=6864, episodic_return=0.0
global_step=6884, episodic_return=0.0
SPS: 2601
global_step=7232, episodic_return=0.0
global_step=7268, episodic_return=0.0
global_step=7268, episodic_return=0.0
global_step=7276, episodic_return=0.991
global_step=7288, episodic_return=0.0
global_step=7636, episodic_return=0.0
global_step=7672, episodic_return=0.0
global_step=7680, episodic_return=0.0
SPS: 2622
global_step=7692, episodic_return=0.0
global_step=8040, episodic_return=0.0
global_step=8076, episodic_return=0.0
global_step=8084, episodic_return=0.0
global_step=8096, episodic_return=0.0
SPS: 2640
global_step=8444, episodic_return=0.0
global_step=8480, episodic_return=0.0
global_step=8488, episodic_return=0.0
global_step=8500, episodic_return=0.0
SPS: 2655
global_step=8848, episodic_return=0.0
global_step=8884, episodic_return=0.0
global_step=8892, episodic_return=0.0
global_step=8904, episodic_return=0.0
SPS: 2672
global_step=9252, episodic_return=0.0
global_step=9288, episodic_return=0.0
global_step=9296, episodic_return=0.0
global_step=9308, episodic_return=0.0
global_step=9656, episodic_return=0.0
global_step=9692, episodic_return=0.0
global_step=9700, episodic_return=0.0
global_step=9712, episodic_return=0.0
SPS: 2684
global_step=10060, episodic_return=0.0
global_step=10096, episodic_return=0.0
global_step=10104, episodic_return=0.0
global_step=10116, episodic_return=0.0
SPS: 2698
global_step=10440, episodic_return=0.253
global_step=10464, episodic_return=0.0
global_step=10500, episodic_return=0.0
global_step=10520, episodic_return=0.0
SPS: 2708
global_step=10844, episodic_return=0.0
global_step=10868, episodic_return=0.0
global_step=10904, episodic_return=0.0
global_step=10924, episodic_return=0.0
global_step=11248, episodic_return=0.0
SPS: 2718
global_step=11272, episodic_return=0.0
global_step=11308, episodic_return=0.0
global_step=11328, episodic_return=0.0
global_step=11468, episodic_return=0.694
global_step=11652, episodic_return=0.0
global_step=11676, episodic_return=0.0
global_step=11712, episodic_return=0.0
SPS: 2727
global_step=11872, episodic_return=0.0
global_step=12056, episodic_return=0.0
global_step=12080, episodic_return=0.0
global_step=12116, episodic_return=0.0
global_step=12276, episodic_return=0.0
SPS: 2735
global_step=12460, episodic_return=0.0
global_step=12484, episodic_return=0.0
global_step=12496, episodic_return=0.9279999999999999
global_step=12520, episodic_return=0.0
global_step=12680, episodic_return=0.0
SPS: 2742
global_step=12888, episodic_return=0.0
global_step=12900, episodic_return=0.0
global_step=12924, episodic_return=0.0
global_step=13084, episodic_return=0.0
global_step=13292, episodic_return=0.0
global_step=13304, episodic_return=0.0
SPS: 2748
global_step=13328, episodic_return=0.0
global_step=13488, episodic_return=0.0
global_step=13696, episodic_return=0.0
global_step=13708, episodic_return=0.0
global_step=13732, episodic_return=0.0
SPS: 2755
global_step=13892, episodic_return=0.0
global_step=14100, episodic_return=0.0
global_step=14112, episodic_return=0.0
global_step=14136, episodic_return=0.0
global_step=14296, episodic_return=0.0
SPS: 2762
global_step=14504, episodic_return=0.0
global_step=14516, episodic_return=0.0
global_step=14540, episodic_return=0.0
global_step=14700, episodic_return=0.0
SPS: 2769
global_step=14908, episodic_return=0.0
global_step=14920, episodic_return=0.0
global_step=14944, episodic_return=0.0
global_step=15104, episodic_return=0.0
global_step=15300, episodic_return=0.20799999999999996
global_step=15312, episodic_return=0.0
global_step=15324, episodic_return=0.0
SPS: 2773
global_step=15508, episodic_return=0.0
global_step=15704, episodic_return=0.0
global_step=15716, episodic_return=0.0
global_step=15728, episodic_return=0.0
SPS: 2779
global_step=15912, episodic_return=0.0
global_step=16000, episodic_return=0.3969999999999999
global_step=16108, episodic_return=0.0
global_step=16120, episodic_return=0.0
global_step=16316, episodic_return=0.0
SPS: 2783
global_step=16404, episodic_return=0.0
global_step=16512, episodic_return=0.0
global_step=16524, episodic_return=0.0
global_step=16720, episodic_return=0.0
global_step=16808, episodic_return=0.0
SPS: 2788
global_step=16916, episodic_return=0.0
global_step=16928, episodic_return=0.0
global_step=17024, episodic_return=0.5229999999999999
global_step=17124, episodic_return=0.0
global_step=17320, episodic_return=0.0
global_step=17332, episodic_return=0.0
SPS: 2792
global_step=17428, episodic_return=0.0
global_step=17528, episodic_return=0.0
global_step=17724, episodic_return=0.0
global_step=17736, episodic_return=0.0
global_step=17832, episodic_return=0.0
SPS: 2796
global_step=17932, episodic_return=0.0
global_step=18128, episodic_return=0.0
global_step=18140, episodic_return=0.0
global_step=18236, episodic_return=0.0
global_step=18336, episodic_return=0.0
SPS: 2800
global_step=18532, episodic_return=0.0
global_step=18544, episodic_return=0.0
global_step=18640, episodic_return=0.0
global_step=18740, episodic_return=0.0
global_step=18936, episodic_return=0.0
SPS: 2803
global_step=18948, episodic_return=0.0
global_step=19044, episodic_return=0.0
global_step=19144, episodic_return=0.0
global_step=19280, episodic_return=0.478
global_step=19340, episodic_return=0.0
global_step=19352, episodic_return=0.0
SPS: 2807
global_step=19548, episodic_return=0.0
global_step=19684, episodic_return=0.0
global_step=19744, episodic_return=0.0
global_step=19756, episodic_return=0.0
global_step=19952, episodic_return=0.0
SPS: 2810
global_step=20088, episodic_return=0.0
global_step=20148, episodic_return=0.0
global_step=20160, episodic_return=0.0
global_step=20356, episodic_return=0.0
SPS: 2814
global_step=20492, episodic_return=0.0
global_step=20552, episodic_return=0.0
global_step=20564, episodic_return=0.0
global_step=20760, episodic_return=0.0
global_step=20896, episodic_return=0.0
global_step=20956, episodic_return=0.0
global_step=20968, episodic_return=0.0
SPS: 2817
global_step=21164, episodic_return=0.0
global_step=21300, episodic_return=0.0
global_step=21360, episodic_return=0.0
global_step=21372, episodic_return=0.0
SPS: 2820
global_step=21568, episodic_return=0.0
global_step=21704, episodic_return=0.0
global_step=21764, episodic_return=0.0
global_step=21776, episodic_return=0.0
global_step=21972, episodic_return=0.0
SPS: 2823
global_step=22108, episodic_return=0.0
global_step=22168, episodic_return=0.0
global_step=22180, episodic_return=0.0
global_step=22304, episodic_return=0.5680000000000001
global_step=22376, episodic_return=0.0
SPS: 2826
global_step=22572, episodic_return=0.0
global_step=22584, episodic_return=0.0
global_step=22708, episodic_return=0.0
global_step=22780, episodic_return=0.0
global_step=22976, episodic_return=0.0
global_step=22988, episodic_return=0.0
SPS: 2828
global_step=23112, episodic_return=0.0
global_step=23184, episodic_return=0.0
global_step=23312, episodic_return=0.2799999999999999
global_step=23380, episodic_return=0.0
global_step=23516, episodic_return=0.0
SPS: 2831
global_step=23588, episodic_return=0.0
global_step=23716, episodic_return=0.0
global_step=23784, episodic_return=0.0
global_step=23920, episodic_return=0.0
global_step=23992, episodic_return=0.0
SPS: 2832
global_step=24120, episodic_return=0.0
global_step=24188, episodic_return=0.0
global_step=24324, episodic_return=0.0
global_step=24336, episodic_return=0.6759999999999999
global_step=24396, episodic_return=0.0
global_step=24524, episodic_return=0.0
SPS: 2835
global_step=24728, episodic_return=0.0
global_step=24740, episodic_return=0.0
global_step=24800, episodic_return=0.0
global_step=24928, episodic_return=0.0
SPS: 2837
global_step=25132, episodic_return=0.0
global_step=25144, episodic_return=0.0
global_step=25204, episodic_return=0.0
global_step=25332, episodic_return=0.0
global_step=25536, episodic_return=0.0
global_step=25548, episodic_return=0.0
SPS: 2837
global_step=25608, episodic_return=0.0
global_step=25736, episodic_return=0.0
global_step=25940, episodic_return=0.0
global_step=25952, episodic_return=0.0
global_step=26012, episodic_return=0.0
SPS: 2838
global_step=26140, episodic_return=0.0
global_step=26344, episodic_return=0.0
global_step=26356, episodic_return=0.0
global_step=26416, episodic_return=0.0
global_step=26544, episodic_return=0.0
SPS: 2841
global_step=26748, episodic_return=0.0
global_step=26760, episodic_return=0.0
global_step=26820, episodic_return=0.0
global_step=26948, episodic_return=0.0
SPS: 2842
global_step=27152, episodic_return=0.0
global_step=27164, episodic_return=0.0
global_step=27224, episodic_return=0.0
global_step=27352, episodic_return=0.0
global_step=27556, episodic_return=0.0
global_step=27568, episodic_return=0.0
global_step=27628, episodic_return=0.0
SPS: 2843
global_step=27756, episodic_return=0.0
global_step=27796, episodic_return=0.4959999999999999
global_step=27960, episodic_return=0.0
global_step=28032, episodic_return=0.0
global_step=28160, episodic_return=0.0
SPS: 2844
global_step=28200, episodic_return=0.0
global_step=28364, episodic_return=0.0
global_step=28436, episodic_return=0.0
global_step=28564, episodic_return=0.0
global_step=28604, episodic_return=0.0
SPS: 2845
global_step=28768, episodic_return=0.0
global_step=28840, episodic_return=0.0
global_step=28968, episodic_return=0.0
global_step=29008, episodic_return=0.0
global_step=29172, episodic_return=0.0
SPS: 2846
global_step=29244, episodic_return=0.0
global_step=29372, episodic_return=0.0
global_step=29412, episodic_return=0.0
global_step=29576, episodic_return=0.0
global_step=29648, episodic_return=0.0
SPS: 2847
global_step=29776, episodic_return=0.0
global_step=29816, episodic_return=0.0
global_step=29980, episodic_return=0.0
global_step=30052, episodic_return=0.0
global_step=30180, episodic_return=0.0
SPS: 2847
global_step=30220, episodic_return=0.0
global_step=30384, episodic_return=0.0
global_step=30456, episodic_return=0.0
global_step=30584, episodic_return=0.0
global_step=30624, episodic_return=0.0
SPS: 2848
global_step=30788, episodic_return=0.0
global_step=30860, episodic_return=0.0
global_step=30988, episodic_return=0.0
global_step=31028, episodic_return=0.0
global_step=31068, episodic_return=0.919
global_step=31192, episodic_return=0.0
SPS: 2849
global_step=31264, episodic_return=0.0
global_step=31392, episodic_return=0.0
global_step=31472, episodic_return=0.0
global_step=31596, episodic_return=0.0
global_step=31668, episodic_return=0.0
SPS: 2849
global_step=31796, episodic_return=0.0
global_step=31876, episodic_return=0.0
global_step=32000, episodic_return=0.0
global_step=32072, episodic_return=0.0
global_step=32200, episodic_return=0.0
SPS: 2850
global_step=32280, episodic_return=0.0
global_step=32380, episodic_return=0.15400000000000003
global_step=32476, episodic_return=0.0
global_step=32604, episodic_return=0.0
global_step=32684, episodic_return=0.0
SPS: 2851
global_step=32784, episodic_return=0.0
global_step=32880, episodic_return=0.0
global_step=32912, episodic_return=0.4959999999999999
global_step=33008, episodic_return=0.0
global_step=33188, episodic_return=0.0
SPS: 2852
global_step=33284, episodic_return=0.0
global_step=33316, episodic_return=0.0
global_step=33412, episodic_return=0.0
global_step=33592, episodic_return=0.0
global_step=33688, episodic_return=0.0
global_step=33720, episodic_return=0.0
SPS: 2853
global_step=33816, episodic_return=0.0
global_step=33996, episodic_return=0.0
global_step=34068, episodic_return=0.44199999999999995
global_step=34092, episodic_return=0.0
global_step=34124, episodic_return=0.0
SPS: 2854
global_step=34400, episodic_return=0.0
global_step=34472, episodic_return=0.0
global_step=34496, episodic_return=0.0
global_step=34528, episodic_return=0.0
global_step=34804, episodic_return=0.0
SPS: 2855
global_step=34876, episodic_return=0.0
global_step=34900, episodic_return=0.0
global_step=34932, episodic_return=0.0
global_step=35208, episodic_return=0.0
global_step=35280, episodic_return=0.0
global_step=35304, episodic_return=0.0
SPS: 2855
global_step=35336, episodic_return=0.0
global_step=35612, episodic_return=0.0
global_step=35684, episodic_return=0.0
global_step=35708, episodic_return=0.0
global_step=35740, episodic_return=0.0
SPS: 2856
global_step=36016, episodic_return=0.0
global_step=36088, episodic_return=0.0
global_step=36112, episodic_return=0.0
global_step=36144, episodic_return=0.0
SPS: 2858
global_step=36420, episodic_return=0.0
global_step=36492, episodic_return=0.0
global_step=36516, episodic_return=0.0
global_step=36548, episodic_return=0.0
global_step=36824, episodic_return=0.0
SPS: 2859
global_step=36896, episodic_return=0.0
global_step=36920, episodic_return=0.0
global_step=36952, episodic_return=0.0
global_step=37228, episodic_return=0.0
global_step=37300, episodic_return=0.0
global_step=37324, episodic_return=0.0
global_step=37356, episodic_return=0.0
SPS: 2859
global_step=37632, episodic_return=0.0
global_step=37704, episodic_return=0.0
global_step=37728, episodic_return=0.0
global_step=37760, episodic_return=0.0
SPS: 2861
global_step=38036, episodic_return=0.0
global_step=38108, episodic_return=0.0
global_step=38132, episodic_return=0.0
global_step=38164, episodic_return=0.0
SPS: 2862
global_step=38440, episodic_return=0.0
global_step=38512, episodic_return=0.0
global_step=38536, episodic_return=0.0
global_step=38568, episodic_return=0.0
global_step=38844, episodic_return=0.0
SPS: 2863
global_step=38916, episodic_return=0.0
global_step=38940, episodic_return=0.0
global_step=38972, episodic_return=0.0
global_step=39248, episodic_return=0.0
global_step=39320, episodic_return=0.0
global_step=39344, episodic_return=0.0
global_step=39376, episodic_return=0.0
SPS: 2864
global_step=39652, episodic_return=0.0
global_step=39724, episodic_return=0.0
global_step=39748, episodic_return=0.0
global_step=39780, episodic_return=0.0
SPS: 2864
global_step=40056, episodic_return=0.0
global_step=40128, episodic_return=0.0
global_step=40152, episodic_return=0.0
global_step=40184, episodic_return=0.0
SPS: 2866
global_step=40460, episodic_return=0.0
global_step=40532, episodic_return=0.0
global_step=40556, episodic_return=0.0
global_step=40588, episodic_return=0.0
global_step=40636, episodic_return=0.613
global_step=40936, episodic_return=0.0
global_step=40960, episodic_return=0.0
SPS: 2866
global_step=40992, episodic_return=0.0
global_step=41040, episodic_return=0.0
global_step=41340, episodic_return=0.0
global_step=41364, episodic_return=0.0
global_step=41396, episodic_return=0.0
global_step=41444, episodic_return=0.0
SPS: 2866
global_step=41744, episodic_return=0.0
global_step=41768, episodic_return=0.0
global_step=41800, episodic_return=0.0
global_step=41848, episodic_return=0.0
SPS: 2867
global_step=42148, episodic_return=0.0
global_step=42172, episodic_return=0.0
global_step=42204, episodic_return=0.0
global_step=42252, episodic_return=0.0
SPS: 2868
global_step=42552, episodic_return=0.0
global_step=42576, episodic_return=0.0
global_step=42608, episodic_return=0.0
global_step=42656, episodic_return=0.0
global_step=42956, episodic_return=0.0
global_step=42980, episodic_return=0.0
SPS: 2868
global_step=43012, episodic_return=0.0
global_step=43060, episodic_return=0.0
global_step=43360, episodic_return=0.0
global_step=43384, episodic_return=0.0
global_step=43416, episodic_return=0.0
global_step=43464, episodic_return=0.0
SPS: 2868
global_step=43764, episodic_return=0.0
global_step=43788, episodic_return=0.0
global_step=43820, episodic_return=0.0
global_step=43868, episodic_return=0.0
SPS: 2869
global_step=44168, episodic_return=0.0
global_step=44192, episodic_return=0.0
global_step=44224, episodic_return=0.0
global_step=44272, episodic_return=0.0
SPS: 2870
global_step=44572, episodic_return=0.0
global_step=44596, episodic_return=0.0
global_step=44628, episodic_return=0.0
global_step=44676, episodic_return=0.0
global_step=44976, episodic_return=0.0
global_step=45000, episodic_return=0.0
global_step=45032, episodic_return=0.0
SPS: 2869
global_step=45080, episodic_return=0.0
global_step=45380, episodic_return=0.0
global_step=45404, episodic_return=0.0
global_step=45436, episodic_return=0.0
global_step=45484, episodic_return=0.0
SPS: 2870
global_step=45784, episodic_return=0.0
global_step=45808, episodic_return=0.0
global_step=45840, episodic_return=0.0
global_step=45888, episodic_return=0.0
SPS: 2870
global_step=46188, episodic_return=0.0
global_step=46212, episodic_return=0.0
global_step=46244, episodic_return=0.0
global_step=46292, episodic_return=0.0
global_step=46592, episodic_return=0.0
SPS: 2870
global_step=46616, episodic_return=0.0
global_step=46648, episodic_return=0.0
global_step=46696, episodic_return=0.0
global_step=46996, episodic_return=0.0
global_step=47020, episodic_return=0.0
global_step=47052, episodic_return=0.0
global_step=47100, episodic_return=0.0
SPS: 2869
global_step=47400, episodic_return=0.0
global_step=47424, episodic_return=0.0
global_step=47456, episodic_return=0.0
global_step=47504, episodic_return=0.0
SPS: 2869
global_step=47804, episodic_return=0.0
global_step=47828, episodic_return=0.0
global_step=47860, episodic_return=0.0
global_step=47908, episodic_return=0.0
SPS: 2869
global_step=48208, episodic_return=0.0
global_step=48232, episodic_return=0.0
global_step=48264, episodic_return=0.0
global_step=48312, episodic_return=0.0
global_step=48612, episodic_return=0.0
global_step=48636, episodic_return=0.0
SPS: 2869
global_step=48668, episodic_return=0.0
global_step=48716, episodic_return=0.0
global_step=49016, episodic_return=0.0
global_step=49040, episodic_return=0.0
global_step=49072, episodic_return=0.0
global_step=49120, episodic_return=0.0
SPS: 2870
global_step=49420, episodic_return=0.0
global_step=49444, episodic_return=0.0
global_step=49476, episodic_return=0.0
global_step=49524, episodic_return=0.0
global_step=49652, episodic_return=0.721
SPS: 2870
global_step=49824, episodic_return=0.0
global_step=49848, episodic_return=0.0
global_step=49880, episodic_return=0.0
global_step=50056, episodic_return=0.0
SPS: 2870
global_step=50228, episodic_return=0.0
global_step=50252, episodic_return=0.0
global_step=50284, episodic_return=0.0
global_step=50460, episodic_return=0.0
global_step=50632, episodic_return=0.0
global_step=50656, episodic_return=0.0
global_step=50688, episodic_return=0.0
SPS: 2870
global_step=50864, episodic_return=0.0
global_step=51036, episodic_return=0.0
global_step=51060, episodic_return=0.0
global_step=51092, episodic_return=0.0
SPS: 2870
global_step=51268, episodic_return=0.0
global_step=51440, episodic_return=0.0
global_step=51464, episodic_return=0.0
global_step=51496, episodic_return=0.0
global_step=51672, episodic_return=0.0
SPS: 2870
global_step=51844, episodic_return=0.0
global_step=51868, episodic_return=0.0
global_step=51900, episodic_return=0.0
global_step=52076, episodic_return=0.0
SPS: 2870
global_step=52248, episodic_return=0.0
global_step=52272, episodic_return=0.0
global_step=52304, episodic_return=0.0
global_step=52480, episodic_return=0.0
global_step=52652, episodic_return=0.0
global_step=52676, episodic_return=0.0
global_step=52708, episodic_return=0.0
SPS: 2870
global_step=52884, episodic_return=0.0
global_step=53040, episodic_return=0.18999999999999995
global_step=53056, episodic_return=0.0
global_step=53112, episodic_return=0.0
SPS: 2870
global_step=53288, episodic_return=0.0
global_step=53444, episodic_return=0.0
global_step=53460, episodic_return=0.0
global_step=53516, episodic_return=0.0
global_step=53692, episodic_return=0.0
SPS: 2870
global_step=53848, episodic_return=0.0
global_step=53864, episodic_return=0.0
global_step=53920, episodic_return=0.0
global_step=54096, episodic_return=0.0
global_step=54252, episodic_return=0.0
global_step=54268, episodic_return=0.0
SPS: 2870
global_step=54324, episodic_return=0.0
global_step=54500, episodic_return=0.0
global_step=54656, episodic_return=0.0
global_step=54672, episodic_return=0.0
global_step=54728, episodic_return=0.0
SPS: 2871
global_step=54904, episodic_return=0.0
global_step=55060, episodic_return=0.0
global_step=55076, episodic_return=0.0
global_step=55132, episodic_return=0.0
SPS: 2872
global_step=55308, episodic_return=0.0
global_step=55464, episodic_return=0.0
global_step=55480, episodic_return=0.0
global_step=55536, episodic_return=0.0
global_step=55712, episodic_return=0.0
SPS: 2872
global_step=55868, episodic_return=0.0
global_step=55884, episodic_return=0.0
global_step=55940, episodic_return=0.0
global_step=56116, episodic_return=0.0
global_step=56272, episodic_return=0.0
global_step=56288, episodic_return=0.0
SPS: 2873
global_step=56344, episodic_return=0.0
global_step=56520, episodic_return=0.0
global_step=56676, episodic_return=0.0
global_step=56692, episodic_return=0.0
global_step=56748, episodic_return=0.0
SPS: 2873
global_step=56924, episodic_return=0.0
global_step=57080, episodic_return=0.0
global_step=57096, episodic_return=0.0
global_step=57152, episodic_return=0.0
global_step=57328, episodic_return=0.0
SPS: 2874
global_step=57484, episodic_return=0.0
global_step=57500, episodic_return=0.0
global_step=57556, episodic_return=0.0
global_step=57732, episodic_return=0.0
SPS: 2874
global_step=57888, episodic_return=0.0
global_step=57904, episodic_return=0.0
global_step=57960, episodic_return=0.0
global_step=58136, episodic_return=0.0
global_step=58292, episodic_return=0.0
global_step=58308, episodic_return=0.0
global_step=58364, episodic_return=0.0
SPS: 2874
global_step=58540, episodic_return=0.0
global_step=58696, episodic_return=0.0
global_step=58712, episodic_return=0.0
global_step=58768, episodic_return=0.0
SPS: 2875
global_step=58944, episodic_return=0.0
global_step=59100, episodic_return=0.0
global_step=59116, episodic_return=0.0
global_step=59172, episodic_return=0.0
global_step=59348, episodic_return=0.0
SPS: 2875
global_step=59504, episodic_return=0.0
global_step=59520, episodic_return=0.0
global_step=59576, episodic_return=0.0
global_step=59752, episodic_return=0.0
SPS: 2875
global_step=59908, episodic_return=0.0
global_step=59924, episodic_return=0.0
global_step=59980, episodic_return=0.0
global_step=60156, episodic_return=0.0
global_step=60312, episodic_return=0.0
global_step=60328, episodic_return=0.0
global_step=60384, episodic_return=0.0
SPS: 2876
global_step=60560, episodic_return=0.0
global_step=60716, episodic_return=0.0
global_step=60732, episodic_return=0.0
global_step=60788, episodic_return=0.0
SPS: 2876
global_step=60964, episodic_return=0.0
global_step=61120, episodic_return=0.0
global_step=61136, episodic_return=0.0
global_step=61192, episodic_return=0.0
global_step=61368, episodic_return=0.0
SPS: 2877
global_step=61524, episodic_return=0.0
global_step=61540, episodic_return=0.0
global_step=61596, episodic_return=0.0
global_step=61772, episodic_return=0.0
global_step=61928, episodic_return=0.0
global_step=61944, episodic_return=0.0
SPS: 2877
global_step=62000, episodic_return=0.0
global_step=62176, episodic_return=0.0
global_step=62332, episodic_return=0.0
global_step=62348, episodic_return=0.0
global_step=62404, episodic_return=0.0
SPS: 2878
global_step=62580, episodic_return=0.0
global_step=62736, episodic_return=0.0
global_step=62752, episodic_return=0.0
global_step=62808, episodic_return=0.0
SPS: 2878
global_step=62984, episodic_return=0.0
global_step=63140, episodic_return=0.0
global_step=63156, episodic_return=0.0
global_step=63212, episodic_return=0.0
global_step=63388, episodic_return=0.0
SPS: 2878
global_step=63544, episodic_return=0.0
global_step=63560, episodic_return=0.0
global_step=63616, episodic_return=0.0
global_step=63792, episodic_return=0.0
global_step=63948, episodic_return=0.0
global_step=63964, episodic_return=0.0
SPS: 2878
global_step=64020, episodic_return=0.0
global_step=64196, episodic_return=0.0
global_step=64352, episodic_return=0.0
global_step=64368, episodic_return=0.0
global_step=64424, episodic_return=0.0
SPS: 2878
global_step=64600, episodic_return=0.0
global_step=64756, episodic_return=0.0
global_step=64772, episodic_return=0.0
global_step=64828, episodic_return=0.0
global_step=65004, episodic_return=0.0
SPS: 2879
global_step=65160, episodic_return=0.0
global_step=65176, episodic_return=0.0
global_step=65232, episodic_return=0.0
global_step=65408, episodic_return=0.0
SPS: 2879
global_step=65564, episodic_return=0.0
global_step=65580, episodic_return=0.0
global_step=65636, episodic_return=0.0
global_step=65812, episodic_return=0.0
global_step=65968, episodic_return=0.0
global_step=65984, episodic_return=0.0
global_step=66040, episodic_return=0.0
SPS: 2879
global_step=66216, episodic_return=0.0
global_step=66372, episodic_return=0.0
global_step=66388, episodic_return=0.0
global_step=66444, episodic_return=0.0
SPS: 2879
global_step=66620, episodic_return=0.0
global_step=66776, episodic_return=0.0
global_step=66792, episodic_return=0.0
global_step=66848, episodic_return=0.0
global_step=67024, episodic_return=0.0
SPS: 2880
global_step=67180, episodic_return=0.0
global_step=67196, episodic_return=0.0
global_step=67252, episodic_return=0.0
global_step=67428, episodic_return=0.0
global_step=67584, episodic_return=0.0
SPS: 2880
global_step=67600, episodic_return=0.0
global_step=67656, episodic_return=0.0
global_step=67832, episodic_return=0.0
global_step=67988, episodic_return=0.0
global_step=68004, episodic_return=0.0
global_step=68060, episodic_return=0.0
SPS: 2880
global_step=68236, episodic_return=0.0
global_step=68392, episodic_return=0.0
global_step=68408, episodic_return=0.0
global_step=68464, episodic_return=0.0
SPS: 2880
global_step=68640, episodic_return=0.0
global_step=68796, episodic_return=0.0
global_step=68812, episodic_return=0.0
global_step=68868, episodic_return=0.0
global_step=69044, episodic_return=0.0
SPS: 2880
global_step=69200, episodic_return=0.0
global_step=69216, episodic_return=0.0
global_step=69272, episodic_return=0.0
global_step=69448, episodic_return=0.0
global_step=69604, episodic_return=0.0
global_step=69620, episodic_return=0.0
SPS: 2881
global_step=69676, episodic_return=0.0
global_step=69852, episodic_return=0.0
global_step=70008, episodic_return=0.0
global_step=70024, episodic_return=0.0
global_step=70080, episodic_return=0.0
SPS: 2881
global_step=70256, episodic_return=0.0
global_step=70284, episodic_return=0.946
global_step=70412, episodic_return=0.0
global_step=70428, episodic_return=0.0
global_step=70484, episodic_return=0.0
SPS: 2881
global_step=70688, episodic_return=0.0
global_step=70816, episodic_return=0.0
global_step=70832, episodic_return=0.0
global_step=70888, episodic_return=0.0
global_step=71092, episodic_return=0.0
SPS: 2881
global_step=71220, episodic_return=0.0
global_step=71236, episodic_return=0.0
global_step=71292, episodic_return=0.0
global_step=71496, episodic_return=0.0
global_step=71624, episodic_return=0.0
global_step=71640, episodic_return=0.0
SPS: 2882
global_step=71696, episodic_return=0.0
global_step=71900, episodic_return=0.0
global_step=72028, episodic_return=0.0
global_step=72044, episodic_return=0.0
global_step=72100, episodic_return=0.0
SPS: 2882
global_step=72300, episodic_return=0.10899999999999999
global_step=72432, episodic_return=0.0
global_step=72448, episodic_return=0.0
global_step=72504, episodic_return=0.0
global_step=72704, episodic_return=0.0
SPS: 2882
global_step=72836, episodic_return=0.0
global_step=72852, episodic_return=0.0
global_step=72908, episodic_return=0.0
global_step=73108, episodic_return=0.0
SPS: 2883
global_step=73240, episodic_return=0.0
global_step=73256, episodic_return=0.0
global_step=73276, episodic_return=0.631
global_step=73312, episodic_return=0.0
global_step=73644, episodic_return=0.0
global_step=73660, episodic_return=0.0
global_step=73680, episodic_return=0.0
global_step=73716, episodic_return=0.0
SPS: 2883
global_step=74048, episodic_return=0.0
global_step=74064, episodic_return=0.0
global_step=74084, episodic_return=0.0
global_step=74120, episodic_return=0.0
SPS: 2883
global_step=74452, episodic_return=0.0
global_step=74468, episodic_return=0.0
global_step=74488, episodic_return=0.0
global_step=74524, episodic_return=0.0
SPS: 2884
global_step=74856, episodic_return=0.0
global_step=74872, episodic_return=0.0
global_step=74892, episodic_return=0.0
global_step=74928, episodic_return=0.0
global_step=75204, episodic_return=0.22599999999999998
SPS: 2884
global_step=75276, episodic_return=0.0
global_step=75296, episodic_return=0.0
global_step=75332, episodic_return=0.0
global_step=75608, episodic_return=0.0
global_step=75680, episodic_return=0.0
global_step=75700, episodic_return=0.0
global_step=75736, episodic_return=0.0
SPS: 2884
global_step=76012, episodic_return=0.0
global_step=76084, episodic_return=0.0
global_step=76104, episodic_return=0.0
global_step=76112, episodic_return=0.784
global_step=76140, episodic_return=0.0
SPS: 2884
global_step=76488, episodic_return=0.0
global_step=76508, episodic_return=0.0
global_step=76516, episodic_return=0.0
global_step=76544, episodic_return=0.0
SPS: 2885
global_step=76872, episodic_return=0.20799999999999996
global_step=76892, episodic_return=0.0
global_step=76912, episodic_return=0.0
global_step=76948, episodic_return=0.0
global_step=76996, episodic_return=0.901
global_step=77276, episodic_return=0.0
global_step=77296, episodic_return=0.0
SPS: 2885
global_step=77316, episodic_return=0.0
global_step=77400, episodic_return=0.0
global_step=77664, episodic_return=0.136
global_step=77700, episodic_return=0.0
global_step=77720, episodic_return=0.0
global_step=77804, episodic_return=0.0
SPS: 2885
global_step=78068, episodic_return=0.0
global_step=78104, episodic_return=0.0
global_step=78124, episodic_return=0.0
global_step=78208, episodic_return=0.0
SPS: 2886
global_step=78472, episodic_return=0.0
global_step=78508, episodic_return=0.0
global_step=78528, episodic_return=0.0
global_step=78612, episodic_return=0.0
SPS: 2886
global_step=78876, episodic_return=0.0
global_step=78912, episodic_return=0.0
global_step=78932, episodic_return=0.09999999999999998
global_step=79016, episodic_return=0.0
global_step=79280, episodic_return=0.0
global_step=79316, episodic_return=0.0
global_step=79336, episodic_return=0.0
SPS: 2886
global_step=79420, episodic_return=0.0
global_step=79684, episodic_return=0.0
global_step=79720, episodic_return=0.0
global_step=79740, episodic_return=0.0
global_step=79824, episodic_return=0.0
SPS: 2886
global_step=80088, episodic_return=0.0
global_step=80124, episodic_return=0.0
global_step=80144, episodic_return=0.0
global_step=80228, episodic_return=0.0
SPS: 2887
global_step=80492, episodic_return=0.0
global_step=80504, episodic_return=0.982
global_step=80528, episodic_return=0.0
global_step=80548, episodic_return=0.0
global_step=80632, episodic_return=0.0
global_step=80780, episodic_return=0.6759999999999999
SPS: 2887
global_step=80908, episodic_return=0.0
global_step=80932, episodic_return=0.0
global_step=80952, episodic_return=0.0
global_step=81016, episodic_return=0.865
global_step=81184, episodic_return=0.0
global_step=81312, episodic_return=0.0
global_step=81336, episodic_return=0.0
SPS: 2887
global_step=81420, episodic_return=0.0
global_step=81588, episodic_return=0.0
global_step=81716, episodic_return=0.0
global_step=81740, episodic_return=0.0
global_step=81824, episodic_return=0.0
SPS: 2887
global_step=81992, episodic_return=0.0
global_step=82120, episodic_return=0.0
global_step=82144, episodic_return=0.0
global_step=82228, episodic_return=0.0
global_step=82396, episodic_return=0.0
SPS: 2887
global_step=82524, episodic_return=0.0
global_step=82548, episodic_return=0.0
global_step=82632, episodic_return=0.0
global_step=82800, episodic_return=0.0
global_step=82928, episodic_return=0.0
SPS: 2887
global_step=82952, episodic_return=0.0
global_step=83036, episodic_return=0.0
global_step=83204, episodic_return=0.0
global_step=83208, episodic_return=0.43299999999999994
global_step=83332, episodic_return=0.0
global_step=83440, episodic_return=0.0
SPS: 2887
global_step=83608, episodic_return=0.0
global_step=83612, episodic_return=0.0
global_step=83736, episodic_return=0.0
global_step=83836, episodic_return=0.5049999999999999
global_step=83844, episodic_return=0.0
SPS: 2887
global_step=84012, episodic_return=0.0
global_step=84140, episodic_return=0.0
global_step=84240, episodic_return=0.0
global_step=84248, episodic_return=0.0
global_step=84416, episodic_return=0.0
SPS: 2887
global_step=84544, episodic_return=0.0
global_step=84644, episodic_return=0.0
global_step=84652, episodic_return=0.0
global_step=84820, episodic_return=0.0
global_step=84948, episodic_return=0.0
SPS: 2888
global_step=85048, episodic_return=0.0
global_step=85056, episodic_return=0.0
global_step=85224, episodic_return=0.0
global_step=85352, episodic_return=0.0
global_step=85452, episodic_return=0.0
global_step=85460, episodic_return=0.0
SPS: 2888
global_step=85628, episodic_return=0.0
global_step=85756, episodic_return=0.0
global_step=85856, episodic_return=0.0
global_step=85864, episodic_return=0.0
SPS: 2888
global_step=86032, episodic_return=0.0
global_step=86160, episodic_return=0.0
global_step=86260, episodic_return=0.0
global_step=86268, episodic_return=0.0
global_step=86436, episodic_return=0.0
SPS: 2888
global_step=86564, episodic_return=0.0
global_step=86664, episodic_return=0.0
global_step=86672, episodic_return=0.0
global_step=86840, episodic_return=0.0
global_step=86968, episodic_return=0.0
SPS: 2888
global_step=87068, episodic_return=0.0
global_step=87076, episodic_return=0.0
global_step=87244, episodic_return=0.0
global_step=87372, episodic_return=0.0
global_step=87472, episodic_return=0.0
global_step=87480, episodic_return=0.0
SPS: 2889
global_step=87648, episodic_return=0.0
global_step=87776, episodic_return=0.0
global_step=87876, episodic_return=0.0
global_step=87884, episodic_return=0.0
global_step=88048, episodic_return=0.6399999999999999
global_step=88052, episodic_return=0.0
SPS: 2889
global_step=88180, episodic_return=0.0
global_step=88228, episodic_return=0.604
global_step=88280, episodic_return=0.0
global_step=88456, episodic_return=0.0
SPS: 2889
global_step=88584, episodic_return=0.0
global_step=88632, episodic_return=0.0
global_step=88684, episodic_return=0.0
global_step=88860, episodic_return=0.0
global_step=88988, episodic_return=0.0
global_step=89036, episodic_return=0.0
global_step=89088, episodic_return=0.0
SPS: 2889
global_step=89264, episodic_return=0.0
global_step=89392, episodic_return=0.0
global_step=89440, episodic_return=0.0
global_step=89492, episodic_return=0.0
SPS: 2889
global_step=89668, episodic_return=0.0
global_step=89796, episodic_return=0.0
global_step=89844, episodic_return=0.0
global_step=89896, episodic_return=0.0
global_step=90072, episodic_return=0.0
SPS: 2890
global_step=90200, episodic_return=0.0
global_step=90248, episodic_return=0.0
global_step=90300, episodic_return=0.0
global_step=90476, episodic_return=0.0
global_step=90604, episodic_return=0.0
SPS: 2890
global_step=90652, episodic_return=0.0
global_step=90704, episodic_return=0.0
global_step=90880, episodic_return=0.0
global_step=91008, episodic_return=0.0
global_step=91056, episodic_return=0.0
global_step=91108, episodic_return=0.0
SPS: 2890
global_step=91208, episodic_return=0.2709999999999999
global_step=91412, episodic_return=0.0
global_step=91460, episodic_return=0.0
global_step=91512, episodic_return=0.0
global_step=91612, episodic_return=0.0
SPS: 2890
global_step=91816, episodic_return=0.0
global_step=91864, episodic_return=0.0
global_step=91916, episodic_return=0.0
global_step=92016, episodic_return=0.0
SPS: 2890
global_step=92220, episodic_return=0.0
global_step=92268, episodic_return=0.0
global_step=92320, episodic_return=0.0
global_step=92420, episodic_return=0.0
global_step=92624, episodic_return=0.0
global_step=92672, episodic_return=0.0
SPS: 2891
global_step=92724, episodic_return=0.0
global_step=92824, episodic_return=0.0
global_step=93028, episodic_return=0.0
global_step=93076, episodic_return=0.0
global_step=93128, episodic_return=0.0
SPS: 2891
global_step=93228, episodic_return=0.0
global_step=93432, episodic_return=0.0
global_step=93480, episodic_return=0.0
global_step=93532, episodic_return=0.0
global_step=93632, episodic_return=0.0
SPS: 2891
global_step=93836, episodic_return=0.0
global_step=93884, episodic_return=0.0
global_step=93936, episodic_return=0.0
global_step=94036, episodic_return=0.0
SPS: 2891
global_step=94240, episodic_return=0.0
global_step=94288, episodic_return=0.0
global_step=94340, episodic_return=0.0
global_step=94440, episodic_return=0.0
global_step=94644, episodic_return=0.0
global_step=94692, episodic_return=0.0
SPS: 2891
global_step=94744, episodic_return=0.0
global_step=94844, episodic_return=0.0
global_step=95048, episodic_return=0.0
global_step=95096, episodic_return=0.0
global_step=95148, episodic_return=0.0
SPS: 2891
global_step=95248, episodic_return=0.0
global_step=95452, episodic_return=0.0
global_step=95500, episodic_return=0.0
global_step=95548, episodic_return=0.10899999999999999
global_step=95652, episodic_return=0.0
SPS: 2892
global_step=95856, episodic_return=0.0
global_step=95904, episodic_return=0.0
global_step=95952, episodic_return=0.0
global_step=96056, episodic_return=0.0
SPS: 2892
global_step=96260, episodic_return=0.0
global_step=96308, episodic_return=0.0
global_step=96356, episodic_return=0.0
global_step=96460, episodic_return=0.0
global_step=96664, episodic_return=0.0
global_step=96712, episodic_return=0.0
global_step=96760, episodic_return=0.0
SPS: 2892
global_step=96864, episodic_return=0.0
global_step=97068, episodic_return=0.0
global_step=97116, episodic_return=0.0
global_step=97164, episodic_return=0.0
global_step=97268, episodic_return=0.0
SPS: 2892
global_step=97472, episodic_return=0.0
global_step=97520, episodic_return=0.0
global_step=97568, episodic_return=0.0
global_step=97672, episodic_return=0.0
global_step=97708, episodic_return=0.586
SPS: 2892
global_step=97876, episodic_return=0.0
global_step=97972, episodic_return=0.0
global_step=98076, episodic_return=0.0
global_step=98112, episodic_return=0.0
global_step=98280, episodic_return=0.0
SPS: 2892
global_step=98376, episodic_return=0.0
global_step=98480, episodic_return=0.0
global_step=98516, episodic_return=0.0
global_step=98684, episodic_return=0.0
global_step=98780, episodic_return=0.0
SPS: 2892
global_step=98884, episodic_return=0.0
global_step=98920, episodic_return=0.0
global_step=99088, episodic_return=0.0
global_step=99184, episodic_return=0.0
global_step=99288, episodic_return=0.0
global_step=99324, episodic_return=0.0
SPS: 2892
global_step=99348, episodic_return=0.42399999999999993
global_step=99588, episodic_return=0.0
global_step=99692, episodic_return=0.0
global_step=99720, episodic_return=0.946
global_step=99728, episodic_return=0.0
global_step=99752, episodic_return=0.0
SPS: 2892
global_step=99992, episodic_return=0.0
global_step=100124, episodic_return=0.0
global_step=100132, episodic_return=0.0
global_step=100156, episodic_return=0.0
SPS: 2893
global_step=100396, episodic_return=0.0
global_step=100416, episodic_return=0.42399999999999993
global_step=100528, episodic_return=0.0
global_step=100536, episodic_return=0.0
global_step=100612, episodic_return=0.5680000000000001
global_step=100800, episodic_return=0.0
SPS: 2893
global_step=100932, episodic_return=0.0
global_step=100940, episodic_return=0.0
global_step=101016, episodic_return=0.0
global_step=101204, episodic_return=0.0
global_step=101336, episodic_return=0.0
global_step=101344, episodic_return=0.0
SPS: 2893
global_step=101420, episodic_return=0.0
global_step=101608, episodic_return=0.0
global_step=101740, episodic_return=0.0
global_step=101748, episodic_return=0.0
global_step=101824, episodic_return=0.0
SPS: 2893
global_step=102012, episodic_return=0.0
global_step=102144, episodic_return=0.0
global_step=102152, episodic_return=0.0
global_step=102228, episodic_return=0.0
SPS: 2893
global_step=102416, episodic_return=0.0
global_step=102548, episodic_return=0.0
global_step=102556, episodic_return=0.0
global_step=102632, episodic_return=0.0
global_step=102820, episodic_return=0.0
SPS: 2893
global_step=102952, episodic_return=0.0
global_step=102960, episodic_return=0.0
global_step=103024, episodic_return=0.55
global_step=103036, episodic_return=0.0
global_step=103356, episodic_return=0.0
global_step=103364, episodic_return=0.0
SPS: 2893
global_step=103428, episodic_return=0.0
global_step=103440, episodic_return=0.0
global_step=103760, episodic_return=0.0
global_step=103768, episodic_return=0.0
global_step=103832, episodic_return=0.0
global_step=103844, episodic_return=0.0
SPS: 2894
global_step=104164, episodic_return=0.0
global_step=104172, episodic_return=0.0
global_step=104236, episodic_return=0.0
global_step=104248, episodic_return=0.0
SPS: 2894
global_step=104512, episodic_return=0.4149999999999999
global_step=104568, episodic_return=0.0
global_step=104576, episodic_return=0.0
global_step=104640, episodic_return=0.0
global_step=104916, episodic_return=0.0
SPS: 2894
global_step=104972, episodic_return=0.0
global_step=104980, episodic_return=0.0
global_step=105044, episodic_return=0.0
global_step=105208, episodic_return=0.4959999999999999
global_step=105244, episodic_return=0.9279999999999999
global_step=105320, episodic_return=0.0
global_step=105348, episodic_return=0.946
global_step=105376, episodic_return=0.0
global_step=105448, episodic_return=0.0
SPS: 2894
global_step=105648, episodic_return=0.0
global_step=105752, episodic_return=0.0
global_step=105780, episodic_return=0.0
global_step=105852, episodic_return=0.0
SPS: 2893
global_step=106052, episodic_return=0.0
global_step=106156, episodic_return=0.0
global_step=106184, episodic_return=0.0
global_step=106256, episodic_return=0.0
global_step=106456, episodic_return=0.0
SPS: 2893
global_step=106560, episodic_return=0.0
global_step=106588, episodic_return=0.0
global_step=106660, episodic_return=0.0
global_step=106860, episodic_return=0.0
global_step=106964, episodic_return=0.0
global_step=106992, episodic_return=0.0
SPS: 2893
global_step=107064, episodic_return=0.0
global_step=107264, episodic_return=0.0
global_step=107368, episodic_return=0.0
global_step=107396, episodic_return=0.0
global_step=107468, episodic_return=0.0
SPS: 2893
global_step=107668, episodic_return=0.0
global_step=107772, episodic_return=0.0
global_step=107800, episodic_return=0.0
global_step=107872, episodic_return=0.0
SPS: 2893
global_step=108072, episodic_return=0.0
global_step=108176, episodic_return=0.0
global_step=108204, episodic_return=0.0
global_step=108208, episodic_return=0.9369999999999999
global_step=108276, episodic_return=0.0
global_step=108476, episodic_return=0.0
SPS: 2893
global_step=108608, episodic_return=0.0
global_step=108612, episodic_return=0.0
global_step=108680, episodic_return=0.0
global_step=108880, episodic_return=0.0
global_step=109012, episodic_return=0.0
global_step=109016, episodic_return=0.0
SPS: 2894
global_step=109084, episodic_return=0.0
global_step=109284, episodic_return=0.0
global_step=109416, episodic_return=0.0
global_step=109420, episodic_return=0.0
global_step=109488, episodic_return=0.0
SPS: 2894
global_step=109688, episodic_return=0.0
global_step=109820, episodic_return=0.0
global_step=109824, episodic_return=0.0
global_step=109892, episodic_return=0.0
SPS: 2894
global_step=110092, episodic_return=0.0
global_step=110224, episodic_return=0.0
global_step=110228, episodic_return=0.0
global_step=110296, episodic_return=0.0
global_step=110496, episodic_return=0.0
SPS: 2894
global_step=110628, episodic_return=0.0
global_step=110632, episodic_return=0.0
global_step=110700, episodic_return=0.0
global_step=110900, episodic_return=0.0
global_step=111032, episodic_return=0.0
global_step=111036, episodic_return=0.0
global_step=111104, episodic_return=0.0
SPS: 2894
global_step=111304, episodic_return=0.0
global_step=111436, episodic_return=0.0
global_step=111440, episodic_return=0.0
global_step=111472, episodic_return=0.9369999999999999
global_step=111508, episodic_return=0.0
SPS: 2894
global_step=111708, episodic_return=0.0
global_step=111840, episodic_return=0.0
global_step=111876, episodic_return=0.0
global_step=111912, episodic_return=0.0
global_step=112112, episodic_return=0.0
SPS: 2894
global_step=112244, episodic_return=0.0
global_step=112280, episodic_return=0.0
global_step=112316, episodic_return=0.0
global_step=112332, episodic_return=0.973
global_step=112516, episodic_return=0.0
SPS: 2894
global_step=112648, episodic_return=0.0
global_step=112684, episodic_return=0.0
global_step=112736, episodic_return=0.0
global_step=112920, episodic_return=0.0
global_step=113052, episodic_return=0.0
global_step=113088, episodic_return=0.0
global_step=113140, episodic_return=0.0
SPS: 2894
global_step=113324, episodic_return=0.0
global_step=113456, episodic_return=0.0
global_step=113492, episodic_return=0.0
global_step=113544, episodic_return=0.0
SPS: 2895
global_step=113728, episodic_return=0.0
global_step=113860, episodic_return=0.0
global_step=113896, episodic_return=0.0
global_step=113948, episodic_return=0.0
global_step=114132, episodic_return=0.0
SPS: 2895
global_step=114264, episodic_return=0.0
global_step=114300, episodic_return=0.631
global_step=114300, episodic_return=0.0
global_step=114352, episodic_return=0.0
global_step=114668, episodic_return=0.0
SPS: 2895
global_step=114704, episodic_return=0.0
global_step=114704, episodic_return=0.0
global_step=114756, episodic_return=0.0
global_step=115072, episodic_return=0.0
global_step=115108, episodic_return=0.0
global_step=115108, episodic_return=0.0
global_step=115160, episodic_return=0.0
SPS: 2895
global_step=115476, episodic_return=0.0
global_step=115512, episodic_return=0.0
global_step=115512, episodic_return=0.0
global_step=115520, episodic_return=0.91
global_step=115564, episodic_return=0.0
SPS: 2895
global_step=115916, episodic_return=0.0
global_step=115916, episodic_return=0.0
global_step=115924, episodic_return=0.0
global_step=115968, episodic_return=0.0
SPS: 2895
global_step=116320, episodic_return=0.0
global_step=116320, episodic_return=0.0
global_step=116328, episodic_return=0.0
global_step=116372, episodic_return=0.0
global_step=116724, episodic_return=0.0
global_step=116724, episodic_return=0.0
global_step=116732, episodic_return=0.0
SPS: 2895
global_step=116776, episodic_return=0.0
global_step=117128, episodic_return=0.0
global_step=117128, episodic_return=0.0
global_step=117136, episodic_return=0.0
global_step=117180, episodic_return=0.0
SPS: 2895
global_step=117532, episodic_return=0.0
global_step=117532, episodic_return=0.0
global_step=117540, episodic_return=0.0
global_step=117584, episodic_return=0.0
SPS: 2896
global_step=117916, episodic_return=0.262
global_step=117936, episodic_return=0.0
global_step=117936, episodic_return=0.0
global_step=117944, episodic_return=0.0
SPS: 2896
global_step=118320, episodic_return=0.0
global_step=118340, episodic_return=0.0
global_step=118340, episodic_return=0.0
global_step=118348, episodic_return=0.0
global_step=118724, episodic_return=0.0
global_step=118744, episodic_return=0.0
global_step=118744, episodic_return=0.0
global_step=118752, episodic_return=0.0
SPS: 2896
global_step=119128, episodic_return=0.0
global_step=119148, episodic_return=0.0
global_step=119148, episodic_return=0.0
global_step=119156, episodic_return=0.0
SPS: 2896
global_step=119424, episodic_return=0.34299999999999997
global_step=119552, episodic_return=0.0
global_step=119552, episodic_return=0.0
global_step=119560, episodic_return=0.0
SPS: 2896
global_step=119828, episodic_return=0.0
global_step=119956, episodic_return=0.0
global_step=119956, episodic_return=0.0
global_step=119964, episodic_return=0.0
global_step=120232, episodic_return=0.0
SPS: 2897
global_step=120360, episodic_return=0.0
global_step=120360, episodic_return=0.0
global_step=120368, episodic_return=0.0
global_step=120636, episodic_return=0.0
global_step=120764, episodic_return=0.0
global_step=120764, episodic_return=0.0
global_step=120772, episodic_return=0.0
SPS: 2897
global_step=121040, episodic_return=0.0
global_step=121168, episodic_return=0.0
global_step=121168, episodic_return=0.0
global_step=121176, episodic_return=0.0
SPS: 2897
global_step=121384, episodic_return=0.5229999999999999
global_step=121444, episodic_return=0.0
global_step=121564, episodic_return=0.118
global_step=121580, episodic_return=0.0
global_step=121788, episodic_return=0.0
global_step=121848, episodic_return=0.0
SPS: 2897
global_step=121968, episodic_return=0.0
global_step=121984, episodic_return=0.0
global_step=122192, episodic_return=0.0
global_step=122252, episodic_return=0.0
SPS: 2897
global_step=122372, episodic_return=0.0
global_step=122388, episodic_return=0.0
global_step=122596, episodic_return=0.0
global_step=122656, episodic_return=0.0
global_step=122776, episodic_return=0.0
global_step=122792, episodic_return=0.0
SPS: 2897
global_step=122988, episodic_return=0.5680000000000001
global_step=123000, episodic_return=0.0
global_step=123060, episodic_return=0.0
global_step=123180, episodic_return=0.0
global_step=123392, episodic_return=0.0
SPS: 2898
global_step=123404, episodic_return=0.0
global_step=123464, episodic_return=0.0
global_step=123584, episodic_return=0.0
global_step=123604, episodic_return=0.5589999999999999
global_step=123796, episodic_return=0.0
global_step=123868, episodic_return=0.0
SPS: 2898
global_step=123988, episodic_return=0.0
global_step=124008, episodic_return=0.0
global_step=124200, episodic_return=0.0
global_step=124272, episodic_return=0.0
global_step=124392, episodic_return=0.0
global_step=124412, episodic_return=0.0
SPS: 2898
global_step=124604, episodic_return=0.0
global_step=124676, episodic_return=0.0
global_step=124736, episodic_return=0.712
global_step=124744, episodic_return=0.856
global_step=124796, episodic_return=0.0
global_step=124816, episodic_return=0.0
SPS: 2898
global_step=125140, episodic_return=0.0
global_step=125148, episodic_return=0.0
global_step=125200, episodic_return=0.0
global_step=125220, episodic_return=0.0
SPS: 2898
global_step=125544, episodic_return=0.0
global_step=125552, episodic_return=0.0
global_step=125604, episodic_return=0.0
global_step=125624, episodic_return=0.0
global_step=125948, episodic_return=0.0
SPS: 2898
global_step=125956, episodic_return=0.0
global_step=126008, episodic_return=0.0
global_step=126028, episodic_return=0.0
global_step=126088, episodic_return=0.712
global_step=126352, episodic_return=0.0
global_step=126412, episodic_return=0.0
global_step=126432, episodic_return=0.0
SPS: 2898
global_step=126492, episodic_return=0.0
global_step=126756, episodic_return=0.0
global_step=126816, episodic_return=0.0
global_step=126836, episodic_return=0.0
global_step=126896, episodic_return=0.0
global_step=126976, episodic_return=0.694
SPS: 2898
global_step=127160, episodic_return=0.0
global_step=127220, episodic_return=0.0
global_step=127300, episodic_return=0.0
global_step=127380, episodic_return=0.0
SPS: 2899
global_step=127564, episodic_return=0.0
global_step=127624, episodic_return=0.0
global_step=127704, episodic_return=0.0
global_step=127784, episodic_return=0.0
global_step=127968, episodic_return=0.0
SPS: 2899
global_step=128028, episodic_return=0.0
global_step=128108, episodic_return=0.0
global_step=128188, episodic_return=0.0
global_step=128372, episodic_return=0.0
global_step=128432, episodic_return=0.0
global_step=128512, episodic_return=0.0
SPS: 2899
global_step=128592, episodic_return=0.0
global_step=128776, episodic_return=0.0
global_step=128836, episodic_return=0.0
global_step=128916, episodic_return=0.0
global_step=128996, episodic_return=0.0
SPS: 2899
global_step=129180, episodic_return=0.0
global_step=129240, episodic_return=0.0
global_step=129320, episodic_return=0.0
global_step=129400, episodic_return=0.0
SPS: 2899
global_step=129584, episodic_return=0.0
global_step=129644, episodic_return=0.0
global_step=129724, episodic_return=0.0
global_step=129804, episodic_return=0.0
global_step=129988, episodic_return=0.0
global_step=130048, episodic_return=0.0
SPS: 2899
global_step=130128, episodic_return=0.0
global_step=130208, episodic_return=0.0
global_step=130392, episodic_return=0.0
global_step=130452, episodic_return=0.0
global_step=130532, episodic_return=0.0
SPS: 2899
global_step=130612, episodic_return=0.0
global_step=130796, episodic_return=0.0
global_step=130856, episodic_return=0.0
global_step=130936, episodic_return=0.0
global_step=131016, episodic_return=0.0
SPS: 2900
global_step=131200, episodic_return=0.0
global_step=131260, episodic_return=0.0
global_step=131300, episodic_return=0.37
global_step=131340, episodic_return=0.0
SPS: 2900
global_step=131604, episodic_return=0.0
global_step=131664, episodic_return=0.0
global_step=131704, episodic_return=0.0
global_step=131744, episodic_return=0.0
global_step=132008, episodic_return=0.0
global_step=132068, episodic_return=0.0
SPS: 2900
global_step=132108, episodic_return=0.0
global_step=132148, episodic_return=0.0
global_step=132412, episodic_return=0.0
global_step=132428, episodic_return=0.973
global_step=132472, episodic_return=0.0
global_step=132512, episodic_return=0.0
global_step=132552, episodic_return=0.0
SPS: 2900
global_step=132724, episodic_return=0.532
global_step=132832, episodic_return=0.0
global_step=132876, episodic_return=0.0
global_step=132956, episodic_return=0.0
SPS: 2900
global_step=133128, episodic_return=0.0
global_step=133236, episodic_return=0.0
global_step=133280, episodic_return=0.0
global_step=133360, episodic_return=0.0
global_step=133532, episodic_return=0.0
SPS: 2900
global_step=133640, episodic_return=0.0
global_step=133684, episodic_return=0.0
global_step=133764, episodic_return=0.0
global_step=133936, episodic_return=0.0
global_step=134044, episodic_return=0.0
global_step=134088, episodic_return=0.0
SPS: 2900
global_step=134168, episodic_return=0.0
global_step=134340, episodic_return=0.0
global_step=134448, episodic_return=0.0
global_step=134492, episodic_return=0.0
global_step=134572, episodic_return=0.0
SPS: 2900
global_step=134740, episodic_return=0.10899999999999999
global_step=134852, episodic_return=0.0
global_step=134896, episodic_return=0.0
global_step=134976, episodic_return=0.0
global_step=135144, episodic_return=0.0
SPS: 2901
global_step=135256, episodic_return=0.0
global_step=135300, episodic_return=0.0
global_step=135380, episodic_return=0.0
global_step=135548, episodic_return=0.0
global_step=135560, episodic_return=0.604
global_step=135660, episodic_return=0.0
SPS: 2901
global_step=135704, episodic_return=0.0
global_step=135952, episodic_return=0.0
global_step=135964, episodic_return=0.0
global_step=136064, episodic_return=0.0
global_step=136108, episodic_return=0.0
SPS: 2901
global_step=136356, episodic_return=0.0
global_step=136368, episodic_return=0.0
global_step=136468, episodic_return=0.0
global_step=136512, episodic_return=0.0
global_step=136656, episodic_return=0.33399999999999996
SPS: 2901
global_step=136772, episodic_return=0.0
global_step=136872, episodic_return=0.0
global_step=136916, episodic_return=0.0
global_step=137020, episodic_return=0.775
global_step=137060, episodic_return=0.0
global_step=137116, episodic_return=0.45999999999999996
global_step=137176, episodic_return=0.0
SPS: 2901
global_step=137424, episodic_return=0.0
global_step=137464, episodic_return=0.0
global_step=137520, episodic_return=0.0
global_step=137580, episodic_return=0.0
SPS: 2901
global_step=137828, episodic_return=0.0
global_step=137868, episodic_return=0.0
global_step=137924, episodic_return=0.0
global_step=137984, episodic_return=0.0
global_step=138232, episodic_return=0.0
SPS: 2901
global_step=138272, episodic_return=0.0
global_step=138328, episodic_return=0.0
global_step=138388, episodic_return=0.0
global_step=138636, episodic_return=0.0
global_step=138676, episodic_return=0.0
global_step=138732, episodic_return=0.0
SPS: 2901
global_step=138792, episodic_return=0.0
global_step=139040, episodic_return=0.0
global_step=139080, episodic_return=0.0
global_step=139136, episodic_return=0.0
global_step=139196, episodic_return=0.0
SPS: 2901
global_step=139444, episodic_return=0.0
global_step=139484, episodic_return=0.0
global_step=139540, episodic_return=0.0
global_step=139600, episodic_return=0.0
SPS: 2901
global_step=139848, episodic_return=0.0
global_step=139888, episodic_return=0.0
global_step=139944, episodic_return=0.0
global_step=140004, episodic_return=0.0
global_step=140252, episodic_return=0.0
SPS: 2901
global_step=140292, episodic_return=0.0
global_step=140348, episodic_return=0.0
global_step=140408, episodic_return=0.0
global_step=140656, episodic_return=0.0
global_step=140696, episodic_return=0.0
global_step=140752, episodic_return=0.0
SPS: 2901
global_step=140812, episodic_return=0.0
global_step=141060, episodic_return=0.0
global_step=141100, episodic_return=0.0
global_step=141156, episodic_return=0.0
global_step=141216, episodic_return=0.0
SPS: 2902
global_step=141464, episodic_return=0.0
global_step=141504, episodic_return=0.0
global_step=141560, episodic_return=0.0
global_step=141560, episodic_return=0.883
global_step=141620, episodic_return=0.0
SPS: 2902
global_step=141868, episodic_return=0.0
global_step=141964, episodic_return=0.0
global_step=141964, episodic_return=0.0
global_step=142024, episodic_return=0.0
global_step=142272, episodic_return=0.0
SPS: 2902
global_step=142368, episodic_return=0.0
global_step=142368, episodic_return=0.0
global_step=142428, episodic_return=0.0
global_step=142632, episodic_return=0.4149999999999999
global_step=142664, episodic_return=0.34299999999999997
global_step=142676, episodic_return=0.0
global_step=142832, episodic_return=0.0
SPS: 2901
global_step=143024, episodic_return=0.19899999999999995
global_step=143036, episodic_return=0.0
global_step=143080, episodic_return=0.0
global_step=143236, episodic_return=0.0
SPS: 2902
global_step=143428, episodic_return=0.0
global_step=143440, episodic_return=0.0
global_step=143484, episodic_return=0.0
global_step=143640, episodic_return=0.0
global_step=143832, episodic_return=0.0
global_step=143844, episodic_return=0.0
SPS: 2902
global_step=143888, episodic_return=0.0
global_step=144044, episodic_return=0.0
global_step=144236, episodic_return=0.0
global_step=144248, episodic_return=0.0
global_step=144292, episodic_return=0.0
SPS: 2902
global_step=144448, episodic_return=0.0
global_step=144640, episodic_return=0.0
global_step=144652, episodic_return=0.0
global_step=144696, episodic_return=0.0
global_step=144852, episodic_return=0.0
SPS: 2902
global_step=145020, episodic_return=0.18099999999999994
global_step=145044, episodic_return=0.0
global_step=145100, episodic_return=0.0
global_step=145228, episodic_return=0.16299999999999992
SPS: 2902
global_step=145424, episodic_return=0.0
global_step=145448, episodic_return=0.0
global_step=145504, episodic_return=0.0
global_step=145632, episodic_return=0.0
global_step=145828, episodic_return=0.0
global_step=145852, episodic_return=0.0
global_step=145908, episodic_return=0.0
SPS: 2902
global_step=146036, episodic_return=0.0
global_step=146232, episodic_return=0.0
global_step=146256, episodic_return=0.0
global_step=146312, episodic_return=0.0
SPS: 2902
global_step=146440, episodic_return=0.0
global_step=146636, episodic_return=0.0
global_step=146660, episodic_return=0.0
global_step=146716, episodic_return=0.0
global_step=146844, episodic_return=0.0
SPS: 2902
global_step=147040, episodic_return=0.0
global_step=147064, episodic_return=0.0
global_step=147088, episodic_return=0.955
global_step=147120, episodic_return=0.0
global_step=147248, episodic_return=0.0
global_step=147372, episodic_return=0.44199999999999995
global_step=147444, episodic_return=0.0
SPS: 2902
global_step=147492, episodic_return=0.0
global_step=147652, episodic_return=0.0
global_step=147688, episodic_return=0.9279999999999999
global_step=147776, episodic_return=0.0
global_step=147848, episodic_return=0.0
global_step=147896, episodic_return=0.0
SPS: 2902
global_step=148092, episodic_return=0.0
global_step=148180, episodic_return=0.0
global_step=148252, episodic_return=0.0
global_step=148300, episodic_return=0.0
SPS: 2902
global_step=148496, episodic_return=0.0
global_step=148584, episodic_return=0.0
global_step=148656, episodic_return=0.0
global_step=148704, episodic_return=0.0
global_step=148900, episodic_return=0.0
global_step=148988, episodic_return=0.0
SPS: 2902
global_step=149060, episodic_return=0.0
global_step=149108, episodic_return=0.0
global_step=149304, episodic_return=0.0
global_step=149392, episodic_return=0.0
global_step=149464, episodic_return=0.0
SPS: 2902
global_step=149512, episodic_return=0.0
global_step=149708, episodic_return=0.0
global_step=149796, episodic_return=0.0
global_step=149868, episodic_return=0.0
global_step=149916, episodic_return=0.0
SPS: 2902
global_step=150112, episodic_return=0.0
global_step=150200, episodic_return=0.0
global_step=150272, episodic_return=0.0
global_step=150320, episodic_return=0.0
global_step=150516, episodic_return=0.0
SPS: 2902
global_step=150604, episodic_return=0.0
global_step=150676, episodic_return=0.0
global_step=150724, episodic_return=0.0
global_step=150920, episodic_return=0.0
global_step=151008, episodic_return=0.0
SPS: 2902
global_step=151080, episodic_return=0.0
global_step=151128, episodic_return=0.0
global_step=151324, episodic_return=0.0
global_step=151412, episodic_return=0.0
global_step=151484, episodic_return=0.0
global_step=151532, episodic_return=0.0
SPS: 2902
global_step=151728, episodic_return=0.0
global_step=151816, episodic_return=0.0
global_step=151888, episodic_return=0.0
global_step=151936, episodic_return=0.0
SPS: 2902
global_step=152132, episodic_return=0.0
global_step=152220, episodic_return=0.0
global_step=152292, episodic_return=0.0
global_step=152340, episodic_return=0.0
global_step=152536, episodic_return=0.0
SPS: 2902
global_step=152624, episodic_return=0.0
global_step=152696, episodic_return=0.0
global_step=152744, episodic_return=0.0
global_step=152940, episodic_return=0.0
global_step=153028, episodic_return=0.0
SPS: 2902
global_step=153100, episodic_return=0.0
global_step=153148, episodic_return=0.0
global_step=153344, episodic_return=0.0
global_step=153432, episodic_return=0.0
global_step=153504, episodic_return=0.0
global_step=153552, episodic_return=0.0
SPS: 2902
global_step=153748, episodic_return=0.0
global_step=153836, episodic_return=0.0
global_step=153908, episodic_return=0.0
global_step=153956, episodic_return=0.0
SPS: 2903
global_step=154152, episodic_return=0.0
global_step=154240, episodic_return=0.0
global_step=154312, episodic_return=0.0
global_step=154360, episodic_return=0.0
global_step=154480, episodic_return=0.631
global_step=154556, episodic_return=0.0
SPS: 2903
global_step=154644, episodic_return=0.0
global_step=154764, episodic_return=0.0
global_step=154852, episodic_return=0.34299999999999997
global_step=154884, episodic_return=0.0
global_step=155048, episodic_return=0.0
SPS: 2903
global_step=155168, episodic_return=0.0
global_step=155256, episodic_return=0.0
global_step=155288, episodic_return=0.0
global_step=155452, episodic_return=0.0
global_step=155572, episodic_return=0.0
SPS: 2903
global_step=155660, episodic_return=0.0
global_step=155692, episodic_return=0.0
global_step=155692, episodic_return=0.739
global_step=155856, episodic_return=0.0
global_step=155992, episodic_return=0.33399999999999996
global_step=156064, episodic_return=0.0
global_step=156096, episodic_return=0.0
SPS: 2903
global_step=156260, episodic_return=0.0
global_step=156396, episodic_return=0.0
global_step=156468, episodic_return=0.0
global_step=156500, episodic_return=0.0
global_step=156548, episodic_return=0.901
global_step=156664, episodic_return=0.0
SPS: 2903
global_step=156800, episodic_return=0.0
global_step=156872, episodic_return=0.0
global_step=156952, episodic_return=0.0
global_step=157068, episodic_return=0.0
SPS: 2903
global_step=157204, episodic_return=0.0
global_step=157276, episodic_return=0.0
global_step=157356, episodic_return=0.0
global_step=157472, episodic_return=0.0
global_step=157608, episodic_return=0.0
global_step=157680, episodic_return=0.0
SPS: 2903
global_step=157760, episodic_return=0.0
global_step=157876, episodic_return=0.0
global_step=158012, episodic_return=0.0
global_step=158084, episodic_return=0.0
global_step=158164, episodic_return=0.0
SPS: 2903
global_step=158280, episodic_return=0.0
global_step=158416, episodic_return=0.0
global_step=158488, episodic_return=0.0
global_step=158568, episodic_return=0.0
global_step=158684, episodic_return=0.0
SPS: 2903
global_step=158820, episodic_return=0.0
global_step=158892, episodic_return=0.0
global_step=158972, episodic_return=0.0
global_step=159088, episodic_return=0.0
global_step=159176, episodic_return=0.55
global_step=159224, episodic_return=0.0
SPS: 2903
global_step=159296, episodic_return=0.0
global_step=159492, episodic_return=0.0
global_step=159580, episodic_return=0.0
global_step=159628, episodic_return=0.0
global_step=159700, episodic_return=0.0
global_step=159720, episodic_return=0.964
SPS: 2903
global_step=159896, episodic_return=0.0
global_step=159984, episodic_return=0.0
global_step=160032, episodic_return=0.0
global_step=160124, episodic_return=0.0
SPS: 2903
global_step=160300, episodic_return=0.0
global_step=160388, episodic_return=0.0
global_step=160436, episodic_return=0.0
global_step=160528, episodic_return=0.0
global_step=160704, episodic_return=0.0
SPS: 2903
global_step=160792, episodic_return=0.0
global_step=160812, episodic_return=0.37
global_step=160840, episodic_return=0.0
global_step=161108, episodic_return=0.0
global_step=161196, episodic_return=0.0
global_step=161216, episodic_return=0.0
global_step=161244, episodic_return=0.0
SPS: 2903
global_step=161512, episodic_return=0.0
global_step=161600, episodic_return=0.0
global_step=161620, episodic_return=0.0
global_step=161648, episodic_return=0.0
SPS: 2904
global_step=161896, episodic_return=0.45099999999999996
global_step=161916, episodic_return=0.0
global_step=162004, episodic_return=0.0
global_step=162024, episodic_return=0.0
global_step=162256, episodic_return=0.19899999999999995
SPS: 2904
global_step=162320, episodic_return=0.0
global_step=162408, episodic_return=0.0
global_step=162428, episodic_return=0.0
global_step=162660, episodic_return=0.0
global_step=162724, episodic_return=0.0
global_step=162812, episodic_return=0.0
SPS: 2904
global_step=162832, episodic_return=0.0
global_step=163064, episodic_return=0.0
global_step=163128, episodic_return=0.0
global_step=163216, episodic_return=0.0
global_step=163236, episodic_return=0.0
SPS: 2904
global_step=163468, episodic_return=0.0
global_step=163532, episodic_return=0.0
global_step=163620, episodic_return=0.0
global_step=163640, episodic_return=0.0
SPS: 2904
global_step=163872, episodic_return=0.0
global_step=163936, episodic_return=0.0
global_step=164024, episodic_return=0.0
global_step=164044, episodic_return=0.0
global_step=164276, episodic_return=0.0
global_step=164340, episodic_return=0.0
SPS: 2904
global_step=164428, episodic_return=0.0
global_step=164448, episodic_return=0.0
global_step=164620, episodic_return=0.622
global_step=164680, episodic_return=0.0
global_step=164744, episodic_return=0.0
global_step=164832, episodic_return=0.0
SPS: 2904
global_step=165024, episodic_return=0.0
global_step=165084, episodic_return=0.0
global_step=165148, episodic_return=0.0
global_step=165236, episodic_return=0.0
SPS: 2904
global_step=165428, episodic_return=0.0
global_step=165488, episodic_return=0.0
global_step=165552, episodic_return=0.0
global_step=165560, episodic_return=0.847
global_step=165640, episodic_return=0.0
global_step=165832, episodic_return=0.0
SPS: 2904
global_step=165956, episodic_return=0.0
global_step=165964, episodic_return=0.0
global_step=166044, episodic_return=0.0
global_step=166236, episodic_return=0.0
global_step=166360, episodic_return=0.0
global_step=166368, episodic_return=0.0
SPS: 2904
global_step=166448, episodic_return=0.0
global_step=166640, episodic_return=0.0
global_step=166764, episodic_return=0.0
global_step=166772, episodic_return=0.0
global_step=166800, episodic_return=0.946
global_step=166816, episodic_return=0.18099999999999994
SPS: 2904
global_step=167044, episodic_return=0.0
global_step=167168, episodic_return=0.0
global_step=167204, episodic_return=0.0
global_step=167220, episodic_return=0.0
SPS: 2905
global_step=167448, episodic_return=0.0
global_step=167572, episodic_return=0.0
global_step=167608, episodic_return=0.0
global_step=167624, episodic_return=0.0
global_step=167736, episodic_return=0.6399999999999999
global_step=167852, episodic_return=0.0
SPS: 2905
global_step=168012, episodic_return=0.0
global_step=168028, episodic_return=0.0
global_step=168140, episodic_return=0.0
global_step=168256, episodic_return=0.0
global_step=168340, episodic_return=0.2709999999999999
global_step=168388, episodic_return=0.712
global_step=168432, episodic_return=0.0
SPS: 2905
global_step=168544, episodic_return=0.0
global_step=168744, episodic_return=0.0
global_step=168792, episodic_return=0.0
global_step=168836, episodic_return=0.0
global_step=168948, episodic_return=0.0
SPS: 2905
global_step=169148, episodic_return=0.0
global_step=169196, episodic_return=0.0
global_step=169240, episodic_return=0.0
global_step=169352, episodic_return=0.0
SPS: 2905
global_step=169552, episodic_return=0.0
global_step=169600, episodic_return=0.0
global_step=169644, episodic_return=0.0
global_step=169676, episodic_return=0.838
global_step=169756, episodic_return=0.0
global_step=169956, episodic_return=0.0
SPS: 2905
global_step=170040, episodic_return=0.18999999999999995
global_step=170048, episodic_return=0.0
global_step=170160, episodic_return=0.0
global_step=170268, episodic_return=0.4959999999999999
global_step=170360, episodic_return=0.0
global_step=170452, episodic_return=0.0
SPS: 2905
global_step=170564, episodic_return=0.0
global_step=170672, episodic_return=0.0
global_step=170764, episodic_return=0.0
global_step=170856, episodic_return=0.0
global_step=170944, episodic_return=0.8109999999999999
global_step=170968, episodic_return=0.0
SPS: 2905
global_step=171076, episodic_return=0.0
global_step=171168, episodic_return=0.0
global_step=171348, episodic_return=0.0
global_step=171372, episodic_return=0.0
global_step=171460, episodic_return=0.352
global_step=171480, episodic_return=0.0
SPS: 2905
global_step=171752, episodic_return=0.0
global_step=171776, episodic_return=0.0
global_step=171864, episodic_return=0.0
global_step=171884, episodic_return=0.0
SPS: 2905
global_step=172156, episodic_return=0.0
global_step=172180, episodic_return=0.0
global_step=172268, episodic_return=0.0
global_step=172288, episodic_return=0.0
SPS: 2905
global_step=172560, episodic_return=0.0
global_step=172584, episodic_return=0.0
global_step=172672, episodic_return=0.0
global_step=172692, episodic_return=0.0
global_step=172964, episodic_return=0.0
global_step=172964, episodic_return=0.15400000000000003
SPS: 2905
global_step=173076, episodic_return=0.0
global_step=173096, episodic_return=0.0
global_step=173368, episodic_return=0.0
global_step=173368, episodic_return=0.0
global_step=173480, episodic_return=0.0
global_step=173500, episodic_return=0.0
SPS: 2906
global_step=173772, episodic_return=0.0
global_step=173772, episodic_return=0.0
global_step=173884, episodic_return=0.0
global_step=173904, episodic_return=0.0
SPS: 2906
global_step=174176, episodic_return=0.0
global_step=174176, episodic_return=0.0
global_step=174256, episodic_return=0.829
global_step=174288, episodic_return=0.0
global_step=174308, episodic_return=0.0
global_step=174580, episodic_return=0.0
SPS: 2906
global_step=174660, episodic_return=0.0
global_step=174692, episodic_return=0.0
global_step=174712, episodic_return=0.0
global_step=174984, episodic_return=0.0
global_step=175064, episodic_return=0.0
global_step=175096, episodic_return=0.0
SPS: 2906
global_step=175116, episodic_return=0.0
global_step=175388, episodic_return=0.0
global_step=175468, episodic_return=0.0
global_step=175500, episodic_return=0.0
global_step=175520, episodic_return=0.0
SPS: 2906
global_step=175792, episodic_return=0.0
global_step=175800, episodic_return=0.991
global_step=175872, episodic_return=0.0
global_step=175904, episodic_return=0.0
global_step=175924, episodic_return=0.0
SPS: 2907
global_step=176204, episodic_return=0.0
global_step=176276, episodic_return=0.0
global_step=176308, episodic_return=0.0
global_step=176328, episodic_return=0.0
global_step=176608, episodic_return=0.0
SPS: 2907
global_step=176680, episodic_return=0.0
global_step=176712, episodic_return=0.0
global_step=176732, episodic_return=0.0
global_step=177012, episodic_return=0.0
global_step=177084, episodic_return=0.0
global_step=177116, episodic_return=0.0
global_step=177136, episodic_return=0.0
SPS: 2907
global_step=177416, episodic_return=0.0
global_step=177488, episodic_return=0.0
global_step=177520, episodic_return=0.0
global_step=177540, episodic_return=0.0
global_step=177612, episodic_return=0.802
SPS: 2907
global_step=177820, episodic_return=0.0
global_step=177892, episodic_return=0.0
global_step=177944, episodic_return=0.0
global_step=178016, episodic_return=0.0
SPS: 2907
global_step=178224, episodic_return=0.0
global_step=178296, episodic_return=0.0
global_step=178348, episodic_return=0.0
global_step=178420, episodic_return=0.0
global_step=178628, episodic_return=0.0
SPS: 2907
global_step=178700, episodic_return=0.0
global_step=178752, episodic_return=0.0
global_step=178824, episodic_return=0.0
global_step=179032, episodic_return=0.0
global_step=179104, episodic_return=0.0
global_step=179156, episodic_return=0.0
SPS: 2907
global_step=179228, episodic_return=0.0
global_step=179436, episodic_return=0.0
global_step=179508, episodic_return=0.0
global_step=179560, episodic_return=0.0
global_step=179632, episodic_return=0.0
SPS: 2908
global_step=179840, episodic_return=0.0
global_step=179912, episodic_return=0.847
global_step=179912, episodic_return=0.0
global_step=179964, episodic_return=0.0
global_step=180036, episodic_return=0.0
global_step=180200, episodic_return=0.361
SPS: 2908
global_step=180316, episodic_return=0.0
global_step=180368, episodic_return=0.0
global_step=180440, episodic_return=0.0
global_step=180604, episodic_return=0.0
global_step=180720, episodic_return=0.0
SPS: 2908
global_step=180772, episodic_return=0.0
global_step=180844, episodic_return=0.0
global_step=181008, episodic_return=0.0
global_step=181084, episodic_return=0.30699999999999994
global_step=181124, episodic_return=0.0
global_step=181248, episodic_return=0.0
SPS: 2908
global_step=181412, episodic_return=0.0
global_step=181488, episodic_return=0.0
global_step=181528, episodic_return=0.0
global_step=181652, episodic_return=0.0
SPS: 2908
global_step=181816, episodic_return=0.0
global_step=181892, episodic_return=0.0
global_step=181932, episodic_return=0.0
global_step=181948, episodic_return=0.34299999999999997
global_step=182220, episodic_return=0.0
SPS: 2908
global_step=182296, episodic_return=0.0
global_step=182336, episodic_return=0.0
global_step=182352, episodic_return=0.0
global_step=182624, episodic_return=0.0
global_step=182700, episodic_return=0.0
global_step=182740, episodic_return=0.0
global_step=182756, episodic_return=0.0
SPS: 2908
global_step=182872, episodic_return=0.748
global_step=183028, episodic_return=0.0
global_step=183104, episodic_return=0.0
global_step=183144, episodic_return=0.0
global_step=183276, episodic_return=0.0
SPS: 2909
global_step=183432, episodic_return=0.0
global_step=183484, episodic_return=0.892
global_step=183508, episodic_return=0.0
global_step=183548, episodic_return=0.0
global_step=183680, episodic_return=0.0
SPS: 2909
global_step=183888, episodic_return=0.0
global_step=183912, episodic_return=0.0
global_step=183952, episodic_return=0.0
global_step=184084, episodic_return=0.0
global_step=184292, episodic_return=0.0
global_step=184316, episodic_return=0.0
SPS: 2909
global_step=184356, episodic_return=0.0
global_step=184488, episodic_return=0.0
global_step=184696, episodic_return=0.0
global_step=184720, episodic_return=0.0
global_step=184760, episodic_return=0.0
SPS: 2909
global_step=184892, episodic_return=0.0
global_step=185100, episodic_return=0.0
global_step=185124, episodic_return=0.0
global_step=185164, episodic_return=0.0
global_step=185256, episodic_return=0.802
global_step=185296, episodic_return=0.0
SPS: 2909
global_step=185464, episodic_return=0.18999999999999995
global_step=185528, episodic_return=0.0
global_step=185660, episodic_return=0.0
global_step=185700, episodic_return=0.0
SPS: 2909
global_step=185868, episodic_return=0.0
global_step=185932, episodic_return=0.0
global_step=186064, episodic_return=0.0
global_step=186084, episodic_return=0.667
global_step=186104, episodic_return=0.0
global_step=186272, episodic_return=0.0
SPS: 2909
global_step=186468, episodic_return=0.0
global_step=186488, episodic_return=0.0
global_step=186508, episodic_return=0.0
global_step=186676, episodic_return=0.0
global_step=186872, episodic_return=0.0
SPS: 2909
global_step=186892, episodic_return=0.0
global_step=186912, episodic_return=0.0
global_step=187080, episodic_return=0.0
global_step=187276, episodic_return=0.0
global_step=187296, episodic_return=0.0
global_step=187316, episodic_return=0.0
SPS: 2909
global_step=187484, episodic_return=0.0
global_step=187680, episodic_return=0.0
global_step=187700, episodic_return=0.0
global_step=187720, episodic_return=0.0
global_step=187888, episodic_return=0.0
SPS: 2909
global_step=188084, episodic_return=0.0
global_step=188104, episodic_return=0.0
global_step=188124, episodic_return=0.0
global_step=188292, episodic_return=0.0
SPS: 2910
global_step=188488, episodic_return=0.0
global_step=188508, episodic_return=0.0
global_step=188528, episodic_return=0.0
global_step=188532, episodic_return=0.469
global_step=188892, episodic_return=0.0
global_step=188912, episodic_return=0.0
SPS: 2910
global_step=188932, episodic_return=0.0
global_step=188936, episodic_return=0.0
global_step=189296, episodic_return=0.0
global_step=189316, episodic_return=0.0
global_step=189336, episodic_return=0.0
global_step=189340, episodic_return=0.0
SPS: 2910
global_step=189700, episodic_return=0.0
global_step=189720, episodic_return=0.0
global_step=189740, episodic_return=0.0
global_step=189744, episodic_return=0.0
global_step=189756, episodic_return=0.982
SPS: 2910
global_step=190104, episodic_return=0.0
global_step=190124, episodic_return=0.0
global_step=190144, episodic_return=0.0
global_step=190160, episodic_return=0.0
SPS: 2910
global_step=190508, episodic_return=0.0
global_step=190528, episodic_return=0.0
global_step=190548, episodic_return=0.0
global_step=190564, episodic_return=0.0
global_step=190912, episodic_return=0.0
global_step=190932, episodic_return=0.0
global_step=190952, episodic_return=0.0
global_step=190968, episodic_return=0.0
SPS: 2910
global_step=190996, episodic_return=0.865
global_step=191052, episodic_return=0.784
global_step=191316, episodic_return=0.0
global_step=191372, episodic_return=0.0
global_step=191400, episodic_return=0.0
global_step=191456, episodic_return=0.0
SPS: 2910
global_step=191720, episodic_return=0.0
global_step=191776, episodic_return=0.0
global_step=191804, episodic_return=0.0
global_step=191860, episodic_return=0.0
SPS: 2910
global_step=192124, episodic_return=0.0
global_step=192180, episodic_return=0.0
global_step=192208, episodic_return=0.0
global_step=192264, episodic_return=0.0
SPS: 2911
global_step=192528, episodic_return=0.0
global_step=192584, episodic_return=0.0
global_step=192612, episodic_return=0.0
global_step=192668, episodic_return=0.0
global_step=192676, episodic_return=0.991
global_step=192932, episodic_return=0.0
global_step=192988, episodic_return=0.0
global_step=193016, episodic_return=0.0
SPS: 2911
global_step=193080, episodic_return=0.0
global_step=193336, episodic_return=0.0
global_step=193392, episodic_return=0.0
global_step=193420, episodic_return=0.0
global_step=193484, episodic_return=0.0
SPS: 2911
global_step=193740, episodic_return=0.0
global_step=193796, episodic_return=0.0
global_step=193824, episodic_return=0.0
global_step=193888, episodic_return=0.0
SPS: 2911
global_step=194144, episodic_return=0.0
global_step=194200, episodic_return=0.0
global_step=194228, episodic_return=0.0
global_step=194292, episodic_return=0.0
global_step=194380, episodic_return=0.604
global_step=194548, episodic_return=0.0
SPS: 2911
global_step=194632, episodic_return=0.0
global_step=194696, episodic_return=0.0
global_step=194784, episodic_return=0.0
global_step=194952, episodic_return=0.0
global_step=195036, episodic_return=0.0
SPS: 2911
global_step=195100, episodic_return=0.0
global_step=195188, episodic_return=0.0
global_step=195356, episodic_return=0.0
global_step=195440, episodic_return=0.0
global_step=195504, episodic_return=0.0
SPS: 2911
global_step=195592, episodic_return=0.0
global_step=195760, episodic_return=0.0
global_step=195844, episodic_return=0.0
global_step=195908, episodic_return=0.0
global_step=195996, episodic_return=0.0
SPS: 2911
global_step=196164, episodic_return=0.0
global_step=196248, episodic_return=0.0
global_step=196312, episodic_return=0.0
global_step=196360, episodic_return=0.757
global_step=196400, episodic_return=0.0
global_step=196568, episodic_return=0.0
SPS: 2911
global_step=196716, episodic_return=0.0
global_step=196764, episodic_return=0.0
global_step=196804, episodic_return=0.0
global_step=196972, episodic_return=0.0
global_step=197120, episodic_return=0.0
SPS: 2911
global_step=197168, episodic_return=0.0
global_step=197208, episodic_return=0.0
global_step=197376, episodic_return=0.0
global_step=197524, episodic_return=0.0
global_step=197572, episodic_return=0.0
global_step=197612, episodic_return=0.0
SPS: 2911
global_step=197780, episodic_return=0.0
global_step=197928, episodic_return=0.0
global_step=197976, episodic_return=0.0
global_step=198016, episodic_return=0.0
global_step=198024, episodic_return=0.7929999999999999
global_step=198064, episodic_return=0.919
SPS: 2911
global_step=198184, episodic_return=0.0
global_step=198380, episodic_return=0.0
global_step=198420, episodic_return=0.0
global_step=198468, episodic_return=0.0
global_step=198588, episodic_return=0.0
SPS: 2912
global_step=198784, episodic_return=0.0
global_step=198824, episodic_return=0.0
global_step=198872, episodic_return=0.0
global_step=198992, episodic_return=0.0
SPS: 2912
global_step=199188, episodic_return=0.0
global_step=199228, episodic_return=0.0
global_step=199276, episodic_return=0.0
global_step=199396, episodic_return=0.0
global_step=199592, episodic_return=0.0
global_step=199632, episodic_return=0.0
global_step=199632, episodic_return=0.20799999999999996
SPS: 2912
global_step=199800, episodic_return=0.0
global_step=199996, episodic_return=0.0
global_step=200036, episodic_return=0.0
global_step=200036, episodic_return=0.0
SPS: 2912
global_step=200204, episodic_return=0.0
global_step=200400, episodic_return=0.0
global_step=200440, episodic_return=0.0
global_step=200440, episodic_return=0.0
global_step=200608, episodic_return=0.0
SPS: 2912
global_step=200804, episodic_return=0.0
global_step=200844, episodic_return=0.0
global_step=200844, episodic_return=0.0
global_step=201008, episodic_return=0.6399999999999999
global_step=201012, episodic_return=0.0
global_step=201208, episodic_return=0.0
SPS: 2912
global_step=201248, episodic_return=0.0
global_step=201412, episodic_return=0.0
global_step=201416, episodic_return=0.0
global_step=201596, episodic_return=0.22599999999999998
global_step=201612, episodic_return=0.0
SPS: 2912
global_step=201816, episodic_return=0.0
global_step=201820, episodic_return=0.0
global_step=202000, episodic_return=0.0
global_step=202016, episodic_return=0.0
global_step=202220, episodic_return=0.0
global_step=202224, episodic_return=0.0
SPS: 2912
global_step=202404, episodic_return=0.0
global_step=202420, episodic_return=0.0
global_step=202624, episodic_return=0.0
global_step=202628, episodic_return=0.0
SPS: 2912
global_step=202808, episodic_return=0.0
global_step=202824, episodic_return=0.0
global_step=203028, episodic_return=0.0
global_step=203032, episodic_return=0.0
global_step=203212, episodic_return=0.0
global_step=203228, episodic_return=0.0
SPS: 2912
global_step=203432, episodic_return=0.0
global_step=203436, episodic_return=0.0
global_step=203616, episodic_return=0.0
global_step=203632, episodic_return=0.0
SPS: 2912
global_step=203836, episodic_return=0.0
global_step=203840, episodic_return=0.0
global_step=204020, episodic_return=0.0
global_step=204036, episodic_return=0.0
global_step=204072, episodic_return=0.478
global_step=204244, episodic_return=0.0
SPS: 2912
global_step=204396, episodic_return=0.16299999999999992
global_step=204440, episodic_return=0.0
global_step=204476, episodic_return=0.0
global_step=204648, episodic_return=0.0
global_step=204800, episodic_return=0.0
SPS: 2912
global_step=204844, episodic_return=0.0
global_step=204880, episodic_return=0.0
global_step=205052, episodic_return=0.0
global_step=205204, episodic_return=0.0
global_step=205248, episodic_return=0.0
global_step=205260, episodic_return=0.5409999999999999
global_step=205284, episodic_return=0.0
SPS: 2912
global_step=205432, episodic_return=0.6759999999999999
global_step=205608, episodic_return=0.0
global_step=205652, episodic_return=0.0
global_step=205664, episodic_return=0.0
SPS: 2912
global_step=205836, episodic_return=0.0
global_step=206012, episodic_return=0.0
global_step=206056, episodic_return=0.0
global_step=206068, episodic_return=0.09999999999999998
global_step=206092, episodic_return=0.43299999999999994
SPS: 2912
global_step=206416, episodic_return=0.0
global_step=206460, episodic_return=0.0
global_step=206472, episodic_return=0.0
global_step=206496, episodic_return=0.0
global_step=206820, episodic_return=0.0
SPS: 2913
global_step=206864, episodic_return=0.0
global_step=206876, episodic_return=0.0
global_step=206900, episodic_return=0.0
global_step=207224, episodic_return=0.0
global_step=207268, episodic_return=0.0
global_step=207280, episodic_return=0.0
global_step=207304, episodic_return=0.0
SPS: 2913
global_step=207628, episodic_return=0.0
global_step=207672, episodic_return=0.0
global_step=207684, episodic_return=0.0
global_step=207708, episodic_return=0.0
SPS: 2913
global_step=208032, episodic_return=0.0
global_step=208076, episodic_return=0.0
global_step=208088, episodic_return=0.0
global_step=208112, episodic_return=0.0
global_step=208372, episodic_return=0.244
SPS: 2913
global_step=208480, episodic_return=0.0
global_step=208492, episodic_return=0.0
global_step=208516, episodic_return=0.0
global_step=208568, episodic_return=0.838
global_step=208592, episodic_return=0.757
global_step=208776, episodic_return=0.0
SPS: 2913
global_step=208920, episodic_return=0.0
global_step=208972, episodic_return=0.0
global_step=208996, episodic_return=0.0
global_step=209180, episodic_return=0.0
global_step=209260, episodic_return=0.4149999999999999
global_step=209324, episodic_return=0.0
global_step=209376, episodic_return=0.0
SPS: 2913
global_step=209584, episodic_return=0.0
global_step=209664, episodic_return=0.0
global_step=209728, episodic_return=0.0
global_step=209780, episodic_return=0.0
SPS: 2913
global_step=209988, episodic_return=0.0
global_step=210068, episodic_return=0.0
global_step=210132, episodic_return=0.0
global_step=210184, episodic_return=0.0
global_step=210392, episodic_return=0.0
SPS: 2913
global_step=210472, episodic_return=0.0
global_step=210536, episodic_return=0.0
global_step=210588, episodic_return=0.0
global_step=210596, episodic_return=0.991
global_step=210796, episodic_return=0.0
global_step=210876, episodic_return=0.0
global_step=210940, episodic_return=0.0
SPS: 2913
global_step=211000, episodic_return=0.0
global_step=211100, episodic_return=0.784
global_step=211200, episodic_return=0.0
global_step=211280, episodic_return=0.0
global_step=211344, episodic_return=0.0
SPS: 2913
global_step=211504, episodic_return=0.0
global_step=211604, episodic_return=0.0
global_step=211684, episodic_return=0.0
global_step=211748, episodic_return=0.0
global_step=211908, episodic_return=0.0
global_step=211960, episodic_return=0.3879999999999999
SPS: 2913
global_step=212008, episodic_return=0.0
global_step=212152, episodic_return=0.0
global_step=212312, episodic_return=0.0
global_step=212364, episodic_return=0.09999999999999998
global_step=212412, episodic_return=0.0
SPS: 2913
global_step=212556, episodic_return=0.0
global_step=212716, episodic_return=0.0
global_step=212768, episodic_return=0.0
global_step=212816, episodic_return=0.0
global_step=212860, episodic_return=0.32499999999999996
SPS: 2913
global_step=213120, episodic_return=0.0
global_step=213172, episodic_return=0.0
global_step=213220, episodic_return=0.0
global_step=213264, episodic_return=0.0
SPS: 2913
global_step=213524, episodic_return=0.0
global_step=213576, episodic_return=0.0
global_step=213624, episodic_return=0.0
global_step=213668, episodic_return=0.0
global_step=213928, episodic_return=0.0
global_step=213980, episodic_return=0.0
SPS: 2913
global_step=214028, episodic_return=0.0
global_step=214072, episodic_return=0.0
global_step=214100, episodic_return=0.739
global_step=214332, episodic_return=0.0
global_step=214432, episodic_return=0.0
global_step=214476, episodic_return=0.0
global_step=214504, episodic_return=0.0
SPS: 2913
global_step=214736, episodic_return=0.0
global_step=214836, episodic_return=0.0
global_step=214880, episodic_return=0.0
global_step=214908, episodic_return=0.0
global_step=214992, episodic_return=0.43299999999999994
SPS: 2913
global_step=215240, episodic_return=0.0
global_step=215284, episodic_return=0.0
global_step=215312, episodic_return=0.0
global_step=215396, episodic_return=0.0
SPS: 2913
global_step=215644, episodic_return=0.0
global_step=215688, episodic_return=0.0
global_step=215716, episodic_return=0.0
global_step=215800, episodic_return=0.0
global_step=216048, episodic_return=0.0
SPS: 2913
global_step=216092, episodic_return=0.0
global_step=216120, episodic_return=0.0
global_step=216128, episodic_return=0.991
global_step=216204, episodic_return=0.0
global_step=216452, episodic_return=0.0
global_step=216480, episodic_return=0.3879999999999999
global_step=216496, episodic_return=0.0
global_step=216532, episodic_return=0.0
SPS: 2913
global_step=216856, episodic_return=0.0
global_step=216884, episodic_return=0.0
global_step=216900, episodic_return=0.0
global_step=216936, episodic_return=0.0
SPS: 2913
global_step=217260, episodic_return=0.0
global_step=217288, episodic_return=0.0
global_step=217304, episodic_return=0.0
global_step=217340, episodic_return=0.0
global_step=217376, episodic_return=0.9279999999999999
global_step=217436, episodic_return=0.712
global_step=217480, episodic_return=0.91
SPS: 2913
global_step=217664, episodic_return=0.0
global_step=217692, episodic_return=0.0
global_step=217708, episodic_return=0.91
global_step=217736, episodic_return=0.19899999999999995
global_step=217884, episodic_return=0.0
global_step=217924, episodic_return=0.487
global_step=217936, episodic_return=0.4959999999999999
global_step=218020, episodic_return=0.703
SPS: 2913
global_step=218140, episodic_return=0.0
global_step=218328, episodic_return=0.0
global_step=218340, episodic_return=0.0
global_step=218424, episodic_return=0.0
global_step=218544, episodic_return=0.0
SPS: 2913
global_step=218732, episodic_return=0.0
global_step=218744, episodic_return=0.0
global_step=218828, episodic_return=0.0
global_step=218948, episodic_return=0.0
global_step=219020, episodic_return=0.847
global_step=219136, episodic_return=0.0
SPS: 2913
global_step=219148, episodic_return=0.0
global_step=219232, episodic_return=0.0
global_step=219304, episodic_return=0.847
global_step=219424, episodic_return=0.0
global_step=219540, episodic_return=0.0
global_step=219552, episodic_return=0.0
SPS: 2913
global_step=219672, episodic_return=0.712
global_step=219708, episodic_return=0.0
global_step=219828, episodic_return=0.0
global_step=219956, episodic_return=0.0
global_step=220076, episodic_return=0.0
global_step=220112, episodic_return=0.0
SPS: 2913
global_step=220232, episodic_return=0.0
global_step=220360, episodic_return=0.0
global_step=220480, episodic_return=0.0
global_step=220516, episodic_return=0.0
global_step=220636, episodic_return=0.0
SPS: 2913
global_step=220764, episodic_return=0.0
global_step=220884, episodic_return=0.0
global_step=220920, episodic_return=0.0
global_step=221040, episodic_return=0.0
global_step=221168, episodic_return=0.0
SPS: 2913
global_step=221288, episodic_return=0.0
global_step=221324, episodic_return=0.0
global_step=221444, episodic_return=0.0
global_step=221572, episodic_return=0.0
global_step=221692, episodic_return=0.0
SPS: 2913
global_step=221728, episodic_return=0.0
global_step=221848, episodic_return=0.0
global_step=221976, episodic_return=0.0
global_step=222012, episodic_return=0.2889999999999999
global_step=222132, episodic_return=0.0
SPS: 2913
global_step=222252, episodic_return=0.0
global_step=222380, episodic_return=0.0
global_step=222416, episodic_return=0.0
global_step=222536, episodic_return=0.0
global_step=222656, episodic_return=0.0
SPS: 2914
global_step=222784, episodic_return=0.0
global_step=222820, episodic_return=0.0
global_step=222940, episodic_return=0.0
global_step=223060, episodic_return=0.0
global_step=223188, episodic_return=0.0
global_step=223224, episodic_return=0.0
SPS: 2914
global_step=223344, episodic_return=0.0
global_step=223464, episodic_return=0.0
global_step=223592, episodic_return=0.0
global_step=223628, episodic_return=0.0
SPS: 2914
global_step=223748, episodic_return=0.0
global_step=223868, episodic_return=0.0
global_step=223996, episodic_return=0.0
global_step=224032, episodic_return=0.0
global_step=224152, episodic_return=0.0
SPS: 2914
global_step=224272, episodic_return=0.0
global_step=224400, episodic_return=0.0
global_step=224436, episodic_return=0.0
global_step=224556, episodic_return=0.0
global_step=224664, episodic_return=0.4959999999999999
global_step=224676, episodic_return=0.0
SPS: 2914
global_step=224804, episodic_return=0.0
global_step=224960, episodic_return=0.0
global_step=225068, episodic_return=0.0
global_step=225080, episodic_return=0.0
global_step=225208, episodic_return=0.0
SPS: 2914
global_step=225364, episodic_return=0.0
global_step=225472, episodic_return=0.0
global_step=225484, episodic_return=0.0
global_step=225612, episodic_return=0.0
global_step=225768, episodic_return=0.0
SPS: 2914
global_step=225876, episodic_return=0.0
global_step=225888, episodic_return=0.0
global_step=226016, episodic_return=0.0
global_step=226172, episodic_return=0.0
global_step=226280, episodic_return=0.0
global_step=226292, episodic_return=0.0
SPS: 2914
global_step=226420, episodic_return=0.0
global_step=226556, episodic_return=0.703
global_step=226576, episodic_return=0.0
global_step=226684, episodic_return=0.0
global_step=226684, episodic_return=0.721
global_step=226696, episodic_return=0.0
SPS: 2914
global_step=226980, episodic_return=0.0
global_step=227088, episodic_return=0.0
global_step=227088, episodic_return=0.0
global_step=227100, episodic_return=0.0
SPS: 2914
global_step=227384, episodic_return=0.0
global_step=227492, episodic_return=0.0
global_step=227492, episodic_return=0.0
global_step=227504, episodic_return=0.0
global_step=227788, episodic_return=0.0
SPS: 2914
global_step=227896, episodic_return=0.0
global_step=227896, episodic_return=0.0
global_step=227908, episodic_return=0.0
global_step=228192, episodic_return=0.0
global_step=228300, episodic_return=0.0
global_step=228300, episodic_return=0.0
global_step=228312, episodic_return=0.0
SPS: 2914
global_step=228596, episodic_return=0.0
global_step=228704, episodic_return=0.0
global_step=228704, episodic_return=0.0
global_step=228716, episodic_return=0.0
SPS: 2914
global_step=229000, episodic_return=0.0
global_step=229108, episodic_return=0.0
global_step=229108, episodic_return=0.0
global_step=229120, episodic_return=0.0
global_step=229224, episodic_return=0.748
SPS: 2914
global_step=229404, episodic_return=0.0
global_step=229512, episodic_return=0.0
global_step=229524, episodic_return=0.0
global_step=229628, episodic_return=0.0
global_step=229808, episodic_return=0.0
SPS: 2914
global_step=229916, episodic_return=0.0
global_step=229920, episodic_return=0.352
global_step=229928, episodic_return=0.0
global_step=230212, episodic_return=0.0
global_step=230320, episodic_return=0.0
global_step=230324, episodic_return=0.0
global_step=230332, episodic_return=0.0
SPS: 2914
global_step=230616, episodic_return=0.0
global_step=230724, episodic_return=0.0
global_step=230728, episodic_return=0.0
global_step=230736, episodic_return=0.0
global_step=230816, episodic_return=0.802
SPS: 2914
global_step=231020, episodic_return=0.0
global_step=231132, episodic_return=0.0
global_step=231140, episodic_return=0.0
global_step=231220, episodic_return=0.0
global_step=231240, episodic_return=0.766
global_step=231424, episodic_return=0.0
SPS: 2914
global_step=231544, episodic_return=0.0
global_step=231624, episodic_return=0.0
global_step=231644, episodic_return=0.0
global_step=231664, episodic_return=0.739
global_step=231828, episodic_return=0.0
SPS: 2914
global_step=232028, episodic_return=0.0
global_step=232048, episodic_return=0.0
global_step=232068, episodic_return=0.0
global_step=232232, episodic_return=0.0
global_step=232432, episodic_return=0.0
SPS: 2914
global_step=232452, episodic_return=0.0
global_step=232472, episodic_return=0.0
global_step=232500, episodic_return=0.856
global_step=232636, episodic_return=0.0
global_step=232856, episodic_return=0.0
global_step=232876, episodic_return=0.0
global_step=232904, episodic_return=0.0
SPS: 2914
global_step=233040, episodic_return=0.0
global_step=233260, episodic_return=0.0
global_step=233280, episodic_return=0.0
global_step=233304, episodic_return=0.91
global_step=233308, episodic_return=0.0
global_step=233444, episodic_return=0.0
SPS: 2914
global_step=233684, episodic_return=0.0
global_step=233708, episodic_return=0.0
global_step=233712, episodic_return=0.0
global_step=233848, episodic_return=0.0
SPS: 2914
global_step=234088, episodic_return=0.0
global_step=234112, episodic_return=0.0
global_step=234116, episodic_return=0.0
global_step=234128, episodic_return=0.973
global_step=234252, episodic_return=0.0
global_step=234492, episodic_return=0.0
SPS: 2914
global_step=234520, episodic_return=0.0
global_step=234532, episodic_return=0.0
global_step=234656, episodic_return=0.0
global_step=234896, episodic_return=0.0
global_step=234924, episodic_return=0.0
global_step=234936, episodic_return=0.0
SPS: 2914
global_step=235060, episodic_return=0.0
global_step=235228, episodic_return=0.352
global_step=235300, episodic_return=0.0
global_step=235328, episodic_return=0.0
global_step=235464, episodic_return=0.0
SPS: 2914
global_step=235632, episodic_return=0.0
global_step=235704, episodic_return=0.0
global_step=235732, episodic_return=0.0
global_step=235868, episodic_return=0.0
SPS: 2914
global_step=236036, episodic_return=0.0
global_step=236108, episodic_return=0.0
global_step=236136, episodic_return=0.0
global_step=236272, episodic_return=0.0
global_step=236440, episodic_return=0.0
global_step=236460, episodic_return=0.586
global_step=236504, episodic_return=0.91
global_step=236512, episodic_return=0.0
global_step=236540, episodic_return=0.0
SPS: 2914
global_step=236744, episodic_return=0.487
global_step=236844, episodic_return=0.0
global_step=236896, episodic_return=0.667
global_step=236908, episodic_return=0.0
global_step=236916, episodic_return=0.964
global_step=236944, episodic_return=0.0
SPS: 2914
global_step=237144, episodic_return=0.33399999999999996
global_step=237312, episodic_return=0.0
global_step=237320, episodic_return=0.0
global_step=237348, episodic_return=0.0
global_step=237548, episodic_return=0.0
SPS: 2913
global_step=237716, episodic_return=0.0
global_step=237724, episodic_return=0.0
global_step=237752, episodic_return=0.0
global_step=237952, episodic_return=0.0
SPS: 2913
global_step=238120, episodic_return=0.0
global_step=238128, episodic_return=0.0
global_step=238156, episodic_return=0.0
global_step=238324, episodic_return=0.631
global_step=238356, episodic_return=0.0
global_step=238524, episodic_return=0.0
global_step=238532, episodic_return=0.0
SPS: 2913
global_step=238728, episodic_return=0.0
global_step=238760, episodic_return=0.0
global_step=238820, episodic_return=0.802
global_step=238928, episodic_return=0.0
global_step=238936, episodic_return=0.0
SPS: 2913
global_step=239164, episodic_return=0.0
global_step=239204, episodic_return=0.3879999999999999
global_step=239224, episodic_return=0.0
global_step=239340, episodic_return=0.0
global_step=239568, episodic_return=0.0
global_step=239608, episodic_return=0.0
SPS: 2913
global_step=239628, episodic_return=0.0
global_step=239744, episodic_return=0.0
global_step=239972, episodic_return=0.0
global_step=240012, episodic_return=0.0
global_step=240032, episodic_return=0.0
SPS: 2913
global_step=240148, episodic_return=0.0
global_step=240160, episodic_return=0.586
global_step=240416, episodic_return=0.0
global_step=240436, episodic_return=0.0
global_step=240552, episodic_return=0.09999999999999998
global_step=240564, episodic_return=0.0
SPS: 2913
global_step=240820, episodic_return=0.0
global_step=240840, episodic_return=0.0
global_step=240956, episodic_return=0.0
global_step=240968, episodic_return=0.0
SPS: 2913
global_step=241224, episodic_return=0.0
global_step=241244, episodic_return=0.0
global_step=241360, episodic_return=0.0
global_step=241372, episodic_return=0.0
global_step=241628, episodic_return=0.0
global_step=241648, episodic_return=0.0
SPS: 2913
global_step=241744, episodic_return=0.748
global_step=241764, episodic_return=0.0
global_step=241776, episodic_return=0.0
global_step=242052, episodic_return=0.0
global_step=242148, episodic_return=0.0
global_step=242168, episodic_return=0.0
SPS: 2913
global_step=242180, episodic_return=0.0
global_step=242220, episodic_return=0.919
global_step=242456, episodic_return=0.0
global_step=242552, episodic_return=0.0
global_step=242572, episodic_return=0.0
global_step=242624, episodic_return=0.0
SPS: 2913
global_step=242860, episodic_return=0.0
global_step=242956, episodic_return=0.0
global_step=242976, episodic_return=0.0
global_step=243028, episodic_return=0.0
global_step=243100, episodic_return=0.469
SPS: 2913
global_step=243228, episodic_return=0.3969999999999999
global_step=243380, episodic_return=0.0
global_step=243432, episodic_return=0.0
global_step=243504, episodic_return=0.0
global_step=243632, episodic_return=0.0
SPS: 2913
global_step=243784, episodic_return=0.0
global_step=243836, episodic_return=0.0
global_step=243908, episodic_return=0.0
global_step=244036, episodic_return=0.0
global_step=244148, episodic_return=0.469
global_step=244188, episodic_return=0.0
global_step=244204, episodic_return=0.973
SPS: 2913
global_step=244240, episodic_return=0.0
global_step=244440, episodic_return=0.0
global_step=244552, episodic_return=0.0
global_step=244608, episodic_return=0.0
global_step=244644, episodic_return=0.0
SPS: 2913
global_step=244844, episodic_return=0.0
global_step=244956, episodic_return=0.0
global_step=245012, episodic_return=0.0
global_step=245048, episodic_return=0.0
global_step=245052, episodic_return=0.919
global_step=245248, episodic_return=0.0
SPS: 2913
global_step=245360, episodic_return=0.0
global_step=245408, episodic_return=0.649
global_step=245452, episodic_return=0.0
global_step=245456, episodic_return=0.0
global_step=245572, episodic_return=0.532
SPS: 2913
global_step=245812, episodic_return=0.0
global_step=245856, episodic_return=0.0
global_step=245860, episodic_return=0.0
global_step=245976, episodic_return=0.0
global_step=246216, episodic_return=0.0
global_step=246260, episodic_return=0.0
global_step=246264, episodic_return=0.0
SPS: 2912
global_step=246380, episodic_return=0.0
global_step=246396, episodic_return=0.703
global_step=246500, episodic_return=0.37
global_step=246668, episodic_return=0.0
global_step=246784, episodic_return=0.0
SPS: 2912
global_step=246800, episodic_return=0.0
global_step=246904, episodic_return=0.0
global_step=246984, episodic_return=0.829
global_step=247072, episodic_return=0.0
global_step=247188, episodic_return=0.0
global_step=247204, episodic_return=0.0
SPS: 2912
global_step=247388, episodic_return=0.0
global_step=247432, episodic_return=0.45999999999999996
global_step=247476, episodic_return=0.0
global_step=247608, episodic_return=0.0
global_step=247656, episodic_return=0.604
global_step=247792, episodic_return=0.0
SPS: 2912
global_step=247836, episodic_return=0.0
global_step=248012, episodic_return=0.0
global_step=248060, episodic_return=0.0
global_step=248196, episodic_return=0.0
global_step=248240, episodic_return=0.0
SPS: 2912
global_step=248416, episodic_return=0.0
global_step=248464, episodic_return=0.0
global_step=248600, episodic_return=0.0
global_step=248644, episodic_return=0.0
global_step=248744, episodic_return=0.379
global_step=248820, episodic_return=0.0
SPS: 2912
global_step=249004, episodic_return=0.0
global_step=249048, episodic_return=0.0
global_step=249148, episodic_return=0.0
global_step=249224, episodic_return=0.0
global_step=249256, episodic_return=0.9369999999999999
SPS: 2912
global_step=249408, episodic_return=0.0
global_step=249452, episodic_return=0.0
global_step=249552, episodic_return=0.0
global_step=249660, episodic_return=0.0
global_step=249696, episodic_return=0.685
global_step=249812, episodic_return=0.0
global_step=249856, episodic_return=0.0
SPS: 2911
global_step=250064, episodic_return=0.0
global_step=250100, episodic_return=0.0
global_step=250216, episodic_return=0.0
global_step=250260, episodic_return=0.0
global_step=250284, episodic_return=0.955
SPS: 2911
global_step=250468, episodic_return=0.0
global_step=250504, episodic_return=0.0
global_step=250620, episodic_return=0.0
global_step=250688, episodic_return=0.0
global_step=250872, episodic_return=0.0
SPS: 2911
global_step=250908, episodic_return=0.0
global_step=251024, episodic_return=0.0
global_step=251092, episodic_return=0.0
global_step=251116, episodic_return=0.955
global_step=251224, episodic_return=0.5589999999999999
global_step=251276, episodic_return=0.0
global_step=251312, episodic_return=0.0
SPS: 2911
global_step=251408, episodic_return=0.595
global_step=251520, episodic_return=0.0
global_step=251680, episodic_return=0.0
global_step=251716, episodic_return=0.0
global_step=251812, episodic_return=0.0
SPS: 2911
global_step=251924, episodic_return=0.0
global_step=252084, episodic_return=0.0
global_step=252120, episodic_return=0.0
global_step=252216, episodic_return=0.0
global_step=252328, episodic_return=0.0
SPS: 2911
global_step=252488, episodic_return=0.0
global_step=252524, episodic_return=0.0
global_step=252556, episodic_return=0.4959999999999999
global_step=252620, episodic_return=0.0
global_step=252720, episodic_return=0.784
global_step=252892, episodic_return=0.0
global_step=252928, episodic_return=0.0
SPS: 2911
global_step=252960, episodic_return=0.0
global_step=253124, episodic_return=0.0
global_step=253296, episodic_return=0.0
global_step=253332, episodic_return=0.0
global_step=253364, episodic_return=0.0
SPS: 2911
global_step=253528, episodic_return=0.0
global_step=253700, episodic_return=0.0
global_step=253736, episodic_return=0.0
global_step=253768, episodic_return=0.0
global_step=253932, episodic_return=0.0
SPS: 2911
global_step=254104, episodic_return=0.0
global_step=254140, episodic_return=0.0
global_step=254172, episodic_return=0.0
global_step=254336, episodic_return=0.0
global_step=254444, episodic_return=0.244
global_step=254460, episodic_return=0.973
SPS: 2910
global_step=254544, episodic_return=0.0
global_step=254576, episodic_return=0.0
global_step=254740, episodic_return=0.0
global_step=254864, episodic_return=0.0
global_step=254948, episodic_return=0.0
SPS: 2910
global_step=254980, episodic_return=0.0
global_step=255144, episodic_return=0.0
global_step=255268, episodic_return=0.0
global_step=255352, episodic_return=0.0
global_step=255376, episodic_return=0.487
global_step=255384, episodic_return=0.0
SPS: 2910
global_step=255536, episodic_return=0.4059999999999999
global_step=255756, episodic_return=0.0
global_step=255780, episodic_return=0.0
global_step=255788, episodic_return=0.0
global_step=255848, episodic_return=0.30699999999999994
SPS: 2910
global_step=256160, episodic_return=0.0
global_step=256184, episodic_return=0.0
global_step=256192, episodic_return=0.0
global_step=256252, episodic_return=0.0
SPS: 2910
global_step=256564, episodic_return=0.0
global_step=256588, episodic_return=0.0
global_step=256596, episodic_return=0.0
global_step=256656, episodic_return=0.0
global_step=256752, episodic_return=0.586
global_step=256832, episodic_return=0.829
global_step=256844, episodic_return=0.586
global_step=256992, episodic_return=0.0
global_step=257000, episodic_return=0.0
SPS: 2910
global_step=257236, episodic_return=0.0
global_step=257248, episodic_return=0.0
global_step=257396, episodic_return=0.0
global_step=257404, episodic_return=0.0
SPS: 2909
global_step=257640, episodic_return=0.0
global_step=257652, episodic_return=0.0
global_step=257800, episodic_return=0.0
global_step=257808, episodic_return=0.0
global_step=258044, episodic_return=0.0
SPS: 2909
global_step=258056, episodic_return=0.0
global_step=258204, episodic_return=0.0
global_step=258212, episodic_return=0.0
global_step=258312, episodic_return=0.766
global_step=258448, episodic_return=0.0
global_step=258460, episodic_return=0.0
SPS: 2909
global_step=258616, episodic_return=0.0
global_step=258716, episodic_return=0.0
global_step=258844, episodic_return=0.721
global_step=258852, episodic_return=0.0
global_step=258864, episodic_return=0.0
global_step=259020, episodic_return=0.0
SPS: 2909
global_step=259248, episodic_return=0.0
global_step=259256, episodic_return=0.0
global_step=259268, episodic_return=0.0
global_step=259344, episodic_return=0.838
global_step=259424, episodic_return=0.0
global_step=259576, episodic_return=0.487
SPS: 2909
global_step=259652, episodic_return=0.0
global_step=259660, episodic_return=0.0
global_step=259716, episodic_return=0.865
global_step=259788, episodic_return=0.847
global_step=259828, episodic_return=0.0
global_step=259980, episodic_return=0.0
global_step=260064, episodic_return=0.0
SPS: 2909
global_step=260160, episodic_return=0.17199999999999993
global_step=260232, episodic_return=0.0
global_step=260384, episodic_return=0.0
global_step=260468, episodic_return=0.0
global_step=260564, episodic_return=0.0
SPS: 2909
global_step=260636, episodic_return=0.0
global_step=260788, episodic_return=0.0
global_step=260872, episodic_return=0.0
global_step=260952, episodic_return=0.29799999999999993
global_step=260968, episodic_return=0.0
SPS: 2909
global_step=261192, episodic_return=0.0
global_step=261276, episodic_return=0.0
global_step=261356, episodic_return=0.0
global_step=261372, episodic_return=0.0
global_step=261408, episodic_return=0.9279999999999999
global_step=261596, episodic_return=0.0
SPS: 2909
global_step=261680, episodic_return=0.0
global_step=261760, episodic_return=0.0
global_step=261812, episodic_return=0.0
global_step=261984, episodic_return=0.622
global_step=262000, episodic_return=0.0
global_step=262084, episodic_return=0.0
global_step=262092, episodic_return=0.766
SPS: 2909
global_step=262164, episodic_return=0.0
global_step=262404, episodic_return=0.0
global_step=262488, episodic_return=0.0
global_step=262496, episodic_return=0.0
global_step=262568, episodic_return=0.0
SPS: 2909
global_step=262808, episodic_return=0.0
global_step=262892, episodic_return=0.0
global_step=262900, episodic_return=0.0
global_step=262972, episodic_return=0.0
SPS: 2909
global_step=263212, episodic_return=0.0
global_step=263296, episodic_return=0.0
global_step=263304, episodic_return=0.0
global_step=263376, episodic_return=0.0
global_step=263540, episodic_return=0.45999999999999996
global_step=263616, episodic_return=0.0
SPS: 2909
global_step=263708, episodic_return=0.0
global_step=263780, episodic_return=0.0
global_step=263892, episodic_return=0.3879999999999999
global_step=263944, episodic_return=0.0
global_step=264032, episodic_return=0.44199999999999995
global_step=264112, episodic_return=0.0
SPS: 2909
global_step=264296, episodic_return=0.0
global_step=264348, episodic_return=0.0
global_step=264436, episodic_return=0.0
global_step=264516, episodic_return=0.0
global_step=264700, episodic_return=0.0
SPS: 2909
global_step=264752, episodic_return=0.0
global_step=264840, episodic_return=0.0
global_step=264920, episodic_return=0.0
global_step=265104, episodic_return=0.0
global_step=265156, episodic_return=0.0
SPS: 2909
global_step=265244, episodic_return=0.0
global_step=265324, episodic_return=0.0
global_step=265508, episodic_return=0.0
global_step=265560, episodic_return=0.0
global_step=265648, episodic_return=0.0
global_step=265728, episodic_return=0.0
SPS: 2909
global_step=265912, episodic_return=0.0
global_step=265964, episodic_return=0.0
global_step=266012, episodic_return=0.901
global_step=266052, episodic_return=0.0
global_step=266132, episodic_return=0.0
SPS: 2909
global_step=266316, episodic_return=0.0
global_step=266416, episodic_return=0.0
global_step=266456, episodic_return=0.0
global_step=266536, episodic_return=0.0
global_step=266712, episodic_return=0.613
global_step=266720, episodic_return=0.0
SPS: 2909
global_step=266820, episodic_return=0.0
global_step=266860, episodic_return=0.0
global_step=267116, episodic_return=0.0
global_step=267124, episodic_return=0.0
global_step=267224, episodic_return=0.0
global_step=267264, episodic_return=0.0
SPS: 2909
global_step=267520, episodic_return=0.0
global_step=267528, episodic_return=0.0
global_step=267628, episodic_return=0.0
global_step=267668, episodic_return=0.0
global_step=267708, episodic_return=0.829
SPS: 2909
global_step=267924, episodic_return=0.0
global_step=267932, episodic_return=0.0
global_step=268072, episodic_return=0.0
global_step=268112, episodic_return=0.0
global_step=268140, episodic_return=0.856
SPS: 2909
global_step=268296, episodic_return=0.595
global_step=268328, episodic_return=0.0
global_step=268336, episodic_return=0.0
global_step=268336, episodic_return=0.919
global_step=268388, episodic_return=0.892
global_step=268408, episodic_return=0.829
global_step=268544, episodic_return=0.0
global_step=268600, episodic_return=0.577
global_step=268740, episodic_return=0.0
global_step=268792, episodic_return=0.0
SPS: 2909
global_step=268856, episodic_return=0.748
global_step=268948, episodic_return=0.0
global_step=269004, episodic_return=0.0
global_step=269048, episodic_return=0.784
global_step=269196, episodic_return=0.0
global_step=269260, episodic_return=0.0
SPS: 2909
global_step=269408, episodic_return=0.0
global_step=269452, episodic_return=0.0
global_step=269600, episodic_return=0.0
global_step=269664, episodic_return=0.0
global_step=269668, episodic_return=0.856
global_step=269812, episodic_return=0.0
SPS: 2909
global_step=269856, episodic_return=0.0
global_step=270068, episodic_return=0.0
global_step=270072, episodic_return=0.0
global_step=270128, episodic_return=0.874
global_step=270216, episodic_return=0.0
global_step=270260, episodic_return=0.0
SPS: 2909
global_step=270476, episodic_return=0.0
global_step=270532, episodic_return=0.0
global_step=270616, episodic_return=0.694
global_step=270620, episodic_return=0.0
global_step=270664, episodic_return=0.0
SPS: 2909
global_step=270936, episodic_return=0.0
global_step=271020, episodic_return=0.0
global_step=271024, episodic_return=0.0
global_step=271068, episodic_return=0.0
global_step=271340, episodic_return=0.0
SPS: 2908
global_step=271424, episodic_return=0.0
global_step=271428, episodic_return=0.0
global_step=271472, episodic_return=0.0
global_step=271744, episodic_return=0.0
global_step=271828, episodic_return=0.0
global_step=271832, episodic_return=0.0
SPS: 2908
global_step=271876, episodic_return=0.0
global_step=272148, episodic_return=0.0
global_step=272232, episodic_return=0.0
global_step=272236, episodic_return=0.0
global_step=272280, episodic_return=0.0
SPS: 2908
global_step=272552, episodic_return=0.0
global_step=272636, episodic_return=0.0
global_step=272640, episodic_return=0.0
global_step=272684, episodic_return=0.0
SPS: 2908
global_step=272956, episodic_return=0.0
global_step=273040, episodic_return=0.0
global_step=273044, episodic_return=0.0
global_step=273088, episodic_return=0.0
global_step=273216, episodic_return=0.613
global_step=273360, episodic_return=0.0
SPS: 2908
global_step=273448, episodic_return=0.0
global_step=273464, episodic_return=0.775
global_step=273492, episodic_return=0.0
global_step=273620, episodic_return=0.0
global_step=273852, episodic_return=0.0
global_step=273868, episodic_return=0.0
global_step=273896, episodic_return=0.0
SPS: 2908
global_step=274024, episodic_return=0.0
global_step=274032, episodic_return=0.604
global_step=274272, episodic_return=0.0
global_step=274300, episodic_return=0.0
global_step=274428, episodic_return=0.0
SPS: 2908
global_step=274436, episodic_return=0.0
global_step=274600, episodic_return=0.2709999999999999
global_step=274704, episodic_return=0.0
global_step=274832, episodic_return=0.0
global_step=274840, episodic_return=0.0
SPS: 2908
global_step=275004, episodic_return=0.0
global_step=275108, episodic_return=0.0
global_step=275200, episodic_return=0.5680000000000001
global_step=275236, episodic_return=0.0
global_step=275244, episodic_return=0.0
global_step=275408, episodic_return=0.6399999999999999
SPS: 2908
global_step=275512, episodic_return=0.0
global_step=275604, episodic_return=0.0
global_step=275640, episodic_return=0.0
global_step=275788, episodic_return=0.3879999999999999
global_step=275812, episodic_return=0.0
SPS: 2908
global_step=276008, episodic_return=0.0
global_step=276012, episodic_return=0.5049999999999999
global_step=276044, episodic_return=0.0
global_step=276216, episodic_return=0.0
global_step=276412, episodic_return=0.0
global_step=276416, episodic_return=0.0
global_step=276448, episodic_return=0.0
SPS: 2908
global_step=276620, episodic_return=0.0
global_step=276816, episodic_return=0.0
global_step=276820, episodic_return=0.0
global_step=276852, episodic_return=0.0
SPS: 2908
global_step=277024, episodic_return=0.0
global_step=277220, episodic_return=0.0
global_step=277224, episodic_return=0.0
global_step=277256, episodic_return=0.0
global_step=277428, episodic_return=0.0
SPS: 2908
global_step=277624, episodic_return=0.0
global_step=277628, episodic_return=0.0
global_step=277660, episodic_return=0.0
global_step=277832, episodic_return=0.0
SPS: 2908
global_step=278028, episodic_return=0.0
global_step=278032, episodic_return=0.0
global_step=278064, episodic_return=0.0
global_step=278236, episodic_return=0.0
global_step=278432, episodic_return=0.0
global_step=278436, episodic_return=0.0
global_step=278468, episodic_return=0.0
SPS: 2908
global_step=278640, episodic_return=0.0
global_step=278836, episodic_return=0.0
global_step=278840, episodic_return=0.0
global_step=278872, episodic_return=0.0
SPS: 2908
global_step=279044, episodic_return=0.0
global_step=279240, episodic_return=0.0
global_step=279244, episodic_return=0.0
global_step=279276, episodic_return=0.0
global_step=279448, episodic_return=0.0
SPS: 2908
global_step=279644, episodic_return=0.0
global_step=279648, episodic_return=0.0
global_step=279680, episodic_return=0.0
global_step=279752, episodic_return=0.847
global_step=279852, episodic_return=0.0
global_step=280048, episodic_return=0.0
global_step=280052, episodic_return=0.0
SPS: 2908
global_step=280156, episodic_return=0.0
global_step=280256, episodic_return=0.0
global_step=280452, episodic_return=0.0
global_step=280456, episodic_return=0.0
global_step=280560, episodic_return=0.0
SPS: 2908
global_step=280648, episodic_return=0.8109999999999999
global_step=280660, episodic_return=0.0
global_step=280856, episodic_return=0.0
global_step=280860, episodic_return=0.0
global_step=280932, episodic_return=0.847
global_step=281052, episodic_return=0.0
global_step=281064, episodic_return=0.0
SPS: 2908
global_step=281260, episodic_return=0.0
global_step=281316, episodic_return=0.883
global_step=281336, episodic_return=0.0
global_step=281456, episodic_return=0.0
global_step=281468, episodic_return=0.0
global_step=281600, episodic_return=0.685
SPS: 2908
global_step=281720, episodic_return=0.0
global_step=281740, episodic_return=0.0
global_step=281872, episodic_return=0.0
global_step=282004, episodic_return=0.0
SPS: 2908
global_step=282124, episodic_return=0.0
global_step=282144, episodic_return=0.0
global_step=282276, episodic_return=0.0
global_step=282408, episodic_return=0.0
global_step=282528, episodic_return=0.0
global_step=282548, episodic_return=0.0
SPS: 2908
global_step=282680, episodic_return=0.0
global_step=282768, episodic_return=0.514
global_step=282812, episodic_return=0.0
global_step=282932, episodic_return=0.0
global_step=283008, episodic_return=0.838
global_step=283084, episodic_return=0.0
SPS: 2908
global_step=283172, episodic_return=0.0
global_step=283216, episodic_return=0.0
global_step=283292, episodic_return=0.5409999999999999
global_step=283384, episodic_return=0.631
global_step=283412, episodic_return=0.0
global_step=283576, episodic_return=0.0
SPS: 2908
global_step=283696, episodic_return=0.0
global_step=283788, episodic_return=0.0
global_step=283816, episodic_return=0.0
global_step=283980, episodic_return=0.0
global_step=284084, episodic_return=0.775
global_step=284100, episodic_return=0.0
SPS: 2908
global_step=284192, episodic_return=0.0
global_step=284220, episodic_return=0.0
global_step=284488, episodic_return=0.0
global_step=284504, episodic_return=0.0
global_step=284596, episodic_return=0.0
global_step=284624, episodic_return=0.0
SPS: 2908
global_step=284892, episodic_return=0.0
global_step=284908, episodic_return=0.0
global_step=285000, episodic_return=0.0
global_step=285028, episodic_return=0.0
global_step=285088, episodic_return=0.604
SPS: 2908
global_step=285296, episodic_return=0.0
global_step=285404, episodic_return=0.0
global_step=285432, episodic_return=0.0
global_step=285492, episodic_return=0.0
global_step=285560, episodic_return=0.856
SPS: 2908
global_step=285700, episodic_return=0.0
global_step=285808, episodic_return=0.0
global_step=285836, episodic_return=0.0
global_step=285964, episodic_return=0.0
global_step=286104, episodic_return=0.0
SPS: 2908
global_step=286212, episodic_return=0.0
global_step=286240, episodic_return=0.0
global_step=286368, episodic_return=0.0
global_step=286376, episodic_return=0.3969999999999999
global_step=286584, episodic_return=0.5229999999999999
global_step=286616, episodic_return=0.0
global_step=286644, episodic_return=0.0
SPS: 2908
global_step=286724, episodic_return=0.694
global_step=286780, episodic_return=0.0
global_step=287020, episodic_return=0.0
global_step=287048, episodic_return=0.0
global_step=287128, episodic_return=0.0
global_step=287184, episodic_return=0.0
SPS: 2908
global_step=287424, episodic_return=0.0
global_step=287452, episodic_return=0.0
global_step=287468, episodic_return=0.91
global_step=287532, episodic_return=0.0
global_step=287588, episodic_return=0.0
global_step=287604, episodic_return=0.973
SPS: 2908
global_step=287816, episodic_return=0.532
global_step=287856, episodic_return=0.0
global_step=287872, episodic_return=0.0
global_step=287936, episodic_return=0.0
global_step=288044, episodic_return=0.766
global_step=288220, episodic_return=0.0
SPS: 2908
global_step=288260, episodic_return=0.0
global_step=288276, episodic_return=0.0
global_step=288448, episodic_return=0.0
global_step=288624, episodic_return=0.0
global_step=288664, episodic_return=0.0
global_step=288680, episodic_return=0.0
global_step=288724, episodic_return=0.874
SPS: 2907
global_step=288852, episodic_return=0.0
global_step=288868, episodic_return=0.685
global_step=289028, episodic_return=0.0
global_step=289084, episodic_return=0.0
global_step=289104, episodic_return=0.964
global_step=289148, episodic_return=0.91
global_step=289256, episodic_return=0.0
global_step=289272, episodic_return=0.0
SPS: 2907
global_step=289288, episodic_return=0.973
global_step=289432, episodic_return=0.0
global_step=289552, episodic_return=0.0
global_step=289660, episodic_return=0.0
global_step=289692, episodic_return=0.0
SPS: 2907
global_step=289836, episodic_return=0.0
global_step=289956, episodic_return=0.0
global_step=290064, episodic_return=0.0
global_step=290096, episodic_return=0.0
global_step=290240, episodic_return=0.0
SPS: 2907
global_step=290360, episodic_return=0.0
global_step=290464, episodic_return=0.18099999999999994
global_step=290468, episodic_return=0.0
global_step=290516, episodic_return=0.901
global_step=290588, episodic_return=0.73
global_step=290644, episodic_return=0.0
global_step=290764, episodic_return=0.0
SPS: 2907
global_step=290900, episodic_return=0.703
global_step=290920, episodic_return=0.0
global_step=290992, episodic_return=0.0
global_step=291048, episodic_return=0.0
global_step=291304, episodic_return=0.0
global_step=291324, episodic_return=0.0
SPS: 2907
global_step=291396, episodic_return=0.0
global_step=291452, episodic_return=0.0
global_step=291464, episodic_return=0.856
global_step=291708, episodic_return=0.0
global_step=291728, episodic_return=0.0
global_step=291764, episodic_return=0.30699999999999994
SPS: 2907
global_step=291868, episodic_return=0.0
global_step=292008, episodic_return=0.379
global_step=292112, episodic_return=0.0
global_step=292168, episodic_return=0.0
global_step=292272, episodic_return=0.0
SPS: 2907
global_step=292412, episodic_return=0.0
global_step=292496, episodic_return=0.14500000000000002
global_step=292568, episodic_return=0.6579999999999999
global_step=292572, episodic_return=0.0
global_step=292616, episodic_return=0.91
global_step=292676, episodic_return=0.0
SPS: 2907
global_step=292900, episodic_return=0.0
global_step=292972, episodic_return=0.0
global_step=293020, episodic_return=0.0
global_step=293080, episodic_return=0.0
global_step=293204, episodic_return=0.595
global_step=293304, episodic_return=0.0
global_step=293376, episodic_return=0.0
SPS: 2907
global_step=293484, episodic_return=0.0
global_step=293608, episodic_return=0.0
global_step=293708, episodic_return=0.0
global_step=293780, episodic_return=0.0
global_step=293888, episodic_return=0.0
SPS: 2907
global_step=294012, episodic_return=0.0
global_step=294072, episodic_return=0.874
global_step=294104, episodic_return=0.2799999999999999
global_step=294112, episodic_return=0.0
global_step=294172, episodic_return=0.784
global_step=294192, episodic_return=0.829
global_step=294292, episodic_return=0.0
SPS: 2907
global_step=294508, episodic_return=0.0
global_step=294576, episodic_return=0.0
global_step=294596, episodic_return=0.0
global_step=294696, episodic_return=0.0
global_step=294740, episodic_return=0.6399999999999999
global_step=294912, episodic_return=0.0
SPS: 2907
global_step=295000, episodic_return=0.0
global_step=295100, episodic_return=0.0
global_step=295144, episodic_return=0.0
global_step=295316, episodic_return=0.0
global_step=295404, episodic_return=0.0
SPS: 2907
global_step=295452, episodic_return=0.901
global_step=295504, episodic_return=0.0
global_step=295532, episodic_return=0.5229999999999999
global_step=295548, episodic_return=0.0
global_step=295616, episodic_return=0.856
global_step=295724, episodic_return=0.514
global_step=295824, episodic_return=0.784
global_step=295856, episodic_return=0.0
global_step=295936, episodic_return=0.0
SPS: 2907
global_step=296020, episodic_return=0.0
global_step=296228, episodic_return=0.0
global_step=296260, episodic_return=0.0
global_step=296340, episodic_return=0.0
global_step=296424, episodic_return=0.0
SPS: 2907
global_step=296560, episodic_return=0.33399999999999996
global_step=296632, episodic_return=0.0
global_step=296664, episodic_return=0.2799999999999999
global_step=296828, episodic_return=0.0
SPS: 2907
global_step=296964, episodic_return=0.0
global_step=297036, episodic_return=0.0
global_step=297068, episodic_return=0.0
global_step=297108, episodic_return=0.685
global_step=297232, episodic_return=0.0
global_step=297440, episodic_return=0.0
global_step=297472, episodic_return=0.0
SPS: 2907
global_step=297512, episodic_return=0.0
global_step=297636, episodic_return=0.0
global_step=297844, episodic_return=0.0
global_step=297876, episodic_return=0.0
global_step=297916, episodic_return=0.0
SPS: 2907
global_step=298040, episodic_return=0.0
global_step=298248, episodic_return=0.0
global_step=298280, episodic_return=0.0
global_step=298320, episodic_return=0.0
global_step=298444, episodic_return=0.0
global_step=298468, episodic_return=0.955
SPS: 2906
global_step=298652, episodic_return=0.0
global_step=298684, episodic_return=0.0
global_step=298724, episodic_return=0.0
global_step=298852, episodic_return=0.5589999999999999
global_step=298872, episodic_return=0.0
global_step=298968, episodic_return=0.748
global_step=299008, episodic_return=0.2799999999999999
SPS: 2906
global_step=299120, episodic_return=0.45099999999999996
global_step=299128, episodic_return=0.0
global_step=299372, episodic_return=0.0
global_step=299412, episodic_return=0.0
SPS: 2906
global_step=299524, episodic_return=0.0
global_step=299532, episodic_return=0.0
global_step=299776, episodic_return=0.0
global_step=299816, episodic_return=0.0
global_step=299856, episodic_return=0.262
global_step=299936, episodic_return=0.0
SPS: 2906
global_step=300180, episodic_return=0.0
global_step=300220, episodic_return=0.0
global_step=300260, episodic_return=0.0
global_step=300340, episodic_return=0.0
global_step=300368, episodic_return=0.586
SPS: 2906
global_step=300624, episodic_return=0.0
global_step=300664, episodic_return=0.0
global_step=300744, episodic_return=0.0
global_step=300772, episodic_return=0.0
global_step=301028, episodic_return=0.0
SPS: 2906
global_step=301068, episodic_return=0.0
global_step=301148, episodic_return=0.0
global_step=301176, episodic_return=0.0
global_step=301432, episodic_return=0.0
global_step=301472, episodic_return=0.0
global_step=301552, episodic_return=0.0
SPS: 2906
global_step=301580, episodic_return=0.0
global_step=301648, episodic_return=0.5229999999999999
global_step=301668, episodic_return=0.964
global_step=301876, episodic_return=0.0
global_step=301956, episodic_return=0.0
global_step=301984, episodic_return=0.0
global_step=302072, episodic_return=0.0
SPS: 2906
global_step=302168, episodic_return=0.7929999999999999
global_step=302280, episodic_return=0.0
global_step=302312, episodic_return=0.20799999999999996
global_step=302388, episodic_return=0.0
global_step=302572, episodic_return=0.0
SPS: 2906
global_step=302684, episodic_return=0.0
global_step=302716, episodic_return=0.0
global_step=302792, episodic_return=0.0
global_step=302976, episodic_return=0.0
global_step=303088, episodic_return=0.0
SPS: 2906
global_step=303120, episodic_return=0.0
global_step=303196, episodic_return=0.0
global_step=303380, episodic_return=0.0
global_step=303492, episodic_return=0.0
global_step=303524, episodic_return=0.0
global_step=303552, episodic_return=0.946
global_step=303600, episodic_return=0.0
SPS: 2906
global_step=303784, episodic_return=0.0
global_step=303896, episodic_return=0.0
global_step=303956, episodic_return=0.0
global_step=304004, episodic_return=0.0
global_step=304028, episodic_return=0.847
SPS: 2906
global_step=304188, episodic_return=0.0
global_step=304300, episodic_return=0.0
global_step=304308, episodic_return=0.739
global_step=304372, episodic_return=0.865
global_step=304408, episodic_return=0.0
global_step=304432, episodic_return=0.0
SPS: 2906
global_step=304704, episodic_return=0.0
global_step=304776, episodic_return=0.0
global_step=304812, episodic_return=0.0
global_step=304836, episodic_return=0.0
global_step=305108, episodic_return=0.0
SPS: 2906
global_step=305180, episodic_return=0.0
global_step=305216, episodic_return=0.0
global_step=305240, episodic_return=0.0
global_step=305468, episodic_return=0.4959999999999999
global_step=305512, episodic_return=0.0
global_step=305584, episodic_return=0.0
global_step=305620, episodic_return=0.0
SPS: 2906
global_step=305872, episodic_return=0.0
global_step=305916, episodic_return=0.0
global_step=305984, episodic_return=0.757
global_step=305988, episodic_return=0.0
global_step=306024, episodic_return=0.0
global_step=306132, episodic_return=0.766
SPS: 2906
global_step=306320, episodic_return=0.0
global_step=306388, episodic_return=0.0
global_step=306392, episodic_return=0.0
global_step=306536, episodic_return=0.0
global_step=306544, episodic_return=0.991
SPS: 2906
global_step=306724, episodic_return=0.0
global_step=306792, episodic_return=0.0
global_step=306796, episodic_return=0.0
global_step=306948, episodic_return=0.0
global_step=307128, episodic_return=0.0
global_step=307196, episodic_return=0.0
global_step=307200, episodic_return=0.0
SPS: 2906
global_step=307352, episodic_return=0.0
global_step=307532, episodic_return=0.0
global_step=307600, episodic_return=0.0
global_step=307604, episodic_return=0.0
SPS: 2906
global_step=307756, episodic_return=0.0
global_step=307936, episodic_return=0.0
global_step=308004, episodic_return=0.0
global_step=308008, episodic_return=0.0
global_step=308160, episodic_return=0.0
SPS: 2906
global_step=308280, episodic_return=0.3969999999999999
global_step=308340, episodic_return=0.0
global_step=308408, episodic_return=0.0
global_step=308564, episodic_return=0.0
global_step=308684, episodic_return=0.0
SPS: 2906
global_step=308744, episodic_return=0.0
global_step=308812, episodic_return=0.0
global_step=308968, episodic_return=0.0
global_step=309088, episodic_return=0.0
global_step=309148, episodic_return=0.0
global_step=309216, episodic_return=0.0
SPS: 2906
global_step=309372, episodic_return=0.0
global_step=309448, episodic_return=0.33399999999999996
global_step=309492, episodic_return=0.0
global_step=309500, episodic_return=0.721
global_step=309608, episodic_return=0.748
global_step=309620, episodic_return=0.0
SPS: 2906
global_step=309852, episodic_return=0.0
global_step=309864, episodic_return=0.982
global_step=309904, episodic_return=0.0
global_step=310012, episodic_return=0.0
global_step=310024, episodic_return=0.0
global_step=310268, episodic_return=0.0
SPS: 2906
global_step=310308, episodic_return=0.0
global_step=310416, episodic_return=0.0
global_step=310428, episodic_return=0.0
global_step=310672, episodic_return=0.0
global_step=310712, episodic_return=0.0
SPS: 2906
global_step=310820, episodic_return=0.0
global_step=310832, episodic_return=0.0
global_step=310992, episodic_return=0.649
global_step=311076, episodic_return=0.0
global_step=311116, episodic_return=0.0
global_step=311224, episodic_return=0.0
SPS: 2906
global_step=311396, episodic_return=0.0
global_step=311480, episodic_return=0.0
global_step=311520, episodic_return=0.0
global_step=311528, episodic_return=0.901
global_step=311628, episodic_return=0.0
global_step=311644, episodic_return=0.973
global_step=311800, episodic_return=0.0
SPS: 2906
global_step=311924, episodic_return=0.0
global_step=311932, episodic_return=0.0
global_step=312048, episodic_return=0.0
global_step=312204, episodic_return=0.0
SPS: 2906
global_step=312328, episodic_return=0.0
global_step=312336, episodic_return=0.0
global_step=312452, episodic_return=0.0
global_step=312608, episodic_return=0.0
global_step=312732, episodic_return=0.0
global_step=312740, episodic_return=0.0
SPS: 2906
global_step=312856, episodic_return=0.0
global_step=313012, episodic_return=0.0
global_step=313136, episodic_return=0.0
global_step=313144, episodic_return=0.0
global_step=313260, episodic_return=0.0
SPS: 2906
global_step=313416, episodic_return=0.0
global_step=313540, episodic_return=0.0
global_step=313548, episodic_return=0.0
global_step=313664, episodic_return=0.0
global_step=313820, episodic_return=0.0
SPS: 2906
global_step=313944, episodic_return=0.0
global_step=313952, episodic_return=0.0
global_step=314068, episodic_return=0.0
global_step=314208, episodic_return=0.694
global_step=314224, episodic_return=0.0
global_step=314348, episodic_return=0.0
global_step=314356, episodic_return=0.0
SPS: 2906
global_step=314612, episodic_return=0.0
global_step=314628, episodic_return=0.0
global_step=314696, episodic_return=0.82
global_step=314752, episodic_return=0.0
global_step=314760, episodic_return=0.0
global_step=314808, episodic_return=0.604
SPS: 2906
global_step=315100, episodic_return=0.0
global_step=315108, episodic_return=0.20799999999999996
global_step=315164, episodic_return=0.0
global_step=315212, episodic_return=0.0
SPS: 2906
global_step=315488, episodic_return=0.15400000000000003
global_step=315504, episodic_return=0.0
global_step=315568, episodic_return=0.0
global_step=315616, episodic_return=0.0
global_step=315828, episodic_return=0.2799999999999999
global_step=315892, episodic_return=0.0
SPS: 2906
global_step=315972, episodic_return=0.0
global_step=316020, episodic_return=0.0
global_step=316084, episodic_return=0.577
global_step=316232, episodic_return=0.0
global_step=316376, episodic_return=0.0
SPS: 2906
global_step=316424, episodic_return=0.0
global_step=316448, episodic_return=0.847
global_step=316488, episodic_return=0.865
global_step=316488, episodic_return=0.0
global_step=316636, episodic_return=0.0
global_step=316852, episodic_return=0.0
global_step=316892, episodic_return=0.0
global_step=316892, episodic_return=0.0
SPS: 2906
global_step=317040, episodic_return=0.0
global_step=317256, episodic_return=0.0
global_step=317296, episodic_return=0.0
global_step=317296, episodic_return=0.0
SPS: 2906
global_step=317444, episodic_return=0.0
global_step=317660, episodic_return=0.0
global_step=317700, episodic_return=0.0
global_step=317700, episodic_return=0.0
global_step=317848, episodic_return=0.0
SPS: 2906
global_step=318064, episodic_return=0.0
global_step=318104, episodic_return=0.0
global_step=318104, episodic_return=0.0
global_step=318252, episodic_return=0.0
global_step=318408, episodic_return=0.32499999999999996
SPS: 2906
global_step=318468, episodic_return=0.0
global_step=318508, episodic_return=0.0
global_step=318656, episodic_return=0.0
global_step=318812, episodic_return=0.0
global_step=318824, episodic_return=0.982
global_step=318872, episodic_return=0.0
global_step=318912, episodic_return=0.0
global_step=318944, episodic_return=0.9369999999999999
global_step=318968, episodic_return=0.955
SPS: 2906
global_step=319024, episodic_return=0.883
global_step=319060, episodic_return=0.0
global_step=319116, episodic_return=0.802
global_step=319228, episodic_return=0.0
global_step=319276, episodic_return=0.0
global_step=319376, episodic_return=0.784
global_step=319464, episodic_return=0.0
SPS: 2906
global_step=319520, episodic_return=0.0
global_step=319632, episodic_return=0.0
global_step=319780, episodic_return=0.0
global_step=319868, episodic_return=0.0
global_step=319924, episodic_return=0.0
global_step=319996, episodic_return=0.721
SPS: 2906
global_step=320036, episodic_return=0.0
global_step=320092, episodic_return=0.7929999999999999
global_step=320184, episodic_return=0.0
global_step=320328, episodic_return=0.0
global_step=320440, episodic_return=0.0
global_step=320496, episodic_return=0.0
SPS: 2906
global_step=320568, episodic_return=0.721
global_step=320588, episodic_return=0.0
global_step=320732, episodic_return=0.0
global_step=320900, episodic_return=0.0
global_step=320932, episodic_return=0.9369999999999999
global_step=320972, episodic_return=0.0
global_step=320992, episodic_return=0.0
SPS: 2906
global_step=321028, episodic_return=0.7929999999999999
global_step=321136, episodic_return=0.0
global_step=321244, episodic_return=0.3969999999999999
global_step=321396, episodic_return=0.0
global_step=321432, episodic_return=0.0
SPS: 2906
global_step=321540, episodic_return=0.0
global_step=321648, episodic_return=0.0
global_step=321776, episodic_return=0.478
global_step=321800, episodic_return=0.0
global_step=321804, episodic_return=0.6579999999999999
global_step=321836, episodic_return=0.0
SPS: 2906
global_step=322180, episodic_return=0.0
global_step=322204, episodic_return=0.0
global_step=322208, episodic_return=0.0
global_step=322240, episodic_return=0.0
SPS: 2906
global_step=322584, episodic_return=0.0
global_step=322608, episodic_return=0.0
global_step=322612, episodic_return=0.0
global_step=322624, episodic_return=0.14500000000000002
global_step=322680, episodic_return=0.7929999999999999
global_step=323012, episodic_return=0.0
global_step=323016, episodic_return=0.0
global_step=323028, episodic_return=0.0
SPS: 2906
global_step=323084, episodic_return=0.0
global_step=323184, episodic_return=0.631
global_step=323416, episodic_return=0.0
global_step=323432, episodic_return=0.0
global_step=323488, episodic_return=0.0
SPS: 2906
global_step=323588, episodic_return=0.0
global_step=323652, episodic_return=0.6399999999999999
global_step=323820, episodic_return=0.0
global_step=323836, episodic_return=0.0
global_step=323992, episodic_return=0.0
global_step=324056, episodic_return=0.0
SPS: 2906
global_step=324224, episodic_return=0.0
global_step=324240, episodic_return=0.0
global_step=324396, episodic_return=0.0
global_step=324460, episodic_return=0.0
SPS: 2906
global_step=324628, episodic_return=0.0
global_step=324644, episodic_return=0.0
global_step=324800, episodic_return=0.0
global_step=324864, episodic_return=0.0
global_step=325032, episodic_return=0.0
global_step=325048, episodic_return=0.0
SPS: 2906
global_step=325156, episodic_return=0.20799999999999996
global_step=325268, episodic_return=0.0
global_step=325320, episodic_return=0.3969999999999999
global_step=325436, episodic_return=0.0
global_step=325560, episodic_return=0.0
SPS: 2906
global_step=325672, episodic_return=0.0
global_step=325724, episodic_return=0.0
global_step=325820, episodic_return=0.14500000000000002
global_step=325964, episodic_return=0.0
global_step=326076, episodic_return=0.0
global_step=326092, episodic_return=0.3969999999999999
global_step=326128, episodic_return=0.0
SPS: 2906
global_step=326368, episodic_return=0.0
global_step=326480, episodic_return=0.0
global_step=326496, episodic_return=0.0
global_step=326532, episodic_return=0.0
SPS: 2906
global_step=326772, episodic_return=0.0
global_step=326884, episodic_return=0.0
global_step=326900, episodic_return=0.0
global_step=326936, episodic_return=0.0
global_step=327028, episodic_return=0.802
SPS: 2906
global_step=327176, episodic_return=0.0
global_step=327288, episodic_return=0.0
global_step=327304, episodic_return=0.0
global_step=327432, episodic_return=0.0
global_step=327580, episodic_return=0.0
SPS: 2906
global_step=327692, episodic_return=0.0
global_step=327708, episodic_return=0.0
global_step=327836, episodic_return=0.0
global_step=327856, episodic_return=0.964
global_step=327912, episodic_return=0.883
global_step=327984, episodic_return=0.0
global_step=328096, episodic_return=0.0
global_step=328112, episodic_return=0.0
SPS: 2906
global_step=328316, episodic_return=0.0
global_step=328388, episodic_return=0.0
global_step=328500, episodic_return=0.0
global_step=328516, episodic_return=0.0
global_step=328656, episodic_return=0.694
global_step=328704, episodic_return=0.136
SPS: 2906
global_step=328792, episodic_return=0.0
global_step=328904, episodic_return=0.0
global_step=329024, episodic_return=0.18099999999999994
global_step=329108, episodic_return=0.0
global_step=329196, episodic_return=0.0
SPS: 2906
global_step=329308, episodic_return=0.0
global_step=329428, episodic_return=0.0
global_step=329512, episodic_return=0.0
global_step=329600, episodic_return=0.0
global_step=329636, episodic_return=0.9279999999999999
global_step=329712, episodic_return=0.0
SPS: 2906
global_step=329832, episodic_return=0.0
global_step=329916, episodic_return=0.0
global_step=330040, episodic_return=0.0
global_step=330116, episodic_return=0.0
global_step=330236, episodic_return=0.0
SPS: 2906
global_step=330320, episodic_return=0.0
global_step=330444, episodic_return=0.0
global_step=330456, episodic_return=0.982
global_step=330520, episodic_return=0.0
global_step=330640, episodic_return=0.0
global_step=330724, episodic_return=0.0
SPS: 2906
global_step=330860, episodic_return=0.0
global_step=330924, episodic_return=0.0
global_step=331044, episodic_return=0.0
global_step=331128, episodic_return=0.0
global_step=331264, episodic_return=0.0
SPS: 2906
global_step=331328, episodic_return=0.0
global_step=331448, episodic_return=0.0
global_step=331532, episodic_return=0.0
global_step=331552, episodic_return=0.361
global_step=331632, episodic_return=0.32499999999999996
global_step=331636, episodic_return=0.586
global_step=331644, episodic_return=0.802
SPS: 2906
global_step=331936, episodic_return=0.0
global_step=332036, episodic_return=0.0
global_step=332040, episodic_return=0.0
global_step=332048, episodic_return=0.0
global_step=332088, episodic_return=0.919
SPS: 2906
global_step=332340, episodic_return=0.0
global_step=332440, episodic_return=0.0
global_step=332444, episodic_return=0.0
global_step=332492, episodic_return=0.0
global_step=332744, episodic_return=0.0
global_step=332752, episodic_return=0.31599999999999995
SPS: 2906
global_step=332844, episodic_return=0.0
global_step=332896, episodic_return=0.0
global_step=333148, episodic_return=0.0
global_step=333156, episodic_return=0.0
global_step=333248, episodic_return=0.0
global_step=333300, episodic_return=0.0
SPS: 2906
global_step=333408, episodic_return=0.44199999999999995
global_step=333552, episodic_return=0.0
global_step=333652, episodic_return=0.0
global_step=333704, episodic_return=0.0
global_step=333812, episodic_return=0.0
SPS: 2906
global_step=333876, episodic_return=0.2799999999999999
global_step=334036, episodic_return=0.14500000000000002
global_step=334108, episodic_return=0.0
global_step=334216, episodic_return=0.0
global_step=334280, episodic_return=0.0
SPS: 2905
global_step=334440, episodic_return=0.0
global_step=334512, episodic_return=0.0
global_step=334620, episodic_return=0.0
global_step=334684, episodic_return=0.0
global_step=334688, episodic_return=0.856
global_step=334844, episodic_return=0.0
SPS: 2905
global_step=334916, episodic_return=0.0
global_step=334932, episodic_return=0.8109999999999999
global_step=335088, episodic_return=0.0
global_step=335092, episodic_return=0.0
global_step=335320, episodic_return=0.0
global_step=335336, episodic_return=0.0
SPS: 2905
global_step=335484, episodic_return=0.118
global_step=335496, episodic_return=0.0
global_step=335724, episodic_return=0.0
global_step=335724, episodic_return=0.4959999999999999
global_step=335740, episodic_return=0.0
global_step=335764, episodic_return=0.919
SPS: 2905
global_step=335888, episodic_return=0.0
global_step=335976, episodic_return=0.8109999999999999
global_step=335984, episodic_return=0.991
global_step=336128, episodic_return=0.0
global_step=336144, episodic_return=0.0
global_step=336168, episodic_return=0.0
SPS: 2905
global_step=336388, episodic_return=0.0
global_step=336444, episodic_return=0.883
global_step=336532, episodic_return=0.0
global_step=336548, episodic_return=0.0
global_step=336572, episodic_return=0.0
global_step=336820, episodic_return=0.3969999999999999
global_step=336848, episodic_return=0.0
SPS: 2905
global_step=336924, episodic_return=0.775
global_step=336936, episodic_return=0.0
global_step=336964, episodic_return=0.127
global_step=337084, episodic_return=0.478
global_step=337276, episodic_return=0.577
global_step=337328, episodic_return=0.0
global_step=337340, episodic_return=0.0
global_step=337368, episodic_return=0.0
SPS: 2905
global_step=337608, episodic_return=0.4059999999999999
global_step=337680, episodic_return=0.0
global_step=337732, episodic_return=0.0
global_step=337772, episodic_return=0.0
SPS: 2905
global_step=338012, episodic_return=0.0
global_step=338084, episodic_return=0.0
global_step=338136, episodic_return=0.0
global_step=338176, episodic_return=0.0
global_step=338416, episodic_return=0.0
SPS: 2905
global_step=338488, episodic_return=0.0
global_step=338540, episodic_return=0.0
global_step=338580, episodic_return=0.0
global_step=338676, episodic_return=0.7929999999999999
global_step=338820, episodic_return=0.0
global_step=338892, episodic_return=0.0
global_step=338944, episodic_return=0.0
SPS: 2905
global_step=339080, episodic_return=0.0
global_step=339224, episodic_return=0.0
global_step=339296, episodic_return=0.0
global_step=339348, episodic_return=0.0
SPS: 2905
global_step=339484, episodic_return=0.0
global_step=339628, episodic_return=0.0
global_step=339700, episodic_return=0.0
global_step=339752, episodic_return=0.0
global_step=339888, episodic_return=0.0
SPS: 2905
global_step=340012, episodic_return=0.30699999999999994
global_step=340032, episodic_return=0.0
global_step=340156, episodic_return=0.0
global_step=340292, episodic_return=0.0
global_step=340416, episodic_return=0.0
global_step=340436, episodic_return=0.0
SPS: 2905
global_step=340560, episodic_return=0.0
global_step=340572, episodic_return=0.982
global_step=340696, episodic_return=0.0
global_step=340820, episodic_return=0.0
global_step=340840, episodic_return=0.0
global_step=340976, episodic_return=0.0
global_step=340988, episodic_return=0.6759999999999999
SPS: 2905
global_step=341100, episodic_return=0.0
global_step=341224, episodic_return=0.0
global_step=341380, episodic_return=0.0
global_step=341392, episodic_return=0.0
global_step=341504, episodic_return=0.0
SPS: 2905
global_step=341628, episodic_return=0.0
global_step=341784, episodic_return=0.0
global_step=341796, episodic_return=0.0
global_step=341908, episodic_return=0.0
global_step=341972, episodic_return=0.865
SPS: 2905
global_step=342032, episodic_return=0.0
global_step=342188, episodic_return=0.0
global_step=342200, episodic_return=0.0
global_step=342376, episodic_return=0.0
global_step=342436, episodic_return=0.0
SPS: 2905
global_step=342592, episodic_return=0.0
global_step=342604, episodic_return=0.0
global_step=342780, episodic_return=0.0
global_step=342840, episodic_return=0.0
global_step=342996, episodic_return=0.0
global_step=343008, episodic_return=0.0
SPS: 2905
global_step=343080, episodic_return=0.82
global_step=343184, episodic_return=0.0
global_step=343244, episodic_return=0.0
global_step=343316, episodic_return=0.31599999999999995
global_step=343324, episodic_return=0.829
global_step=343484, episodic_return=0.0
SPS: 2905
global_step=343588, episodic_return=0.0
global_step=343720, episodic_return=0.0
global_step=343728, episodic_return=0.0
global_step=343888, episodic_return=0.0
global_step=343976, episodic_return=0.45099999999999996
global_step=343992, episodic_return=0.0
SPS: 2904
global_step=344124, episodic_return=0.0
global_step=344292, episodic_return=0.0
global_step=344380, episodic_return=0.0
global_step=344396, episodic_return=0.0
global_step=344460, episodic_return=0.631
global_step=344528, episodic_return=0.0
SPS: 2904
global_step=344784, episodic_return=0.0
global_step=344800, episodic_return=0.0
global_step=344864, episodic_return=0.0
global_step=344932, episodic_return=0.0
SPS: 2904
global_step=345188, episodic_return=0.0
global_step=345204, episodic_return=0.0
global_step=345268, episodic_return=0.0
global_step=345336, episodic_return=0.0
global_step=345452, episodic_return=0.748
global_step=345592, episodic_return=0.0
SPS: 2904
global_step=345608, episodic_return=0.0
global_step=345672, episodic_return=0.0
global_step=345856, episodic_return=0.0
global_step=345996, episodic_return=0.0
global_step=346012, episodic_return=0.0
global_step=346076, episodic_return=0.0
SPS: 2904
global_step=346260, episodic_return=0.0
global_step=346400, episodic_return=0.0
global_step=346416, episodic_return=0.0
global_step=346480, episodic_return=0.0
global_step=346512, episodic_return=0.44199999999999995
SPS: 2904
global_step=346804, episodic_return=0.0
global_step=346820, episodic_return=0.0
global_step=346836, episodic_return=0.9369999999999999
global_step=346884, episodic_return=0.0
global_step=346916, episodic_return=0.0
SPS: 2904
global_step=347224, episodic_return=0.0
global_step=347240, episodic_return=0.0
global_step=347288, episodic_return=0.0
global_step=347320, episodic_return=0.0
global_step=347628, episodic_return=0.0
global_step=347644, episodic_return=0.0
SPS: 2904
global_step=347692, episodic_return=0.0
global_step=347724, episodic_return=0.0
global_step=347972, episodic_return=0.45099999999999996
global_step=348032, episodic_return=0.0
global_step=348048, episodic_return=0.0
global_step=348096, episodic_return=0.0
SPS: 2904
global_step=348376, episodic_return=0.0
global_step=348436, episodic_return=0.0
global_step=348452, episodic_return=0.0
global_step=348500, episodic_return=0.0
global_step=348568, episodic_return=0.748
global_step=348656, episodic_return=0.514
SPS: 2904
global_step=348740, episodic_return=0.622
global_step=348780, episodic_return=0.0
global_step=348904, episodic_return=0.0
global_step=349060, episodic_return=0.0
global_step=349144, episodic_return=0.0
global_step=349180, episodic_return=0.9279999999999999
global_step=349184, episodic_return=0.0
SPS: 2904
global_step=349308, episodic_return=0.0
global_step=349464, episodic_return=0.0
global_step=349520, episodic_return=0.883
global_step=349584, episodic_return=0.10899999999999999
global_step=349584, episodic_return=0.0
global_step=349608, episodic_return=0.955
SPS: 2904
global_step=349712, episodic_return=0.0
global_step=349924, episodic_return=0.0
global_step=349988, episodic_return=0.0
global_step=350012, episodic_return=0.0
global_step=350116, episodic_return=0.0
SPS: 2904
global_step=350328, episodic_return=0.0
global_step=350392, episodic_return=0.0
global_step=350416, episodic_return=0.0
global_step=350516, episodic_return=0.784
global_step=350520, episodic_return=0.0
SPS: 2904
global_step=350732, episodic_return=0.0
global_step=350796, episodic_return=0.0
global_step=350920, episodic_return=0.0
global_step=350924, episodic_return=0.0
global_step=351136, episodic_return=0.0
global_step=351200, episodic_return=0.0
SPS: 2904
global_step=351236, episodic_return=0.784
global_step=351324, episodic_return=0.0
global_step=351328, episodic_return=0.0
global_step=351604, episodic_return=0.0
global_step=351640, episodic_return=0.0
global_step=351728, episodic_return=0.0
global_step=351732, episodic_return=0.0
SPS: 2904
global_step=351988, episodic_return=0.14500000000000002
global_step=352036, episodic_return=0.118
global_step=352132, episodic_return=0.0
global_step=352136, episodic_return=0.0
SPS: 2904
global_step=352392, episodic_return=0.0
global_step=352440, episodic_return=0.0
global_step=352536, episodic_return=0.0
global_step=352540, episodic_return=0.0
SPS: 2904
global_step=352776, episodic_return=0.469
global_step=352796, episodic_return=0.0
global_step=352844, episodic_return=0.0
global_step=352924, episodic_return=0.721
global_step=352944, episodic_return=0.0
global_step=353180, episodic_return=0.0
global_step=353248, episodic_return=0.0
SPS: 2904
global_step=353328, episodic_return=0.0
global_step=353348, episodic_return=0.0
global_step=353584, episodic_return=0.0
global_step=353652, episodic_return=0.0
global_step=353688, episodic_return=0.775
global_step=353732, episodic_return=0.0
global_step=353752, episodic_return=0.0
SPS: 2904
global_step=354056, episodic_return=0.0
global_step=354092, episodic_return=0.0
global_step=354136, episodic_return=0.0
global_step=354156, episodic_return=0.0
SPS: 2904
global_step=354460, episodic_return=0.0
global_step=354496, episodic_return=0.0
global_step=354540, episodic_return=0.0
global_step=354560, episodic_return=0.0
global_step=354764, episodic_return=0.5049999999999999
SPS: 2904
global_step=354864, episodic_return=0.0
global_step=354900, episodic_return=0.0
global_step=354964, episodic_return=0.0
global_step=355008, episodic_return=0.91
global_step=355168, episodic_return=0.0
global_step=355268, episodic_return=0.0
global_step=355304, episodic_return=0.0
SPS: 2904
global_step=355412, episodic_return=0.0
global_step=355520, episodic_return=0.44199999999999995
global_step=355572, episodic_return=0.0
global_step=355648, episodic_return=0.235
global_step=355816, episodic_return=0.0
SPS: 2904
global_step=355924, episodic_return=0.0
global_step=355976, episodic_return=0.0
global_step=356052, episodic_return=0.0
global_step=356060, episodic_return=0.45999999999999996
global_step=356328, episodic_return=0.0
SPS: 2904
global_step=356372, episodic_return=0.2889999999999999
global_step=356380, episodic_return=0.0
global_step=356464, episodic_return=0.0
global_step=356600, episodic_return=0.3969999999999999
global_step=356776, episodic_return=0.0
global_step=356784, episodic_return=0.0
SPS: 2904
global_step=356868, episodic_return=0.0
global_step=357004, episodic_return=0.0
global_step=357180, episodic_return=0.0
global_step=357188, episodic_return=0.0
global_step=357272, episodic_return=0.0
SPS: 2904
global_step=357408, episodic_return=0.0
global_step=357584, episodic_return=0.0
global_step=357592, episodic_return=0.0
global_step=357676, episodic_return=0.0
global_step=357812, episodic_return=0.0
SPS: 2904
global_step=357988, episodic_return=0.0
global_step=357996, episodic_return=0.0
global_step=358080, episodic_return=0.0
global_step=358216, episodic_return=0.0
global_step=358392, episodic_return=0.0
global_step=358400, episodic_return=0.0
SPS: 2904
global_step=358432, episodic_return=0.5229999999999999
global_step=358484, episodic_return=0.0
global_step=358796, episodic_return=0.0
global_step=358804, episodic_return=0.0
global_step=358836, episodic_return=0.0
global_step=358888, episodic_return=0.0
SPS: 2904
global_step=359072, episodic_return=0.4059999999999999
global_step=359200, episodic_return=0.0
global_step=359240, episodic_return=0.0
global_step=359292, episodic_return=0.0
SPS: 2904
global_step=359476, episodic_return=0.0
global_step=359568, episodic_return=0.3879999999999999
global_step=359604, episodic_return=0.0
global_step=359644, episodic_return=0.0
global_step=359880, episodic_return=0.0
SPS: 2904
global_step=359972, episodic_return=0.0
global_step=360008, episodic_return=0.0
global_step=360048, episodic_return=0.0
global_step=360284, episodic_return=0.0
global_step=360376, episodic_return=0.0
global_step=360412, episodic_return=0.0
SPS: 2904
global_step=360452, episodic_return=0.0
global_step=360516, episodic_return=0.865
global_step=360688, episodic_return=0.0
global_step=360780, episodic_return=0.0
global_step=360816, episodic_return=0.0
global_step=360920, episodic_return=0.0
SPS: 2904
global_step=361092, episodic_return=0.0
global_step=361184, episodic_return=0.0
global_step=361220, episodic_return=0.0
global_step=361324, episodic_return=0.0
SPS: 2904
global_step=361496, episodic_return=0.0
global_step=361516, episodic_return=0.964
global_step=361532, episodic_return=0.22599999999999998
global_step=361624, episodic_return=0.0
global_step=361728, episodic_return=0.0
global_step=361816, episodic_return=0.8109999999999999
global_step=361920, episodic_return=0.0
global_step=361936, episodic_return=0.0
SPS: 2904
global_step=362028, episodic_return=0.0
global_step=362220, episodic_return=0.0
global_step=362324, episodic_return=0.0
global_step=362340, episodic_return=0.0
global_step=362432, episodic_return=0.0
SPS: 2904
global_step=362508, episodic_return=0.631
global_step=362624, episodic_return=0.0
global_step=362728, episodic_return=0.0
global_step=362836, episodic_return=0.0
global_step=362912, episodic_return=0.0
SPS: 2904
global_step=363028, episodic_return=0.0
global_step=363132, episodic_return=0.0
global_step=363240, episodic_return=0.0
global_step=363316, episodic_return=0.0
global_step=363432, episodic_return=0.0
SPS: 2904
global_step=363536, episodic_return=0.0
global_step=363644, episodic_return=0.0
global_step=363720, episodic_return=0.0
global_step=363836, episodic_return=0.0
global_step=363940, episodic_return=0.0
SPS: 2904
global_step=364048, episodic_return=0.0
global_step=364124, episodic_return=0.0
global_step=364240, episodic_return=0.0
global_step=364344, episodic_return=0.0
global_step=364432, episodic_return=0.577
global_step=364452, episodic_return=0.0
global_step=364528, episodic_return=0.0
SPS: 2904
global_step=364616, episodic_return=0.6399999999999999
global_step=364748, episodic_return=0.0
global_step=364836, episodic_return=0.0
global_step=364932, episodic_return=0.0
global_step=365020, episodic_return=0.0
SPS: 2905
global_step=365152, episodic_return=0.0
global_step=365240, episodic_return=0.0
global_step=365252, episodic_return=0.784
global_step=365336, episodic_return=0.0
global_step=365424, episodic_return=0.0
global_step=365556, episodic_return=0.712
SPS: 2905
global_step=365644, episodic_return=0.0
global_step=365656, episodic_return=0.0
global_step=365708, episodic_return=0.892
global_step=365740, episodic_return=0.0
global_step=365960, episodic_return=0.0
global_step=366048, episodic_return=0.0
SPS: 2905
global_step=366088, episodic_return=0.919
global_step=366112, episodic_return=0.0
global_step=366144, episodic_return=0.0
global_step=366364, episodic_return=0.0
global_step=366492, episodic_return=0.0
global_step=366516, episodic_return=0.0
global_step=366548, episodic_return=0.0
SPS: 2905
global_step=366768, episodic_return=0.0
global_step=366896, episodic_return=0.0
global_step=366920, episodic_return=0.0
global_step=366952, episodic_return=0.0
SPS: 2905
global_step=367172, episodic_return=0.0
global_step=367208, episodic_return=0.9279999999999999
global_step=367300, episodic_return=0.0
global_step=367324, episodic_return=0.0
global_step=367356, episodic_return=0.0
global_step=367612, episodic_return=0.0
SPS: 2905
global_step=367704, episodic_return=0.0
global_step=367728, episodic_return=0.0
global_step=367760, episodic_return=0.0
global_step=367876, episodic_return=0.748
global_step=368016, episodic_return=0.0
global_step=368108, episodic_return=0.0
SPS: 2905
global_step=368132, episodic_return=0.0
global_step=368140, episodic_return=0.73
global_step=368280, episodic_return=0.0
global_step=368512, episodic_return=0.0
global_step=368536, episodic_return=0.0
global_step=368544, episodic_return=0.0
global_step=368548, episodic_return=0.9279999999999999
SPS: 2905
global_step=368684, episodic_return=0.0
global_step=368940, episodic_return=0.0
global_step=368948, episodic_return=0.0
global_step=368952, episodic_return=0.0
global_step=368996, episodic_return=0.901
global_step=369088, episodic_return=0.0
global_step=369096, episodic_return=0.784
SPS: 2905
global_step=369344, episodic_return=0.0
global_step=369356, episodic_return=0.0
global_step=369444, episodic_return=0.8109999999999999
global_step=369488, episodic_return=0.91
global_step=369492, episodic_return=0.0
global_step=369500, episodic_return=0.0
global_step=369652, episodic_return=0.649
SPS: 2905
global_step=369748, episodic_return=0.0
global_step=369892, episodic_return=0.0
global_step=369904, episodic_return=0.0
global_step=369948, episodic_return=0.883
global_step=370008, episodic_return=0.775
global_step=370056, episodic_return=0.0
global_step=370152, episodic_return=0.0
SPS: 2905
global_step=370352, episodic_return=0.0
global_step=370412, episodic_return=0.0
global_step=370460, episodic_return=0.0
global_step=370556, episodic_return=0.0
SPS: 2905
global_step=370756, episodic_return=0.0
global_step=370816, episodic_return=0.0
global_step=370864, episodic_return=0.0
global_step=370896, episodic_return=0.9369999999999999
global_step=370960, episodic_return=0.0
global_step=371160, episodic_return=0.0
SPS: 2905
global_step=371220, episodic_return=0.0
global_step=371300, episodic_return=0.0
global_step=371364, episodic_return=0.0
global_step=371564, episodic_return=0.0
global_step=371624, episodic_return=0.0
global_step=371632, episodic_return=0.4059999999999999
global_step=371704, episodic_return=0.0
SPS: 2905
global_step=371820, episodic_return=0.748
global_step=371968, episodic_return=0.0
global_step=372028, episodic_return=0.0
global_step=372036, episodic_return=0.0
global_step=372180, episodic_return=0.667
global_step=372224, episodic_return=0.0
SPS: 2905
global_step=372372, episodic_return=0.0
global_step=372440, episodic_return=0.0
global_step=372584, episodic_return=0.0
global_step=372628, episodic_return=0.0
SPS: 2905
global_step=372776, episodic_return=0.0
global_step=372844, episodic_return=0.0
global_step=372956, episodic_return=0.2709999999999999
global_step=372988, episodic_return=0.0
global_step=373180, episodic_return=0.0
global_step=373248, episodic_return=0.0
SPS: 2905
global_step=373360, episodic_return=0.0
global_step=373392, episodic_return=0.0
global_step=373584, episodic_return=0.0
global_step=373652, episodic_return=0.0
SPS: 2905
global_step=373764, episodic_return=0.0
global_step=373796, episodic_return=0.0
global_step=373844, episodic_return=0.577
global_step=373988, episodic_return=0.0
global_step=374168, episodic_return=0.0
global_step=374200, episodic_return=0.0
global_step=374248, episodic_return=0.0
global_step=374252, episodic_return=0.82
SPS: 2905
global_step=374388, episodic_return=0.694
global_step=374392, episodic_return=0.0
global_step=374604, episodic_return=0.0
global_step=374656, episodic_return=0.0
SPS: 2905
global_step=374792, episodic_return=0.0
global_step=374796, episodic_return=0.0
global_step=374864, episodic_return=0.856
global_step=375008, episodic_return=0.0
global_step=375060, episodic_return=0.0
global_step=375076, episodic_return=0.973
global_step=375196, episodic_return=0.0
global_step=375268, episodic_return=0.0
SPS: 2905
global_step=375412, episodic_return=0.0
global_step=375480, episodic_return=0.0
global_step=375600, episodic_return=0.0
global_step=375672, episodic_return=0.0
global_step=375700, episodic_return=0.784
global_step=375788, episodic_return=0.8109999999999999
SPS: 2905
global_step=375816, episodic_return=0.0
global_step=375884, episodic_return=0.0
global_step=376076, episodic_return=0.0
global_step=376192, episodic_return=0.0
global_step=376220, episodic_return=0.0
global_step=376288, episodic_return=0.0
SPS: 2905
global_step=376480, episodic_return=0.0
global_step=376596, episodic_return=0.0
global_step=376624, episodic_return=0.0
global_step=376692, episodic_return=0.0
SPS: 2905
global_step=376884, episodic_return=0.0
global_step=377000, episodic_return=0.0
global_step=377028, episodic_return=0.0
global_step=377060, episodic_return=0.9369999999999999
global_step=377096, episodic_return=0.0
global_step=377100, episodic_return=0.784
global_step=377288, episodic_return=0.0
SPS: 2905
global_step=377464, episodic_return=0.0
global_step=377500, episodic_return=0.0
global_step=377504, episodic_return=0.0
global_step=377692, episodic_return=0.0
SPS: 2905
global_step=377868, episodic_return=0.0
global_step=377904, episodic_return=0.0
global_step=377908, episodic_return=0.0
global_step=378096, episodic_return=0.0
global_step=378272, episodic_return=0.0
global_step=378308, episodic_return=0.0
global_step=378312, episodic_return=0.0
SPS: 2905
global_step=378476, episodic_return=0.55
global_step=378500, episodic_return=0.0
global_step=378712, episodic_return=0.0
global_step=378716, episodic_return=0.0
global_step=378752, episodic_return=0.44199999999999995
global_step=378880, episodic_return=0.0
SPS: 2905
global_step=379108, episodic_return=0.4959999999999999
global_step=379116, episodic_return=0.0
global_step=379120, episodic_return=0.0
global_step=379156, episodic_return=0.0
global_step=379276, episodic_return=0.739
SPS: 2905
global_step=379512, episodic_return=0.0
global_step=379520, episodic_return=0.0
global_step=379524, episodic_return=0.0
global_step=379680, episodic_return=0.0
global_step=379712, episodic_return=0.9369999999999999
SPS: 2905
global_step=379916, episodic_return=0.0
global_step=379924, episodic_return=0.0
global_step=379928, episodic_return=0.0
global_step=379980, episodic_return=0.892
global_step=380116, episodic_return=0.0
global_step=380228, episodic_return=0.757
global_step=380320, episodic_return=0.0
global_step=380328, episodic_return=0.0
global_step=380384, episodic_return=0.0
SPS: 2905
global_step=380632, episodic_return=0.0
global_step=380724, episodic_return=0.0
global_step=380732, episodic_return=0.0
global_step=380788, episodic_return=0.0
global_step=380872, episodic_return=0.469
SPS: 2905
global_step=381128, episodic_return=0.0
global_step=381136, episodic_return=0.0
global_step=381192, episodic_return=0.0
global_step=381276, episodic_return=0.0
SPS: 2905
global_step=381532, episodic_return=0.0
global_step=381540, episodic_return=0.0
global_step=381596, episodic_return=0.0
global_step=381680, episodic_return=0.0
global_step=381936, episodic_return=0.0
global_step=381944, episodic_return=0.0
SPS: 2905
global_step=382000, episodic_return=0.0
global_step=382084, episodic_return=0.0
global_step=382340, episodic_return=0.0
global_step=382348, episodic_return=0.0
global_step=382404, episodic_return=0.0
SPS: 2905
global_step=382488, episodic_return=0.0
global_step=382744, episodic_return=0.0
global_step=382752, episodic_return=0.0
global_step=382808, episodic_return=0.0
global_step=382892, episodic_return=0.0
SPS: 2905
global_step=383148, episodic_return=0.0
global_step=383156, episodic_return=0.0
global_step=383212, episodic_return=0.0
global_step=383296, episodic_return=0.0
global_step=383436, episodic_return=0.361
SPS: 2905
global_step=383560, episodic_return=0.0
global_step=383616, episodic_return=0.0
global_step=383700, episodic_return=0.0
global_step=383840, episodic_return=0.0
global_step=383880, episodic_return=0.2889999999999999
SPS: 2905
global_step=384020, episodic_return=0.0
global_step=384104, episodic_return=0.0
global_step=384244, episodic_return=0.0
global_step=384284, episodic_return=0.0
global_step=384424, episodic_return=0.0
global_step=384508, episodic_return=0.0
SPS: 2905
global_step=384620, episodic_return=0.757
global_step=384648, episodic_return=0.0
global_step=384688, episodic_return=0.0
global_step=384796, episodic_return=0.6759999999999999
global_step=384828, episodic_return=0.0
global_step=385024, episodic_return=0.0
SPS: 2905
global_step=385076, episodic_return=0.892
global_step=385092, episodic_return=0.0
global_step=385116, episodic_return=0.2889999999999999
global_step=385232, episodic_return=0.0
global_step=385476, episodic_return=0.14500000000000002
global_step=385480, episodic_return=0.0
global_step=385520, episodic_return=0.0
SPS: 2905
global_step=385632, episodic_return=0.6579999999999999
global_step=385636, episodic_return=0.0
global_step=385884, episodic_return=0.0
global_step=385924, episodic_return=0.0
global_step=385980, episodic_return=0.22599999999999998
global_step=386040, episodic_return=0.0
SPS: 2905
global_step=386176, episodic_return=0.5680000000000001
global_step=386288, episodic_return=0.0
global_step=386328, episodic_return=0.0
global_step=386444, episodic_return=0.0
SPS: 2905
global_step=386580, episodic_return=0.0
global_step=386660, episodic_return=0.5229999999999999
global_step=386692, episodic_return=0.0
global_step=386732, episodic_return=0.0
global_step=386984, episodic_return=0.0
global_step=387064, episodic_return=0.0
SPS: 2905
global_step=387096, episodic_return=0.0
global_step=387136, episodic_return=0.0
global_step=387268, episodic_return=0.622
global_step=387388, episodic_return=0.0
global_step=387468, episodic_return=0.0
global_step=387540, episodic_return=0.0
SPS: 2905
global_step=387672, episodic_return=0.0
global_step=387792, episodic_return=0.0
global_step=387872, episodic_return=0.0
global_step=387908, episodic_return=0.9279999999999999
global_step=387944, episodic_return=0.0
global_step=388076, episodic_return=0.0
SPS: 2905
global_step=388196, episodic_return=0.0
global_step=388220, episodic_return=0.3879999999999999
global_step=388312, episodic_return=0.0
global_step=388480, episodic_return=0.0
global_step=388600, episodic_return=0.0
SPS: 2905
global_step=388624, episodic_return=0.0
global_step=388716, episodic_return=0.0
global_step=388884, episodic_return=0.0
global_step=389004, episodic_return=0.0
global_step=389028, episodic_return=0.0
global_step=389120, episodic_return=0.0
SPS: 2905
global_step=389288, episodic_return=0.0
global_step=389360, episodic_return=0.847
global_step=389408, episodic_return=0.0
global_step=389432, episodic_return=0.0
global_step=389524, episodic_return=0.0
SPS: 2905
global_step=389764, episodic_return=0.0
global_step=389812, episodic_return=0.0
global_step=389832, episodic_return=0.964
global_step=389836, episodic_return=0.0
global_step=389928, episodic_return=0.0
SPS: 2905
global_step=390168, episodic_return=0.0
global_step=390192, episodic_return=0.955
global_step=390236, episodic_return=0.0
global_step=390240, episodic_return=0.0
global_step=390288, episodic_return=0.19899999999999995
global_step=390476, episodic_return=0.586
global_step=390596, episodic_return=0.0
global_step=390640, episodic_return=0.0
global_step=390644, episodic_return=0.0
SPS: 2905
global_step=390880, episodic_return=0.0
global_step=391000, episodic_return=0.0
global_step=391044, episodic_return=0.0
global_step=391048, episodic_return=0.0
SPS: 2905
global_step=391284, episodic_return=0.0
global_step=391404, episodic_return=0.0
global_step=391448, episodic_return=0.0
global_step=391452, episodic_return=0.0
global_step=391628, episodic_return=0.613
SPS: 2906
global_step=391688, episodic_return=0.0
global_step=391808, episodic_return=0.0
global_step=391852, episodic_return=0.0
global_step=392016, episodic_return=0.6399999999999999
global_step=392032, episodic_return=0.0
global_step=392092, episodic_return=0.0
global_step=392128, episodic_return=0.7929999999999999
SPS: 2906
global_step=392196, episodic_return=0.856
global_step=392212, episodic_return=0.0
global_step=392248, episodic_return=0.9279999999999999
global_step=392292, episodic_return=0.3879999999999999
global_step=392428, episodic_return=0.604
global_step=392484, episodic_return=0.127
global_step=392596, episodic_return=0.631
global_step=392600, episodic_return=0.0
global_step=392696, episodic_return=0.0
SPS: 2906
global_step=392888, episodic_return=0.0
global_step=393000, episodic_return=0.0
global_step=393004, episodic_return=0.0
global_step=393100, episodic_return=0.0
global_step=393120, episodic_return=0.964
SPS: 2906
global_step=393292, episodic_return=0.0
global_step=393404, episodic_return=0.0
global_step=393408, episodic_return=0.0
global_step=393524, episodic_return=0.0
global_step=393696, episodic_return=0.0
SPS: 2906
global_step=393808, episodic_return=0.0
global_step=393812, episodic_return=0.0
global_step=393928, episodic_return=0.0
global_step=394100, episodic_return=0.0
global_step=394212, episodic_return=0.0
global_step=394216, episodic_return=0.0
SPS: 2906
global_step=394332, episodic_return=0.0
global_step=394504, episodic_return=0.0
global_step=394560, episodic_return=0.883
global_step=394616, episodic_return=0.0
global_step=394620, episodic_return=0.0
global_step=394732, episodic_return=0.10899999999999999
SPS: 2906
global_step=394948, episodic_return=0.2709999999999999
global_step=394964, episodic_return=0.0
global_step=395020, episodic_return=0.0
global_step=395136, episodic_return=0.09999999999999998
SPS: 2906
global_step=395352, episodic_return=0.0
global_step=395368, episodic_return=0.0
global_step=395396, episodic_return=0.946
global_step=395424, episodic_return=0.0
global_step=395480, episodic_return=0.82
global_step=395540, episodic_return=0.0
global_step=395756, episodic_return=0.0
SPS: 2906
global_step=395828, episodic_return=0.0
global_step=395880, episodic_return=0.892
global_step=395884, episodic_return=0.0
global_step=395944, episodic_return=0.0
global_step=396160, episodic_return=0.0
global_step=396284, episodic_return=0.0
global_step=396288, episodic_return=0.0
SPS: 2906
global_step=396348, episodic_return=0.0
global_step=396564, episodic_return=0.0
global_step=396688, episodic_return=0.0
global_step=396692, episodic_return=0.0
global_step=396752, episodic_return=0.0
global_step=396756, episodic_return=0.856
SPS: 2906
global_step=396820, episodic_return=0.865
global_step=396832, episodic_return=0.694
global_step=396968, episodic_return=0.0
global_step=397156, episodic_return=0.0
global_step=397224, episodic_return=0.0
global_step=397236, episodic_return=0.0
SPS: 2906
global_step=397372, episodic_return=0.0
global_step=397560, episodic_return=0.0
global_step=397584, episodic_return=0.532
global_step=397628, episodic_return=0.0
global_step=397640, episodic_return=0.0
global_step=397740, episodic_return=0.757
SPS: 2906
global_step=397964, episodic_return=0.0
global_step=397988, episodic_return=0.0
global_step=398044, episodic_return=0.0
global_step=398144, episodic_return=0.0
SPS: 2906
global_step=398368, episodic_return=0.0
global_step=398392, episodic_return=0.0
global_step=398448, episodic_return=0.0
global_step=398536, episodic_return=0.685
global_step=398548, episodic_return=0.0
global_step=398672, episodic_return=0.73
global_step=398756, episodic_return=0.82
global_step=398772, episodic_return=0.0
SPS: 2906
global_step=398852, episodic_return=0.0
global_step=398940, episodic_return=0.0
global_step=398948, episodic_return=0.577
global_step=399000, episodic_return=0.4959999999999999
global_step=399140, episodic_return=0.361
global_step=399188, episodic_return=0.901
global_step=399344, episodic_return=0.0
global_step=399352, episodic_return=0.0
SPS: 2906
global_step=399404, episodic_return=0.0
global_step=399572, episodic_return=0.631
global_step=399592, episodic_return=0.0
global_step=399656, episodic_return=0.30699999999999994
global_step=399696, episodic_return=0.73
global_step=399756, episodic_return=0.0
SPS: 2906
global_step=399996, episodic_return=0.0
global_step=400060, episodic_return=0.0
global_step=400100, episodic_return=0.0
global_step=400140, episodic_return=0.919
global_step=400160, episodic_return=0.0
global_step=400284, episodic_return=0.685
SPS: 2906
global_step=400400, episodic_return=0.0
global_step=400428, episodic_return=0.18099999999999994
global_step=400500, episodic_return=0.5229999999999999
global_step=400564, episodic_return=0.0
global_step=400804, episodic_return=0.0
global_step=400832, episodic_return=0.0
global_step=400896, episodic_return=0.865
SPS: 2906
global_step=400904, episodic_return=0.0
global_step=400968, episodic_return=0.0
global_step=400988, episodic_return=0.802
global_step=401208, episodic_return=0.0
global_step=401308, episodic_return=0.0
global_step=401372, episodic_return=0.0
global_step=401392, episodic_return=0.0
SPS: 2906
global_step=401612, episodic_return=0.0
global_step=401712, episodic_return=0.0
global_step=401776, episodic_return=0.0
global_step=401796, episodic_return=0.0
SPS: 2906
global_step=402016, episodic_return=0.0
global_step=402116, episodic_return=0.0
global_step=402180, episodic_return=0.0
global_step=402200, episodic_return=0.0
global_step=402420, episodic_return=0.469
global_step=402420, episodic_return=0.0
SPS: 2905
global_step=402464, episodic_return=0.91
global_step=402520, episodic_return=0.0
global_step=402540, episodic_return=0.838
global_step=402604, episodic_return=0.0
global_step=402824, episodic_return=0.0
global_step=402908, episodic_return=0.18099999999999994
global_step=402924, episodic_return=0.0
SPS: 2905
global_step=403008, episodic_return=0.0
global_step=403228, episodic_return=0.0
global_step=403312, episodic_return=0.0
global_step=403328, episodic_return=0.0
global_step=403412, episodic_return=0.0
SPS: 2905
global_step=403608, episodic_return=0.15400000000000003
global_step=403716, episodic_return=0.0
global_step=403732, episodic_return=0.0
global_step=403816, episodic_return=0.0
global_step=403868, episodic_return=0.892
SPS: 2905
global_step=403992, episodic_return=0.42399999999999993
global_step=404012, episodic_return=0.0
global_step=404120, episodic_return=0.0
global_step=404272, episodic_return=0.0
global_step=404352, episodic_return=0.829
global_step=404396, episodic_return=0.0
global_step=404416, episodic_return=0.0
global_step=404420, episodic_return=0.856
SPS: 2905
global_step=404524, episodic_return=0.0
global_step=404540, episodic_return=0.973
global_step=404800, episodic_return=0.0
global_step=404820, episodic_return=0.0
global_step=404824, episodic_return=0.0
global_step=404944, episodic_return=0.0
global_step=404980, episodic_return=0.604
SPS: 2905
global_step=405224, episodic_return=0.0
global_step=405228, episodic_return=0.0
global_step=405348, episodic_return=0.0
global_step=405384, episodic_return=0.0
global_step=405384, episodic_return=0.9279999999999999
SPS: 2905
global_step=405628, episodic_return=0.0
global_step=405632, episodic_return=0.0
global_step=405756, episodic_return=0.721
global_step=405788, episodic_return=0.0
global_step=405788, episodic_return=0.0
global_step=405884, episodic_return=0.721
global_step=405896, episodic_return=0.766
SPS: 2905
global_step=406036, episodic_return=0.0
global_step=406192, episodic_return=0.0
global_step=406288, episodic_return=0.0
global_step=406300, episodic_return=0.0
global_step=406324, episodic_return=0.712
global_step=406440, episodic_return=0.0
SPS: 2905
global_step=406692, episodic_return=0.0
global_step=406704, episodic_return=0.0
global_step=406728, episodic_return=0.0
global_step=406844, episodic_return=0.0
global_step=406884, episodic_return=0.919
SPS: 2905
global_step=407096, episodic_return=0.0
global_step=407108, episodic_return=0.0
global_step=407132, episodic_return=0.0
global_step=407288, episodic_return=0.0
global_step=407500, episodic_return=0.0
global_step=407512, episodic_return=0.0
global_step=407536, episodic_return=0.0
SPS: 2905
global_step=407692, episodic_return=0.0
global_step=407856, episodic_return=0.20799999999999996
global_step=407916, episodic_return=0.0
global_step=407940, episodic_return=0.0
global_step=407972, episodic_return=0.883
global_step=408004, episodic_return=0.865
global_step=408032, episodic_return=0.613
SPS: 2905
global_step=408068, episodic_return=0.865
global_step=408096, episodic_return=0.0
global_step=408376, episodic_return=0.0
global_step=408436, episodic_return=0.0
global_step=408472, episodic_return=0.0
global_step=408496, episodic_return=0.874
global_step=408500, episodic_return=0.0
global_step=408524, episodic_return=0.892
SPS: 2905
global_step=408700, episodic_return=0.55
global_step=408780, episodic_return=0.0
global_step=408844, episodic_return=0.235
global_step=408928, episodic_return=0.0
SPS: 2905
global_step=409104, episodic_return=0.0
global_step=409184, episodic_return=0.0
global_step=409248, episodic_return=0.0
global_step=409332, episodic_return=0.0
global_step=409508, episodic_return=0.0
global_step=409588, episodic_return=0.0
SPS: 2905
global_step=409632, episodic_return=0.91
global_step=409652, episodic_return=0.0
global_step=409736, episodic_return=0.0
global_step=409912, episodic_return=0.0
global_step=410036, episodic_return=0.0
global_step=410056, episodic_return=0.0
SPS: 2905
global_step=410140, episodic_return=0.0
global_step=410236, episodic_return=0.7929999999999999
global_step=410316, episodic_return=0.0
global_step=410440, episodic_return=0.0
global_step=410460, episodic_return=0.0
global_step=410528, episodic_return=0.856
SPS: 2905
global_step=410640, episodic_return=0.0
global_step=410720, episodic_return=0.0
global_step=410844, episodic_return=0.0
global_step=410932, episodic_return=0.0
global_step=411044, episodic_return=0.0
global_step=411124, episodic_return=0.0
SPS: 2905
global_step=411248, episodic_return=0.0
global_step=411336, episodic_return=0.0
global_step=411408, episodic_return=0.847
global_step=411448, episodic_return=0.0
global_step=411528, episodic_return=0.0
SPS: 2906
global_step=411652, episodic_return=0.0
global_step=411812, episodic_return=0.0
global_step=411852, episodic_return=0.0
global_step=411932, episodic_return=0.0
global_step=412028, episodic_return=0.16299999999999992
SPS: 2906
global_step=412216, episodic_return=0.0
global_step=412256, episodic_return=0.0
global_step=412336, episodic_return=0.0
global_step=412432, episodic_return=0.0
global_step=412556, episodic_return=0.514
global_step=412620, episodic_return=0.0
global_step=412660, episodic_return=0.0
SPS: 2906
global_step=412836, episodic_return=0.0
global_step=412960, episodic_return=0.0
global_step=413024, episodic_return=0.0
global_step=413064, episodic_return=0.0
global_step=413128, episodic_return=0.352
SPS: 2906
global_step=413364, episodic_return=0.0
global_step=413380, episodic_return=0.973
global_step=413428, episodic_return=0.0
global_step=413468, episodic_return=0.0
global_step=413532, episodic_return=0.0
global_step=413584, episodic_return=0.748
SPS: 2906
global_step=413784, episodic_return=0.0
global_step=413832, episodic_return=0.0
global_step=413936, episodic_return=0.0
global_step=413988, episodic_return=0.0
global_step=414188, episodic_return=0.0
SPS: 2906
global_step=414236, episodic_return=0.0
global_step=414276, episodic_return=0.919
global_step=414340, episodic_return=0.0
global_step=414344, episodic_return=0.856
global_step=414392, episodic_return=0.0
global_step=414592, episodic_return=0.0
global_step=414608, episodic_return=0.973
global_step=414644, episodic_return=0.9279999999999999
SPS: 2906
global_step=414744, episodic_return=0.0
global_step=414748, episodic_return=0.0
global_step=414796, episodic_return=0.0
global_step=414824, episodic_return=0.946
global_step=414920, episodic_return=0.7929999999999999
global_step=414928, episodic_return=0.991
global_step=415012, episodic_return=0.82
global_step=415048, episodic_return=0.0
global_step=415148, episodic_return=0.0
global_step=415152, episodic_return=0.0
SPS: 2906
global_step=415324, episodic_return=0.622
global_step=415416, episodic_return=0.0
global_step=415452, episodic_return=0.0
global_step=415452, episodic_return=0.721
global_step=415552, episodic_return=0.0
global_step=415604, episodic_return=0.667
SPS: 2906
global_step=415820, episodic_return=0.0
global_step=415856, episodic_return=0.0
global_step=415884, episodic_return=0.946
global_step=415956, episodic_return=0.0
global_step=415992, episodic_return=0.766
global_step=416008, episodic_return=0.0
global_step=416148, episodic_return=0.6579999999999999
global_step=416216, episodic_return=0.856
global_step=416224, episodic_return=0.0
global_step=416228, episodic_return=0.514
SPS: 2906
global_step=416288, episodic_return=0.865
global_step=416360, episodic_return=0.0
global_step=416380, episodic_return=0.6399999999999999
global_step=416400, episodic_return=0.919
global_step=416440, episodic_return=0.667
global_step=416512, episodic_return=0.712
global_step=416632, episodic_return=0.0
SPS: 2906
global_step=416784, episodic_return=0.3969999999999999
global_step=416804, episodic_return=0.0
global_step=416844, episodic_return=0.0
global_step=417036, episodic_return=0.0
global_step=417120, episodic_return=0.3879999999999999
global_step=417188, episodic_return=0.0
global_step=417208, episodic_return=0.0
SPS: 2905
global_step=417440, episodic_return=0.0
global_step=417524, episodic_return=0.0
global_step=417592, episodic_return=0.0
global_step=417612, episodic_return=0.0
SPS: 2906
global_step=417844, episodic_return=0.0
global_step=417928, episodic_return=0.0
global_step=417996, episodic_return=0.0
global_step=418016, episodic_return=0.0
global_step=418248, episodic_return=0.0
SPS: 2906
global_step=418332, episodic_return=0.0
global_step=418400, episodic_return=0.0
global_step=418420, episodic_return=0.0
global_step=418652, episodic_return=0.0
global_step=418736, episodic_return=0.0
global_step=418804, episodic_return=0.0
global_step=418812, episodic_return=0.838
SPS: 2906
global_step=418824, episodic_return=0.0
global_step=418860, episodic_return=0.901
global_step=418940, episodic_return=0.748
global_step=419056, episodic_return=0.0
global_step=419080, episodic_return=0.694
global_step=419208, episodic_return=0.0
global_step=419264, episodic_return=0.0
SPS: 2906
global_step=419460, episodic_return=0.0
global_step=419484, episodic_return=0.0
global_step=419612, episodic_return=0.0
global_step=419632, episodic_return=0.622
global_step=419668, episodic_return=0.0
SPS: 2906
global_step=419872, episodic_return=0.42399999999999993
global_step=419888, episodic_return=0.0
global_step=420036, episodic_return=0.0
global_step=420072, episodic_return=0.0
global_step=420276, episodic_return=0.0
global_step=420292, episodic_return=0.0
SPS: 2906
global_step=420396, episodic_return=0.775
global_step=420440, episodic_return=0.0
global_step=420476, episodic_return=0.0
global_step=420680, episodic_return=0.0
global_step=420800, episodic_return=0.0
global_step=420816, episodic_return=0.244
global_step=420844, episodic_return=0.0
SPS: 2906
global_step=421084, episodic_return=0.0
global_step=421204, episodic_return=0.0
global_step=421220, episodic_return=0.0
global_step=421248, episodic_return=0.0
SPS: 2906
global_step=421396, episodic_return=0.613
global_step=421484, episodic_return=0.379
global_step=421488, episodic_return=0.0
global_step=421652, episodic_return=0.0
global_step=421800, episodic_return=0.0
global_step=421888, episodic_return=0.0
SPS: 2906
global_step=421892, episodic_return=0.0
global_step=422056, episodic_return=0.0
global_step=422072, episodic_return=0.973
global_step=422108, episodic_return=0.514
global_step=422204, episodic_return=0.0
global_step=422296, episodic_return=0.0
SPS: 2906
global_step=422476, episodic_return=0.0
global_step=422512, episodic_return=0.0
global_step=422608, episodic_return=0.0
global_step=422700, episodic_return=0.0
global_step=422880, episodic_return=0.0
SPS: 2906
global_step=422916, episodic_return=0.0
global_step=422972, episodic_return=0.883
global_step=423012, episodic_return=0.0
global_step=423104, episodic_return=0.0
global_step=423132, episodic_return=0.739
global_step=423284, episodic_return=0.0
global_step=423368, episodic_return=0.82
global_step=423376, episodic_return=0.0
SPS: 2906
global_step=423508, episodic_return=0.0
global_step=423520, episodic_return=0.685
global_step=423536, episodic_return=0.0
global_step=423772, episodic_return=0.0
global_step=423912, episodic_return=0.0
global_step=423924, episodic_return=0.0
SPS: 2906
global_step=423940, episodic_return=0.0
global_step=423976, episodic_return=0.9279999999999999
global_step=424176, episodic_return=0.0
global_step=424192, episodic_return=0.973
global_step=424316, episodic_return=0.0
global_step=424328, episodic_return=0.0
global_step=424380, episodic_return=0.0
global_step=424440, episodic_return=0.73
SPS: 2906
global_step=424484, episodic_return=0.6579999999999999
global_step=424596, episodic_return=0.0
global_step=424784, episodic_return=0.0
global_step=424844, episodic_return=0.0
global_step=424888, episodic_return=0.0
SPS: 2906
global_step=425000, episodic_return=0.0
global_step=425188, episodic_return=0.0
global_step=425248, episodic_return=0.0
global_step=425292, episodic_return=0.0
global_step=425404, episodic_return=0.0
SPS: 2906
global_step=425592, episodic_return=0.0
global_step=425652, episodic_return=0.0
global_step=425696, episodic_return=0.0
global_step=425808, episodic_return=0.0
SPS: 2906
global_step=425996, episodic_return=0.0
global_step=426056, episodic_return=0.0
global_step=426100, episodic_return=0.0
global_step=426212, episodic_return=0.0
global_step=426388, episodic_return=0.361
global_step=426400, episodic_return=0.0
global_step=426408, episodic_return=0.991
global_step=426460, episodic_return=0.0
SPS: 2906
global_step=426524, episodic_return=0.748
global_step=426616, episodic_return=0.0
global_step=426792, episodic_return=0.0
global_step=426864, episodic_return=0.0
global_step=426928, episodic_return=0.0
global_step=426976, episodic_return=0.901
SPS: 2906
global_step=427020, episodic_return=0.0
global_step=427196, episodic_return=0.0
global_step=427268, episodic_return=0.0
global_step=427380, episodic_return=0.0
global_step=427424, episodic_return=0.0
SPS: 2906
global_step=427600, episodic_return=0.0
global_step=427672, episodic_return=0.0
global_step=427684, episodic_return=0.82
global_step=427784, episodic_return=0.0
global_step=427828, episodic_return=0.0
global_step=427864, episodic_return=0.829
SPS: 2906
global_step=428076, episodic_return=0.0
global_step=428088, episodic_return=0.09999999999999998
global_step=428124, episodic_return=0.901
global_step=428232, episodic_return=0.0
global_step=428268, episodic_return=0.0
global_step=428268, episodic_return=0.9279999999999999
global_step=428300, episodic_return=0.613
global_step=428492, episodic_return=0.0
SPS: 2906
global_step=428672, episodic_return=0.0
global_step=428672, episodic_return=0.0
global_step=428704, episodic_return=0.0
global_step=428896, episodic_return=0.0
SPS: 2906
global_step=429076, episodic_return=0.0
global_step=429076, episodic_return=0.0
global_step=429108, episodic_return=0.0
global_step=429152, episodic_return=0.91
global_step=429300, episodic_return=0.0
global_step=429480, episodic_return=0.0
global_step=429480, episodic_return=0.0
global_step=429556, episodic_return=0.0
SPS: 2906
global_step=429704, episodic_return=0.0
global_step=429864, episodic_return=0.31599999999999995
global_step=429884, episodic_return=0.0
global_step=429884, episodic_return=0.0
global_step=430020, episodic_return=0.703
SPS: 2906
global_step=430108, episodic_return=0.0
global_step=430268, episodic_return=0.0
global_step=430288, episodic_return=0.0
global_step=430424, episodic_return=0.0
global_step=430512, episodic_return=0.0
SPS: 2906
global_step=430672, episodic_return=0.0
global_step=430692, episodic_return=0.0
global_step=430828, episodic_return=0.0
global_step=430884, episodic_return=0.577
global_step=430916, episodic_return=0.0
global_step=430976, episodic_return=0.6759999999999999
global_step=431076, episodic_return=0.0
SPS: 2906
global_step=431128, episodic_return=0.532
global_step=431288, episodic_return=0.0
global_step=431380, episodic_return=0.0
global_step=431460, episodic_return=0.622
global_step=431480, episodic_return=0.0
global_step=431532, episodic_return=0.0
SPS: 2906
global_step=431784, episodic_return=0.0
global_step=431864, episodic_return=0.0
global_step=431884, episodic_return=0.0
global_step=431936, episodic_return=0.0
SPS: 2906
global_step=432188, episodic_return=0.0
global_step=432268, episodic_return=0.0
global_step=432288, episodic_return=0.0
global_step=432312, episodic_return=0.91
global_step=432340, episodic_return=0.0
global_step=432352, episodic_return=0.919
global_step=432508, episodic_return=0.514
global_step=432592, episodic_return=0.0
SPS: 2906
global_step=432744, episodic_return=0.0
global_step=432756, episodic_return=0.0
global_step=432912, episodic_return=0.0
global_step=432996, episodic_return=0.0
global_step=433148, episodic_return=0.0
SPS: 2906
global_step=433160, episodic_return=0.0
global_step=433316, episodic_return=0.0
global_step=433400, episodic_return=0.0
global_step=433552, episodic_return=0.0
global_step=433564, episodic_return=0.0
SPS: 2906
global_step=433688, episodic_return=0.703
global_step=433720, episodic_return=0.0
global_step=433804, episodic_return=0.0
global_step=433968, episodic_return=0.0
global_step=434092, episodic_return=0.0
global_step=434116, episodic_return=0.955
global_step=434124, episodic_return=0.0
SPS: 2906
global_step=434208, episodic_return=0.0
global_step=434268, episodic_return=0.874
global_step=434352, episodic_return=0.82
global_step=434372, episodic_return=0.0
global_step=434460, episodic_return=0.253
global_step=434520, episodic_return=0.0
SPS: 2906
global_step=434756, episodic_return=0.0
global_step=434776, episodic_return=0.0
global_step=434852, episodic_return=0.838
global_step=434864, episodic_return=0.0
global_step=434924, episodic_return=0.0
global_step=434940, episodic_return=0.838
global_step=435036, episodic_return=0.7929999999999999
global_step=435160, episodic_return=0.0
SPS: 2906
global_step=435256, episodic_return=0.0
global_step=435328, episodic_return=0.0
global_step=435440, episodic_return=0.0
global_step=435564, episodic_return=0.0
global_step=435628, episodic_return=0.865
global_step=435660, episodic_return=0.0
SPS: 2906
global_step=435732, episodic_return=0.0
global_step=435760, episodic_return=0.712
global_step=435840, episodic_return=0.829
global_step=435844, episodic_return=0.0
global_step=436064, episodic_return=0.0
global_step=436136, episodic_return=0.0
SPS: 2906
global_step=436244, episodic_return=0.0
global_step=436248, episodic_return=0.0
global_step=436268, episodic_return=0.955
global_step=436468, episodic_return=0.0
global_step=436488, episodic_return=0.21699999999999997
global_step=436652, episodic_return=0.0
global_step=436672, episodic_return=0.0
SPS: 2906
global_step=436796, episodic_return=0.685
global_step=436872, episodic_return=0.0
global_step=436892, episodic_return=0.0
global_step=437032, episodic_return=0.649
global_step=437076, episodic_return=0.0
global_step=437200, episodic_return=0.0
SPS: 2906
global_step=437296, episodic_return=0.0
global_step=437436, episodic_return=0.0
global_step=437480, episodic_return=0.0
global_step=437604, episodic_return=0.0
global_step=437664, episodic_return=0.595
global_step=437700, episodic_return=0.0
global_step=437708, episodic_return=0.91
SPS: 2906
global_step=437840, episodic_return=0.0
global_step=438008, episodic_return=0.0
global_step=438104, episodic_return=0.0
global_step=438112, episodic_return=0.0
global_step=438132, episodic_return=0.352
global_step=438200, episodic_return=0.7929999999999999
global_step=438236, episodic_return=0.73
global_step=438240, episodic_return=0.919
SPS: 2906
global_step=438336, episodic_return=0.784
global_step=438412, episodic_return=0.0
global_step=438536, episodic_return=0.0
global_step=438644, episodic_return=0.0
global_step=438740, episodic_return=0.0
SPS: 2906
global_step=438816, episodic_return=0.0
global_step=438940, episodic_return=0.0
global_step=438996, episodic_return=0.21699999999999997
global_step=439144, episodic_return=0.0
global_step=439220, episodic_return=0.0
global_step=439288, episodic_return=0.856
SPS: 2906
global_step=439344, episodic_return=0.0
global_step=439400, episodic_return=0.0
global_step=439440, episodic_return=0.7929999999999999
global_step=439548, episodic_return=0.0
global_step=439680, episodic_return=0.712
global_step=439692, episodic_return=0.0
global_step=439804, episodic_return=0.0
SPS: 2906
global_step=439844, episodic_return=0.0
global_step=440084, episodic_return=0.0
global_step=440096, episodic_return=0.0
global_step=440140, episodic_return=0.91
global_step=440208, episodic_return=0.0
global_step=440248, episodic_return=0.0
SPS: 2906
global_step=440352, episodic_return=0.775
global_step=440416, episodic_return=0.3879999999999999
global_step=440488, episodic_return=0.0
global_step=440612, episodic_return=0.0
global_step=440636, episodic_return=0.514
global_step=440672, episodic_return=0.9279999999999999
global_step=440756, episodic_return=0.0
global_step=440768, episodic_return=0.7929999999999999
SPS: 2906
global_step=440892, episodic_return=0.0
global_step=441016, episodic_return=0.0
global_step=441160, episodic_return=0.0
global_step=441172, episodic_return=0.0
global_step=441216, episodic_return=0.883
global_step=441296, episodic_return=0.0
global_step=441320, episodic_return=0.955
SPS: 2906
global_step=441420, episodic_return=0.0
global_step=441456, episodic_return=0.37
global_step=441620, episodic_return=0.0
global_step=441724, episodic_return=0.0
global_step=441824, episodic_return=0.0
SPS: 2906
global_step=441860, episodic_return=0.0
global_step=442024, episodic_return=0.0
global_step=442128, episodic_return=0.0
global_step=442228, episodic_return=0.0
global_step=442264, episodic_return=0.0
SPS: 2906
global_step=442428, episodic_return=0.0
global_step=442532, episodic_return=0.0
global_step=442632, episodic_return=0.0
global_step=442668, episodic_return=0.0
global_step=442688, episodic_return=0.964
global_step=442832, episodic_return=0.0
SPS: 2906
global_step=442936, episodic_return=0.0
global_step=443036, episodic_return=0.0
global_step=443092, episodic_return=0.0
global_step=443236, episodic_return=0.0
global_step=443340, episodic_return=0.0
global_step=443360, episodic_return=0.2799999999999999
SPS: 2906
global_step=443496, episodic_return=0.0
global_step=443640, episodic_return=0.0
global_step=443744, episodic_return=0.775
global_step=443744, episodic_return=0.0
global_step=443764, episodic_return=0.0
global_step=443900, episodic_return=0.0
SPS: 2906
global_step=444148, episodic_return=0.0
global_step=444148, episodic_return=0.0
global_step=444168, episodic_return=0.0
global_step=444304, episodic_return=0.0
SPS: 2906
global_step=444552, episodic_return=0.0
global_step=444552, episodic_return=0.0
global_step=444572, episodic_return=0.0
global_step=444572, episodic_return=0.964
global_step=444708, episodic_return=0.0
SPS: 2906
global_step=444956, episodic_return=0.0
global_step=444976, episodic_return=0.0
global_step=444976, episodic_return=0.0
global_step=445112, episodic_return=0.0
global_step=445316, episodic_return=0.19899999999999995
global_step=445380, episodic_return=0.0
global_step=445380, episodic_return=0.0
SPS: 2906
global_step=445516, episodic_return=0.0
global_step=445688, episodic_return=0.31599999999999995
global_step=445720, episodic_return=0.0
global_step=445784, episodic_return=0.0
global_step=445920, episodic_return=0.0
SPS: 2906
global_step=446092, episodic_return=0.0
global_step=446124, episodic_return=0.0
global_step=446188, episodic_return=0.0
global_step=446324, episodic_return=0.0
SPS: 2906
global_step=446496, episodic_return=0.0
global_step=446528, episodic_return=0.0
global_step=446592, episodic_return=0.0
global_step=446668, episodic_return=0.622
global_step=446728, episodic_return=0.0
global_step=446932, episodic_return=0.0
SPS: 2906
global_step=446996, episodic_return=0.0
global_step=447072, episodic_return=0.0
global_step=447096, episodic_return=0.955
global_step=447132, episodic_return=0.0
global_step=447304, episodic_return=0.5409999999999999
global_step=447336, episodic_return=0.0
global_step=447400, episodic_return=0.0
SPS: 2906
global_step=447536, episodic_return=0.0
global_step=447564, episodic_return=0.946
global_step=447568, episodic_return=0.631
global_step=447708, episodic_return=0.0
global_step=447740, episodic_return=0.0
global_step=447968, episodic_return=0.0
global_step=447972, episodic_return=0.0
SPS: 2906
global_step=448100, episodic_return=0.721
global_step=448112, episodic_return=0.0
global_step=448144, episodic_return=0.0
global_step=448372, episodic_return=0.0
global_step=448504, episodic_return=0.0
SPS: 2906
global_step=448516, episodic_return=0.0
global_step=448548, episodic_return=0.0
global_step=448600, episodic_return=0.4959999999999999
global_step=448908, episodic_return=0.0
global_step=448920, episodic_return=0.0
global_step=448952, episodic_return=0.0
global_step=449004, episodic_return=0.0
SPS: 2906
global_step=449312, episodic_return=0.0
global_step=449324, episodic_return=0.0
global_step=449356, episodic_return=0.0
global_step=449408, episodic_return=0.0
SPS: 2906
global_step=449716, episodic_return=0.0
global_step=449728, episodic_return=0.0
global_step=449732, episodic_return=0.16299999999999992
global_step=449812, episodic_return=0.0
SPS: 2906
global_step=450120, episodic_return=0.0
global_step=450132, episodic_return=0.0
global_step=450136, episodic_return=0.0
global_step=450144, episodic_return=0.262
global_step=450164, episodic_return=0.946
global_step=450180, episodic_return=0.973
global_step=450232, episodic_return=0.784
global_step=450412, episodic_return=0.604
global_step=450524, episodic_return=0.0
global_step=450548, episodic_return=0.0
SPS: 2906
global_step=450584, episodic_return=0.0
global_step=450684, episodic_return=0.3969999999999999
global_step=450752, episodic_return=0.4959999999999999
global_step=450952, episodic_return=0.0
global_step=450988, episodic_return=0.0
global_step=451044, episodic_return=0.883
SPS: 2906
global_step=451088, episodic_return=0.0
global_step=451156, episodic_return=0.0
global_step=451356, episodic_return=0.0
global_step=451360, episodic_return=0.3969999999999999
global_step=451372, episodic_return=0.973
global_step=451400, episodic_return=0.919
global_step=451448, episodic_return=0.0
global_step=451504, episodic_return=0.712
global_step=451560, episodic_return=0.0
SPS: 2906
global_step=451804, episodic_return=0.0
global_step=451852, episodic_return=0.0
global_step=451908, episodic_return=0.0
global_step=451964, episodic_return=0.0
SPS: 2906
global_step=452208, episodic_return=0.0
global_step=452256, episodic_return=0.0
global_step=452312, episodic_return=0.0
global_step=452368, episodic_return=0.0
global_step=452368, episodic_return=0.883
SPS: 2906
global_step=452612, episodic_return=0.0
global_step=452660, episodic_return=0.0
global_step=452772, episodic_return=0.0
global_step=452772, episodic_return=0.0
global_step=453016, episodic_return=0.0
global_step=453064, episodic_return=0.0
SPS: 2906
global_step=453176, episodic_return=0.0
global_step=453176, episodic_return=0.0
global_step=453420, episodic_return=0.45999999999999996
global_step=453420, episodic_return=0.0
global_step=453452, episodic_return=0.9369999999999999
global_step=453468, episodic_return=0.0
global_step=453580, episodic_return=0.0
SPS: 2906
global_step=453824, episodic_return=0.0
global_step=453856, episodic_return=0.0
global_step=453872, episodic_return=0.0
global_step=453948, episodic_return=0.18099999999999994
SPS: 2906
global_step=454228, episodic_return=0.0
global_step=454260, episodic_return=0.0
global_step=454276, episodic_return=0.0
global_step=454352, episodic_return=0.0
global_step=454548, episodic_return=0.5680000000000001
global_step=454632, episodic_return=0.0
SPS: 2906
global_step=454664, episodic_return=0.0
global_step=454680, episodic_return=0.0
global_step=454752, episodic_return=0.847
global_step=454860, episodic_return=0.766
global_step=454876, episodic_return=0.2709999999999999
global_step=455036, episodic_return=0.0
global_step=455040, episodic_return=0.604
global_step=455068, episodic_return=0.0
SPS: 2906
global_step=455236, episodic_return=0.5589999999999999
global_step=455280, episodic_return=0.0
global_step=455444, episodic_return=0.0
global_step=455472, episodic_return=0.0
global_step=455632, episodic_return=0.649
global_step=455640, episodic_return=0.0
SPS: 2906
global_step=455684, episodic_return=0.0
global_step=455768, episodic_return=0.82
global_step=455848, episodic_return=0.0
global_step=456036, episodic_return=0.0
global_step=456044, episodic_return=0.0
global_step=456172, episodic_return=0.0
SPS: 2906
global_step=456240, episodic_return=0.5680000000000001
global_step=456252, episodic_return=0.0
global_step=456440, episodic_return=0.0
global_step=456576, episodic_return=0.0
global_step=456644, episodic_return=0.0
global_step=456656, episodic_return=0.0
SPS: 2906
global_step=456844, episodic_return=0.0
global_step=456920, episodic_return=0.838
global_step=456932, episodic_return=0.982
global_step=456980, episodic_return=0.0
global_step=457048, episodic_return=0.0
global_step=457060, episodic_return=0.0
SPS: 2906
global_step=457336, episodic_return=0.0
global_step=457384, episodic_return=0.0
global_step=457416, episodic_return=0.9369999999999999
global_step=457452, episodic_return=0.0
global_step=457464, episodic_return=0.0
global_step=457612, episodic_return=0.6759999999999999
SPS: 2906
global_step=457740, episodic_return=0.0
global_step=457820, episodic_return=0.0
global_step=457852, episodic_return=0.757
global_step=457856, episodic_return=0.0
global_step=458016, episodic_return=0.0
global_step=458224, episodic_return=0.0
SPS: 2906
global_step=458252, episodic_return=0.946
global_step=458256, episodic_return=0.0
global_step=458260, episodic_return=0.0
global_step=458372, episodic_return=0.739
global_step=458420, episodic_return=0.0
global_step=458660, episodic_return=0.0
global_step=458664, episodic_return=0.0
global_step=458668, episodic_return=0.991
global_step=458696, episodic_return=0.946
SPS: 2906
global_step=458776, episodic_return=0.0
global_step=458824, episodic_return=0.0
global_step=458912, episodic_return=0.703
global_step=459068, episodic_return=0.0
global_step=459076, episodic_return=0.991
global_step=459100, episodic_return=0.0
global_step=459148, episodic_return=0.901
global_step=459228, episodic_return=0.0
SPS: 2906
global_step=459316, episodic_return=0.0
global_step=459480, episodic_return=0.0
global_step=459552, episodic_return=0.0
global_step=459632, episodic_return=0.0
global_step=459656, episodic_return=0.955
global_step=459720, episodic_return=0.0
SPS: 2905
global_step=459884, episodic_return=0.0
global_step=459928, episodic_return=0.3969999999999999
global_step=459956, episodic_return=0.0
global_step=459992, episodic_return=0.9279999999999999
global_step=460124, episodic_return=0.0
global_step=460196, episodic_return=0.55
global_step=460288, episodic_return=0.0
SPS: 2905
global_step=460332, episodic_return=0.0
global_step=460516, episodic_return=0.2889999999999999
global_step=460528, episodic_return=0.0
global_step=460588, episodic_return=0.43299999999999994
global_step=460692, episodic_return=0.0
SPS: 2905
global_step=460920, episodic_return=0.0
global_step=460932, episodic_return=0.0
global_step=460992, episodic_return=0.0
global_step=461096, episodic_return=0.0
SPS: 2905
global_step=461324, episodic_return=0.0
global_step=461336, episodic_return=0.0
global_step=461396, episodic_return=0.0
global_step=461492, episodic_return=0.631
global_step=461500, episodic_return=0.0
global_step=461740, episodic_return=0.0
global_step=461800, episodic_return=0.0
SPS: 2905
global_step=461856, episodic_return=0.883
global_step=461896, episodic_return=0.0
global_step=461904, episodic_return=0.0
global_step=461912, episodic_return=0.883
global_step=461960, episodic_return=0.514
global_step=461988, episodic_return=0.82
global_step=462300, episodic_return=0.0
global_step=462316, episodic_return=0.0
SPS: 2905
global_step=462340, episodic_return=0.955
global_step=462364, episodic_return=0.0
global_step=462392, episodic_return=0.0
global_step=462704, episodic_return=0.0
global_step=462744, episodic_return=0.0
global_step=462768, episodic_return=0.0
global_step=462796, episodic_return=0.0
SPS: 2905
global_step=462976, episodic_return=0.5409999999999999
global_step=463084, episodic_return=0.766
global_step=463108, episodic_return=0.0
global_step=463148, episodic_return=0.0
global_step=463200, episodic_return=0.0
SPS: 2905
global_step=463488, episodic_return=0.0
global_step=463512, episodic_return=0.0
global_step=463552, episodic_return=0.0
global_step=463584, episodic_return=0.9369999999999999
global_step=463604, episodic_return=0.0
SPS: 2905
global_step=463892, episodic_return=0.0
global_step=463916, episodic_return=0.0
global_step=463988, episodic_return=0.0
global_step=464008, episodic_return=0.0
global_step=464296, episodic_return=0.0
global_step=464320, episodic_return=0.0
SPS: 2905
global_step=464392, episodic_return=0.0
global_step=464412, episodic_return=0.0
global_step=464700, episodic_return=0.0
global_step=464724, episodic_return=0.0
global_step=464760, episodic_return=0.874
global_step=464796, episodic_return=0.0
global_step=464816, episodic_return=0.0
global_step=464836, episodic_return=0.919
SPS: 2905
global_step=465128, episodic_return=0.0
global_step=465164, episodic_return=0.0
global_step=465220, episodic_return=0.0
global_step=465240, episodic_return=0.0
SPS: 2905
global_step=465520, episodic_return=0.33399999999999996
global_step=465532, episodic_return=0.0
global_step=465540, episodic_return=0.964
global_step=465560, episodic_return=0.964
global_step=465568, episodic_return=0.0
global_step=465644, episodic_return=0.0
SPS: 2905
global_step=465936, episodic_return=0.0
global_step=465964, episodic_return=0.0
global_step=465972, episodic_return=0.0
global_step=466044, episodic_return=0.847
global_step=466048, episodic_return=0.0
global_step=466212, episodic_return=0.45099999999999996
global_step=466340, episodic_return=0.0
SPS: 2905
global_step=466448, episodic_return=0.0
global_step=466452, episodic_return=0.0
global_step=466616, episodic_return=0.0
global_step=466744, episodic_return=0.0
global_step=466840, episodic_return=0.7929999999999999
global_step=466852, episodic_return=0.0
global_step=466856, episodic_return=0.0
global_step=466880, episodic_return=0.919
SPS: 2905
global_step=467020, episodic_return=0.0
global_step=467088, episodic_return=0.856
global_step=467256, episodic_return=0.0
global_step=467260, episodic_return=0.0
global_step=467284, episodic_return=0.0
SPS: 2905
global_step=467492, episodic_return=0.0
global_step=467596, episodic_return=0.30699999999999994
global_step=467660, episodic_return=0.0
global_step=467664, episodic_return=0.0
global_step=467696, episodic_return=0.784
global_step=467772, episodic_return=0.838
global_step=467896, episodic_return=0.0
global_step=467956, episodic_return=0.874
SPS: 2905
global_step=468064, episodic_return=0.0
global_step=468068, episodic_return=0.0
global_step=468176, episodic_return=0.0
global_step=468220, episodic_return=0.667
global_step=468288, episodic_return=0.856
global_step=468360, episodic_return=0.0
global_step=468468, episodic_return=0.0
SPS: 2904
global_step=468580, episodic_return=0.0
global_step=468672, episodic_return=0.55
global_step=468692, episodic_return=0.0
global_step=468764, episodic_return=0.0
global_step=468984, episodic_return=0.0
SPS: 2904
global_step=469044, episodic_return=0.379
global_step=469076, episodic_return=0.0
global_step=469096, episodic_return=0.0
global_step=469120, episodic_return=0.955
global_step=469388, episodic_return=0.0
global_step=469448, episodic_return=0.0
global_step=469480, episodic_return=0.0
global_step=469504, episodic_return=0.883
SPS: 2904
global_step=469524, episodic_return=0.0
global_step=469532, episodic_return=0.991
global_step=469792, episodic_return=0.0
global_step=469884, episodic_return=0.0
global_step=469908, episodic_return=0.0
global_step=469936, episodic_return=0.0
global_step=469960, episodic_return=0.955
SPS: 2904
global_step=470072, episodic_return=0.379
global_step=470136, episodic_return=0.613
global_step=470288, episodic_return=0.0
global_step=470312, episodic_return=0.0
global_step=470476, episodic_return=0.0
global_step=470512, episodic_return=0.5589999999999999
SPS: 2904
global_step=470540, episodic_return=0.0
global_step=470692, episodic_return=0.0
global_step=470880, episodic_return=0.0
global_step=470916, episodic_return=0.0
global_step=470944, episodic_return=0.0
global_step=470964, episodic_return=0.964
global_step=470968, episodic_return=0.892
SPS: 2904
global_step=471096, episodic_return=0.0
global_step=471284, episodic_return=0.0
global_step=471368, episodic_return=0.0
global_step=471372, episodic_return=0.0
global_step=471496, episodic_return=0.532
global_step=471500, episodic_return=0.0
global_step=471532, episodic_return=0.9369999999999999
SPS: 2904
global_step=471652, episodic_return=0.37
global_step=471776, episodic_return=0.0
global_step=471900, episodic_return=0.0
global_step=471936, episodic_return=0.0
global_step=471992, episodic_return=0.802
global_step=472056, episodic_return=0.0
SPS: 2904
global_step=472180, episodic_return=0.0
global_step=472340, episodic_return=0.0
global_step=472396, episodic_return=0.0
global_step=472460, episodic_return=0.0
SPS: 2904
global_step=472584, episodic_return=0.45999999999999996
global_step=472584, episodic_return=0.0
global_step=472644, episodic_return=0.874
global_step=472800, episodic_return=0.0
global_step=472864, episodic_return=0.0
global_step=472988, episodic_return=0.0
global_step=473048, episodic_return=0.0
SPS: 2904
global_step=473204, episodic_return=0.0
global_step=473268, episodic_return=0.0
global_step=473364, episodic_return=0.29799999999999993
global_step=473392, episodic_return=0.0
global_step=473440, episodic_return=0.622
global_step=473540, episodic_return=0.613
global_step=473580, episodic_return=0.586
SPS: 2904
global_step=473608, episodic_return=0.0
global_step=473844, episodic_return=0.0
global_step=473944, episodic_return=0.0
global_step=473984, episodic_return=0.0
global_step=474012, episodic_return=0.0
SPS: 2904
global_step=474236, episodic_return=0.44199999999999995
global_step=474248, episodic_return=0.0
global_step=474288, episodic_return=0.892
global_step=474348, episodic_return=0.0
global_step=474416, episodic_return=0.0
SPS: 2904
global_step=474652, episodic_return=0.0
global_step=474692, episodic_return=0.0
global_step=474752, episodic_return=0.0
global_step=474820, episodic_return=0.0
global_step=475056, episodic_return=0.0
global_step=475096, episodic_return=0.0
SPS: 2904
global_step=475156, episodic_return=0.0
global_step=475160, episodic_return=0.865
global_step=475224, episodic_return=0.0
global_step=475460, episodic_return=0.0
global_step=475520, episodic_return=0.874
global_step=475560, episodic_return=0.0
global_step=475564, episodic_return=0.0
global_step=475628, episodic_return=0.0
SPS: 2904
global_step=475924, episodic_return=0.0
global_step=475964, episodic_return=0.0
global_step=475968, episodic_return=0.0
global_step=476032, episodic_return=0.0
global_step=476068, episodic_return=0.685
SPS: 2904
global_step=476368, episodic_return=0.0
global_step=476372, episodic_return=0.0
global_step=476436, episodic_return=0.0
global_step=476472, episodic_return=0.0
global_step=476528, episodic_return=0.883
SPS: 2904
global_step=476720, episodic_return=0.37
global_step=476772, episodic_return=0.0
global_step=476776, episodic_return=0.0
global_step=476932, episodic_return=0.0
global_step=477016, episodic_return=0.469
global_step=477124, episodic_return=0.0
global_step=477176, episodic_return=0.0
SPS: 2904
global_step=477336, episodic_return=0.532
global_step=477336, episodic_return=0.0
global_step=477416, episodic_return=0.829
global_step=477420, episodic_return=0.0
global_step=477456, episodic_return=0.9279999999999999
global_step=477580, episodic_return=0.0
SPS: 2904
global_step=477740, episodic_return=0.0
global_step=477820, episodic_return=0.0
global_step=477860, episodic_return=0.0
global_step=477864, episodic_return=0.91
global_step=477896, episodic_return=0.9279999999999999
global_step=477984, episodic_return=0.0
global_step=477996, episodic_return=0.982
global_step=478144, episodic_return=0.0
global_step=478160, episodic_return=0.4149999999999999
SPS: 2903
global_step=478268, episodic_return=0.0
global_step=478400, episodic_return=0.0
global_step=478548, episodic_return=0.0
global_step=478564, episodic_return=0.0
global_step=478632, episodic_return=0.82
global_step=478672, episodic_return=0.0
SPS: 2903
global_step=478804, episodic_return=0.0
global_step=478936, episodic_return=0.712
global_step=478964, episodic_return=0.946
global_step=478968, episodic_return=0.0
global_step=479036, episodic_return=0.0
global_step=479076, episodic_return=0.0
global_step=479100, episodic_return=0.955
global_step=479120, episodic_return=0.82
SPS: 2903
global_step=479368, episodic_return=0.0
global_step=479372, episodic_return=0.0
global_step=479504, episodic_return=0.0
global_step=479524, episodic_return=0.0
SPS: 2903
global_step=479772, episodic_return=0.0
global_step=479776, episodic_return=0.0
global_step=479908, episodic_return=0.0
global_step=479928, episodic_return=0.0
global_step=480176, episodic_return=0.0
global_step=480180, episodic_return=0.0
SPS: 2903
global_step=480312, episodic_return=0.0
global_step=480332, episodic_return=0.0
global_step=480580, episodic_return=0.0
global_step=480584, episodic_return=0.0
global_step=480716, episodic_return=0.0
global_step=480736, episodic_return=0.0
SPS: 2903
global_step=480984, episodic_return=0.0
global_step=480988, episodic_return=0.0
global_step=481064, episodic_return=0.829
global_step=481100, episodic_return=0.757
global_step=481120, episodic_return=0.0
global_step=481140, episodic_return=0.0
SPS: 2903
global_step=481468, episodic_return=0.0
global_step=481504, episodic_return=0.0
global_step=481524, episodic_return=0.0
global_step=481544, episodic_return=0.0
global_step=481568, episodic_return=0.91
global_step=481572, episodic_return=0.946
global_step=481636, episodic_return=0.856
SPS: 2903
global_step=481872, episodic_return=0.0
global_step=481908, episodic_return=0.0
global_step=481976, episodic_return=0.0
global_step=482012, episodic_return=0.16299999999999992
global_step=482276, episodic_return=0.0
SPS: 2903
global_step=482312, episodic_return=0.0
global_step=482336, episodic_return=0.874
global_step=482380, episodic_return=0.0
global_step=482416, episodic_return=0.0
global_step=482716, episodic_return=0.0
global_step=482736, episodic_return=0.20799999999999996
global_step=482740, episodic_return=0.0
global_step=482756, episodic_return=0.919
SPS: 2903
global_step=482820, episodic_return=0.0
global_step=483140, episodic_return=0.0
global_step=483144, episodic_return=0.0
global_step=483160, episodic_return=0.0
global_step=483224, episodic_return=0.0
SPS: 2903
global_step=483544, episodic_return=0.0
global_step=483548, episodic_return=0.0
global_step=483564, episodic_return=0.0
global_step=483620, episodic_return=0.838
global_step=483628, episodic_return=0.0
global_step=483628, episodic_return=0.865
SPS: 2903
global_step=483952, episodic_return=0.0
global_step=484024, episodic_return=0.0
global_step=484032, episodic_return=0.0
global_step=484032, episodic_return=0.0
SPS: 2903
global_step=484356, episodic_return=0.0
global_step=484428, episodic_return=0.0
global_step=484436, episodic_return=0.0
global_step=484436, episodic_return=0.0
global_step=484576, episodic_return=0.694
global_step=484600, episodic_return=0.6399999999999999
global_step=484744, episodic_return=0.631
global_step=484760, episodic_return=0.0
global_step=484780, episodic_return=0.9279999999999999
global_step=484832, episodic_return=0.0
SPS: 2903
global_step=485004, episodic_return=0.0
global_step=485164, episodic_return=0.0
global_step=485184, episodic_return=0.0
global_step=485236, episodic_return=0.0
global_step=485324, episodic_return=0.8109999999999999
SPS: 2903
global_step=485408, episodic_return=0.0
global_step=485568, episodic_return=0.0
global_step=485588, episodic_return=0.0
global_step=485632, episodic_return=0.865
global_step=485728, episodic_return=0.0
global_step=485812, episodic_return=0.0
SPS: 2903
global_step=485992, episodic_return=0.0
global_step=486036, episodic_return=0.0
global_step=486096, episodic_return=0.775
global_step=486132, episodic_return=0.0
global_step=486216, episodic_return=0.0
global_step=486360, episodic_return=0.685
global_step=486384, episodic_return=0.955
SPS: 2903
global_step=486440, episodic_return=0.0
global_step=486500, episodic_return=0.0
global_step=486536, episodic_return=0.0
global_step=486788, episodic_return=0.0
global_step=486844, episodic_return=0.0
global_step=486904, episodic_return=0.0
SPS: 2903
global_step=486940, episodic_return=0.0
global_step=487192, episodic_return=0.0
global_step=487248, episodic_return=0.0
global_step=487308, episodic_return=0.0
global_step=487344, episodic_return=0.0
SPS: 2903
global_step=487596, episodic_return=0.0
global_step=487652, episodic_return=0.0
global_step=487712, episodic_return=0.0
global_step=487748, episodic_return=0.0
SPS: 2903
global_step=488000, episodic_return=0.0
global_step=488056, episodic_return=0.0
global_step=488116, episodic_return=0.0
global_step=488120, episodic_return=0.739
global_step=488152, episodic_return=0.0
global_step=488204, episodic_return=0.82
global_step=488268, episodic_return=0.865
global_step=488404, episodic_return=0.361
SPS: 2903
global_step=488460, episodic_return=0.0
global_step=488544, episodic_return=0.3879999999999999
global_step=488556, episodic_return=0.0
global_step=488700, episodic_return=0.6579999999999999
global_step=488808, episodic_return=0.0
global_step=488864, episodic_return=0.0
global_step=488960, episodic_return=0.0
SPS: 2903
global_step=489040, episodic_return=0.829
global_step=489072, episodic_return=0.9369999999999999
global_step=489104, episodic_return=0.0
global_step=489212, episodic_return=0.0
global_step=489228, episodic_return=0.6579999999999999
global_step=489268, episodic_return=0.0
SPS: 2903
global_step=489508, episodic_return=0.0
global_step=489616, episodic_return=0.0
global_step=489632, episodic_return=0.0
global_step=489672, episodic_return=0.0
global_step=489724, episodic_return=0.5229999999999999
SPS: 2903
global_step=490020, episodic_return=0.0
global_step=490036, episodic_return=0.0
global_step=490076, episodic_return=0.0
global_step=490128, episodic_return=0.0
global_step=490360, episodic_return=0.487
global_step=490424, episodic_return=0.0
global_step=490440, episodic_return=0.0
global_step=490460, episodic_return=0.9279999999999999
global_step=490480, episodic_return=0.0
SPS: 2903
global_step=490564, episodic_return=0.775
global_step=490764, episodic_return=0.0
global_step=490844, episodic_return=0.0
global_step=490860, episodic_return=0.7929999999999999
global_step=490884, episodic_return=0.0
global_step=490968, episodic_return=0.0
SPS: 2903
global_step=491248, episodic_return=0.0
global_step=491264, episodic_return=0.0
global_step=491288, episodic_return=0.0
global_step=491352, episodic_return=0.8109999999999999
global_step=491372, episodic_return=0.0
SPS: 2903
global_step=491560, episodic_return=0.5409999999999999
global_step=491652, episodic_return=0.0
global_step=491692, episodic_return=0.0
global_step=491712, episodic_return=0.667
global_step=491732, episodic_return=0.964
global_step=491776, episodic_return=0.0
SPS: 2903
global_step=492056, episodic_return=0.0
global_step=492096, episodic_return=0.0
global_step=492136, episodic_return=0.0
global_step=492180, episodic_return=0.0
global_step=492460, episodic_return=0.0
global_step=492500, episodic_return=0.0
global_step=492540, episodic_return=0.0
SPS: 2903
global_step=492556, episodic_return=0.973
global_step=492584, episodic_return=0.0
global_step=492864, episodic_return=0.0
global_step=492904, episodic_return=0.0
global_step=492960, episodic_return=0.0
global_step=492988, episodic_return=0.0
SPS: 2903
global_step=493176, episodic_return=0.3969999999999999
global_step=493268, episodic_return=0.0
global_step=493364, episodic_return=0.0
global_step=493392, episodic_return=0.0
SPS: 2903
global_step=493580, episodic_return=0.0
global_step=493672, episodic_return=0.0
global_step=493768, episodic_return=0.0
global_step=493796, episodic_return=0.0
global_step=493924, episodic_return=0.44199999999999995
global_step=493984, episodic_return=0.0
SPS: 2903
global_step=494172, episodic_return=0.0
global_step=494200, episodic_return=0.0
global_step=494328, episodic_return=0.0
global_step=494388, episodic_return=0.0
global_step=494428, episodic_return=0.919
global_step=494576, episodic_return=0.0
SPS: 2903
global_step=494604, episodic_return=0.0
global_step=494732, episodic_return=0.0
global_step=494832, episodic_return=0.0
global_step=494980, episodic_return=0.0
global_step=495008, episodic_return=0.0
global_step=495016, episodic_return=0.9279999999999999
SPS: 2903
global_step=495136, episodic_return=0.0
global_step=495160, episodic_return=0.667
global_step=495236, episodic_return=0.0
global_step=495388, episodic_return=0.17199999999999993
global_step=495540, episodic_return=0.0
global_step=495564, episodic_return=0.0
SPS: 2903
global_step=495640, episodic_return=0.0
global_step=495792, episodic_return=0.0
global_step=495944, episodic_return=0.0
global_step=495968, episodic_return=0.0
global_step=496044, episodic_return=0.0
global_step=496052, episodic_return=0.82
SPS: 2903
global_step=496196, episodic_return=0.0
global_step=496348, episodic_return=0.0
global_step=496448, episodic_return=0.0
global_step=496456, episodic_return=0.0
global_step=496600, episodic_return=0.0
SPS: 2903
global_step=496644, episodic_return=0.5680000000000001
global_step=496744, episodic_return=0.784
global_step=496752, episodic_return=0.0
global_step=496860, episodic_return=0.0
global_step=497004, episodic_return=0.0
global_step=497016, episodic_return=0.3969999999999999
SPS: 2903
global_step=497156, episodic_return=0.0
global_step=497236, episodic_return=0.16299999999999992
global_step=497408, episodic_return=0.0
global_step=497420, episodic_return=0.0
global_step=497448, episodic_return=0.352
global_step=497468, episodic_return=0.901
global_step=497520, episodic_return=0.892
global_step=497640, episodic_return=0.0
SPS: 2903
global_step=497748, episodic_return=0.766
global_step=497776, episodic_return=0.946
global_step=497812, episodic_return=0.0
global_step=497852, episodic_return=0.0
global_step=497924, episodic_return=0.0
global_step=498068, episodic_return=0.5229999999999999
SPS: 2903
global_step=498180, episodic_return=0.0
global_step=498216, episodic_return=0.0
global_step=498328, episodic_return=0.0
global_step=498472, episodic_return=0.0
global_step=498584, episodic_return=0.0
global_step=498620, episodic_return=0.0
SPS: 2903
global_step=498732, episodic_return=0.0
global_step=498824, episodic_return=0.21699999999999997
global_step=498988, episodic_return=0.0
global_step=499024, episodic_return=0.0
global_step=499048, episodic_return=0.5049999999999999
global_step=499136, episodic_return=0.0
global_step=499184, episodic_return=0.649
SPS: 2903
global_step=499392, episodic_return=0.0
global_step=499452, episodic_return=0.0
global_step=499540, episodic_return=0.6759999999999999
global_step=499540, episodic_return=0.0
global_step=499588, episodic_return=0.0
SPS: 2903
Saved agent to runs/grandom_yrandom__cond_D__1__1779561465/agent.pt
[1;34mwandb[0m: 
[1;34mwandb[0m: 🚀 View run [33mgrandom_yrandom__cond_D__1__1779561465[0m at: [34mhttps://wandb.ai/animeconqueror108-university-of-southern-mississippi/ppo-spurious/runs/xp3v618k[0m
[1;34mwandb[0m: Find logs at: [1;35mwandb/run-20260523_133746-xp3v618k/logs[0m
[done] Sat May 23 01:40:43 PM CDT 2026  name=cond_D
