Unloading shared
  WARNING: Did not unuse /cm/shared/modulefiles
[start] Sat May 23 01:12:40 PM CDT 2026  host=node047  task=1  name=baseline_random
name
NVIDIA L40S
global_step=400, episodic_return=0.0
global_step=400, episodic_return=0.0
global_step=400, episodic_return=0.0
global_step=400, episodic_return=0.0
SPS: 75
global_step=804, episodic_return=0.0
global_step=804, episodic_return=0.0
global_step=804, episodic_return=0.0
global_step=804, episodic_return=0.0
global_step=1004, episodic_return=0.5589999999999999
SPS: 147
global_step=1208, episodic_return=0.0
global_step=1208, episodic_return=0.0
global_step=1208, episodic_return=0.0
global_step=1408, episodic_return=0.0
SPS: 216
global_step=1604, episodic_return=0.118
global_step=1612, episodic_return=0.0
global_step=1612, episodic_return=0.0
global_step=1648, episodic_return=0.9279999999999999
global_step=1812, episodic_return=0.0
global_step=2008, episodic_return=0.0
global_step=2016, episodic_return=0.0
SPS: 283
global_step=2052, episodic_return=0.91
global_step=2052, episodic_return=0.0
global_step=2100, episodic_return=0.361
global_step=2420, episodic_return=0.0
global_step=2456, episodic_return=0.0
global_step=2456, episodic_return=0.0
global_step=2504, episodic_return=0.0
SPS: 347
global_step=2824, episodic_return=0.0
global_step=2860, episodic_return=0.0
global_step=2860, episodic_return=0.0
global_step=2908, episodic_return=0.0
SPS: 408
global_step=3228, episodic_return=0.0
global_step=3264, episodic_return=0.0
global_step=3264, episodic_return=0.0
global_step=3312, episodic_return=0.0
SPS: 467
global_step=3632, episodic_return=0.0
global_step=3668, episodic_return=0.0
global_step=3668, episodic_return=0.0
global_step=3716, episodic_return=0.0
global_step=4036, episodic_return=0.0
global_step=4072, episodic_return=0.0
global_step=4072, episodic_return=0.0
SPS: 524
global_step=4120, episodic_return=0.0
global_step=4440, episodic_return=0.0
global_step=4476, episodic_return=0.0
global_step=4476, episodic_return=0.0
global_step=4524, episodic_return=0.0
SPS: 579
global_step=4844, episodic_return=0.0
global_step=4880, episodic_return=0.0
global_step=4880, episodic_return=0.0
global_step=4928, episodic_return=0.0
SPS: 633
global_step=5248, episodic_return=0.0
global_step=5284, episodic_return=0.0
global_step=5284, episodic_return=0.0
global_step=5332, episodic_return=0.0
SPS: 685
global_step=5652, episodic_return=0.0
global_step=5688, episodic_return=0.0
global_step=5688, episodic_return=0.0
global_step=5736, episodic_return=0.0
global_step=6056, episodic_return=0.0
global_step=6092, episodic_return=0.0
global_step=6092, episodic_return=0.0
global_step=6140, episodic_return=0.0
SPS: 734
global_step=6460, episodic_return=0.0
global_step=6496, episodic_return=0.0
global_step=6496, episodic_return=0.0
global_step=6544, episodic_return=0.0
SPS: 782
global_step=6864, episodic_return=0.0
global_step=6900, episodic_return=0.0
global_step=6900, episodic_return=0.0
global_step=6948, episodic_return=0.0
SPS: 828
global_step=7268, episodic_return=0.0
global_step=7304, episodic_return=0.0
global_step=7304, episodic_return=0.0
global_step=7352, episodic_return=0.0
global_step=7672, episodic_return=0.0
SPS: 873
global_step=7708, episodic_return=0.0
global_step=7708, episodic_return=0.0
global_step=7756, episodic_return=0.0
global_step=8076, episodic_return=0.0
global_step=8112, episodic_return=0.0
global_step=8112, episodic_return=0.0
global_step=8160, episodic_return=0.0
SPS: 917
global_step=8480, episodic_return=0.0
global_step=8516, episodic_return=0.0
global_step=8516, episodic_return=0.0
global_step=8564, episodic_return=0.0
SPS: 958
global_step=8884, episodic_return=0.0
global_step=8920, episodic_return=0.0
global_step=8920, episodic_return=0.0
global_step=8968, episodic_return=0.0
SPS: 999
global_step=9288, episodic_return=0.0
global_step=9324, episodic_return=0.0
global_step=9324, episodic_return=0.0
global_step=9372, episodic_return=0.0
global_step=9692, episodic_return=0.0
global_step=9728, episodic_return=0.0
global_step=9728, episodic_return=0.0
SPS: 1039
global_step=9776, episodic_return=0.0
global_step=10096, episodic_return=0.09999999999999998
global_step=10132, episodic_return=0.0
global_step=10132, episodic_return=0.0
global_step=10180, episodic_return=0.0
SPS: 1077
global_step=10500, episodic_return=0.0
global_step=10536, episodic_return=0.0
global_step=10536, episodic_return=0.0
global_step=10584, episodic_return=0.0
SPS: 1115
global_step=10904, episodic_return=0.0
global_step=10940, episodic_return=0.0
global_step=10940, episodic_return=0.0
global_step=10988, episodic_return=0.0
SPS: 1152
global_step=11308, episodic_return=0.0
global_step=11344, episodic_return=0.0
global_step=11344, episodic_return=0.0
global_step=11392, episodic_return=0.0
global_step=11712, episodic_return=0.0
global_step=11748, episodic_return=0.0
global_step=11748, episodic_return=0.0
SPS: 1187
global_step=11796, episodic_return=0.0
global_step=12116, episodic_return=0.0
global_step=12152, episodic_return=0.0
global_step=12152, episodic_return=0.0
global_step=12200, episodic_return=0.0
SPS: 1221
global_step=12520, episodic_return=0.0
global_step=12556, episodic_return=0.0
global_step=12556, episodic_return=0.0
global_step=12604, episodic_return=0.0
SPS: 1255
global_step=12924, episodic_return=0.0
global_step=12960, episodic_return=0.0
global_step=12960, episodic_return=0.0
global_step=13008, episodic_return=0.0
SPS: 1287
global_step=13328, episodic_return=0.0
global_step=13364, episodic_return=0.0
global_step=13364, episodic_return=0.0
global_step=13412, episodic_return=0.0
global_step=13732, episodic_return=0.0
global_step=13768, episodic_return=0.0
global_step=13768, episodic_return=0.0
global_step=13816, episodic_return=0.0
SPS: 1318
global_step=14136, episodic_return=0.0
global_step=14160, episodic_return=0.127
global_step=14172, episodic_return=0.0
global_step=14220, episodic_return=0.0
global_step=14260, episodic_return=0.919
SPS: 1349
global_step=14440, episodic_return=0.604
global_step=14540, episodic_return=0.0
global_step=14564, episodic_return=0.0
global_step=14576, episodic_return=0.0
global_step=14844, episodic_return=0.0
SPS: 1378
global_step=14944, episodic_return=0.0
global_step=14968, episodic_return=0.0
global_step=14980, episodic_return=0.0
global_step=15012, episodic_return=0.631
global_step=15348, episodic_return=0.0
SPS: 1408
global_step=15372, episodic_return=0.0
global_step=15384, episodic_return=0.0
global_step=15416, episodic_return=0.0
global_step=15752, episodic_return=0.0
global_step=15776, episodic_return=0.0
global_step=15788, episodic_return=0.0
global_step=15820, episodic_return=0.0
SPS: 1434
global_step=16156, episodic_return=0.0
global_step=16180, episodic_return=0.0
global_step=16192, episodic_return=0.0
global_step=16224, episodic_return=0.0
SPS: 1460
global_step=16560, episodic_return=0.0
global_step=16584, episodic_return=0.0
global_step=16596, episodic_return=0.0
global_step=16628, episodic_return=0.0
SPS: 1487
global_step=16964, episodic_return=0.0
global_step=16988, episodic_return=0.0
global_step=17000, episodic_return=0.0
global_step=17032, episodic_return=0.0
global_step=17368, episodic_return=0.0
global_step=17392, episodic_return=0.0
global_step=17404, episodic_return=0.0
SPS: 1514
global_step=17436, episodic_return=0.0
global_step=17772, episodic_return=0.0
global_step=17796, episodic_return=0.0
global_step=17808, episodic_return=0.0
global_step=17840, episodic_return=0.0
SPS: 1539
global_step=18176, episodic_return=0.0
global_step=18200, episodic_return=0.0
global_step=18212, episodic_return=0.0
global_step=18244, episodic_return=0.0
SPS: 1565
global_step=18580, episodic_return=0.0
global_step=18604, episodic_return=0.0
global_step=18616, episodic_return=0.0
global_step=18648, episodic_return=0.0
SPS: 1590
global_step=18984, episodic_return=0.0
global_step=19008, episodic_return=0.0
global_step=19020, episodic_return=0.0
global_step=19052, episodic_return=0.0
global_step=19388, episodic_return=0.0
global_step=19412, episodic_return=0.0
global_step=19424, episodic_return=0.0
global_step=19456, episodic_return=0.0
SPS: 1613
global_step=19792, episodic_return=0.0
global_step=19816, episodic_return=0.0
global_step=19828, episodic_return=0.0
global_step=19860, episodic_return=0.0
SPS: 1636
global_step=20196, episodic_return=0.0
global_step=20220, episodic_return=0.0
global_step=20232, episodic_return=0.0
global_step=20264, episodic_return=0.0
SPS: 1659
global_step=20600, episodic_return=0.0
global_step=20624, episodic_return=0.0
global_step=20636, episodic_return=0.0
global_step=20668, episodic_return=0.0
SPS: 1682
global_step=21004, episodic_return=0.0
global_step=21028, episodic_return=0.0
global_step=21040, episodic_return=0.0
global_step=21072, episodic_return=0.0
global_step=21408, episodic_return=0.0
global_step=21432, episodic_return=0.0
global_step=21444, episodic_return=0.0
global_step=21472, episodic_return=0.946
global_step=21476, episodic_return=0.0
SPS: 1702
global_step=21812, episodic_return=0.0
global_step=21836, episodic_return=0.0
global_step=21876, episodic_return=0.0
global_step=21880, episodic_return=0.0
SPS: 1724
global_step=22216, episodic_return=0.0
global_step=22240, episodic_return=0.0
global_step=22280, episodic_return=0.0
global_step=22284, episodic_return=0.0
SPS: 1745
global_step=22620, episodic_return=0.0
global_step=22644, episodic_return=0.0
global_step=22684, episodic_return=0.0
global_step=22688, episodic_return=0.0
global_step=23024, episodic_return=0.0
SPS: 1765
global_step=23048, episodic_return=0.0
global_step=23088, episodic_return=0.0
global_step=23092, episodic_return=0.0
global_step=23428, episodic_return=0.0
global_step=23452, episodic_return=0.0
global_step=23492, episodic_return=0.0
global_step=23496, episodic_return=0.0
SPS: 1784
global_step=23832, episodic_return=0.0
global_step=23856, episodic_return=0.0
global_step=23896, episodic_return=0.0
global_step=23900, episodic_return=0.0
SPS: 1804
global_step=24236, episodic_return=0.0
global_step=24260, episodic_return=0.0
global_step=24300, episodic_return=0.0
global_step=24304, episodic_return=0.0
SPS: 1823
global_step=24640, episodic_return=0.0
global_step=24664, episodic_return=0.0
global_step=24704, episodic_return=0.0
global_step=24708, episodic_return=0.0
global_step=25044, episodic_return=0.0
global_step=25068, episodic_return=0.0
SPS: 1842
global_step=25108, episodic_return=0.0
global_step=25112, episodic_return=0.0
global_step=25448, episodic_return=0.0
global_step=25472, episodic_return=0.0
global_step=25512, episodic_return=0.0
global_step=25516, episodic_return=0.0
SPS: 1860
global_step=25608, episodic_return=0.7929999999999999
global_step=25616, episodic_return=0.685
global_step=25852, episodic_return=0.0
global_step=25920, episodic_return=0.0
global_step=26012, episodic_return=0.0
global_step=26020, episodic_return=0.0
SPS: 1877
global_step=26256, episodic_return=0.0
global_step=26324, episodic_return=0.0
global_step=26416, episodic_return=0.0
global_step=26424, episodic_return=0.0
SPS: 1894
global_step=26660, episodic_return=0.0
global_step=26728, episodic_return=0.0
global_step=26820, episodic_return=0.0
global_step=26828, episodic_return=0.0
global_step=27064, episodic_return=0.0
global_step=27132, episodic_return=0.0
SPS: 1910
global_step=27224, episodic_return=0.0
global_step=27232, episodic_return=0.0
global_step=27468, episodic_return=0.0
global_step=27536, episodic_return=0.0
global_step=27628, episodic_return=0.0
global_step=27636, episodic_return=0.0
SPS: 1926
global_step=27872, episodic_return=0.0
global_step=27940, episodic_return=0.0
global_step=28032, episodic_return=0.0
global_step=28040, episodic_return=0.0
SPS: 1943
global_step=28276, episodic_return=0.0
global_step=28344, episodic_return=0.0
global_step=28436, episodic_return=0.0
global_step=28444, episodic_return=0.0
SPS: 1959
global_step=28680, episodic_return=0.0
global_step=28748, episodic_return=0.0
global_step=28840, episodic_return=0.0
global_step=28848, episodic_return=0.0
global_step=29084, episodic_return=0.0
global_step=29152, episodic_return=0.0
SPS: 1975
global_step=29244, episodic_return=0.0
global_step=29252, episodic_return=0.0
global_step=29488, episodic_return=0.0
global_step=29556, episodic_return=0.0
global_step=29648, episodic_return=0.0
global_step=29656, episodic_return=0.0
SPS: 1990
global_step=29892, episodic_return=0.0
global_step=29960, episodic_return=0.0
global_step=30052, episodic_return=0.0
global_step=30060, episodic_return=0.0
SPS: 2005
global_step=30296, episodic_return=0.0
global_step=30364, episodic_return=0.0
global_step=30384, episodic_return=0.2799999999999999
global_step=30456, episodic_return=0.0
global_step=30700, episodic_return=0.0
SPS: 2020
global_step=30768, episodic_return=0.0
global_step=30788, episodic_return=0.0
global_step=30824, episodic_return=0.18099999999999994
global_step=31104, episodic_return=0.0
global_step=31172, episodic_return=0.0
global_step=31192, episodic_return=0.0
global_step=31228, episodic_return=0.0
SPS: 2035
global_step=31508, episodic_return=0.0
global_step=31576, episodic_return=0.0
global_step=31596, episodic_return=0.0
global_step=31632, episodic_return=0.0
SPS: 2049
global_step=31912, episodic_return=0.0
global_step=31980, episodic_return=0.0
global_step=32000, episodic_return=0.0
global_step=32036, episodic_return=0.0
SPS: 2064
global_step=32316, episodic_return=0.0
global_step=32384, episodic_return=0.0
global_step=32404, episodic_return=0.0
global_step=32440, episodic_return=0.0
global_step=32720, episodic_return=0.0
SPS: 2078
global_step=32788, episodic_return=0.0
global_step=32808, episodic_return=0.0
global_step=32844, episodic_return=0.0
global_step=33124, episodic_return=0.0
global_step=33192, episodic_return=0.0
global_step=33212, episodic_return=0.0
global_step=33248, episodic_return=0.0
SPS: 2091
global_step=33528, episodic_return=0.0
global_step=33596, episodic_return=0.0
global_step=33616, episodic_return=0.0
global_step=33624, episodic_return=0.946
global_step=33652, episodic_return=0.0
SPS: 2100
global_step=33932, episodic_return=0.0
global_step=34020, episodic_return=0.0
global_step=34028, episodic_return=0.0
global_step=34056, episodic_return=0.0
SPS: 2114
global_step=34336, episodic_return=0.0
global_step=34424, episodic_return=0.0
global_step=34432, episodic_return=0.0
global_step=34460, episodic_return=0.0
global_step=34740, episodic_return=0.0
SPS: 2127
global_step=34828, episodic_return=0.0
global_step=34836, episodic_return=0.0
global_step=34864, episodic_return=0.0
global_step=35144, episodic_return=0.0
global_step=35232, episodic_return=0.0
global_step=35240, episodic_return=0.0
global_step=35268, episodic_return=0.0
SPS: 2139
global_step=35548, episodic_return=0.0
global_step=35576, episodic_return=0.946
global_step=35636, episodic_return=0.0
global_step=35644, episodic_return=0.0
global_step=35672, episodic_return=0.0
SPS: 2152
global_step=35980, episodic_return=0.0
global_step=36040, episodic_return=0.0
global_step=36048, episodic_return=0.0
global_step=36076, episodic_return=0.0
SPS: 2165
global_step=36384, episodic_return=0.0
global_step=36424, episodic_return=0.16299999999999992
global_step=36444, episodic_return=0.0
global_step=36480, episodic_return=0.0
global_step=36788, episodic_return=0.0
global_step=36828, episodic_return=0.0
global_step=36848, episodic_return=0.0
SPS: 2177
global_step=36884, episodic_return=0.0
global_step=37192, episodic_return=0.0
global_step=37232, episodic_return=0.0
global_step=37252, episodic_return=0.0
global_step=37288, episodic_return=0.0
SPS: 2188
global_step=37596, episodic_return=0.0
global_step=37636, episodic_return=0.0
global_step=37656, episodic_return=0.0
global_step=37692, episodic_return=0.0
global_step=37784, episodic_return=0.802
SPS: 2200
global_step=38000, episodic_return=0.0
global_step=38040, episodic_return=0.0
global_step=38060, episodic_return=0.0
global_step=38188, episodic_return=0.0
SPS: 2212
global_step=38404, episodic_return=0.0
global_step=38444, episodic_return=0.0
global_step=38464, episodic_return=0.0
global_step=38492, episodic_return=0.8109999999999999
global_step=38592, episodic_return=0.0
global_step=38848, episodic_return=0.0
global_step=38868, episodic_return=0.0
global_step=38896, episodic_return=0.0
SPS: 2223
global_step=38996, episodic_return=0.0
global_step=39252, episodic_return=0.0
global_step=39272, episodic_return=0.0
global_step=39300, episodic_return=0.0
global_step=39400, episodic_return=0.0
SPS: 2234
global_step=39656, episodic_return=0.0
global_step=39676, episodic_return=0.0
global_step=39704, episodic_return=0.0
global_step=39804, episodic_return=0.0
SPS: 2246
global_step=40060, episodic_return=0.0
global_step=40080, episodic_return=0.0
global_step=40108, episodic_return=0.0
global_step=40208, episodic_return=0.0
SPS: 2256
global_step=40464, episodic_return=0.0
global_step=40484, episodic_return=0.0
global_step=40512, episodic_return=0.0
global_step=40612, episodic_return=0.0
global_step=40832, episodic_return=0.22599999999999998
global_step=40868, episodic_return=0.0
global_step=40916, episodic_return=0.0
SPS: 2266
global_step=41016, episodic_return=0.0
global_step=41236, episodic_return=0.0
global_step=41272, episodic_return=0.0
global_step=41320, episodic_return=0.0
global_step=41420, episodic_return=0.0
global_step=41424, episodic_return=0.667
SPS: 2277
global_step=41640, episodic_return=0.0
global_step=41724, episodic_return=0.0
global_step=41824, episodic_return=0.0
global_step=41828, episodic_return=0.0
global_step=41840, episodic_return=0.973
SPS: 2287
global_step=42044, episodic_return=0.0
global_step=42128, episodic_return=0.0
global_step=42200, episodic_return=0.17199999999999993
global_step=42244, episodic_return=0.0
global_step=42448, episodic_return=0.0
SPS: 2297
global_step=42532, episodic_return=0.0
global_step=42604, episodic_return=0.0
global_step=42648, episodic_return=0.0
global_step=42852, episodic_return=0.0
global_step=42936, episodic_return=0.0
global_step=43008, episodic_return=0.0
SPS: 2307
global_step=43052, episodic_return=0.0
global_step=43256, episodic_return=0.0
global_step=43340, episodic_return=0.0
global_step=43412, episodic_return=0.0
global_step=43456, episodic_return=0.0
SPS: 2316
global_step=43660, episodic_return=0.0
global_step=43744, episodic_return=0.0
global_step=43816, episodic_return=0.0
global_step=43860, episodic_return=0.0
SPS: 2326
global_step=44064, episodic_return=0.0
global_step=44148, episodic_return=0.0
global_step=44220, episodic_return=0.0
global_step=44264, episodic_return=0.0
global_step=44288, episodic_return=0.5049999999999999
SPS: 2335
global_step=44552, episodic_return=0.0
global_step=44624, episodic_return=0.0
global_step=44668, episodic_return=0.0
global_step=44692, episodic_return=0.0
global_step=44956, episodic_return=0.0
global_step=45028, episodic_return=0.0
SPS: 2345
global_step=45072, episodic_return=0.0
global_step=45096, episodic_return=0.0
global_step=45360, episodic_return=0.0
global_step=45432, episodic_return=0.0
global_step=45476, episodic_return=0.0
global_step=45500, episodic_return=0.0
SPS: 2354
global_step=45656, episodic_return=0.604
global_step=45764, episodic_return=0.0
global_step=45836, episodic_return=0.0
global_step=45904, episodic_return=0.0
global_step=45944, episodic_return=0.766
global_step=46060, episodic_return=0.0
SPS: 2363
global_step=46116, episodic_return=0.21699999999999997
global_step=46308, episodic_return=0.0
global_step=46348, episodic_return=0.0
global_step=46464, episodic_return=0.0
global_step=46520, episodic_return=0.0
SPS: 2371
global_step=46712, episodic_return=0.0
global_step=46752, episodic_return=0.0
global_step=46868, episodic_return=0.0
global_step=46924, episodic_return=0.0
SPS: 2381
global_step=47116, episodic_return=0.0
global_step=47156, episodic_return=0.0
global_step=47272, episodic_return=0.0
global_step=47328, episodic_return=0.0
global_step=47508, episodic_return=0.127
global_step=47560, episodic_return=0.0
SPS: 2389
global_step=47676, episodic_return=0.0
global_step=47732, episodic_return=0.0
global_step=47912, episodic_return=0.0
global_step=47932, episodic_return=0.43299999999999994
global_step=47964, episodic_return=0.0
SPS: 2398
global_step=48136, episodic_return=0.0
global_step=48316, episodic_return=0.0
global_step=48336, episodic_return=0.0
global_step=48368, episodic_return=0.0
global_step=48540, episodic_return=0.0
SPS: 2406
global_step=48720, episodic_return=0.0
global_step=48740, episodic_return=0.0
global_step=48772, episodic_return=0.0
global_step=48944, episodic_return=0.0
global_step=49124, episodic_return=0.0
global_step=49144, episodic_return=0.0
SPS: 2414
global_step=49176, episodic_return=0.0
global_step=49348, episodic_return=0.0
global_step=49528, episodic_return=0.0
global_step=49548, episodic_return=0.0
global_step=49580, episodic_return=0.0
SPS: 2422
global_step=49752, episodic_return=0.0
global_step=49932, episodic_return=0.0
global_step=49952, episodic_return=0.0
global_step=49984, episodic_return=0.0
global_step=50088, episodic_return=0.703
global_step=50156, episodic_return=0.0
SPS: 2430
global_step=50336, episodic_return=0.0
global_step=50388, episodic_return=0.0
global_step=50492, episodic_return=0.0
global_step=50560, episodic_return=0.0
SPS: 2438
global_step=50740, episodic_return=0.0
global_step=50792, episodic_return=0.0
global_step=50896, episodic_return=0.0
global_step=50964, episodic_return=0.0
global_step=51144, episodic_return=0.0
global_step=51196, episodic_return=0.0
SPS: 2446
global_step=51300, episodic_return=0.0
global_step=51368, episodic_return=0.0
global_step=51548, episodic_return=0.0
global_step=51600, episodic_return=0.0
global_step=51704, episodic_return=0.0
SPS: 2451
global_step=51772, episodic_return=0.0
global_step=51952, episodic_return=0.0
global_step=52004, episodic_return=0.0
global_step=52108, episodic_return=0.0
global_step=52176, episodic_return=0.0
SPS: 2458
global_step=52356, episodic_return=0.0
global_step=52408, episodic_return=0.0
global_step=52512, episodic_return=0.0
global_step=52580, episodic_return=0.0
global_step=52668, episodic_return=0.42399999999999993
SPS: 2466
global_step=52760, episodic_return=0.0
global_step=52916, episodic_return=0.0
global_step=52984, episodic_return=0.0
global_step=53072, episodic_return=0.0
global_step=53164, episodic_return=0.0
SPS: 2473
global_step=53320, episodic_return=0.0
global_step=53388, episodic_return=0.0
global_step=53476, episodic_return=0.0
global_step=53568, episodic_return=0.0
global_step=53724, episodic_return=0.0
SPS: 2481
global_step=53792, episodic_return=0.0
global_step=53880, episodic_return=0.0
global_step=53972, episodic_return=0.0
global_step=54128, episodic_return=0.0
global_step=54196, episodic_return=0.0
SPS: 2486
global_step=54284, episodic_return=0.0
global_step=54376, episodic_return=0.0
global_step=54532, episodic_return=0.0
global_step=54600, episodic_return=0.0
global_step=54688, episodic_return=0.0
global_step=54780, episodic_return=0.0
SPS: 2492
global_step=54936, episodic_return=0.0
global_step=55004, episodic_return=0.0
global_step=55092, episodic_return=0.0
global_step=55184, episodic_return=0.0
SPS: 2499
global_step=55340, episodic_return=0.0
global_step=55408, episodic_return=0.0
global_step=55496, episodic_return=0.0
global_step=55588, episodic_return=0.0
global_step=55628, episodic_return=0.919
global_step=55744, episodic_return=0.0
SPS: 2506
global_step=55812, episodic_return=0.0
global_step=55900, episodic_return=0.0
global_step=56032, episodic_return=0.0
global_step=56148, episodic_return=0.0
global_step=56216, episodic_return=0.0
global_step=56304, episodic_return=0.0
SPS: 2512
global_step=56436, episodic_return=0.0
global_step=56460, episodic_return=0.6579999999999999
global_step=56552, episodic_return=0.0
global_step=56620, episodic_return=0.0
SPS: 2519
global_step=56840, episodic_return=0.0
global_step=56864, episodic_return=0.0
global_step=56888, episodic_return=0.901
global_step=56956, episodic_return=0.0
global_step=57024, episodic_return=0.0
global_step=57268, episodic_return=0.0
global_step=57292, episodic_return=0.0
SPS: 2526
global_step=57360, episodic_return=0.0
global_step=57428, episodic_return=0.0
global_step=57672, episodic_return=0.0
global_step=57696, episodic_return=0.0
global_step=57764, episodic_return=0.0
global_step=57832, episodic_return=0.0
SPS: 2532
global_step=58076, episodic_return=0.0
global_step=58100, episodic_return=0.0
global_step=58168, episodic_return=0.0
global_step=58236, episodic_return=0.0
SPS: 2539
global_step=58480, episodic_return=0.0
global_step=58504, episodic_return=0.0
global_step=58572, episodic_return=0.0
global_step=58640, episodic_return=0.0
SPS: 2545
global_step=58884, episodic_return=0.0
global_step=58908, episodic_return=0.0
global_step=58976, episodic_return=0.0
global_step=59044, episodic_return=0.0
global_step=59096, episodic_return=0.532
global_step=59312, episodic_return=0.0
global_step=59380, episodic_return=0.0
SPS: 2551
global_step=59448, episodic_return=0.0
global_step=59500, episodic_return=0.0
global_step=59668, episodic_return=0.631
global_step=59716, episodic_return=0.0
global_step=59784, episodic_return=0.0
global_step=59852, episodic_return=0.0
SPS: 2557
global_step=60072, episodic_return=0.0
global_step=60120, episodic_return=0.0
global_step=60188, episodic_return=0.0
global_step=60256, episodic_return=0.0
SPS: 2564
global_step=60476, episodic_return=0.0
global_step=60524, episodic_return=0.0
global_step=60592, episodic_return=0.0
global_step=60660, episodic_return=0.0
global_step=60880, episodic_return=0.0
global_step=60928, episodic_return=0.0
SPS: 2570
global_step=60996, episodic_return=0.0
global_step=61064, episodic_return=0.0
global_step=61284, episodic_return=0.0
global_step=61332, episodic_return=0.0
global_step=61400, episodic_return=0.0
SPS: 2576
global_step=61468, episodic_return=0.0
global_step=61688, episodic_return=0.0
global_step=61736, episodic_return=0.0
global_step=61804, episodic_return=0.0
global_step=61872, episodic_return=0.0
SPS: 2582
global_step=62092, episodic_return=0.0
global_step=62140, episodic_return=0.0
global_step=62208, episodic_return=0.0
global_step=62276, episodic_return=0.0
SPS: 2588
global_step=62496, episodic_return=0.0
global_step=62544, episodic_return=0.0
global_step=62612, episodic_return=0.0
global_step=62680, episodic_return=0.0
global_step=62900, episodic_return=0.0
global_step=62948, episodic_return=0.0
SPS: 2594
global_step=63016, episodic_return=0.0
global_step=63084, episodic_return=0.0
global_step=63240, episodic_return=0.244
global_step=63352, episodic_return=0.0
global_step=63420, episodic_return=0.0
global_step=63488, episodic_return=0.0
SPS: 2600
global_step=63644, episodic_return=0.0
global_step=63756, episodic_return=0.0
global_step=63824, episodic_return=0.0
global_step=63892, episodic_return=0.0
SPS: 2605
global_step=64048, episodic_return=0.0
global_step=64160, episodic_return=0.0
global_step=64228, episodic_return=0.0
global_step=64296, episodic_return=0.0
global_step=64452, episodic_return=0.0
SPS: 2611
global_step=64564, episodic_return=0.0
global_step=64632, episodic_return=0.0
global_step=64700, episodic_return=0.0
global_step=64724, episodic_return=0.3969999999999999
global_step=64968, episodic_return=0.0
SPS: 2617
global_step=65036, episodic_return=0.0
global_step=65104, episodic_return=0.0
global_step=65128, episodic_return=0.0
global_step=65372, episodic_return=0.0
global_step=65440, episodic_return=0.0
global_step=65508, episodic_return=0.0
global_step=65532, episodic_return=0.0
SPS: 2622
global_step=65776, episodic_return=0.0
global_step=65808, episodic_return=0.9369999999999999
global_step=65844, episodic_return=0.0
global_step=65912, episodic_return=0.0
global_step=65936, episodic_return=0.0
SPS: 2627
global_step=66212, episodic_return=0.0
global_step=66248, episodic_return=0.0
global_step=66316, episodic_return=0.0
global_step=66340, episodic_return=0.0
SPS: 2633
global_step=66616, episodic_return=0.0
global_step=66652, episodic_return=0.0
global_step=66720, episodic_return=0.0
global_step=66744, episodic_return=0.09999999999999998
global_step=67020, episodic_return=0.0
global_step=67056, episodic_return=0.0
SPS: 2638
global_step=67124, episodic_return=0.0
global_step=67148, episodic_return=0.0
global_step=67160, episodic_return=0.9279999999999999
global_step=67204, episodic_return=0.883
global_step=67424, episodic_return=0.0
global_step=67460, episodic_return=0.0
global_step=67564, episodic_return=0.0
SPS: 2643
global_step=67608, episodic_return=0.0
global_step=67828, episodic_return=0.0
global_step=67864, episodic_return=0.0
global_step=67968, episodic_return=0.0
global_step=68012, episodic_return=0.0
SPS: 2648
global_step=68232, episodic_return=0.0
global_step=68268, episodic_return=0.0
global_step=68372, episodic_return=0.0
global_step=68416, episodic_return=0.0
SPS: 2654
global_step=68636, episodic_return=0.0
global_step=68672, episodic_return=0.0
global_step=68776, episodic_return=0.0
global_step=68820, episodic_return=0.0
global_step=69040, episodic_return=0.0
global_step=69076, episodic_return=0.0
SPS: 2658
global_step=69180, episodic_return=0.0
global_step=69224, episodic_return=0.0
global_step=69444, episodic_return=0.0
global_step=69480, episodic_return=0.0
global_step=69584, episodic_return=0.0
global_step=69628, episodic_return=0.0
SPS: 2658
global_step=69848, episodic_return=0.0
global_step=69884, episodic_return=0.0
global_step=69988, episodic_return=0.0
global_step=70032, episodic_return=0.0
SPS: 2663
global_step=70220, episodic_return=0.586
global_step=70252, episodic_return=0.0
global_step=70288, episodic_return=0.0
global_step=70392, episodic_return=0.0
global_step=70624, episodic_return=0.0
global_step=70656, episodic_return=0.0
SPS: 2668
global_step=70692, episodic_return=0.0
global_step=70796, episodic_return=0.0
global_step=71028, episodic_return=0.0
global_step=71060, episodic_return=0.0
global_step=71096, episodic_return=0.0
SPS: 2674
global_step=71200, episodic_return=0.0
global_step=71432, episodic_return=0.0
global_step=71464, episodic_return=0.0
global_step=71500, episodic_return=0.0
global_step=71604, episodic_return=0.0
SPS: 2678
global_step=71836, episodic_return=0.0
global_step=71868, episodic_return=0.0
global_step=71904, episodic_return=0.0
global_step=72008, episodic_return=0.0
SPS: 2683
global_step=72240, episodic_return=0.0
global_step=72272, episodic_return=0.0
global_step=72308, episodic_return=0.0
global_step=72412, episodic_return=0.0
global_step=72532, episodic_return=0.5049999999999999
global_step=72644, episodic_return=0.0
global_step=72676, episodic_return=0.0
SPS: 2688
global_step=72816, episodic_return=0.0
global_step=72936, episodic_return=0.0
global_step=73048, episodic_return=0.0
global_step=73080, episodic_return=0.0
global_step=73104, episodic_return=0.883
global_step=73120, episodic_return=0.919
SPS: 2693
global_step=73220, episodic_return=0.0
global_step=73340, episodic_return=0.0
global_step=73508, episodic_return=0.0
global_step=73524, episodic_return=0.0
global_step=73624, episodic_return=0.0
SPS: 2697
global_step=73744, episodic_return=0.0
global_step=73912, episodic_return=0.0
global_step=73928, episodic_return=0.0
global_step=74028, episodic_return=0.0
global_step=74148, episodic_return=0.0
SPS: 2702
global_step=74316, episodic_return=0.0
global_step=74332, episodic_return=0.0
global_step=74432, episodic_return=0.0
global_step=74552, episodic_return=0.0
global_step=74720, episodic_return=0.0
global_step=74736, episodic_return=0.0
SPS: 2706
global_step=74836, episodic_return=0.0
global_step=74956, episodic_return=0.0
global_step=75124, episodic_return=0.0
global_step=75140, episodic_return=0.0
global_step=75240, episodic_return=0.0
SPS: 2711
global_step=75360, episodic_return=0.0
global_step=75528, episodic_return=0.0
global_step=75544, episodic_return=0.0
global_step=75632, episodic_return=0.775
global_step=75644, episodic_return=0.0
global_step=75648, episodic_return=0.775
global_step=75764, episodic_return=0.0
SPS: 2715
global_step=76036, episodic_return=0.0
global_step=76048, episodic_return=0.0
global_step=76052, episodic_return=0.0
global_step=76168, episodic_return=0.0
SPS: 2720
global_step=76440, episodic_return=0.0
global_step=76452, episodic_return=0.0
global_step=76456, episodic_return=0.0
global_step=76572, episodic_return=0.0
SPS: 2724
global_step=76844, episodic_return=0.0
global_step=76856, episodic_return=0.0
global_step=76860, episodic_return=0.0
global_step=76976, episodic_return=0.0
global_step=77228, episodic_return=0.17199999999999993
global_step=77248, episodic_return=0.0
global_step=77264, episodic_return=0.0
SPS: 2728
global_step=77380, episodic_return=0.0
global_step=77632, episodic_return=0.0
global_step=77652, episodic_return=0.0
global_step=77668, episodic_return=0.0
global_step=77784, episodic_return=0.0
SPS: 2733
global_step=78036, episodic_return=0.0
global_step=78056, episodic_return=0.0
global_step=78072, episodic_return=0.0
global_step=78188, episodic_return=0.0
SPS: 2737
global_step=78440, episodic_return=0.0
global_step=78460, episodic_return=0.0
global_step=78476, episodic_return=0.0
global_step=78552, episodic_return=0.757
global_step=78592, episodic_return=0.0
global_step=78592, episodic_return=0.712
global_step=78668, episodic_return=0.838
global_step=78760, episodic_return=0.5409999999999999
SPS: 2741
global_step=78880, episodic_return=0.0
global_step=78996, episodic_return=0.0
global_step=79072, episodic_return=0.0
global_step=79164, episodic_return=0.0
global_step=79284, episodic_return=0.0
SPS: 2745
global_step=79400, episodic_return=0.0
global_step=79476, episodic_return=0.0
global_step=79568, episodic_return=0.0
global_step=79688, episodic_return=0.0
global_step=79804, episodic_return=0.0
SPS: 2749
global_step=79880, episodic_return=0.0
global_step=79972, episodic_return=0.0
global_step=80092, episodic_return=0.0
global_step=80208, episodic_return=0.0
global_step=80284, episodic_return=0.0
global_step=80376, episodic_return=0.0
SPS: 2753
global_step=80496, episodic_return=0.0
global_step=80612, episodic_return=0.0
global_step=80624, episodic_return=0.982
global_step=80636, episodic_return=0.42399999999999993
global_step=80688, episodic_return=0.0
SPS: 2757
global_step=80900, episodic_return=0.0
global_step=81028, episodic_return=0.0
global_step=81040, episodic_return=0.0
global_step=81092, episodic_return=0.0
global_step=81188, episodic_return=0.649
global_step=81304, episodic_return=0.0
SPS: 2760
global_step=81444, episodic_return=0.0
global_step=81496, episodic_return=0.0
global_step=81592, episodic_return=0.0
global_step=81708, episodic_return=0.0
global_step=81848, episodic_return=0.0
global_step=81900, episodic_return=0.0
SPS: 2764
global_step=81996, episodic_return=0.0
global_step=82112, episodic_return=0.0
global_step=82160, episodic_return=0.901
global_step=82252, episodic_return=0.0
global_step=82304, episodic_return=0.0
global_step=82324, episodic_return=0.6399999999999999
global_step=82400, episodic_return=0.0
SPS: 2768
global_step=82656, episodic_return=0.0
global_step=82708, episodic_return=0.0
global_step=82728, episodic_return=0.0
global_step=82804, episodic_return=0.0
SPS: 2771
global_step=83060, episodic_return=0.0
global_step=83112, episodic_return=0.0
global_step=83132, episodic_return=0.0
global_step=83208, episodic_return=0.0
SPS: 2775
global_step=83464, episodic_return=0.0
global_step=83516, episodic_return=0.0
global_step=83536, episodic_return=0.0
global_step=83612, episodic_return=0.0
global_step=83868, episodic_return=0.0
global_step=83920, episodic_return=0.0
global_step=83940, episodic_return=0.0
SPS: 2779
global_step=84016, episodic_return=0.0
global_step=84272, episodic_return=0.0
global_step=84324, episodic_return=0.0
global_step=84344, episodic_return=0.0
global_step=84420, episodic_return=0.0
SPS: 2783
global_step=84676, episodic_return=0.0
global_step=84728, episodic_return=0.0
global_step=84748, episodic_return=0.0
global_step=84820, episodic_return=0.685
global_step=84824, episodic_return=0.0
SPS: 2786
global_step=85132, episodic_return=0.0
global_step=85152, episodic_return=0.0
global_step=85224, episodic_return=0.0
global_step=85228, episodic_return=0.0
SPS: 2790
global_step=85536, episodic_return=0.0
global_step=85556, episodic_return=0.0
global_step=85628, episodic_return=0.0
global_step=85632, episodic_return=0.0
global_step=85940, episodic_return=0.0
global_step=85960, episodic_return=0.0
SPS: 2794
global_step=86032, episodic_return=0.0
global_step=86036, episodic_return=0.0
global_step=86344, episodic_return=0.0
global_step=86364, episodic_return=0.0
global_step=86384, episodic_return=0.21699999999999997
global_step=86440, episodic_return=0.0
SPS: 2797
global_step=86748, episodic_return=0.0
global_step=86768, episodic_return=0.0
global_step=86788, episodic_return=0.0
global_step=86844, episodic_return=0.0
SPS: 2801
global_step=87152, episodic_return=0.0
global_step=87172, episodic_return=0.0
global_step=87192, episodic_return=0.0
global_step=87248, episodic_return=0.0
SPS: 2802
global_step=87556, episodic_return=0.0
global_step=87576, episodic_return=0.0
global_step=87596, episodic_return=0.0
global_step=87652, episodic_return=0.0
global_step=87960, episodic_return=0.0
global_step=87980, episodic_return=0.0
global_step=88000, episodic_return=0.0
global_step=88056, episodic_return=0.0
SPS: 2805
global_step=88212, episodic_return=0.6579999999999999
global_step=88364, episodic_return=0.0
global_step=88384, episodic_return=0.14500000000000002
global_step=88384, episodic_return=0.0
global_step=88540, episodic_return=0.6579999999999999
SPS: 2809
global_step=88616, episodic_return=0.0
global_step=88768, episodic_return=0.0
global_step=88788, episodic_return=0.0
global_step=88944, episodic_return=0.0
global_step=89020, episodic_return=0.0
SPS: 2812
global_step=89172, episodic_return=0.0
global_step=89192, episodic_return=0.0
global_step=89348, episodic_return=0.0
global_step=89424, episodic_return=0.0
global_step=89576, episodic_return=0.0
global_step=89596, episodic_return=0.0
SPS: 2815
global_step=89752, episodic_return=0.0
global_step=89828, episodic_return=0.0
global_step=89980, episodic_return=0.0
global_step=90000, episodic_return=0.0
SPS: 2818
global_step=90156, episodic_return=0.0
global_step=90232, episodic_return=0.0
global_step=90384, episodic_return=0.0
global_step=90404, episodic_return=0.0
global_step=90412, episodic_return=0.991
global_step=90560, episodic_return=0.0
SPS: 2821
global_step=90636, episodic_return=0.0
global_step=90788, episodic_return=0.0
global_step=90816, episodic_return=0.0
global_step=90964, episodic_return=0.0
global_step=91040, episodic_return=0.0
SPS: 2825
global_step=91192, episodic_return=0.0
global_step=91216, episodic_return=0.44199999999999995
global_step=91220, episodic_return=0.0
global_step=91444, episodic_return=0.0
global_step=91596, episodic_return=0.0
global_step=91620, episodic_return=0.0
global_step=91624, episodic_return=0.0
SPS: 2827
global_step=91848, episodic_return=0.0
global_step=92000, episodic_return=0.0
global_step=92024, episodic_return=0.0
global_step=92028, episodic_return=0.0
SPS: 2831
global_step=92252, episodic_return=0.0
global_step=92404, episodic_return=0.0
global_step=92428, episodic_return=0.0
global_step=92432, episodic_return=0.0
global_step=92656, episodic_return=0.0
SPS: 2834
global_step=92768, episodic_return=0.244
global_step=92808, episodic_return=0.0
global_step=92836, episodic_return=0.0
global_step=93060, episodic_return=0.0
global_step=93172, episodic_return=0.0
SPS: 2837
global_step=93212, episodic_return=0.0
global_step=93240, episodic_return=0.0
global_step=93464, episodic_return=0.0
global_step=93576, episodic_return=0.0
global_step=93616, episodic_return=0.0
global_step=93644, episodic_return=0.0
SPS: 2840
global_step=93868, episodic_return=0.0
global_step=93904, episodic_return=0.361
global_step=93980, episodic_return=0.0
global_step=94048, episodic_return=0.0
SPS: 2842
global_step=94272, episodic_return=0.0
global_step=94308, episodic_return=0.0
global_step=94384, episodic_return=0.0
global_step=94452, episodic_return=0.0
global_step=94676, episodic_return=0.0
global_step=94712, episodic_return=0.0
SPS: 2846
global_step=94788, episodic_return=0.0
global_step=94804, episodic_return=0.21699999999999997
global_step=94912, episodic_return=0.766
global_step=95080, episodic_return=0.0
global_step=95116, episodic_return=0.0
global_step=95192, episodic_return=0.0
SPS: 2849
global_step=95244, episodic_return=0.892
global_step=95316, episodic_return=0.0
global_step=95484, episodic_return=0.0
global_step=95484, episodic_return=0.18099999999999994
global_step=95648, episodic_return=0.0
global_step=95720, episodic_return=0.0
SPS: 2852
global_step=95888, episodic_return=0.0
global_step=95888, episodic_return=0.0
global_step=96052, episodic_return=0.0
global_step=96124, episodic_return=0.0
SPS: 2855
global_step=96292, episodic_return=0.0
global_step=96292, episodic_return=0.0
global_step=96456, episodic_return=0.0
global_step=96528, episodic_return=0.0
global_step=96696, episodic_return=0.0
global_step=96696, episodic_return=0.0
SPS: 2858
global_step=96860, episodic_return=0.0
global_step=96932, episodic_return=0.0
global_step=97048, episodic_return=0.586
global_step=97100, episodic_return=0.0
global_step=97100, episodic_return=0.0
SPS: 2861
global_step=97336, episodic_return=0.0
global_step=97452, episodic_return=0.0
global_step=97504, episodic_return=0.0
global_step=97504, episodic_return=0.0
global_step=97740, episodic_return=0.0
SPS: 2864
global_step=97836, episodic_return=0.7929999999999999
global_step=97856, episodic_return=0.0
global_step=97908, episodic_return=0.0
global_step=97908, episodic_return=0.0
global_step=98020, episodic_return=0.757
global_step=98240, episodic_return=0.0
global_step=98260, episodic_return=0.0
SPS: 2867
global_step=98312, episodic_return=0.0
global_step=98424, episodic_return=0.0
global_step=98644, episodic_return=0.0
global_step=98664, episodic_return=0.0
global_step=98716, episodic_return=0.0
SPS: 2870
global_step=98828, episodic_return=0.0
global_step=98848, episodic_return=0.964
global_step=98980, episodic_return=0.29799999999999993
global_step=99048, episodic_return=0.0
global_step=99120, episodic_return=0.0
global_step=99172, episodic_return=0.892
global_step=99252, episodic_return=0.0
SPS: 2873
global_step=99384, episodic_return=0.0
global_step=99452, episodic_return=0.0
global_step=99576, episodic_return=0.0
global_step=99652, episodic_return=0.10899999999999999
global_step=99788, episodic_return=0.0
SPS: 2875
global_step=99856, episodic_return=0.0
global_step=99876, episodic_return=0.5049999999999999
global_step=99960, episodic_return=0.82
global_step=99980, episodic_return=0.0
global_step=100192, episodic_return=0.0
global_step=100248, episodic_return=0.883
global_step=100260, episodic_return=0.0
SPS: 2878
global_step=100364, episodic_return=0.0
global_step=100384, episodic_return=0.0
global_step=100652, episodic_return=0.0
global_step=100664, episodic_return=0.0
global_step=100768, episodic_return=0.0
global_step=100788, episodic_return=0.0
SPS: 2881
global_step=101056, episodic_return=0.0
global_step=101068, episodic_return=0.0
global_step=101172, episodic_return=0.0
global_step=101192, episodic_return=0.0
SPS: 2884
global_step=101460, episodic_return=0.0
global_step=101472, episodic_return=0.0
global_step=101576, episodic_return=0.0
global_step=101596, episodic_return=0.0
global_step=101820, episodic_return=0.5049999999999999
global_step=101864, episodic_return=0.0
global_step=101876, episodic_return=0.0
SPS: 2886
global_step=101980, episodic_return=0.0
global_step=102224, episodic_return=0.0
global_step=102268, episodic_return=0.0
global_step=102280, episodic_return=0.0
global_step=102384, episodic_return=0.0
SPS: 2888
global_step=102440, episodic_return=0.883
global_step=102628, episodic_return=0.0
global_step=102672, episodic_return=0.0
global_step=102684, episodic_return=0.0
global_step=102844, episodic_return=0.0
SPS: 2891
global_step=103032, episodic_return=0.0
global_step=103052, episodic_return=0.15400000000000003
global_step=103088, episodic_return=0.0
global_step=103120, episodic_return=0.9369999999999999
global_step=103248, episodic_return=0.0
SPS: 2894
global_step=103436, episodic_return=0.0
global_step=103456, episodic_return=0.0
global_step=103524, episodic_return=0.0
global_step=103652, episodic_return=0.0
global_step=103804, episodic_return=0.22599999999999998
global_step=103840, episodic_return=0.0
global_step=103908, episodic_return=0.43299999999999994
global_step=103928, episodic_return=0.0
SPS: 2896
global_step=104208, episodic_return=0.0
global_step=104244, episodic_return=0.0
global_step=104312, episodic_return=0.0
global_step=104332, episodic_return=0.0
SPS: 2899
global_step=104612, episodic_return=0.0
global_step=104648, episodic_return=0.0
global_step=104716, episodic_return=0.0
global_step=104736, episodic_return=0.0
SPS: 2899
global_step=105016, episodic_return=0.0
global_step=105052, episodic_return=0.0
global_step=105120, episodic_return=0.0
global_step=105140, episodic_return=0.0
global_step=105284, episodic_return=0.6399999999999999
global_step=105420, episodic_return=0.0
global_step=105456, episodic_return=0.0
SPS: 2901
global_step=105544, episodic_return=0.0
global_step=105688, episodic_return=0.0
global_step=105824, episodic_return=0.0
global_step=105860, episodic_return=0.0
global_step=105948, episodic_return=0.0
SPS: 2903
global_step=106092, episodic_return=0.0
global_step=106228, episodic_return=0.0
global_step=106232, episodic_return=0.694
global_step=106264, episodic_return=0.0
global_step=106352, episodic_return=0.0
global_step=106428, episodic_return=0.5589999999999999
SPS: 2906
global_step=106636, episodic_return=0.0
global_step=106668, episodic_return=0.0
global_step=106732, episodic_return=0.865
global_step=106756, episodic_return=0.0
global_step=106832, episodic_return=0.0
SPS: 2909
global_step=107040, episodic_return=0.0
global_step=107136, episodic_return=0.0
global_step=107160, episodic_return=0.0
global_step=107236, episodic_return=0.0
global_step=107444, episodic_return=0.0
SPS: 2912
global_step=107540, episodic_return=0.0
global_step=107564, episodic_return=0.739
global_step=107564, episodic_return=0.0
global_step=107588, episodic_return=0.955
global_step=107640, episodic_return=0.0
global_step=107828, episodic_return=0.4149999999999999
global_step=107904, episodic_return=0.838
global_step=107944, episodic_return=0.0
global_step=107968, episodic_return=0.955
global_step=107992, episodic_return=0.0
SPS: 2914
global_step=108044, episodic_return=0.0
global_step=108308, episodic_return=0.0
global_step=108372, episodic_return=0.0
global_step=108396, episodic_return=0.0
global_step=108400, episodic_return=0.946
global_step=108412, episodic_return=0.775
global_step=108448, episodic_return=0.0
SPS: 2916
global_step=108800, episodic_return=0.0
global_step=108804, episodic_return=0.0
global_step=108816, episodic_return=0.0
global_step=108852, episodic_return=0.0
global_step=109040, episodic_return=0.478
SPS: 2919
global_step=109204, episodic_return=0.0
global_step=109220, episodic_return=0.0
global_step=109256, episodic_return=0.0
global_step=109312, episodic_return=0.883
global_step=109324, episodic_return=0.775
global_step=109444, episodic_return=0.0
SPS: 2921
global_step=109608, episodic_return=0.0
global_step=109716, episodic_return=0.0
global_step=109728, episodic_return=0.0
global_step=109848, episodic_return=0.0
global_step=109912, episodic_return=0.865
global_step=110012, episodic_return=0.0
SPS: 2923
global_step=110120, episodic_return=0.0
global_step=110132, episodic_return=0.0
global_step=110240, episodic_return=0.739
global_step=110316, episodic_return=0.0
global_step=110416, episodic_return=0.0
global_step=110536, episodic_return=0.0
SPS: 2925
global_step=110628, episodic_return=0.802
global_step=110644, episodic_return=0.0
global_step=110720, episodic_return=0.0
global_step=110820, episodic_return=0.0
global_step=111032, episodic_return=0.0
global_step=111048, episodic_return=0.0
SPS: 2927
global_step=111124, episodic_return=0.0
global_step=111132, episodic_return=0.82
global_step=111224, episodic_return=0.0
global_step=111436, episodic_return=0.0
global_step=111528, episodic_return=0.0
global_step=111536, episodic_return=0.0
SPS: 2929
global_step=111628, episodic_return=0.0
global_step=111784, episodic_return=0.45099999999999996
global_step=111824, episodic_return=0.34299999999999997
global_step=111840, episodic_return=0.0
global_step=111928, episodic_return=0.775
global_step=112032, episodic_return=0.0
SPS: 2931
global_step=112188, episodic_return=0.0
global_step=112244, episodic_return=0.0
global_step=112332, episodic_return=0.0
global_step=112436, episodic_return=0.0
global_step=112500, episodic_return=0.43299999999999994
global_step=112592, episodic_return=0.0
SPS: 2934
global_step=112736, episodic_return=0.0
global_step=112776, episodic_return=0.919
global_step=112840, episodic_return=0.0
global_step=112904, episodic_return=0.0
global_step=112996, episodic_return=0.0
SPS: 2936
global_step=113180, episodic_return=0.0
global_step=113244, episodic_return=0.0
global_step=113308, episodic_return=0.0
global_step=113400, episodic_return=0.0
global_step=113480, episodic_return=0.829
global_step=113584, episodic_return=0.0
global_step=113648, episodic_return=0.0
SPS: 2938
global_step=113712, episodic_return=0.0
global_step=113844, episodic_return=0.712
global_step=113884, episodic_return=0.0
global_step=113988, episodic_return=0.0
global_step=114052, episodic_return=0.0
global_step=114072, episodic_return=0.82
SPS: 2940
global_step=114248, episodic_return=0.0
global_step=114288, episodic_return=0.0
global_step=114340, episodic_return=0.361
global_step=114440, episodic_return=0.577
global_step=114476, episodic_return=0.0
global_step=114548, episodic_return=0.766
SPS: 2943
global_step=114692, episodic_return=0.0
global_step=114744, episodic_return=0.0
global_step=114844, episodic_return=0.34299999999999997
global_step=114880, episodic_return=0.0
global_step=115096, episodic_return=0.0
global_step=115148, episodic_return=0.0
SPS: 2945
global_step=115248, episodic_return=0.0
global_step=115284, episodic_return=0.0
global_step=115500, episodic_return=0.0
global_step=115552, episodic_return=0.0
global_step=115652, episodic_return=0.0
global_step=115688, episodic_return=0.0
SPS: 2947
global_step=115904, episodic_return=0.0
global_step=115956, episodic_return=0.0
global_step=116056, episodic_return=0.0
global_step=116092, episodic_return=0.0
SPS: 2949
global_step=116308, episodic_return=0.0
global_step=116360, episodic_return=0.0
global_step=116460, episodic_return=0.0
global_step=116496, episodic_return=0.0
global_step=116712, episodic_return=0.0
SPS: 2952
global_step=116764, episodic_return=0.0
global_step=116836, episodic_return=0.73
global_step=116864, episodic_return=0.0
global_step=116900, episodic_return=0.0
global_step=117168, episodic_return=0.0
global_step=117240, episodic_return=0.0
SPS: 2954
global_step=117268, episodic_return=0.0
global_step=117304, episodic_return=0.0
global_step=117572, episodic_return=0.0
global_step=117644, episodic_return=0.0
global_step=117672, episodic_return=0.0
global_step=117708, episodic_return=0.0
SPS: 2956
global_step=117976, episodic_return=0.0
global_step=118048, episodic_return=0.0
global_step=118060, episodic_return=0.982
global_step=118076, episodic_return=0.0
global_step=118112, episodic_return=0.0
SPS: 2958
global_step=118380, episodic_return=0.0
global_step=118408, episodic_return=0.262
global_step=118428, episodic_return=0.18099999999999994
global_step=118516, episodic_return=0.0
global_step=118784, episodic_return=0.0
SPS: 2960
global_step=118812, episodic_return=0.0
global_step=118832, episodic_return=0.0
global_step=118920, episodic_return=0.0
global_step=119188, episodic_return=0.0
global_step=119216, episodic_return=0.0
global_step=119236, episodic_return=0.0
SPS: 2962
global_step=119324, episodic_return=0.0
global_step=119480, episodic_return=0.6579999999999999
global_step=119592, episodic_return=0.0
global_step=119620, episodic_return=0.0
global_step=119640, episodic_return=0.0
SPS: 2964
global_step=119884, episodic_return=0.0
global_step=119996, episodic_return=0.0
global_step=120024, episodic_return=0.0
global_step=120044, episodic_return=0.0
global_step=120288, episodic_return=0.0
SPS: 2966
global_step=120400, episodic_return=0.0
global_step=120428, episodic_return=0.0
global_step=120448, episodic_return=0.0
global_step=120512, episodic_return=0.757
global_step=120692, episodic_return=0.0
global_step=120832, episodic_return=0.0
SPS: 2968
global_step=120852, episodic_return=0.0
global_step=120916, episodic_return=0.0
global_step=121096, episodic_return=0.0
global_step=121236, episodic_return=0.0
global_step=121256, episodic_return=0.0
global_step=121320, episodic_return=0.0
SPS: 2970
global_step=121380, episodic_return=0.685
global_step=121500, episodic_return=0.0
global_step=121660, episodic_return=0.0
global_step=121724, episodic_return=0.0
global_step=121784, episodic_return=0.0
SPS: 2972
global_step=121904, episodic_return=0.0
global_step=122064, episodic_return=0.0
global_step=122076, episodic_return=0.622
global_step=122128, episodic_return=0.0
global_step=122188, episodic_return=0.0
global_step=122260, episodic_return=0.847
global_step=122340, episodic_return=0.829
SPS: 2973
global_step=122468, episodic_return=0.0
global_step=122480, episodic_return=0.0
global_step=122532, episodic_return=0.0
global_step=122600, episodic_return=0.739
global_step=122676, episodic_return=0.253
global_step=122872, episodic_return=0.0
SPS: 2973
global_step=122936, episodic_return=0.0
global_step=123004, episodic_return=0.0
global_step=123080, episodic_return=0.0
global_step=123276, episodic_return=0.0
global_step=123340, episodic_return=0.0
SPS: 2975
global_step=123408, episodic_return=0.0
global_step=123484, episodic_return=0.0
global_step=123584, episodic_return=0.31599999999999995
global_step=123632, episodic_return=0.6759999999999999
global_step=123744, episodic_return=0.0
global_step=123812, episodic_return=0.0
SPS: 2977
global_step=123988, episodic_return=0.0
global_step=124036, episodic_return=0.0
global_step=124148, episodic_return=0.0
global_step=124216, episodic_return=0.0
global_step=124392, episodic_return=0.0
SPS: 2978
global_step=124440, episodic_return=0.0
global_step=124552, episodic_return=0.0
global_step=124620, episodic_return=0.0
global_step=124796, episodic_return=0.0
global_step=124844, episodic_return=0.0
global_step=124880, episodic_return=0.9279999999999999
SPS: 2978
global_step=124956, episodic_return=0.0
global_step=124984, episodic_return=0.775
global_step=125024, episodic_return=0.0
global_step=125060, episodic_return=0.9279999999999999
global_step=125200, episodic_return=0.0
global_step=125360, episodic_return=0.0
global_step=125388, episodic_return=0.0
SPS: 2980
global_step=125464, episodic_return=0.0
global_step=125604, episodic_return=0.0
global_step=125764, episodic_return=0.0
global_step=125792, episodic_return=0.0
global_step=125868, episodic_return=0.0
global_step=125904, episodic_return=0.694
SPS: 2981
global_step=126008, episodic_return=0.0
global_step=126044, episodic_return=0.694
global_step=126192, episodic_return=0.595
global_step=126196, episodic_return=0.0
global_step=126272, episodic_return=0.0
global_step=126448, episodic_return=0.0
SPS: 2983
global_step=126596, episodic_return=0.0
global_step=126600, episodic_return=0.0
global_step=126676, episodic_return=0.0
global_step=126852, episodic_return=0.0
SPS: 2984
global_step=127000, episodic_return=0.0
global_step=127004, episodic_return=0.0
global_step=127080, episodic_return=0.0
global_step=127256, episodic_return=0.0
global_step=127404, episodic_return=0.0
global_step=127408, episodic_return=0.0
global_step=127484, episodic_return=0.0
global_step=127488, episodic_return=0.82
SPS: 2986
global_step=127660, episodic_return=0.0
global_step=127812, episodic_return=0.0
global_step=127888, episodic_return=0.0
global_step=127892, episodic_return=0.0
SPS: 2988
global_step=128064, episodic_return=0.0
global_step=128216, episodic_return=0.0
global_step=128292, episodic_return=0.0
global_step=128296, episodic_return=0.0
global_step=128468, episodic_return=0.0
SPS: 2990
global_step=128620, episodic_return=0.0
global_step=128696, episodic_return=0.0
global_step=128700, episodic_return=0.0
global_step=128872, episodic_return=0.0
global_step=129024, episodic_return=0.0
SPS: 2992
global_step=129040, episodic_return=0.631
global_step=129100, episodic_return=0.0
global_step=129104, episodic_return=0.0
global_step=129428, episodic_return=0.0
global_step=129444, episodic_return=0.0
global_step=129504, episodic_return=0.0
global_step=129508, episodic_return=0.0
SPS: 2994
global_step=129832, episodic_return=0.0
global_step=129848, episodic_return=0.0
global_step=129908, episodic_return=0.0
global_step=129912, episodic_return=0.0
global_step=130012, episodic_return=0.6399999999999999
SPS: 2996
global_step=130236, episodic_return=0.0
global_step=130312, episodic_return=0.0
global_step=130316, episodic_return=0.0
global_step=130416, episodic_return=0.0
global_step=130488, episodic_return=0.613
SPS: 2997
global_step=130608, episodic_return=0.739
global_step=130640, episodic_return=0.0
global_step=130720, episodic_return=0.0
global_step=130772, episodic_return=0.892
global_step=130820, episodic_return=0.0
global_step=131012, episodic_return=0.0
global_step=131044, episodic_return=0.0
SPS: 2999
global_step=131160, episodic_return=0.748
global_step=131176, episodic_return=0.0
global_step=131224, episodic_return=0.0
global_step=131316, episodic_return=0.694
global_step=131416, episodic_return=0.0
global_step=131564, episodic_return=0.0
SPS: 3001
global_step=131628, episodic_return=0.0
global_step=131720, episodic_return=0.0
global_step=131820, episodic_return=0.0
global_step=131844, episodic_return=0.955
global_step=131968, episodic_return=0.0
global_step=132032, episodic_return=0.0
global_step=132072, episodic_return=0.775
SPS: 3002
global_step=132124, episodic_return=0.0
global_step=132248, episodic_return=0.0
global_step=132436, episodic_return=0.0
global_step=132476, episodic_return=0.0
global_step=132528, episodic_return=0.0
SPS: 3004
global_step=132652, episodic_return=0.0
global_step=132840, episodic_return=0.0
global_step=132880, episodic_return=0.0
global_step=132932, episodic_return=0.0
global_step=133056, episodic_return=0.0
SPS: 3006
global_step=133244, episodic_return=0.0
global_step=133284, episodic_return=0.0
global_step=133336, episodic_return=0.0
global_step=133460, episodic_return=0.0
SPS: 3008
global_step=133648, episodic_return=0.0
global_step=133688, episodic_return=0.0
global_step=133740, episodic_return=0.0
global_step=133864, episodic_return=0.0
global_step=134052, episodic_return=0.0
global_step=134092, episodic_return=0.0
global_step=134124, episodic_return=0.42399999999999993
global_step=134144, episodic_return=0.0
SPS: 3010
global_step=134456, episodic_return=0.0
global_step=134496, episodic_return=0.919
global_step=134496, episodic_return=0.0
global_step=134528, episodic_return=0.0
global_step=134548, episodic_return=0.0
SPS: 3012
global_step=134900, episodic_return=0.0
global_step=134900, episodic_return=0.0
global_step=134932, episodic_return=0.0
global_step=134952, episodic_return=0.0
global_step=134952, episodic_return=0.892
SPS: 3014
global_step=135304, episodic_return=0.0
global_step=135336, episodic_return=0.0
global_step=135356, episodic_return=0.0
global_step=135356, episodic_return=0.0
global_step=135472, episodic_return=0.631
SPS: 3016
global_step=135688, episodic_return=0.5229999999999999
global_step=135720, episodic_return=0.9369999999999999
global_step=135740, episodic_return=0.0
global_step=135760, episodic_return=0.0
global_step=135760, episodic_return=0.0
global_step=135968, episodic_return=0.45099999999999996
global_step=136144, episodic_return=0.0
global_step=136164, episodic_return=0.0
global_step=136164, episodic_return=0.0
SPS: 3017
global_step=136268, episodic_return=0.775
global_step=136372, episodic_return=0.0
global_step=136548, episodic_return=0.0
global_step=136568, episodic_return=0.0
global_step=136672, episodic_return=0.0
SPS: 3019
global_step=136776, episodic_return=0.0
global_step=136848, episodic_return=0.847
global_step=136952, episodic_return=0.0
global_step=136972, episodic_return=0.0
global_step=136980, episodic_return=0.946
global_step=137076, episodic_return=0.0
SPS: 3021
global_step=137252, episodic_return=0.0
global_step=137376, episodic_return=0.0
global_step=137384, episodic_return=0.0
global_step=137480, episodic_return=0.0
global_step=137496, episodic_return=0.739
global_step=137656, episodic_return=0.0
SPS: 3023
global_step=137788, episodic_return=0.0
global_step=137864, episodic_return=0.5409999999999999
global_step=137884, episodic_return=0.0
global_step=137900, episodic_return=0.0
global_step=138192, episodic_return=0.0
SPS: 3024
global_step=138268, episodic_return=0.0
global_step=138276, episodic_return=0.991
global_step=138288, episodic_return=0.0
global_step=138304, episodic_return=0.0
global_step=138596, episodic_return=0.0
global_step=138680, episodic_return=0.0
global_step=138692, episodic_return=0.0
global_step=138708, episodic_return=0.0
SPS: 3026
global_step=139000, episodic_return=0.0
global_step=139084, episodic_return=0.0
global_step=139096, episodic_return=0.0
global_step=139112, episodic_return=0.0
global_step=139116, episodic_return=0.964
SPS: 3028
global_step=139308, episodic_return=0.5680000000000001
global_step=139324, episodic_return=0.973
global_step=139384, episodic_return=0.14500000000000002
global_step=139428, episodic_return=0.91
global_step=139488, episodic_return=0.0
global_step=139520, episodic_return=0.0
global_step=139648, episodic_return=0.649
global_step=139728, episodic_return=0.0
SPS: 3029
global_step=139832, episodic_return=0.0
global_step=139896, episodic_return=0.865
global_step=139924, episodic_return=0.0
global_step=140052, episodic_return=0.0
global_step=140132, episodic_return=0.0
global_step=140264, episodic_return=0.532
SPS: 3028
global_step=140300, episodic_return=0.0
global_step=140328, episodic_return=0.0
global_step=140536, episodic_return=0.0
global_step=140668, episodic_return=0.0
global_step=140704, episodic_return=0.0
global_step=140732, episodic_return=0.0
global_step=140752, episodic_return=0.901
SPS: 3030
global_step=140940, episodic_return=0.0
global_step=141072, episodic_return=0.0
global_step=141136, episodic_return=0.0
global_step=141156, episodic_return=0.0
SPS: 3031
global_step=141344, episodic_return=0.0
global_step=141476, episodic_return=0.0
global_step=141540, episodic_return=0.0
global_step=141560, episodic_return=0.0
global_step=141668, episodic_return=0.766
global_step=141748, episodic_return=0.0
global_step=141764, episodic_return=0.7929999999999999
SPS: 3033
global_step=141880, episodic_return=0.0
global_step=141944, episodic_return=0.0
global_step=141952, episodic_return=0.55
global_step=142052, episodic_return=0.784
global_step=142168, episodic_return=0.0
global_step=142284, episodic_return=0.0
SPS: 3034
global_step=142348, episodic_return=0.0
global_step=142456, episodic_return=0.0
global_step=142572, episodic_return=0.0
global_step=142688, episodic_return=0.0
global_step=142752, episodic_return=0.0
SPS: 3036
global_step=142860, episodic_return=0.0
global_step=142976, episodic_return=0.0
global_step=143092, episodic_return=0.0
global_step=143156, episodic_return=0.0
global_step=143264, episodic_return=0.0
SPS: 3037
global_step=143368, episodic_return=0.775
global_step=143380, episodic_return=0.0
global_step=143496, episodic_return=0.0
global_step=143560, episodic_return=0.0
global_step=143772, episodic_return=0.0
global_step=143776, episodic_return=0.379
global_step=143784, episodic_return=0.0
SPS: 3038
global_step=143964, episodic_return=0.0
global_step=144176, episodic_return=0.0
global_step=144180, episodic_return=0.0
global_step=144188, episodic_return=0.0
global_step=144300, episodic_return=0.253
SPS: 3040
global_step=144428, episodic_return=0.45099999999999996
global_step=144580, episodic_return=0.0
global_step=144592, episodic_return=0.0
global_step=144704, episodic_return=0.0
global_step=144832, episodic_return=0.0
SPS: 3041
global_step=144932, episodic_return=0.4959999999999999
global_step=144984, episodic_return=0.0
global_step=144996, episodic_return=0.0
global_step=145028, episodic_return=0.7929999999999999
global_step=145140, episodic_return=0.6579999999999999
global_step=145232, episodic_return=0.802
global_step=145236, episodic_return=0.0
global_step=145400, episodic_return=0.0
SPS: 3042
global_step=145432, episodic_return=0.0
global_step=145636, episodic_return=0.0
global_step=145640, episodic_return=0.0
global_step=145648, episodic_return=0.5229999999999999
global_step=145764, episodic_return=0.748
global_step=145804, episodic_return=0.0
SPS: 3044
global_step=146040, episodic_return=0.0
global_step=146044, episodic_return=0.0
global_step=146168, episodic_return=0.0
global_step=146208, episodic_return=0.0
SPS: 3045
global_step=146444, episodic_return=0.0
global_step=146448, episodic_return=0.0
global_step=146532, episodic_return=0.8109999999999999
global_step=146540, episodic_return=0.262
global_step=146572, episodic_return=0.0
global_step=146852, episodic_return=0.0
global_step=146936, episodic_return=0.0
global_step=146944, episodic_return=0.0
SPS: 3046
global_step=146976, episodic_return=0.0
global_step=147008, episodic_return=0.865
global_step=147088, episodic_return=0.478
global_step=147172, episodic_return=0.5680000000000001
global_step=147340, episodic_return=0.0
global_step=147412, episodic_return=0.09999999999999998
SPS: 3048
global_step=147492, episodic_return=0.0
global_step=147576, episodic_return=0.0
global_step=147744, episodic_return=0.0
global_step=147816, episodic_return=0.0
global_step=147896, episodic_return=0.0
SPS: 3049
global_step=147980, episodic_return=0.0
global_step=147992, episodic_return=0.7929999999999999
global_step=148000, episodic_return=0.964
global_step=148148, episodic_return=0.0
global_step=148180, episodic_return=0.18999999999999995
global_step=148396, episodic_return=0.0
global_step=148404, episodic_return=0.0
SPS: 3050
global_step=148552, episodic_return=0.0
global_step=148584, episodic_return=0.0
global_step=148800, episodic_return=0.0
global_step=148808, episodic_return=0.0
global_step=148956, episodic_return=0.0
global_step=148988, episodic_return=0.0
SPS: 3052
global_step=149204, episodic_return=0.0
global_step=149212, episodic_return=0.0
global_step=149240, episodic_return=0.9279999999999999
global_step=149288, episodic_return=0.901
global_step=149360, episodic_return=0.0
global_step=149392, episodic_return=0.0
global_step=149412, episodic_return=0.5589999999999999
SPS: 3053
global_step=149612, episodic_return=0.2799999999999999
global_step=149764, episodic_return=0.0
global_step=149796, episodic_return=0.0
global_step=149816, episodic_return=0.0
global_step=150016, episodic_return=0.0
SPS: 3054
global_step=150168, episodic_return=0.0
global_step=150200, episodic_return=0.0
global_step=150220, episodic_return=0.0
global_step=150420, episodic_return=0.0
SPS: 3056
global_step=150572, episodic_return=0.0
global_step=150604, episodic_return=0.0
global_step=150624, episodic_return=0.0
global_step=150716, episodic_return=0.34299999999999997
global_step=150976, episodic_return=0.0
global_step=151008, episodic_return=0.0
global_step=151028, episodic_return=0.0
SPS: 3057
global_step=151120, episodic_return=0.0
global_step=151228, episodic_return=0.5589999999999999
global_step=151276, episodic_return=0.33399999999999996
global_step=151348, episodic_return=0.739
global_step=151412, episodic_return=0.0
global_step=151524, episodic_return=0.0
SPS: 3058
global_step=151680, episodic_return=0.0
global_step=151752, episodic_return=0.0
global_step=151816, episodic_return=0.0
global_step=151928, episodic_return=0.0
global_step=152052, episodic_return=0.478
SPS: 3059
global_step=152084, episodic_return=0.0
global_step=152156, episodic_return=0.0
global_step=152332, episodic_return=0.0
global_step=152456, episodic_return=0.0
global_step=152488, episodic_return=0.0
global_step=152560, episodic_return=0.0
SPS: 3060
global_step=152736, episodic_return=0.0
global_step=152740, episodic_return=0.604
global_step=152824, episodic_return=0.82
global_step=152860, episodic_return=0.0
global_step=152892, episodic_return=0.0
global_step=152968, episodic_return=0.685
global_step=153028, episodic_return=0.703
SPS: 3061
global_step=153140, episodic_return=0.0
global_step=153264, episodic_return=0.0
global_step=153332, episodic_return=0.856
global_step=153372, episodic_return=0.0
global_step=153432, episodic_return=0.0
global_step=153544, episodic_return=0.0
SPS: 3063
global_step=153736, episodic_return=0.0
global_step=153776, episodic_return=0.0
global_step=153836, episodic_return=0.0
global_step=153940, episodic_return=0.55
global_step=153948, episodic_return=0.991
global_step=153948, episodic_return=0.0
global_step=154096, episodic_return=0.42399999999999993
SPS: 3064
global_step=154180, episodic_return=0.0
global_step=154352, episodic_return=0.0
global_step=154352, episodic_return=0.0
global_step=154500, episodic_return=0.0
global_step=154584, episodic_return=0.0
SPS: 3065
global_step=154648, episodic_return=0.6759999999999999
global_step=154756, episodic_return=0.0
global_step=154756, episodic_return=0.0
global_step=154988, episodic_return=0.0
global_step=155032, episodic_return=0.3879999999999999
global_step=155052, episodic_return=0.0
global_step=155108, episodic_return=0.739
SPS: 3066
global_step=155160, episodic_return=0.0
global_step=155272, episodic_return=0.514
global_step=155276, episodic_return=0.631
global_step=155436, episodic_return=0.0
global_step=155564, episodic_return=0.0
SPS: 3068
global_step=155652, episodic_return=0.15400000000000003
global_step=155680, episodic_return=0.0
global_step=155840, episodic_return=0.0
global_step=155864, episodic_return=0.532
global_step=155968, episodic_return=0.0
global_step=155968, episodic_return=0.721
global_step=156016, episodic_return=0.901
global_step=156084, episodic_return=0.0
SPS: 3069
global_step=156268, episodic_return=0.0
global_step=156372, episodic_return=0.0
global_step=156420, episodic_return=0.0
global_step=156488, episodic_return=0.0
global_step=156564, episodic_return=0.838
global_step=156672, episodic_return=0.0
SPS: 3071
global_step=156776, episodic_return=0.0
global_step=156824, episodic_return=0.0
global_step=156968, episodic_return=0.0
global_step=157076, episodic_return=0.0
global_step=157120, episodic_return=0.667
global_step=157180, episodic_return=0.0
SPS: 3072
global_step=157204, episodic_return=0.82
global_step=157228, episodic_return=0.0
global_step=157480, episodic_return=0.0
global_step=157584, episodic_return=0.0
global_step=157608, episodic_return=0.0
global_step=157620, episodic_return=0.9279999999999999
global_step=157632, episodic_return=0.0
SPS: 3071
global_step=157772, episodic_return=0.6399999999999999
global_step=157884, episodic_return=0.0
global_step=157912, episodic_return=0.946
global_step=158024, episodic_return=0.0
global_step=158036, episodic_return=0.0
global_step=158128, episodic_return=0.775
global_step=158176, episodic_return=0.0
SPS: 3072
global_step=158212, episodic_return=0.33399999999999996
global_step=158304, episodic_return=0.802
global_step=158440, episodic_return=0.0
global_step=158492, episodic_return=0.586
global_step=158532, episodic_return=0.0
global_step=158544, episodic_return=0.18099999999999994
SPS: 3073
global_step=158844, episodic_return=0.0
global_step=158896, episodic_return=0.0
global_step=158936, episodic_return=0.0
global_step=158948, episodic_return=0.0
global_step=159088, episodic_return=0.667
global_step=159148, episodic_return=0.44199999999999995
global_step=159160, episodic_return=0.982
SPS: 3073
global_step=159248, episodic_return=0.0
global_step=159352, episodic_return=0.0
global_step=159492, episodic_return=0.0
global_step=159564, episodic_return=0.0
global_step=159652, episodic_return=0.0
SPS: 3075
global_step=159756, episodic_return=0.0
global_step=159804, episodic_return=0.901
global_step=159896, episodic_return=0.0
global_step=159968, episodic_return=0.0
global_step=160056, episodic_return=0.0
global_step=160208, episodic_return=0.0
SPS: 3076
global_step=160300, episodic_return=0.0
global_step=160328, episodic_return=0.19899999999999995
global_step=160404, episodic_return=0.5680000000000001
global_step=160460, episodic_return=0.0
global_step=160608, episodic_return=0.31599999999999995
global_step=160732, episodic_return=0.0
SPS: 3077
global_step=160808, episodic_return=0.0
global_step=160864, episodic_return=0.0
global_step=160868, episodic_return=0.874
global_step=161012, episodic_return=0.0
global_step=161136, episodic_return=0.0
global_step=161268, episodic_return=0.0
global_step=161272, episodic_return=0.0
SPS: 3078
global_step=161416, episodic_return=0.0
global_step=161496, episodic_return=0.829
global_step=161540, episodic_return=0.0
global_step=161672, episodic_return=0.0
global_step=161676, episodic_return=0.0
global_step=161728, episodic_return=0.892
SPS: 3079
global_step=161900, episodic_return=0.0
global_step=161944, episodic_return=0.0
global_step=162076, episodic_return=0.0
global_step=162132, episodic_return=0.0
global_step=162304, episodic_return=0.0
SPS: 3080
global_step=162348, episodic_return=0.0
global_step=162480, episodic_return=0.0
global_step=162536, episodic_return=0.0
global_step=162580, episodic_return=0.91
global_step=162708, episodic_return=0.0
global_step=162752, episodic_return=0.0
SPS: 3081
global_step=162884, episodic_return=0.0
global_step=162984, episodic_return=0.0
global_step=163112, episodic_return=0.0
global_step=163156, episodic_return=0.0
global_step=163288, episodic_return=0.0
SPS: 3082
global_step=163388, episodic_return=0.0
global_step=163516, episodic_return=0.0
global_step=163560, episodic_return=0.0
global_step=163588, episodic_return=0.847
global_step=163692, episodic_return=0.0
global_step=163792, episodic_return=0.0
SPS: 3083
global_step=163964, episodic_return=0.0
global_step=163992, episodic_return=0.0
global_step=164044, episodic_return=0.829
global_step=164096, episodic_return=0.0
global_step=164196, episodic_return=0.0
SPS: 3084
global_step=164396, episodic_return=0.0
global_step=164448, episodic_return=0.0
global_step=164500, episodic_return=0.0
global_step=164600, episodic_return=0.0
global_step=164656, episodic_return=0.6579999999999999
global_step=164716, episodic_return=0.748
global_step=164736, episodic_return=0.829
global_step=164800, episodic_return=0.0
global_step=164852, episodic_return=0.0
SPS: 3084
global_step=164912, episodic_return=0.757
global_step=165120, episodic_return=0.0
global_step=165140, episodic_return=0.0
global_step=165256, episodic_return=0.0
global_step=165316, episodic_return=0.0
SPS: 3085
global_step=165472, episodic_return=0.6579999999999999
global_step=165524, episodic_return=0.0
global_step=165544, episodic_return=0.0
global_step=165660, episodic_return=0.0
global_step=165876, episodic_return=0.0
SPS: 3087
global_step=165928, episodic_return=0.0
global_step=165948, episodic_return=0.0
global_step=166064, episodic_return=0.0
global_step=166280, episodic_return=0.0
global_step=166332, episodic_return=0.0
global_step=166352, episodic_return=0.0
SPS: 3088
global_step=166468, episodic_return=0.0
global_step=166640, episodic_return=0.622
global_step=166684, episodic_return=0.0
global_step=166736, episodic_return=0.0
global_step=166756, episodic_return=0.0
SPS: 3089
global_step=167044, episodic_return=0.0
global_step=167088, episodic_return=0.0
global_step=167140, episodic_return=0.0
global_step=167160, episodic_return=0.0
global_step=167184, episodic_return=0.7929999999999999
global_step=167196, episodic_return=0.9279999999999999
global_step=167208, episodic_return=0.6399999999999999
global_step=167284, episodic_return=0.838
global_step=167332, episodic_return=0.6759999999999999
SPS: 3089
global_step=167544, episodic_return=0.0
global_step=167600, episodic_return=0.0
global_step=167688, episodic_return=0.0
global_step=167736, episodic_return=0.0
SPS: 3091
global_step=167948, episodic_return=0.0
global_step=168004, episodic_return=0.0
global_step=168092, episodic_return=0.0
global_step=168140, episodic_return=0.0
global_step=168352, episodic_return=0.0
global_step=168360, episodic_return=0.514
global_step=168408, episodic_return=0.0
SPS: 3091
global_step=168496, episodic_return=0.0
global_step=168756, episodic_return=0.0
global_step=168764, episodic_return=0.0
global_step=168812, episodic_return=0.0
global_step=168900, episodic_return=0.0
SPS: 3092
global_step=169160, episodic_return=0.0
global_step=169168, episodic_return=0.0
global_step=169216, episodic_return=0.0
global_step=169304, episodic_return=0.0
SPS: 3094
global_step=169564, episodic_return=0.0
global_step=169572, episodic_return=0.0
global_step=169620, episodic_return=0.0
global_step=169664, episodic_return=0.91
global_step=169708, episodic_return=0.0
global_step=169968, episodic_return=0.0
global_step=169976, episodic_return=0.0
SPS: 3094
global_step=170068, episodic_return=0.0
global_step=170112, episodic_return=0.0
global_step=170372, episodic_return=0.0
global_step=170380, episodic_return=0.0
global_step=170472, episodic_return=0.0
SPS: 3095
global_step=170516, episodic_return=0.0
global_step=170636, episodic_return=0.43299999999999994
global_step=170776, episodic_return=0.0
global_step=170876, episodic_return=0.0
global_step=170920, episodic_return=0.0
SPS: 3096
global_step=171040, episodic_return=0.0
global_step=171180, episodic_return=0.0
global_step=171280, episodic_return=0.0
global_step=171324, episodic_return=0.0
global_step=171444, episodic_return=0.0
SPS: 3097
global_step=171584, episodic_return=0.0
global_step=171684, episodic_return=0.0
global_step=171728, episodic_return=0.0
global_step=171848, episodic_return=0.0
global_step=171988, episodic_return=0.0
SPS: 3098
global_step=172088, episodic_return=0.0
global_step=172132, episodic_return=0.0
global_step=172252, episodic_return=0.0
global_step=172392, episodic_return=0.0
global_step=172492, episodic_return=0.0
global_step=172536, episodic_return=0.0
SPS: 3099
global_step=172656, episodic_return=0.0
global_step=172796, episodic_return=0.0
global_step=172896, episodic_return=0.0
global_step=172940, episodic_return=0.0
SPS: 3100
global_step=173060, episodic_return=0.0
global_step=173200, episodic_return=0.0
global_step=173300, episodic_return=0.0
global_step=173344, episodic_return=0.0
global_step=173376, episodic_return=0.9369999999999999
global_step=173464, episodic_return=0.0
SPS: 3100
global_step=173604, episodic_return=0.0
global_step=173704, episodic_return=0.0
global_step=173780, episodic_return=0.0
global_step=173868, episodic_return=0.0
global_step=174008, episodic_return=0.0
SPS: 3101
global_step=174108, episodic_return=0.0
global_step=174136, episodic_return=0.946
global_step=174148, episodic_return=0.379
global_step=174184, episodic_return=0.0
global_step=174412, episodic_return=0.0
global_step=174540, episodic_return=0.0
global_step=174552, episodic_return=0.0
global_step=174588, episodic_return=0.0
SPS: 3102
global_step=174816, episodic_return=0.0
global_step=174944, episodic_return=0.0
global_step=174956, episodic_return=0.0
global_step=174992, episodic_return=0.0
SPS: 3102
global_step=175220, episodic_return=0.0
global_step=175348, episodic_return=0.0
global_step=175360, episodic_return=0.0
global_step=175396, episodic_return=0.0
SPS: 3103
global_step=175624, episodic_return=0.0
global_step=175752, episodic_return=0.0
global_step=175764, episodic_return=0.0
global_step=175800, episodic_return=0.0
global_step=176028, episodic_return=0.0
SPS: 3105
global_step=176156, episodic_return=0.0
global_step=176168, episodic_return=0.0
global_step=176204, episodic_return=0.0
global_step=176340, episodic_return=0.622
global_step=176432, episodic_return=0.0
global_step=176440, episodic_return=0.991
global_step=176560, episodic_return=0.0
global_step=176608, episodic_return=0.0
SPS: 3106
global_step=176724, episodic_return=0.748
global_step=176744, episodic_return=0.0
global_step=176844, episodic_return=0.0
global_step=176964, episodic_return=0.0
global_step=177068, episodic_return=0.775
global_step=177128, episodic_return=0.0
global_step=177148, episodic_return=0.0
SPS: 3106
global_step=177248, episodic_return=0.0
global_step=177472, episodic_return=0.0
global_step=177532, episodic_return=0.0
global_step=177552, episodic_return=0.0
global_step=177592, episodic_return=0.739
global_step=177652, episodic_return=0.0
SPS: 3107
global_step=177936, episodic_return=0.0
global_step=177956, episodic_return=0.0
global_step=177996, episodic_return=0.0
global_step=178004, episodic_return=0.901
global_step=178056, episodic_return=0.0
SPS: 3108
global_step=178340, episodic_return=0.0
global_step=178400, episodic_return=0.0
global_step=178408, episodic_return=0.0
global_step=178460, episodic_return=0.0
SPS: 3109
global_step=178744, episodic_return=0.0
global_step=178804, episodic_return=0.0
global_step=178812, episodic_return=0.0
global_step=178864, episodic_return=0.0
global_step=178876, episodic_return=0.982
global_step=179148, episodic_return=0.0
SPS: 3110
global_step=179208, episodic_return=0.0
global_step=179216, episodic_return=0.0
global_step=179280, episodic_return=0.0
global_step=179288, episodic_return=0.829
global_step=179436, episodic_return=0.514
global_step=179552, episodic_return=0.0
global_step=179684, episodic_return=0.0
global_step=179692, episodic_return=0.0
global_step=179712, episodic_return=0.946
SPS: 3111
global_step=179840, episodic_return=0.0
global_step=179872, episodic_return=0.2889999999999999
global_step=179940, episodic_return=0.856
global_step=179956, episodic_return=0.973
global_step=180096, episodic_return=0.0
global_step=180116, episodic_return=0.0
SPS: 3112
global_step=180244, episodic_return=0.0
global_step=180312, episodic_return=0.20799999999999996
global_step=180500, episodic_return=0.0
global_step=180520, episodic_return=0.0
global_step=180648, episodic_return=0.0
global_step=180716, episodic_return=0.0
SPS: 3113
global_step=180904, episodic_return=0.0
global_step=180924, episodic_return=0.0
global_step=180980, episodic_return=0.883
global_step=180996, episodic_return=0.973
global_step=181052, episodic_return=0.0
global_step=181120, episodic_return=0.0
SPS: 3114
global_step=181308, episodic_return=0.0
global_step=181332, episodic_return=0.379
global_step=181400, episodic_return=0.0
global_step=181524, episodic_return=0.0
global_step=181620, episodic_return=0.7929999999999999
global_step=181712, episodic_return=0.0
global_step=181736, episodic_return=0.0
SPS: 3115
global_step=181788, episodic_return=0.631
global_step=181804, episodic_return=0.0
global_step=181856, episodic_return=0.892
global_step=182116, episodic_return=0.0
global_step=182140, episodic_return=0.0
global_step=182172, episodic_return=0.883
global_step=182192, episodic_return=0.0
global_step=182260, episodic_return=0.0
SPS: 3115
global_step=182448, episodic_return=0.43299999999999994
global_step=182544, episodic_return=0.0
global_step=182576, episodic_return=0.0
global_step=182664, episodic_return=0.0
SPS: 3117
global_step=182852, episodic_return=0.0
global_step=182948, episodic_return=0.0
global_step=182980, episodic_return=0.0
global_step=183068, episodic_return=0.0
global_step=183096, episodic_return=0.748
global_step=183256, episodic_return=0.0
SPS: 3117
global_step=183308, episodic_return=0.892
global_step=183352, episodic_return=0.0
global_step=183472, episodic_return=0.0
global_step=183500, episodic_return=0.0
global_step=183712, episodic_return=0.0
global_step=183756, episodic_return=0.0
SPS: 3118
global_step=183876, episodic_return=0.0
global_step=183904, episodic_return=0.0
global_step=184116, episodic_return=0.0
global_step=184160, episodic_return=0.0
global_step=184280, episodic_return=0.0
global_step=184308, episodic_return=0.0
global_step=184312, episodic_return=0.9369999999999999
SPS: 3119
global_step=184520, episodic_return=0.0
global_step=184564, episodic_return=0.0
global_step=184712, episodic_return=0.0
global_step=184716, episodic_return=0.0
global_step=184724, episodic_return=0.649
SPS: 3120
global_step=184924, episodic_return=0.0
global_step=185116, episodic_return=0.0
global_step=185120, episodic_return=0.0
global_step=185128, episodic_return=0.0
global_step=185152, episodic_return=0.9279999999999999
global_step=185200, episodic_return=0.829
global_step=185328, episodic_return=0.0
SPS: 3121
global_step=185532, episodic_return=0.0
global_step=185556, episodic_return=0.0
global_step=185604, episodic_return=0.0
global_step=185732, episodic_return=0.0
SPS: 3122
global_step=185936, episodic_return=0.0
global_step=185960, episodic_return=0.0
global_step=186008, episodic_return=0.0
global_step=186136, episodic_return=0.0
global_step=186164, episodic_return=0.4959999999999999
global_step=186364, episodic_return=0.0
SPS: 3123
global_step=186376, episodic_return=0.469
global_step=186384, episodic_return=0.964
global_step=186412, episodic_return=0.0
global_step=186568, episodic_return=0.0
global_step=186780, episodic_return=0.0
global_step=186788, episodic_return=0.0
global_step=186816, episodic_return=0.0
global_step=186816, episodic_return=0.946
SPS: 3124
global_step=186972, episodic_return=0.0
global_step=187020, episodic_return=0.55
global_step=187184, episodic_return=0.0
global_step=187220, episodic_return=0.0
global_step=187260, episodic_return=0.469
global_step=187376, episodic_return=0.0
SPS: 3125
global_step=187588, episodic_return=0.0
global_step=187624, episodic_return=0.0
global_step=187664, episodic_return=0.0
global_step=187780, episodic_return=0.0
SPS: 3126
global_step=187992, episodic_return=0.0
global_step=188028, episodic_return=0.0
global_step=188068, episodic_return=0.0
global_step=188184, episodic_return=0.0
global_step=188396, episodic_return=0.0
SPS: 3127
global_step=188432, episodic_return=0.0
global_step=188472, episodic_return=0.0
global_step=188588, episodic_return=0.0
global_step=188800, episodic_return=0.0
global_step=188836, episodic_return=0.0
global_step=188876, episodic_return=0.0
SPS: 3128
global_step=188992, episodic_return=0.0
global_step=189028, episodic_return=0.9279999999999999
global_step=189204, episodic_return=0.0
global_step=189240, episodic_return=0.0
global_step=189264, episodic_return=0.874
global_step=189280, episodic_return=0.0
global_step=189424, episodic_return=0.595
global_step=189432, episodic_return=0.0
SPS: 3129
global_step=189668, episodic_return=0.0
global_step=189684, episodic_return=0.0
global_step=189700, episodic_return=0.4059999999999999
global_step=189828, episodic_return=0.0
SPS: 3130
global_step=190072, episodic_return=0.0
global_step=190088, episodic_return=0.0
global_step=190104, episodic_return=0.0
global_step=190112, episodic_return=0.991
global_step=190232, episodic_return=0.0
global_step=190236, episodic_return=0.6399999999999999
global_step=190268, episodic_return=0.6579999999999999
SPS: 3131
global_step=190492, episodic_return=0.0
global_step=190636, episodic_return=0.0
global_step=190640, episodic_return=0.0
global_step=190672, episodic_return=0.0
global_step=190716, episodic_return=0.829
global_step=190752, episodic_return=0.42399999999999993
global_step=190760, episodic_return=0.8109999999999999
global_step=190840, episodic_return=0.829
SPS: 3132
global_step=190992, episodic_return=0.469
global_step=191016, episodic_return=0.955
global_step=191044, episodic_return=0.0
global_step=191064, episodic_return=0.901
global_step=191120, episodic_return=0.0
global_step=191228, episodic_return=0.6399999999999999
global_step=191244, episodic_return=0.0
global_step=191448, episodic_return=0.0
SPS: 3132
global_step=191524, episodic_return=0.0
global_step=191540, episodic_return=0.34299999999999997
global_step=191632, episodic_return=0.0
global_step=191644, episodic_return=0.739
global_step=191852, episodic_return=0.0
global_step=191944, episodic_return=0.0
global_step=191964, episodic_return=0.757
SPS: 3133
global_step=192036, episodic_return=0.0
global_step=192048, episodic_return=0.0
global_step=192100, episodic_return=0.865
global_step=192348, episodic_return=0.0
global_step=192368, episodic_return=0.0
global_step=192452, episodic_return=0.0
global_step=192504, episodic_return=0.0
SPS: 3133
global_step=192752, episodic_return=0.0
global_step=192772, episodic_return=0.0
global_step=192856, episodic_return=0.0
global_step=192908, episodic_return=0.0
global_step=193016, episodic_return=0.45999999999999996
SPS: 3134
global_step=193156, episodic_return=0.0
global_step=193260, episodic_return=0.0
global_step=193312, episodic_return=0.0
global_step=193420, episodic_return=0.0
SPS: 3135
global_step=193560, episodic_return=0.0
global_step=193664, episodic_return=0.0
global_step=193680, episodic_return=0.973
global_step=193716, episodic_return=0.0
global_step=193824, episodic_return=0.0
global_step=193876, episodic_return=0.29799999999999993
global_step=194044, episodic_return=0.18999999999999995
SPS: 3136
global_step=194076, episodic_return=0.9369999999999999
global_step=194120, episodic_return=0.0
global_step=194228, episodic_return=0.0
global_step=194260, episodic_return=0.694
global_step=194280, episodic_return=0.0
global_step=194476, episodic_return=0.45099999999999996
global_step=194480, episodic_return=0.0
SPS: 3136
global_step=194636, episodic_return=0.6579999999999999
global_step=194664, episodic_return=0.0
global_step=194684, episodic_return=0.0
global_step=194696, episodic_return=0.9369999999999999
global_step=194708, episodic_return=0.955
global_step=194880, episodic_return=0.0
global_step=195040, episodic_return=0.0
SPS: 3137
global_step=195100, episodic_return=0.0
global_step=195112, episodic_return=0.0
global_step=195152, episodic_return=0.757
global_step=195284, episodic_return=0.0
global_step=195504, episodic_return=0.0
global_step=195516, episodic_return=0.0
global_step=195556, episodic_return=0.0
SPS: 3138
global_step=195612, episodic_return=0.883
global_step=195688, episodic_return=0.0
global_step=195908, episodic_return=0.0
global_step=195920, episodic_return=0.0
global_step=196012, episodic_return=0.802
global_step=196016, episodic_return=0.0
global_step=196092, episodic_return=0.0
SPS: 3139
global_step=196312, episodic_return=0.0
global_step=196416, episodic_return=0.0
global_step=196420, episodic_return=0.0
global_step=196496, episodic_return=0.0
SPS: 3140
global_step=196716, episodic_return=0.0
global_step=196820, episodic_return=0.0
global_step=196824, episodic_return=0.0
global_step=196900, episodic_return=0.0
global_step=197120, episodic_return=0.0
SPS: 3141
global_step=197224, episodic_return=0.0
global_step=197228, episodic_return=0.0
global_step=197304, episodic_return=0.0
global_step=197524, episodic_return=0.0
global_step=197628, episodic_return=0.0
global_step=197632, episodic_return=0.0
SPS: 3142
global_step=197676, episodic_return=0.901
global_step=197708, episodic_return=0.0
global_step=197792, episodic_return=0.4059999999999999
global_step=197948, episodic_return=0.6579999999999999
global_step=198036, episodic_return=0.0
global_step=198076, episodic_return=0.919
global_step=198080, episodic_return=0.0
global_step=198112, episodic_return=0.0
SPS: 3142
global_step=198288, episodic_return=0.5409999999999999
global_step=198352, episodic_return=0.0
global_step=198480, episodic_return=0.0
global_step=198516, episodic_return=0.0
global_step=198652, episodic_return=0.622
SPS: 3143
global_step=198692, episodic_return=0.0
global_step=198756, episodic_return=0.0
global_step=198804, episodic_return=0.757
global_step=198920, episodic_return=0.0
global_step=199056, episodic_return=0.0
global_step=199120, episodic_return=0.865
global_step=199160, episodic_return=0.0
SPS: 3144
global_step=199208, episodic_return=0.0
global_step=199324, episodic_return=0.0
global_step=199524, episodic_return=0.0
global_step=199564, episodic_return=0.0
global_step=199612, episodic_return=0.0
global_step=199644, episodic_return=0.9369999999999999
SPS: 3144
global_step=199728, episodic_return=0.0
global_step=199928, episodic_return=0.0
global_step=199968, episodic_return=0.0
global_step=200000, episodic_return=0.9369999999999999
global_step=200048, episodic_return=0.0
global_step=200100, episodic_return=0.784
global_step=200132, episodic_return=0.0
SPS: 3145
global_step=200196, episodic_return=0.7929999999999999
global_step=200228, episodic_return=0.9369999999999999
global_step=200332, episodic_return=0.0
global_step=200452, episodic_return=0.0
global_step=200536, episodic_return=0.0
global_step=200608, episodic_return=0.6579999999999999
global_step=200632, episodic_return=0.0
SPS: 3145
global_step=200736, episodic_return=0.0
global_step=200940, episodic_return=0.0
global_step=201012, episodic_return=0.0
global_step=201036, episodic_return=0.0
global_step=201140, episodic_return=0.0
global_step=201168, episodic_return=0.946
SPS: 3146
global_step=201344, episodic_return=0.0
global_step=201416, episodic_return=0.0
global_step=201440, episodic_return=0.0
global_step=201480, episodic_return=0.703
global_step=201520, episodic_return=0.919
global_step=201560, episodic_return=0.685
global_step=201572, episodic_return=0.0
SPS: 3147
global_step=201844, episodic_return=0.0
global_step=201924, episodic_return=0.0
global_step=201964, episodic_return=0.0
global_step=201976, episodic_return=0.0
SPS: 3148
global_step=202248, episodic_return=0.0
global_step=202328, episodic_return=0.0
global_step=202368, episodic_return=0.0
global_step=202380, episodic_return=0.0
global_step=202600, episodic_return=0.21699999999999997
global_step=202684, episodic_return=0.20799999999999996
SPS: 3149
global_step=202772, episodic_return=0.0
global_step=202784, episodic_return=0.0
global_step=203004, episodic_return=0.0
global_step=203088, episodic_return=0.0
global_step=203116, episodic_return=0.262
global_step=203120, episodic_return=0.9369999999999999
global_step=203176, episodic_return=0.0
SPS: 3149
global_step=203408, episodic_return=0.0
global_step=203520, episodic_return=0.757
global_step=203520, episodic_return=0.0
global_step=203524, episodic_return=0.0
global_step=203532, episodic_return=0.982
global_step=203580, episodic_return=0.0
SPS: 3150
global_step=203876, episodic_return=0.20799999999999996
global_step=203928, episodic_return=0.0
global_step=203936, episodic_return=0.0
global_step=203984, episodic_return=0.0
global_step=204280, episodic_return=0.0
SPS: 3151
global_step=204332, episodic_return=0.0
global_step=204340, episodic_return=0.0
global_step=204388, episodic_return=0.0
global_step=204684, episodic_return=0.0
global_step=204736, episodic_return=0.0
global_step=204744, episodic_return=0.0
global_step=204792, episodic_return=0.0
SPS: 3152
global_step=204816, episodic_return=0.829
global_step=204876, episodic_return=0.577
global_step=204928, episodic_return=0.703
global_step=204940, episodic_return=0.982
global_step=204952, episodic_return=0.838
global_step=205148, episodic_return=0.0
global_step=205180, episodic_return=0.18999999999999995
SPS: 3152
global_step=205344, episodic_return=0.0
global_step=205348, episodic_return=0.5589999999999999
global_step=205356, episodic_return=0.0
global_step=205368, episodic_return=0.982
global_step=205444, episodic_return=0.838
global_step=205584, episodic_return=0.0
global_step=205748, episodic_return=0.0
global_step=205752, episodic_return=0.0
SPS: 3153
global_step=205848, episodic_return=0.0
global_step=205924, episodic_return=0.622
global_step=205980, episodic_return=0.883
global_step=205988, episodic_return=0.0
global_step=206152, episodic_return=0.0
global_step=206252, episodic_return=0.0
SPS: 3154
global_step=206384, episodic_return=0.0
global_step=206392, episodic_return=0.0
global_step=206396, episodic_return=0.685
global_step=206404, episodic_return=0.964
global_step=206556, episodic_return=0.0
global_step=206796, episodic_return=0.0
global_step=206800, episodic_return=0.0
global_step=206808, episodic_return=0.0
SPS: 3154
global_step=206960, episodic_return=0.0
global_step=207200, episodic_return=0.0
global_step=207204, episodic_return=0.0
global_step=207212, episodic_return=0.0
SPS: 3155
global_step=207364, episodic_return=0.0
global_step=207604, episodic_return=0.0
global_step=207608, episodic_return=0.0
global_step=207616, episodic_return=0.0
global_step=207764, episodic_return=0.6579999999999999
global_step=207768, episodic_return=0.0
global_step=207856, episodic_return=0.8109999999999999
SPS: 3156
global_step=207996, episodic_return=0.694
global_step=208008, episodic_return=0.0
global_step=208020, episodic_return=0.0
global_step=208160, episodic_return=0.6399999999999999
global_step=208168, episodic_return=0.0
SPS: 3157
global_step=208412, episodic_return=0.0
global_step=208424, episodic_return=0.0
global_step=208564, episodic_return=0.0
global_step=208572, episodic_return=0.0
global_step=208816, episodic_return=0.0
global_step=208828, episodic_return=0.0
SPS: 3158
global_step=208968, episodic_return=0.0
global_step=208976, episodic_return=0.0
global_step=209220, episodic_return=0.0
global_step=209232, episodic_return=0.0
global_step=209272, episodic_return=0.892
global_step=209372, episodic_return=0.0
global_step=209380, episodic_return=0.0
SPS: 3159
global_step=209636, episodic_return=0.0
global_step=209676, episodic_return=0.0
global_step=209776, episodic_return=0.0
global_step=209784, episodic_return=0.0
SPS: 3158
global_step=210040, episodic_return=0.0
global_step=210080, episodic_return=0.0
global_step=210140, episodic_return=0.784
global_step=210180, episodic_return=0.0
global_step=210188, episodic_return=0.0
global_step=210264, episodic_return=0.838
SPS: 3159
global_step=210484, episodic_return=0.0
global_step=210544, episodic_return=0.0
global_step=210584, episodic_return=0.0
global_step=210668, episodic_return=0.0
global_step=210712, episodic_return=0.631
global_step=210780, episodic_return=0.856
global_step=210888, episodic_return=0.0
SPS: 3160
global_step=210988, episodic_return=0.0
global_step=211072, episodic_return=0.0
global_step=211184, episodic_return=0.0
global_step=211264, episodic_return=0.829
global_step=211292, episodic_return=0.0
global_step=211392, episodic_return=0.0
SPS: 3161
global_step=211476, episodic_return=0.0
global_step=211668, episodic_return=0.0
global_step=211696, episodic_return=0.0
global_step=211796, episodic_return=0.0
global_step=211880, episodic_return=0.0
SPS: 3162
global_step=212072, episodic_return=0.0
global_step=212100, episodic_return=0.0
global_step=212200, episodic_return=0.0
global_step=212284, episodic_return=0.0
global_step=212476, episodic_return=0.0
SPS: 3163
global_step=212504, episodic_return=0.0
global_step=212604, episodic_return=0.0
global_step=212664, episodic_return=0.649
global_step=212688, episodic_return=0.0
global_step=212708, episodic_return=0.487
SPS: 3163
global_step=213008, episodic_return=0.0
global_step=213068, episodic_return=0.0
global_step=213092, episodic_return=0.0
global_step=213112, episodic_return=0.0
global_step=213188, episodic_return=0.7929999999999999
global_step=213380, episodic_return=0.4059999999999999
global_step=213412, episodic_return=0.0
global_step=213448, episodic_return=0.9279999999999999
global_step=213472, episodic_return=0.0
SPS: 3164
global_step=213572, episodic_return=0.577
global_step=213592, episodic_return=0.0
global_step=213852, episodic_return=0.0
global_step=213876, episodic_return=0.0
global_step=213976, episodic_return=0.0
global_step=213996, episodic_return=0.0
SPS: 3165
global_step=214036, episodic_return=0.874
global_step=214256, episodic_return=0.0
global_step=214280, episodic_return=0.0
global_step=214384, episodic_return=0.22599999999999998
global_step=214400, episodic_return=0.0
SPS: 3166
global_step=214660, episodic_return=0.0
global_step=214684, episodic_return=0.0
global_step=214788, episodic_return=0.0
global_step=214804, episodic_return=0.0
global_step=214936, episodic_return=0.6759999999999999
SPS: 3167
global_step=215064, episodic_return=0.0
global_step=215088, episodic_return=0.0
global_step=215152, episodic_return=0.865
global_step=215208, episodic_return=0.0
global_step=215340, episodic_return=0.0
global_step=215468, episodic_return=0.0
SPS: 3167
global_step=215556, episodic_return=0.0
global_step=215612, episodic_return=0.0
global_step=215744, episodic_return=0.0
global_step=215872, episodic_return=0.0
global_step=215960, episodic_return=0.0
global_step=216016, episodic_return=0.0
SPS: 3168
global_step=216148, episodic_return=0.0
global_step=216276, episodic_return=0.0
global_step=216364, episodic_return=0.0
global_step=216420, episodic_return=0.0
global_step=216424, episodic_return=0.874
global_step=216552, episodic_return=0.0
SPS: 3169
global_step=216628, episodic_return=0.55
global_step=216680, episodic_return=0.0
global_step=216824, episodic_return=0.0
global_step=216956, episodic_return=0.0
global_step=217032, episodic_return=0.0
global_step=217084, episodic_return=0.0
SPS: 3169
global_step=217228, episodic_return=0.0
global_step=217276, episodic_return=0.901
global_step=217360, episodic_return=0.0
global_step=217436, episodic_return=0.0
global_step=217488, episodic_return=0.0
SPS: 3170
global_step=217680, episodic_return=0.0
global_step=217764, episodic_return=0.0
global_step=217840, episodic_return=0.0
global_step=217864, episodic_return=0.955
global_step=217892, episodic_return=0.0
global_step=217956, episodic_return=0.577
global_step=218084, episodic_return=0.0
SPS: 3171
global_step=218116, episodic_return=0.9369999999999999
global_step=218240, episodic_return=0.37
global_step=218268, episodic_return=0.0
global_step=218296, episodic_return=0.0
global_step=218520, episodic_return=0.0
SPS: 3171
global_step=218644, episodic_return=0.0
global_step=218672, episodic_return=0.0
global_step=218700, episodic_return=0.0
global_step=218924, episodic_return=0.0
global_step=219048, episodic_return=0.0
global_step=219076, episodic_return=0.0
global_step=219104, episodic_return=0.0
SPS: 3172
global_step=219328, episodic_return=0.0
global_step=219452, episodic_return=0.0
global_step=219480, episodic_return=0.0
global_step=219508, episodic_return=0.0
SPS: 3173
global_step=219732, episodic_return=0.0
global_step=219856, episodic_return=0.0
global_step=219884, episodic_return=0.0
global_step=219912, episodic_return=0.0
global_step=219948, episodic_return=0.865
global_step=220004, episodic_return=0.802
global_step=220136, episodic_return=0.0
SPS: 3174
global_step=220252, episodic_return=0.748
global_step=220260, episodic_return=0.0
global_step=220352, episodic_return=0.0
global_step=220408, episodic_return=0.0
global_step=220536, episodic_return=0.595
global_step=220656, episodic_return=0.0
global_step=220664, episodic_return=0.0
SPS: 3174
global_step=220812, episodic_return=0.0
global_step=220940, episodic_return=0.0
global_step=221060, episodic_return=0.0
global_step=221068, episodic_return=0.0
SPS: 3175
global_step=221216, episodic_return=0.0
global_step=221240, episodic_return=0.955
global_step=221344, episodic_return=0.0
global_step=221464, episodic_return=0.0
global_step=221472, episodic_return=0.0
global_step=221644, episodic_return=0.0
SPS: 3176
global_step=221748, episodic_return=0.0
global_step=221868, episodic_return=0.0
global_step=221876, episodic_return=0.0
global_step=222048, episodic_return=0.0
global_step=222152, episodic_return=0.0
global_step=222172, episodic_return=0.34299999999999997
SPS: 3177
global_step=222272, episodic_return=0.0
global_step=222452, episodic_return=0.0
global_step=222508, episodic_return=0.20799999999999996
global_step=222564, episodic_return=0.883
global_step=222576, episodic_return=0.0
global_step=222676, episodic_return=0.0
SPS: 3177
global_step=222856, episodic_return=0.0
global_step=222968, episodic_return=0.0
global_step=222980, episodic_return=0.0
global_step=223048, episodic_return=0.577
global_step=223080, episodic_return=0.0
SPS: 3178
global_step=223372, episodic_return=0.0
global_step=223384, episodic_return=0.0
global_step=223420, episodic_return=0.9279999999999999
global_step=223452, episodic_return=0.0
global_step=223484, episodic_return=0.0
global_step=223560, episodic_return=0.838
SPS: 3179
global_step=223776, episodic_return=0.0
global_step=223824, episodic_return=0.0
global_step=223832, episodic_return=0.991
global_step=223856, episodic_return=0.0
global_step=223964, episodic_return=0.0
global_step=224112, episodic_return=0.6759999999999999
global_step=224180, episodic_return=0.0
global_step=224236, episodic_return=0.0
SPS: 3179
global_step=224260, episodic_return=0.0
global_step=224516, episodic_return=0.0
global_step=224584, episodic_return=0.0
global_step=224640, episodic_return=0.0
global_step=224664, episodic_return=0.0
global_step=224716, episodic_return=0.5589999999999999
SPS: 3180
global_step=224864, episodic_return=0.6759999999999999
global_step=224988, episodic_return=0.0
global_step=225044, episodic_return=0.0
global_step=225068, episodic_return=0.0
global_step=225268, episodic_return=0.0
SPS: 3181
global_step=225392, episodic_return=0.0
global_step=225448, episodic_return=0.0
global_step=225472, episodic_return=0.0
global_step=225476, episodic_return=0.82
global_step=225500, episodic_return=0.892
global_step=225672, episodic_return=0.0
SPS: 3181
global_step=225876, episodic_return=0.0
global_step=225880, episodic_return=0.0
global_step=225904, episodic_return=0.0
global_step=226076, episodic_return=0.0
global_step=226120, episodic_return=0.5229999999999999
global_step=226280, episodic_return=0.0
global_step=226284, episodic_return=0.0
SPS: 3182
global_step=226480, episodic_return=0.0
global_step=226524, episodic_return=0.0
global_step=226564, episodic_return=0.919
global_step=226684, episodic_return=0.0
global_step=226688, episodic_return=0.0
SPS: 3183
global_step=226884, episodic_return=0.0
global_step=226968, episodic_return=0.0
global_step=227088, episodic_return=0.0
global_step=227092, episodic_return=0.0
global_step=227288, episodic_return=0.0
SPS: 3183
global_step=227372, episodic_return=0.0
global_step=227492, episodic_return=0.0
global_step=227496, episodic_return=0.0
global_step=227648, episodic_return=0.3879999999999999
global_step=227692, episodic_return=0.0
SPS: 3183
global_step=227896, episodic_return=0.0
global_step=227900, episodic_return=0.0
global_step=227928, episodic_return=0.9369999999999999
global_step=228052, episodic_return=0.0
global_step=228096, episodic_return=0.0
global_step=228304, episodic_return=0.0
global_step=228332, episodic_return=0.0
SPS: 3184
global_step=228428, episodic_return=0.7929999999999999
global_step=228456, episodic_return=0.19899999999999995
global_step=228456, episodic_return=0.0
global_step=228708, episodic_return=0.0
global_step=228832, episodic_return=0.0
global_step=228860, episodic_return=0.0
global_step=228860, episodic_return=0.0
SPS: 3184
global_step=229112, episodic_return=0.0
global_step=229172, episodic_return=0.30699999999999994
global_step=229236, episodic_return=0.0
global_step=229264, episodic_return=0.0
SPS: 3185
global_step=229500, episodic_return=0.2709999999999999
global_step=229516, episodic_return=0.0
global_step=229640, episodic_return=0.0
global_step=229668, episodic_return=0.0
SPS: 3186
global_step=229904, episodic_return=0.0
global_step=229920, episodic_return=0.0
global_step=230044, episodic_return=0.0
global_step=230064, episodic_return=0.685
global_step=230072, episodic_return=0.0
global_step=230112, episodic_return=0.919
global_step=230268, episodic_return=0.6579999999999999
global_step=230308, episodic_return=0.0
SPS: 3186
global_step=230408, episodic_return=0.784
global_step=230448, episodic_return=0.0
global_step=230468, episodic_return=0.0
global_step=230488, episodic_return=0.919
global_step=230672, episodic_return=0.0
global_step=230812, episodic_return=0.0
global_step=230872, episodic_return=0.0
global_step=230892, episodic_return=0.0
SPS: 3187
global_step=231076, episodic_return=0.0
global_step=231216, episodic_return=0.0
global_step=231244, episodic_return=0.946
global_step=231276, episodic_return=0.0
global_step=231296, episodic_return=0.0
global_step=231376, episodic_return=0.829
SPS: 3188
global_step=231480, episodic_return=0.0
global_step=231524, episodic_return=0.6759999999999999
global_step=231648, episodic_return=0.0
global_step=231680, episodic_return=0.0
global_step=231724, episodic_return=0.45999999999999996
global_step=231928, episodic_return=0.0
SPS: 3188
global_step=232052, episodic_return=0.0
global_step=232084, episodic_return=0.0
global_step=232128, episodic_return=0.0
global_step=232276, episodic_return=0.577
global_step=232332, episodic_return=0.0
SPS: 3189
global_step=232456, episodic_return=0.0
global_step=232532, episodic_return=0.0
global_step=232680, episodic_return=0.0
global_step=232700, episodic_return=0.631
global_step=232736, episodic_return=0.0
global_step=232860, episodic_return=0.0
SPS: 3190
global_step=233024, episodic_return=0.6399999999999999
global_step=233084, episodic_return=0.0
global_step=233104, episodic_return=0.0
global_step=233140, episodic_return=0.0
global_step=233324, episodic_return=0.469
global_step=233428, episodic_return=0.0
SPS: 3190
global_step=233508, episodic_return=0.0
global_step=233544, episodic_return=0.0
global_step=233724, episodic_return=0.604
global_step=233728, episodic_return=0.0
global_step=233832, episodic_return=0.0
global_step=233840, episodic_return=0.262
SPS: 3191
global_step=234128, episodic_return=0.0
global_step=234132, episodic_return=0.0
global_step=234220, episodic_return=0.802
global_step=234236, episodic_return=0.0
global_step=234244, episodic_return=0.0
SPS: 3192
global_step=234524, episodic_return=0.379
global_step=234536, episodic_return=0.0
global_step=234620, episodic_return=0.7929999999999999
global_step=234624, episodic_return=0.0
global_step=234640, episodic_return=0.0
global_step=234684, episodic_return=0.865
global_step=234940, episodic_return=0.0
SPS: 3192
global_step=235028, episodic_return=0.0
global_step=235044, episodic_return=0.0
global_step=235088, episodic_return=0.0
global_step=235228, episodic_return=0.5589999999999999
global_step=235344, episodic_return=0.0
global_step=235448, episodic_return=0.0
global_step=235492, episodic_return=0.0
SPS: 3193
global_step=235632, episodic_return=0.0
global_step=235700, episodic_return=0.856
global_step=235748, episodic_return=0.0
global_step=235788, episodic_return=0.8109999999999999
global_step=235852, episodic_return=0.0
global_step=235896, episodic_return=0.0
global_step=235960, episodic_return=0.766
SPS: 3193
global_step=236152, episodic_return=0.0
global_step=236192, episodic_return=0.0
global_step=236204, episodic_return=0.892
global_step=236300, episodic_return=0.0
global_step=236364, episodic_return=0.0
SPS: 3194
global_step=236596, episodic_return=0.0
global_step=236608, episodic_return=0.0
global_step=236704, episodic_return=0.0
global_step=236716, episodic_return=0.766
global_step=236736, episodic_return=0.964
global_step=236768, episodic_return=0.0
global_step=237000, episodic_return=0.0
SPS: 3195
global_step=237108, episodic_return=0.0
global_step=237140, episodic_return=0.0
global_step=237172, episodic_return=0.0
global_step=237236, episodic_return=0.7929999999999999
global_step=237404, episodic_return=0.0
global_step=237512, episodic_return=0.0
SPS: 3195
global_step=237576, episodic_return=0.0
global_step=237596, episodic_return=0.82
global_step=237640, episodic_return=0.0
global_step=237772, episodic_return=0.712
global_step=237808, episodic_return=0.0
global_step=237980, episodic_return=0.0
global_step=238000, episodic_return=0.0
SPS: 3196
global_step=238176, episodic_return=0.0
global_step=238212, episodic_return=0.0
global_step=238292, episodic_return=0.829
global_step=238384, episodic_return=0.0
global_step=238404, episodic_return=0.0
global_step=238580, episodic_return=0.0
SPS: 3197
global_step=238696, episodic_return=0.0
global_step=238788, episodic_return=0.0
global_step=238808, episodic_return=0.0
global_step=238888, episodic_return=0.784
global_step=238896, episodic_return=0.8109999999999999
global_step=238916, episodic_return=0.946
global_step=238984, episodic_return=0.0
global_step=239100, episodic_return=0.0
SPS: 3197
global_step=239300, episodic_return=0.0
global_step=239320, episodic_return=0.0
global_step=239328, episodic_return=0.946
global_step=239388, episodic_return=0.0
global_step=239504, episodic_return=0.0
global_step=239616, episodic_return=0.757
SPS: 3198
global_step=239724, episodic_return=0.0
global_step=239732, episodic_return=0.0
global_step=239792, episodic_return=0.0
global_step=240020, episodic_return=0.0
global_step=240128, episodic_return=0.0
SPS: 3199
global_step=240136, episodic_return=0.0
global_step=240196, episodic_return=0.0
global_step=240212, episodic_return=0.577
global_step=240292, episodic_return=0.6399999999999999
global_step=240540, episodic_return=0.0
global_step=240600, episodic_return=0.0
global_step=240616, episodic_return=0.0
SPS: 3199
global_step=240696, episodic_return=0.0
global_step=240944, episodic_return=0.0
global_step=241004, episodic_return=0.0
global_step=241020, episodic_return=0.0
global_step=241100, episodic_return=0.0
global_step=241104, episodic_return=0.784
SPS: 3200
global_step=241348, episodic_return=0.0
global_step=241424, episodic_return=0.0
global_step=241484, episodic_return=0.874
global_step=241504, episodic_return=0.0
global_step=241508, episodic_return=0.0
global_step=241528, episodic_return=0.91
global_step=241572, episodic_return=0.91
global_step=241636, episodic_return=0.721
global_step=241660, episodic_return=0.955
SPS: 3200
global_step=241728, episodic_return=0.6579999999999999
global_step=241752, episodic_return=0.0
global_step=241800, episodic_return=0.847
global_step=241908, episodic_return=0.0
global_step=242064, episodic_return=0.0
global_step=242156, episodic_return=0.0
SPS: 3201
global_step=242204, episodic_return=0.0
global_step=242312, episodic_return=0.0
global_step=242428, episodic_return=0.748
global_step=242468, episodic_return=0.0
global_step=242560, episodic_return=0.0
global_step=242608, episodic_return=0.0
global_step=242648, episodic_return=0.514
SPS: 3201
global_step=242872, episodic_return=0.0
global_step=242964, episodic_return=0.0
global_step=243012, episodic_return=0.0
global_step=243052, episodic_return=0.0
SPS: 3202
global_step=243276, episodic_return=0.0
global_step=243368, episodic_return=0.0
global_step=243416, episodic_return=0.0
global_step=243456, episodic_return=0.0
global_step=243604, episodic_return=0.6759999999999999
global_step=243632, episodic_return=0.5229999999999999
global_step=243668, episodic_return=0.865
global_step=243680, episodic_return=0.0
SPS: 3202
global_step=243772, episodic_return=0.0
global_step=244036, episodic_return=0.0
global_step=244072, episodic_return=0.0
global_step=244084, episodic_return=0.0
global_step=244176, episodic_return=0.0
SPS: 3203
global_step=244440, episodic_return=0.0
global_step=244476, episodic_return=0.0
global_step=244488, episodic_return=0.0
global_step=244580, episodic_return=0.0
global_step=244636, episodic_return=0.649
SPS: 3204
global_step=244844, episodic_return=0.0
global_step=244892, episodic_return=0.0
global_step=244984, episodic_return=0.0
global_step=245040, episodic_return=0.0
global_step=245248, episodic_return=0.0
SPS: 3204
global_step=245296, episodic_return=0.0
global_step=245336, episodic_return=0.8109999999999999
global_step=245352, episodic_return=0.883
global_step=245388, episodic_return=0.0
global_step=245444, episodic_return=0.0
global_step=245740, episodic_return=0.0
global_step=245756, episodic_return=0.0
SPS: 3204
global_step=245792, episodic_return=0.0
global_step=245848, episodic_return=0.0
global_step=245980, episodic_return=0.469
global_step=246160, episodic_return=0.0
global_step=246196, episodic_return=0.0
global_step=246252, episodic_return=0.0
SPS: 3205
global_step=246348, episodic_return=0.667
global_step=246384, episodic_return=0.0
global_step=246564, episodic_return=0.0
global_step=246656, episodic_return=0.0
global_step=246752, episodic_return=0.0
SPS: 3205
global_step=246788, episodic_return=0.0
global_step=246968, episodic_return=0.0
global_step=247060, episodic_return=0.0
global_step=247156, episodic_return=0.0
global_step=247192, episodic_return=0.0
global_step=247208, episodic_return=0.973
SPS: 3206
global_step=247372, episodic_return=0.0
global_step=247464, episodic_return=0.0
global_step=247560, episodic_return=0.0
global_step=247560, episodic_return=0.7929999999999999
global_step=247612, episodic_return=0.0
global_step=247776, episodic_return=0.0
SPS: 3206
global_step=247964, episodic_return=0.0
global_step=247964, episodic_return=0.0
global_step=248016, episodic_return=0.0
global_step=248180, episodic_return=0.0
SPS: 3207
global_step=248368, episodic_return=0.0
global_step=248368, episodic_return=0.0
global_step=248420, episodic_return=0.0
global_step=248480, episodic_return=0.757
global_step=248584, episodic_return=0.0
global_step=248772, episodic_return=0.0
global_step=248824, episodic_return=0.0
SPS: 3208
global_step=248856, episodic_return=0.82
global_step=248884, episodic_return=0.0
global_step=248968, episodic_return=0.82
global_step=248988, episodic_return=0.0
global_step=249228, episodic_return=0.0
global_step=249260, episodic_return=0.0
SPS: 3208
global_step=249368, episodic_return=0.766
global_step=249372, episodic_return=0.0
global_step=249392, episodic_return=0.0
global_step=249432, episodic_return=0.874
global_step=249632, episodic_return=0.0
global_step=249772, episodic_return=0.0
global_step=249796, episodic_return=0.0
global_step=249836, episodic_return=0.0
SPS: 3208
global_step=249964, episodic_return=0.631
global_step=249980, episodic_return=0.973
global_step=250036, episodic_return=0.0
global_step=250168, episodic_return=0.586
global_step=250176, episodic_return=0.0
global_step=250240, episodic_return=0.0
SPS: 3209
global_step=250440, episodic_return=0.0
global_step=250572, episodic_return=0.0
global_step=250580, episodic_return=0.0
global_step=250644, episodic_return=0.0
global_step=250844, episodic_return=0.0
SPS: 3210
global_step=250976, episodic_return=0.0
global_step=250984, episodic_return=0.0
global_step=251048, episodic_return=0.0
global_step=251248, episodic_return=0.0
global_step=251380, episodic_return=0.0
global_step=251388, episodic_return=0.0
SPS: 3210
global_step=251452, episodic_return=0.0
global_step=251652, episodic_return=0.0
global_step=251784, episodic_return=0.0
global_step=251792, episodic_return=0.0
global_step=251856, episodic_return=0.0
SPS: 3211
global_step=252056, episodic_return=0.0
global_step=252168, episodic_return=0.14500000000000002
global_step=252196, episodic_return=0.0
global_step=252260, episodic_return=0.0
SPS: 3212
global_step=252460, episodic_return=0.0
global_step=252572, episodic_return=0.0
global_step=252600, episodic_return=0.0
global_step=252664, episodic_return=0.0
global_step=252864, episodic_return=0.0
SPS: 3212
global_step=252976, episodic_return=0.0
global_step=253004, episodic_return=0.0
global_step=253068, episodic_return=0.0
global_step=253268, episodic_return=0.0
global_step=253380, episodic_return=0.0
global_step=253408, episodic_return=0.0
SPS: 3213
global_step=253472, episodic_return=0.0
global_step=253672, episodic_return=0.0
global_step=253784, episodic_return=0.0
global_step=253812, episodic_return=0.0
global_step=253836, episodic_return=0.892
global_step=253876, episodic_return=0.0
global_step=253920, episodic_return=0.82
global_step=253920, episodic_return=0.45099999999999996
SPS: 3213
global_step=254216, episodic_return=0.0
global_step=254280, episodic_return=0.0
global_step=254316, episodic_return=0.9279999999999999
global_step=254324, episodic_return=0.0
global_step=254324, episodic_return=0.0
global_step=254392, episodic_return=0.838
SPS: 3214
global_step=254580, episodic_return=0.43299999999999994
global_step=254620, episodic_return=0.0
global_step=254728, episodic_return=0.0
global_step=254796, episodic_return=0.0
SPS: 3214
global_step=254984, episodic_return=0.0
global_step=255024, episodic_return=0.0
global_step=255132, episodic_return=0.0
global_step=255200, episodic_return=0.0
global_step=255388, episodic_return=0.0
global_step=255404, episodic_return=0.55
global_step=255428, episodic_return=0.0
SPS: 3215
global_step=255536, episodic_return=0.0
global_step=255792, episodic_return=0.0
global_step=255808, episodic_return=0.0
global_step=255832, episodic_return=0.919
global_step=255832, episodic_return=0.0
global_step=255940, episodic_return=0.0
SPS: 3215
global_step=256212, episodic_return=0.0
global_step=256236, episodic_return=0.0
global_step=256236, episodic_return=0.0
global_step=256344, episodic_return=0.0
SPS: 3216
global_step=256616, episodic_return=0.0
global_step=256640, episodic_return=0.0
global_step=256640, episodic_return=0.0
global_step=256748, episodic_return=0.0
global_step=257020, episodic_return=0.0
SPS: 3217
global_step=257044, episodic_return=0.0
global_step=257044, episodic_return=0.0
global_step=257076, episodic_return=0.9369999999999999
global_step=257152, episodic_return=0.0
global_step=257424, episodic_return=0.0
global_step=257448, episodic_return=0.0
global_step=257480, episodic_return=0.0
global_step=257520, episodic_return=0.7929999999999999
SPS: 3217
global_step=257556, episodic_return=0.0
global_step=257664, episodic_return=0.5229999999999999
global_step=257884, episodic_return=0.0
global_step=257924, episodic_return=0.0
global_step=257948, episodic_return=0.865
global_step=257960, episodic_return=0.0
SPS: 3218
global_step=258068, episodic_return=0.0
global_step=258328, episodic_return=0.0
global_step=258352, episodic_return=0.0
global_step=258364, episodic_return=0.0
global_step=258472, episodic_return=0.0
SPS: 3218
global_step=258616, episodic_return=0.361
global_step=258756, episodic_return=0.0
global_step=258768, episodic_return=0.0
global_step=258768, episodic_return=0.982
global_step=258788, episodic_return=0.622
global_step=258848, episodic_return=0.874
global_step=258876, episodic_return=0.0
SPS: 3219
global_step=259156, episodic_return=0.136
global_step=259172, episodic_return=0.0
global_step=259216, episodic_return=0.874
global_step=259228, episodic_return=0.883
global_step=259252, episodic_return=0.0
global_step=259280, episodic_return=0.0
global_step=259280, episodic_return=0.865
SPS: 3219
global_step=259632, episodic_return=0.0
global_step=259656, episodic_return=0.0
global_step=259684, episodic_return=0.0
global_step=259684, episodic_return=0.0
global_step=259696, episodic_return=0.865
global_step=259840, episodic_return=0.6579999999999999
global_step=260060, episodic_return=0.0
global_step=260088, episodic_return=0.0
SPS: 3220
global_step=260100, episodic_return=0.0
global_step=260244, episodic_return=0.0
global_step=260464, episodic_return=0.0
global_step=260492, episodic_return=0.0
global_step=260504, episodic_return=0.0
SPS: 3221
global_step=260648, episodic_return=0.0
global_step=260868, episodic_return=0.0
global_step=260896, episodic_return=0.0
global_step=260900, episodic_return=0.9369999999999999
global_step=260908, episodic_return=0.0
global_step=260916, episodic_return=0.964
global_step=260948, episodic_return=0.901
global_step=261052, episodic_return=0.0
SPS: 3221
global_step=261312, episodic_return=0.0
global_step=261320, episodic_return=0.0
global_step=261352, episodic_return=0.0
global_step=261372, episodic_return=0.964
global_step=261456, episodic_return=0.0
SPS: 3222
global_step=261716, episodic_return=0.0
global_step=261724, episodic_return=0.0
global_step=261776, episodic_return=0.0
global_step=261860, episodic_return=0.0
global_step=261908, episodic_return=0.595
global_step=262016, episodic_return=0.766
global_step=262120, episodic_return=0.0
SPS: 3222
global_step=262180, episodic_return=0.0
global_step=262264, episodic_return=0.0
global_step=262272, episodic_return=0.991
global_step=262420, episodic_return=0.0
global_step=262524, episodic_return=0.0
global_step=262584, episodic_return=0.0
SPS: 3220
global_step=262676, episodic_return=0.0
global_step=262824, episodic_return=0.0
global_step=262928, episodic_return=0.0
global_step=262988, episodic_return=0.0
global_step=263080, episodic_return=0.0
global_step=263116, episodic_return=0.352
SPS: 3221
global_step=263332, episodic_return=0.0
global_step=263392, episodic_return=0.0
global_step=263468, episodic_return=0.838
global_step=263484, episodic_return=0.0
global_step=263520, episodic_return=0.0
global_step=263648, episodic_return=0.604
SPS: 3221
global_step=263736, episodic_return=0.0
global_step=263888, episodic_return=0.0
global_step=263916, episodic_return=0.946
global_step=263924, episodic_return=0.0
global_step=264052, episodic_return=0.0
global_step=264140, episodic_return=0.0
SPS: 3221
global_step=264320, episodic_return=0.0
global_step=264328, episodic_return=0.0
global_step=264456, episodic_return=0.0
global_step=264544, episodic_return=0.0
SPS: 3222
global_step=264724, episodic_return=0.0
global_step=264732, episodic_return=0.0
global_step=264860, episodic_return=0.0
global_step=264948, episodic_return=0.0
global_step=265128, episodic_return=0.0
global_step=265136, episodic_return=0.0
SPS: 3222
global_step=265264, episodic_return=0.0
global_step=265352, episodic_return=0.0
global_step=265532, episodic_return=0.0
global_step=265540, episodic_return=0.0
global_step=265668, episodic_return=0.0
SPS: 3223
global_step=265756, episodic_return=0.0
global_step=265828, episodic_return=0.649
global_step=265936, episodic_return=0.0
global_step=265944, episodic_return=0.0
global_step=266160, episodic_return=0.0
global_step=266232, episodic_return=0.0
SPS: 3223
global_step=266340, episodic_return=0.0
global_step=266348, episodic_return=0.0
global_step=266564, episodic_return=0.0
global_step=266636, episodic_return=0.0
global_step=266744, episodic_return=0.0
global_step=266752, episodic_return=0.0
SPS: 3224
global_step=266816, episodic_return=0.847
global_step=266836, episodic_return=0.964
global_step=266968, episodic_return=0.0
global_step=267036, episodic_return=0.856
global_step=267040, episodic_return=0.0
global_step=267064, episodic_return=0.955
global_step=267156, episodic_return=0.0
global_step=267188, episodic_return=0.9369999999999999
global_step=267240, episodic_return=0.0
SPS: 3224
global_step=267440, episodic_return=0.0
global_step=267468, episodic_return=0.0
global_step=267488, episodic_return=0.901
global_step=267592, episodic_return=0.0
global_step=267612, episodic_return=0.73
global_step=267644, episodic_return=0.0
global_step=267728, episodic_return=0.703
SPS: 3225
global_step=267872, episodic_return=0.0
global_step=268016, episodic_return=0.0
global_step=268048, episodic_return=0.0
global_step=268132, episodic_return=0.0
global_step=268276, episodic_return=0.0
SPS: 3225
global_step=268420, episodic_return=0.0
global_step=268436, episodic_return=0.32499999999999996
global_step=268452, episodic_return=0.0
global_step=268456, episodic_return=0.604
SPS: 3226
global_step=268824, episodic_return=0.0
global_step=268840, episodic_return=0.0
global_step=268856, episodic_return=0.0
global_step=268860, episodic_return=0.0
global_step=269228, episodic_return=0.0
global_step=269244, episodic_return=0.0
global_step=269252, episodic_return=0.118
global_step=269264, episodic_return=0.0
SPS: 3227
global_step=269632, episodic_return=0.0
global_step=269648, episodic_return=0.0
global_step=269656, episodic_return=0.0
global_step=269668, episodic_return=0.0
SPS: 3227
global_step=269996, episodic_return=0.2709999999999999
global_step=270036, episodic_return=0.0
global_step=270052, episodic_return=0.0
global_step=270060, episodic_return=0.0
global_step=270112, episodic_return=0.838
global_step=270120, episodic_return=0.73
SPS: 3228
global_step=270456, episodic_return=0.0
global_step=270464, episodic_return=0.0
global_step=270516, episodic_return=0.0
global_step=270524, episodic_return=0.0
SPS: 3228
global_step=270860, episodic_return=0.0
global_step=270868, episodic_return=0.0
global_step=270920, episodic_return=0.0
global_step=270928, episodic_return=0.0
global_step=270964, episodic_return=0.7929999999999999
global_step=271264, episodic_return=0.0
global_step=271324, episodic_return=0.0
global_step=271332, episodic_return=0.0
SPS: 3229
global_step=271368, episodic_return=0.0
global_step=271428, episodic_return=0.7929999999999999
global_step=271668, episodic_return=0.0
global_step=271728, episodic_return=0.0
global_step=271772, episodic_return=0.0
global_step=271832, episodic_return=0.0
SPS: 3229
global_step=272072, episodic_return=0.0
global_step=272132, episodic_return=0.0
global_step=272176, episodic_return=0.0
global_step=272236, episodic_return=0.0
SPS: 3230
global_step=272476, episodic_return=0.0
global_step=272492, episodic_return=0.43299999999999994
global_step=272508, episodic_return=0.9369999999999999
global_step=272536, episodic_return=0.0
global_step=272580, episodic_return=0.0
global_step=272896, episodic_return=0.0
SPS: 3230
global_step=272912, episodic_return=0.0
global_step=272940, episodic_return=0.0
global_step=272984, episodic_return=0.0
global_step=273300, episodic_return=0.0
global_step=273316, episodic_return=0.0
global_step=273344, episodic_return=0.0
global_step=273388, episodic_return=0.0
SPS: 3231
global_step=273536, episodic_return=0.6759999999999999
global_step=273556, episodic_return=0.964
global_step=273704, episodic_return=0.0
global_step=273720, episodic_return=0.0
global_step=273748, episodic_return=0.0
SPS: 3232
global_step=273960, episodic_return=0.0
global_step=274108, episodic_return=0.0
global_step=274124, episodic_return=0.0
global_step=274152, episodic_return=0.0
global_step=274236, episodic_return=0.82
global_step=274248, episodic_return=0.982
global_step=274364, episodic_return=0.0
SPS: 3232
global_step=274512, episodic_return=0.0
global_step=274528, episodic_return=0.0
global_step=274576, episodic_return=0.2709999999999999
global_step=274768, episodic_return=0.0
global_step=274916, episodic_return=0.0
global_step=274932, episodic_return=0.0
SPS: 3232
global_step=274980, episodic_return=0.0
global_step=275172, episodic_return=0.0
global_step=275320, episodic_return=0.0
global_step=275336, episodic_return=0.0
global_step=275384, episodic_return=0.0
SPS: 3233
global_step=275576, episodic_return=0.0
global_step=275604, episodic_return=0.946
global_step=275692, episodic_return=0.8109999999999999
global_step=275724, episodic_return=0.0
global_step=275740, episodic_return=0.0
global_step=275768, episodic_return=0.946
global_step=275788, episodic_return=0.0
global_step=275848, episodic_return=0.73
SPS: 3233
global_step=276096, episodic_return=0.0
global_step=276172, episodic_return=0.0
global_step=276192, episodic_return=0.0
global_step=276252, episodic_return=0.0
SPS: 3234
global_step=276500, episodic_return=0.0
global_step=276576, episodic_return=0.0
global_step=276596, episodic_return=0.0
global_step=276656, episodic_return=0.0
global_step=276656, episodic_return=0.829
global_step=276904, episodic_return=0.0
global_step=276992, episodic_return=0.8109999999999999
SPS: 3234
global_step=277000, episodic_return=0.0
global_step=277020, episodic_return=0.964
global_step=277060, episodic_return=0.0
global_step=277060, episodic_return=0.0
global_step=277148, episodic_return=0.8109999999999999
global_step=277396, episodic_return=0.0
global_step=277424, episodic_return=0.0
global_step=277464, episodic_return=0.0
SPS: 3235
global_step=277552, episodic_return=0.0
global_step=277572, episodic_return=0.964
global_step=277800, episodic_return=0.0
global_step=277828, episodic_return=0.0
global_step=277868, episodic_return=0.0
global_step=277920, episodic_return=0.892
global_step=277940, episodic_return=0.964
global_step=277964, episodic_return=0.955
global_step=277976, episodic_return=0.09999999999999998
SPS: 3235
global_step=278020, episodic_return=0.883
global_step=278204, episodic_return=0.0
global_step=278232, episodic_return=0.0
global_step=278288, episodic_return=0.883
global_step=278380, episodic_return=0.0
global_step=278424, episodic_return=0.0
SPS: 3236
global_step=278608, episodic_return=0.0
global_step=278692, episodic_return=0.0
global_step=278784, episodic_return=0.0
global_step=278828, episodic_return=0.0
global_step=278856, episodic_return=0.946
global_step=279008, episodic_return=0.29799999999999993
global_step=279012, episodic_return=0.0
SPS: 3236
global_step=279188, episodic_return=0.0
global_step=279196, episodic_return=0.991
global_step=279260, episodic_return=0.0
global_step=279412, episodic_return=0.0
global_step=279416, episodic_return=0.0
SPS: 3237
global_step=279600, episodic_return=0.0
global_step=279616, episodic_return=0.55
global_step=279664, episodic_return=0.0
global_step=279720, episodic_return=0.739
global_step=279732, episodic_return=0.856
global_step=279780, episodic_return=0.901
global_step=279820, episodic_return=0.0
global_step=280020, episodic_return=0.0
SPS: 3237
global_step=280124, episodic_return=0.0
global_step=280184, episodic_return=0.0
global_step=280224, episodic_return=0.0
global_step=280316, episodic_return=0.712
global_step=280412, episodic_return=0.7929999999999999
global_step=280424, episodic_return=0.0
global_step=280528, episodic_return=0.0
global_step=280536, episodic_return=0.757
SPS: 3237
global_step=280628, episodic_return=0.0
global_step=280816, episodic_return=0.0
global_step=280852, episodic_return=0.9279999999999999
global_step=280932, episodic_return=0.0
global_step=280940, episodic_return=0.0
global_step=281032, episodic_return=0.0
SPS: 3237
global_step=281256, episodic_return=0.0
global_step=281336, episodic_return=0.0
global_step=281344, episodic_return=0.0
global_step=281436, episodic_return=0.0
SPS: 3238
global_step=281660, episodic_return=0.0
global_step=281740, episodic_return=0.0
global_step=281748, episodic_return=0.0
global_step=281840, episodic_return=0.0
global_step=282064, episodic_return=0.0
SPS: 3238
global_step=282144, episodic_return=0.0
global_step=282152, episodic_return=0.0
global_step=282244, episodic_return=0.0
global_step=282468, episodic_return=0.0
global_step=282548, episodic_return=0.0
global_step=282556, episodic_return=0.0
SPS: 3239
global_step=282648, episodic_return=0.0
global_step=282872, episodic_return=0.0
global_step=282952, episodic_return=0.0
global_step=282960, episodic_return=0.0
global_step=282976, episodic_return=0.973
global_step=283052, episodic_return=0.0
SPS: 3239
global_step=283276, episodic_return=0.0
global_step=283356, episodic_return=0.0
global_step=283380, episodic_return=0.0
global_step=283396, episodic_return=0.919
global_step=283456, episodic_return=0.0
global_step=283636, episodic_return=0.43299999999999994
global_step=283636, episodic_return=0.469
SPS: 3239
global_step=283680, episodic_return=0.0
global_step=283860, episodic_return=0.0
global_step=284040, episodic_return=0.0
global_step=284040, episodic_return=0.0
global_step=284084, episodic_return=0.0
global_step=284160, episodic_return=0.739
SPS: 3240
global_step=284264, episodic_return=0.0
global_step=284444, episodic_return=0.0
global_step=284488, episodic_return=0.0
global_step=284564, episodic_return=0.0
global_step=284668, episodic_return=0.0
SPS: 3240
global_step=284760, episodic_return=0.802
global_step=284848, episodic_return=0.0
global_step=284892, episodic_return=0.0
global_step=284944, episodic_return=0.7929999999999999
global_step=284968, episodic_return=0.0
global_step=284984, episodic_return=0.802
global_step=285164, episodic_return=0.0
SPS: 3241
global_step=285200, episodic_return=0.487
global_step=285348, episodic_return=0.0
global_step=285388, episodic_return=0.0
global_step=285568, episodic_return=0.0
global_step=285604, episodic_return=0.0
global_step=285696, episodic_return=0.802
SPS: 3241
global_step=285700, episodic_return=0.712
global_step=285752, episodic_return=0.0
global_step=285792, episodic_return=0.0
global_step=286100, episodic_return=0.0
global_step=286104, episodic_return=0.0
global_step=286156, episodic_return=0.0
global_step=286196, episodic_return=0.0
SPS: 3242
global_step=286504, episodic_return=0.0
global_step=286508, episodic_return=0.0
global_step=286540, episodic_return=0.9369999999999999
global_step=286560, episodic_return=0.0
global_step=286600, episodic_return=0.0
SPS: 3242
global_step=286908, episodic_return=0.0
global_step=286944, episodic_return=0.0
global_step=286964, episodic_return=0.0
global_step=287004, episodic_return=0.0
global_step=287040, episodic_return=0.838
global_step=287112, episodic_return=0.847
SPS: 3243
global_step=287312, episodic_return=0.0
global_step=287348, episodic_return=0.0
global_step=287408, episodic_return=0.0
global_step=287516, episodic_return=0.0
global_step=287716, episodic_return=0.0
global_step=287728, episodic_return=0.532
SPS: 3243
global_step=287752, episodic_return=0.0
global_step=287812, episodic_return=0.0
global_step=288120, episodic_return=0.0
global_step=288132, episodic_return=0.0
global_step=288156, episodic_return=0.0
global_step=288216, episodic_return=0.0
SPS: 3243
global_step=288524, episodic_return=0.0
global_step=288536, episodic_return=0.0
global_step=288560, episodic_return=0.0
global_step=288620, episodic_return=0.0
global_step=288624, episodic_return=0.865
global_step=288648, episodic_return=0.946
SPS: 3244
global_step=288928, episodic_return=0.0
global_step=288940, episodic_return=0.0
global_step=289028, episodic_return=0.0
global_step=289052, episodic_return=0.0
SPS: 3244
global_step=289332, episodic_return=0.0
global_step=289344, episodic_return=0.0
global_step=289384, episodic_return=0.892
global_step=289432, episodic_return=0.0
global_step=289456, episodic_return=0.0
global_step=289748, episodic_return=0.0
global_step=289788, episodic_return=0.0
SPS: 3245
global_step=289836, episodic_return=0.0
global_step=289860, episodic_return=0.0
global_step=289904, episodic_return=0.748
global_step=290152, episodic_return=0.0
global_step=290240, episodic_return=0.0
global_step=290264, episodic_return=0.0
SPS: 3245
global_step=290308, episodic_return=0.0
global_step=290556, episodic_return=0.0
global_step=290564, episodic_return=0.43299999999999994
global_step=290644, episodic_return=0.0
global_step=290668, episodic_return=0.0
SPS: 3246
global_step=290960, episodic_return=0.0
global_step=290968, episodic_return=0.0
global_step=290996, episodic_return=0.9279999999999999
global_step=291048, episodic_return=0.0
global_step=291072, episodic_return=0.0
global_step=291320, episodic_return=0.3969999999999999
SPS: 3246
global_step=291372, episodic_return=0.0
global_step=291400, episodic_return=0.0
global_step=291476, episodic_return=0.0
global_step=291724, episodic_return=0.0
global_step=291776, episodic_return=0.0
global_step=291804, episodic_return=0.0
SPS: 3246
global_step=291852, episodic_return=0.838
global_step=291880, episodic_return=0.0
global_step=292128, episodic_return=0.0
global_step=292208, episodic_return=0.0
global_step=292256, episodic_return=0.0
global_step=292284, episodic_return=0.0
SPS: 3247
global_step=292360, episodic_return=0.838
global_step=292400, episodic_return=0.919
global_step=292532, episodic_return=0.0
global_step=292612, episodic_return=0.0
global_step=292660, episodic_return=0.0
global_step=292804, episodic_return=0.0
SPS: 3247
global_step=292936, episodic_return=0.0
global_step=292984, episodic_return=0.17199999999999993
global_step=293064, episodic_return=0.0
global_step=293204, episodic_return=0.694
global_step=293208, episodic_return=0.0
global_step=293340, episodic_return=0.0
SPS: 3248
global_step=293388, episodic_return=0.0
global_step=293608, episodic_return=0.0
global_step=293612, episodic_return=0.0
global_step=293744, episodic_return=0.0
global_step=293792, episodic_return=0.0
SPS: 3248
global_step=294012, episodic_return=0.0
global_step=294016, episodic_return=0.0
global_step=294068, episodic_return=0.3879999999999999
global_step=294116, episodic_return=0.775
global_step=294148, episodic_return=0.0
global_step=294176, episodic_return=0.946
SPS: 3249
global_step=294420, episodic_return=0.0
global_step=294472, episodic_return=0.0
global_step=294520, episodic_return=0.0
global_step=294544, episodic_return=0.847
global_step=294580, episodic_return=0.0
global_step=294824, episodic_return=0.0
SPS: 3249
global_step=294924, episodic_return=0.0
global_step=294948, episodic_return=0.0
global_step=294984, episodic_return=0.0
global_step=295048, episodic_return=0.784
global_step=295076, episodic_return=0.946
global_step=295228, episodic_return=0.0
global_step=295328, episodic_return=0.0
global_step=295388, episodic_return=0.0
SPS: 3249
global_step=295480, episodic_return=0.0
global_step=295632, episodic_return=0.0
global_step=295732, episodic_return=0.0
global_step=295792, episodic_return=0.0
global_step=295836, episodic_return=0.91
global_step=295884, episodic_return=0.0
SPS: 3250
global_step=296036, episodic_return=0.0
global_step=296136, episodic_return=0.0
global_step=296240, episodic_return=0.0
global_step=296272, episodic_return=0.9369999999999999
global_step=296288, episodic_return=0.0
global_step=296440, episodic_return=0.0
SPS: 3250
global_step=296540, episodic_return=0.0
global_step=296676, episodic_return=0.0
global_step=296692, episodic_return=0.0
global_step=296788, episodic_return=0.757
global_step=296844, episodic_return=0.0
global_step=296944, episodic_return=0.0
SPS: 3251
global_step=297096, episodic_return=0.0
global_step=297192, episodic_return=0.0
global_step=297216, episodic_return=0.955
global_step=297248, episodic_return=0.0
global_step=297348, episodic_return=0.0
global_step=297472, episodic_return=0.73
SPS: 3251
global_step=297500, episodic_return=0.0
global_step=297620, episodic_return=0.0
global_step=297652, episodic_return=0.0
global_step=297876, episodic_return=0.0
global_step=297904, episodic_return=0.0
global_step=297984, episodic_return=0.829
SPS: 3251
global_step=298024, episodic_return=0.0
global_step=298056, episodic_return=0.0
global_step=298280, episodic_return=0.0
global_step=298388, episodic_return=0.0
global_step=298428, episodic_return=0.0
global_step=298460, episodic_return=0.0
global_step=298496, episodic_return=0.766
SPS: 3251
global_step=298684, episodic_return=0.0
global_step=298684, episodic_return=0.5049999999999999
global_step=298832, episodic_return=0.0
global_step=298900, episodic_return=0.0
global_step=298932, episodic_return=0.45099999999999996
SPS: 3252
global_step=299088, episodic_return=0.0
global_step=299236, episodic_return=0.0
global_step=299304, episodic_return=0.0
global_step=299316, episodic_return=0.829
global_step=299336, episodic_return=0.0
global_step=299492, episodic_return=0.0
SPS: 3252
global_step=299708, episodic_return=0.0
global_step=299720, episodic_return=0.0
global_step=299740, episodic_return=0.0
global_step=299896, episodic_return=0.0
global_step=299932, episodic_return=0.532
SPS: 3253
global_step=300112, episodic_return=0.0
global_step=300144, episodic_return=0.0
global_step=300300, episodic_return=0.0
global_step=300336, episodic_return=0.0
global_step=300352, episodic_return=0.892
global_step=300516, episodic_return=0.0
SPS: 3253
global_step=300548, episodic_return=0.0
global_step=300676, episodic_return=0.721
global_step=300740, episodic_return=0.0
global_step=300756, episodic_return=0.0
global_step=300920, episodic_return=0.0
global_step=301040, episodic_return=0.37
SPS: 3253
global_step=301080, episodic_return=0.0
global_step=301144, episodic_return=0.0
global_step=301324, episodic_return=0.0
global_step=301444, episodic_return=0.0
global_step=301484, episodic_return=0.0
global_step=301548, episodic_return=0.0
global_step=301564, episodic_return=0.973
SPS: 3254
global_step=301728, episodic_return=0.0
global_step=301728, episodic_return=0.6399999999999999
global_step=301824, episodic_return=0.244
global_step=301848, episodic_return=0.0
SPS: 3254
global_step=302132, episodic_return=0.0
global_step=302132, episodic_return=0.0
global_step=302228, episodic_return=0.0
global_step=302252, episodic_return=0.0
global_step=302536, episodic_return=0.0
global_step=302536, episodic_return=0.0
SPS: 3255
global_step=302632, episodic_return=0.0
global_step=302656, episodic_return=0.0
global_step=302920, episodic_return=0.14500000000000002
global_step=302940, episodic_return=0.0
global_step=303036, episodic_return=0.0
global_step=303060, episodic_return=0.0
SPS: 3255
global_step=303324, episodic_return=0.0
global_step=303344, episodic_return=0.0
global_step=303440, episodic_return=0.0
global_step=303464, episodic_return=0.0
SPS: 3255
global_step=303728, episodic_return=0.0
global_step=303748, episodic_return=0.0
global_step=303764, episodic_return=0.9279999999999999
global_step=303844, episodic_return=0.0
global_step=303868, episodic_return=0.0
global_step=303884, episodic_return=0.973
global_step=303884, episodic_return=0.919
global_step=303960, episodic_return=0.532
SPS: 3256
global_step=304168, episodic_return=0.0
global_step=304288, episodic_return=0.0
global_step=304288, episodic_return=0.0
global_step=304320, episodic_return=0.9369999999999999
global_step=304364, episodic_return=0.0
global_step=304420, episodic_return=0.712
global_step=304516, episodic_return=0.7929999999999999
global_step=304572, episodic_return=0.0
SPS: 3256
global_step=304724, episodic_return=0.0
global_step=304748, episodic_return=0.955
global_step=304768, episodic_return=0.0
global_step=304920, episodic_return=0.0
global_step=304960, episodic_return=0.919
global_step=304976, episodic_return=0.0
global_step=305152, episodic_return=0.0
SPS: 3256
global_step=305172, episodic_return=0.0
global_step=305364, episodic_return=0.0
global_step=305380, episodic_return=0.0
global_step=305424, episodic_return=0.874
global_step=305544, episodic_return=0.739
global_step=305556, episodic_return=0.0
global_step=305576, episodic_return=0.0
global_step=305636, episodic_return=0.874
SPS: 3257
global_step=305784, episodic_return=0.0
global_step=305880, episodic_return=0.2799999999999999
global_step=305948, episodic_return=0.0
global_step=305992, episodic_return=0.757
global_step=306020, episodic_return=0.946
global_step=306036, episodic_return=0.8109999999999999
global_step=306040, episodic_return=0.0
SPS: 3257
global_step=306188, episodic_return=0.0
global_step=306424, episodic_return=0.0
global_step=306440, episodic_return=0.0
global_step=306444, episodic_return=0.0
global_step=306492, episodic_return=0.892
global_step=306592, episodic_return=0.0
SPS: 3257
global_step=306776, episodic_return=0.595
global_step=306828, episodic_return=0.0
global_step=306848, episodic_return=0.0
global_step=306896, episodic_return=0.0
global_step=307180, episodic_return=0.0
SPS: 3258
global_step=307232, episodic_return=0.0
global_step=307252, episodic_return=0.0
global_step=307300, episodic_return=0.0
global_step=307400, episodic_return=0.631
global_step=307584, episodic_return=0.0
global_step=307656, episodic_return=0.0
global_step=307704, episodic_return=0.0
SPS: 3258
global_step=307728, episodic_return=0.847
global_step=307804, episodic_return=0.0
global_step=307840, episodic_return=0.9279999999999999
global_step=307988, episodic_return=0.0
global_step=308108, episodic_return=0.0
global_step=308132, episodic_return=0.0
SPS: 3258
global_step=308244, episodic_return=0.0
global_step=308296, episodic_return=0.892
global_step=308392, episodic_return=0.0
global_step=308512, episodic_return=0.0
global_step=308536, episodic_return=0.0
global_step=308576, episodic_return=0.919
global_step=308660, episodic_return=0.82
global_step=308700, episodic_return=0.0
SPS: 3259
global_step=308796, episodic_return=0.0
global_step=308916, episodic_return=0.0
global_step=309064, episodic_return=0.0
global_step=309104, episodic_return=0.0
global_step=309200, episodic_return=0.0
SPS: 3259
global_step=309320, episodic_return=0.0
global_step=309468, episodic_return=0.0
global_step=309508, episodic_return=0.0
global_step=309604, episodic_return=0.0
global_step=309724, episodic_return=0.0
SPS: 3260
global_step=309872, episodic_return=0.0
global_step=309912, episodic_return=0.0
global_step=310008, episodic_return=0.0
global_step=310128, episodic_return=0.0
global_step=310228, episodic_return=0.784
SPS: 3260
global_step=310276, episodic_return=0.0
global_step=310316, episodic_return=0.0
global_step=310316, episodic_return=0.8109999999999999
global_step=310336, episodic_return=0.964
global_step=310384, episodic_return=0.901
global_step=310412, episodic_return=0.0
global_step=310560, episodic_return=0.613
global_step=310680, episodic_return=0.0
global_step=310720, episodic_return=0.0
SPS: 3260
global_step=310816, episodic_return=0.0
global_step=310864, episodic_return=0.901
global_step=310964, episodic_return=0.0
global_step=311084, episodic_return=0.0
global_step=311124, episodic_return=0.0
global_step=311204, episodic_return=0.829
global_step=311236, episodic_return=0.3969999999999999
global_step=311268, episodic_return=0.0
global_step=311296, episodic_return=0.802
SPS: 3260
global_step=311488, episodic_return=0.0
global_step=311640, episodic_return=0.0
global_step=311672, episodic_return=0.0
global_step=311700, episodic_return=0.0
global_step=311748, episodic_return=0.838
SPS: 3261
global_step=311864, episodic_return=0.6399999999999999
global_step=311892, episodic_return=0.0
global_step=312044, episodic_return=0.0
global_step=312132, episodic_return=0.8109999999999999
global_step=312152, episodic_return=0.0
global_step=312268, episodic_return=0.0
global_step=312296, episodic_return=0.0
SPS: 3261
global_step=312536, episodic_return=0.0
global_step=312556, episodic_return=0.0
global_step=312672, episodic_return=0.0
global_step=312700, episodic_return=0.0
SPS: 3262
global_step=312856, episodic_return=0.595
global_step=312940, episodic_return=0.0
global_step=312960, episodic_return=0.0
global_step=313104, episodic_return=0.0
global_step=313176, episodic_return=0.5229999999999999
global_step=313260, episodic_return=0.0
global_step=313344, episodic_return=0.0
SPS: 3262
global_step=313508, episodic_return=0.0
global_step=313580, episodic_return=0.0
global_step=313636, episodic_return=0.883
global_step=313664, episodic_return=0.0
global_step=313748, episodic_return=0.0
global_step=313812, episodic_return=0.865
SPS: 3262
global_step=313912, episodic_return=0.0
global_step=314040, episodic_return=0.0
global_step=314068, episodic_return=0.0
global_step=314216, episodic_return=0.0
global_step=314316, episodic_return=0.0
SPS: 3263
global_step=314444, episodic_return=0.0
global_step=314472, episodic_return=0.0
global_step=314620, episodic_return=0.0
global_step=314720, episodic_return=0.0
global_step=314848, episodic_return=0.0
global_step=314876, episodic_return=0.0
SPS: 3263
global_step=315024, episodic_return=0.0
global_step=315124, episodic_return=0.0
global_step=315132, episodic_return=0.991
global_step=315252, episodic_return=0.0
global_step=315280, episodic_return=0.0
global_step=315392, episodic_return=0.757
SPS: 3262
global_step=315428, episodic_return=0.0
global_step=315536, episodic_return=0.0
global_step=315656, episodic_return=0.0
global_step=315796, episodic_return=0.0
global_step=315812, episodic_return=0.6579999999999999
global_step=315832, episodic_return=0.0
SPS: 3262
global_step=315940, episodic_return=0.0
global_step=315972, episodic_return=0.694
global_step=316200, episodic_return=0.0
global_step=316216, episodic_return=0.0
global_step=316332, episodic_return=0.712
global_step=316344, episodic_return=0.0
global_step=316348, episodic_return=0.973
global_step=316376, episodic_return=0.0
SPS: 3263
global_step=316564, episodic_return=0.586
global_step=316604, episodic_return=0.919
global_step=316620, episodic_return=0.0
global_step=316748, episodic_return=0.0
global_step=316752, episodic_return=0.0
SPS: 3263
global_step=317008, episodic_return=0.0
global_step=317024, episodic_return=0.0
global_step=317060, episodic_return=0.9279999999999999
global_step=317152, episodic_return=0.0
global_step=317156, episodic_return=0.0
global_step=317412, episodic_return=0.0
SPS: 3264
global_step=317464, episodic_return=0.0
global_step=317556, episodic_return=0.0
global_step=317560, episodic_return=0.0
global_step=317816, episodic_return=0.0
global_step=317864, episodic_return=0.901
global_step=317868, episodic_return=0.0
SPS: 3264
global_step=317960, episodic_return=0.0
global_step=317964, episodic_return=0.0
global_step=318268, episodic_return=0.0
global_step=318272, episodic_return=0.0
global_step=318364, episodic_return=0.0
global_step=318368, episodic_return=0.0
SPS: 3265
global_step=318672, episodic_return=0.0
global_step=318676, episodic_return=0.0
global_step=318768, episodic_return=0.802
global_step=318768, episodic_return=0.0
global_step=318772, episodic_return=0.0
global_step=318908, episodic_return=0.703
SPS: 3265
global_step=319076, episodic_return=0.0
global_step=319092, episodic_return=0.973
global_step=319172, episodic_return=0.0
global_step=319172, episodic_return=0.0
global_step=319312, episodic_return=0.0
global_step=319352, episodic_return=0.919
SPS: 3265
global_step=319496, episodic_return=0.0
global_step=319576, episodic_return=0.0
global_step=319576, episodic_return=0.0
global_step=319608, episodic_return=0.9369999999999999
global_step=319756, episodic_return=0.0
global_step=319900, episodic_return=0.0
global_step=319980, episodic_return=0.0
SPS: 3266
global_step=320012, episodic_return=0.0
global_step=320024, episodic_return=0.91
global_step=320160, episodic_return=0.0
global_step=320304, episodic_return=0.0
global_step=320416, episodic_return=0.0
global_step=320424, episodic_return=0.739
global_step=320428, episodic_return=0.0
SPS: 3266
global_step=320564, episodic_return=0.0
global_step=320820, episodic_return=0.0
global_step=320828, episodic_return=0.0
global_step=320832, episodic_return=0.0
global_step=320968, episodic_return=0.0
SPS: 3267
global_step=321052, episodic_return=0.514
global_step=321148, episodic_return=0.7929999999999999
global_step=321224, episodic_return=0.0
global_step=321232, episodic_return=0.0
global_step=321236, episodic_return=0.982
global_step=321372, episodic_return=0.0
SPS: 3267
global_step=321552, episodic_return=0.0
global_step=321568, episodic_return=0.973
global_step=321636, episodic_return=0.0
global_step=321640, episodic_return=0.0
global_step=321656, episodic_return=0.964
global_step=321776, episodic_return=0.0
global_step=321896, episodic_return=0.739
global_step=321972, episodic_return=0.0
global_step=322044, episodic_return=0.0
SPS: 3267
global_step=322060, episodic_return=0.0
global_step=322300, episodic_return=0.0
global_step=322376, episodic_return=0.0
global_step=322448, episodic_return=0.0
global_step=322464, episodic_return=0.0
SPS: 3268
global_step=322704, episodic_return=0.0
global_step=322780, episodic_return=0.0
global_step=322852, episodic_return=0.0
global_step=322868, episodic_return=0.0
global_step=322916, episodic_return=0.901
SPS: 3268
global_step=323108, episodic_return=0.0
global_step=323184, episodic_return=0.0
global_step=323256, episodic_return=0.0
global_step=323320, episodic_return=0.0
global_step=323512, episodic_return=0.0
SPS: 3268
global_step=323588, episodic_return=0.0
global_step=323616, episodic_return=0.775
global_step=323660, episodic_return=0.0
global_step=323672, episodic_return=0.883
global_step=323724, episodic_return=0.0
global_step=323992, episodic_return=0.0
global_step=324064, episodic_return=0.0
global_step=324076, episodic_return=0.0
SPS: 3269
global_step=324128, episodic_return=0.0
global_step=324396, episodic_return=0.0
global_step=324468, episodic_return=0.0
global_step=324480, episodic_return=0.0
global_step=324532, episodic_return=0.0
global_step=324576, episodic_return=0.91
SPS: 3269
global_step=324800, episodic_return=0.0
global_step=324872, episodic_return=0.0
global_step=324884, episodic_return=0.0
global_step=324980, episodic_return=0.0
SPS: 3270
global_step=325204, episodic_return=0.0
global_step=325216, episodic_return=0.262
global_step=325276, episodic_return=0.0
global_step=325384, episodic_return=0.0
global_step=325608, episodic_return=0.0
global_step=325620, episodic_return=0.0
SPS: 3270
global_step=325680, episodic_return=0.0
global_step=325704, episodic_return=0.7929999999999999
global_step=325732, episodic_return=0.892
global_step=325788, episodic_return=0.0
global_step=325880, episodic_return=0.6759999999999999
global_step=326024, episodic_return=0.0
global_step=326108, episodic_return=0.0
SPS: 3270
global_step=326192, episodic_return=0.0
global_step=326248, episodic_return=0.694
global_step=326284, episodic_return=0.0
global_step=326428, episodic_return=0.0
global_step=326476, episodic_return=0.901
global_step=326596, episodic_return=0.0
global_step=326652, episodic_return=0.0
SPS: 3271
global_step=326688, episodic_return=0.0
global_step=326880, episodic_return=0.0
global_step=327000, episodic_return=0.0
global_step=327056, episodic_return=0.0
global_step=327080, episodic_return=0.829
global_step=327092, episodic_return=0.0
SPS: 3271
global_step=327284, episodic_return=0.0
global_step=327460, episodic_return=0.0
global_step=327484, episodic_return=0.0
global_step=327496, episodic_return=0.0
SPS: 3271
global_step=327688, episodic_return=0.0
global_step=327864, episodic_return=0.0
global_step=327888, episodic_return=0.0
global_step=327900, episodic_return=0.0
global_step=328092, episodic_return=0.0
global_step=328104, episodic_return=0.982
SPS: 3272
global_step=328268, episodic_return=0.0
global_step=328292, episodic_return=0.0
global_step=328304, episodic_return=0.0
global_step=328508, episodic_return=0.0
global_step=328560, episodic_return=0.892
global_step=328672, episodic_return=0.0
global_step=328696, episodic_return=0.0
SPS: 3272
global_step=328708, episodic_return=0.0
global_step=328916, episodic_return=0.5409999999999999
global_step=328964, episodic_return=0.0
global_step=329076, episodic_return=0.0
global_step=329100, episodic_return=0.0
SPS: 3273
global_step=329320, episodic_return=0.0
global_step=329368, episodic_return=0.0
global_step=329480, episodic_return=0.0
global_step=329484, episodic_return=0.748
global_step=329504, episodic_return=0.0
global_step=329724, episodic_return=0.0
SPS: 3273
global_step=329884, episodic_return=0.0
global_step=329888, episodic_return=0.0
global_step=329896, episodic_return=0.982
global_step=329908, episodic_return=0.0
global_step=329920, episodic_return=0.5680000000000001
global_step=330236, episodic_return=0.2709999999999999
SPS: 3273
global_step=330292, episodic_return=0.0
global_step=330300, episodic_return=0.0
global_step=330324, episodic_return=0.0
global_step=330640, episodic_return=0.0
global_step=330668, episodic_return=0.18099999999999994
global_step=330696, episodic_return=0.0
global_step=330728, episodic_return=0.0
global_step=330732, episodic_return=0.9279999999999999
SPS: 3274
global_step=331044, episodic_return=0.0
global_step=331072, episodic_return=0.0
global_step=331132, episodic_return=0.0
global_step=331136, episodic_return=0.0
global_step=331172, episodic_return=0.784
global_step=331184, episodic_return=0.892
global_step=331196, episodic_return=0.874
global_step=331200, episodic_return=0.946
SPS: 3274
global_step=331448, episodic_return=0.0
global_step=331520, episodic_return=0.847
global_step=331588, episodic_return=0.0
global_step=331600, episodic_return=0.0
global_step=331604, episodic_return=0.0
SPS: 3274
global_step=331904, episodic_return=0.14500000000000002
global_step=331992, episodic_return=0.0
global_step=332004, episodic_return=0.0
global_step=332008, episodic_return=0.0
global_step=332056, episodic_return=0.901
SPS: 3275
global_step=332308, episodic_return=0.0
global_step=332380, episodic_return=0.847
global_step=332396, episodic_return=0.0
global_step=332408, episodic_return=0.0
global_step=332460, episodic_return=0.0
global_step=332624, episodic_return=0.5229999999999999
global_step=332704, episodic_return=0.45999999999999996
global_step=332740, episodic_return=0.748
global_step=332780, episodic_return=0.10899999999999999
global_step=332800, episodic_return=0.0
SPS: 3275
global_step=333108, episodic_return=0.0
global_step=333144, episodic_return=0.0
global_step=333184, episodic_return=0.0
global_step=333204, episodic_return=0.0
global_step=333224, episodic_return=0.919
SPS: 3274
global_step=333512, episodic_return=0.0
global_step=333548, episodic_return=0.0
global_step=333608, episodic_return=0.0
global_step=333628, episodic_return=0.0
SPS: 3274
global_step=333916, episodic_return=0.0
global_step=333952, episodic_return=0.0
global_step=334012, episodic_return=0.0
global_step=334032, episodic_return=0.0
global_step=334128, episodic_return=0.7929999999999999
global_step=334148, episodic_return=0.964
global_step=334320, episodic_return=0.0
SPS: 3274
global_step=334344, episodic_return=0.955
global_step=334356, episodic_return=0.0
global_step=334416, episodic_return=0.0
global_step=334472, episodic_return=0.721
global_step=334552, episodic_return=0.0
global_step=334760, episodic_return=0.0
global_step=334820, episodic_return=0.0
SPS: 3275
global_step=334876, episodic_return=0.0
global_step=334956, episodic_return=0.0
global_step=335164, episodic_return=0.0
global_step=335224, episodic_return=0.0
global_step=335280, episodic_return=0.0
global_step=335360, episodic_return=0.0
SPS: 3275
global_step=335568, episodic_return=0.0
global_step=335628, episodic_return=0.0
global_step=335664, episodic_return=0.9279999999999999
global_step=335684, episodic_return=0.0
global_step=335764, episodic_return=0.0
global_step=335780, episodic_return=0.7929999999999999
SPS: 3275
global_step=335972, episodic_return=0.0
global_step=335988, episodic_return=0.5409999999999999
global_step=336024, episodic_return=0.9279999999999999
global_step=336068, episodic_return=0.0
global_step=336168, episodic_return=0.0
global_step=336220, episodic_return=0.5680000000000001
global_step=336376, episodic_return=0.0
SPS: 3275
global_step=336472, episodic_return=0.0
global_step=336572, episodic_return=0.0
global_step=336624, episodic_return=0.0
global_step=336632, episodic_return=0.874
global_step=336780, episodic_return=0.0
global_step=336808, episodic_return=0.946
global_step=336876, episodic_return=0.0
SPS: 3276
global_step=336960, episodic_return=0.82
global_step=337028, episodic_return=0.0
global_step=337036, episodic_return=0.0
global_step=337044, episodic_return=0.973
global_step=337212, episodic_return=0.0
global_step=337364, episodic_return=0.0
SPS: 3276
global_step=337440, episodic_return=0.0
global_step=337448, episodic_return=0.0
global_step=337544, episodic_return=0.775
global_step=337616, episodic_return=0.0
global_step=337768, episodic_return=0.0
global_step=337852, episodic_return=0.0
SPS: 3276
global_step=337948, episodic_return=0.0
global_step=338020, episodic_return=0.0
global_step=338100, episodic_return=0.829
global_step=338172, episodic_return=0.0
global_step=338204, episodic_return=0.9369999999999999
global_step=338228, episodic_return=0.721
global_step=338256, episodic_return=0.0
global_step=338320, episodic_return=0.865
global_step=338332, episodic_return=0.721
global_step=338352, episodic_return=0.0
global_step=338368, episodic_return=0.973
SPS: 3276
global_step=338632, episodic_return=0.0
global_step=338724, episodic_return=0.0
global_step=338736, episodic_return=0.0
global_step=338772, episodic_return=0.0
global_step=338808, episodic_return=0.9279999999999999
global_step=338820, episodic_return=0.982
SPS: 3277
global_step=339036, episodic_return=0.0
global_step=339128, episodic_return=0.0
global_step=339140, episodic_return=0.0
global_step=339196, episodic_return=0.856
global_step=339224, episodic_return=0.0
global_step=339260, episodic_return=0.9279999999999999
global_step=339348, episodic_return=0.30699999999999994
SPS: 3277
global_step=339544, episodic_return=0.0
global_step=339568, episodic_return=0.955
global_step=339600, episodic_return=0.0
global_step=339636, episodic_return=0.9279999999999999
global_step=339664, episodic_return=0.0
global_step=339736, episodic_return=0.784
global_step=339752, episodic_return=0.0
global_step=339820, episodic_return=0.856
SPS: 3277
global_step=339972, episodic_return=0.0
global_step=340068, episodic_return=0.0
global_step=340104, episodic_return=0.712
global_step=340140, episodic_return=0.0
global_step=340224, episodic_return=0.0
global_step=340472, episodic_return=0.0
SPS: 3278
global_step=340508, episodic_return=0.0
global_step=340512, episodic_return=0.919
global_step=340544, episodic_return=0.0
global_step=340628, episodic_return=0.0
global_step=340912, episodic_return=0.0
global_step=340916, episodic_return=0.0
global_step=340948, episodic_return=0.0
global_step=340952, episodic_return=0.9279999999999999
SPS: 3278
global_step=341032, episodic_return=0.0
global_step=341316, episodic_return=0.0
global_step=341352, episodic_return=0.0
global_step=341356, episodic_return=0.0
global_step=341436, episodic_return=0.0
SPS: 3278
global_step=341720, episodic_return=0.0
global_step=341756, episodic_return=0.0
global_step=341760, episodic_return=0.0
global_step=341780, episodic_return=0.964
global_step=341788, episodic_return=0.856
global_step=341840, episodic_return=0.0
global_step=341864, episodic_return=0.955
global_step=341868, episodic_return=0.8109999999999999
SPS: 3278
global_step=342160, episodic_return=0.0
global_step=342192, episodic_return=0.0
global_step=342268, episodic_return=0.0
global_step=342272, episodic_return=0.0
global_step=342292, episodic_return=0.955
SPS: 3279
global_step=342564, episodic_return=0.0
global_step=342596, episodic_return=0.0
global_step=342676, episodic_return=0.0
global_step=342696, episodic_return=0.0
global_step=342708, episodic_return=0.9369999999999999
global_step=342968, episodic_return=0.0
global_step=343000, episodic_return=0.0
SPS: 3279
global_step=343048, episodic_return=0.901
global_step=343100, episodic_return=0.0
global_step=343112, episodic_return=0.0
global_step=343128, episodic_return=0.649
global_step=343152, episodic_return=0.775
global_step=343176, episodic_return=0.901
global_step=343236, episodic_return=0.82
global_step=343504, episodic_return=0.0
global_step=343516, episodic_return=0.0
SPS: 3279
global_step=343580, episodic_return=0.865
global_step=343580, episodic_return=0.0
global_step=343632, episodic_return=0.721
global_step=343640, episodic_return=0.0
global_step=343672, episodic_return=0.802
global_step=343984, episodic_return=0.0
global_step=344036, episodic_return=0.0
global_step=344044, episodic_return=0.0
SPS: 3279
global_step=344076, episodic_return=0.0
global_step=344088, episodic_return=0.91
global_step=344388, episodic_return=0.0
global_step=344440, episodic_return=0.0
global_step=344480, episodic_return=0.0
global_step=344492, episodic_return=0.0
SPS: 3280
global_step=344792, episodic_return=0.0
global_step=344844, episodic_return=0.0
global_step=344884, episodic_return=0.0
global_step=344896, episodic_return=0.0
SPS: 3280
global_step=345196, episodic_return=0.0
global_step=345248, episodic_return=0.0
global_step=345288, episodic_return=0.0
global_step=345300, episodic_return=0.0
global_step=345328, episodic_return=0.829
global_step=345600, episodic_return=0.0
SPS: 3281
global_step=345692, episodic_return=0.0
global_step=345704, episodic_return=0.0
global_step=345708, episodic_return=0.973
global_step=345732, episodic_return=0.0
global_step=345888, episodic_return=0.6579999999999999
global_step=346000, episodic_return=0.757
global_step=346004, episodic_return=0.0
global_step=346056, episodic_return=0.883
global_step=346108, episodic_return=0.0
global_step=346112, episodic_return=0.0
SPS: 3281
global_step=346408, episodic_return=0.0
global_step=346460, episodic_return=0.0
global_step=346512, episodic_return=0.0
global_step=346516, episodic_return=0.0
global_step=346536, episodic_return=0.964
SPS: 3281
global_step=346812, episodic_return=0.0
global_step=346836, episodic_return=0.955
global_step=346864, episodic_return=0.0
global_step=346916, episodic_return=0.0
global_step=346940, episodic_return=0.0
SPS: 3281
global_step=347240, episodic_return=0.0
global_step=347268, episodic_return=0.0
global_step=347320, episodic_return=0.0
global_step=347344, episodic_return=0.0
global_step=347644, episodic_return=0.0
SPS: 3282
global_step=347672, episodic_return=0.0
global_step=347724, episodic_return=0.0
global_step=347748, episodic_return=0.0
global_step=347976, episodic_return=0.32499999999999996
global_step=348048, episodic_return=0.0
global_step=348128, episodic_return=0.0
global_step=348152, episodic_return=0.0
SPS: 3282
global_step=348380, episodic_return=0.0
global_step=348408, episodic_return=0.946
global_step=348452, episodic_return=0.0
global_step=348508, episodic_return=0.784
global_step=348532, episodic_return=0.0
global_step=348556, episodic_return=0.0
global_step=348608, episodic_return=0.838
SPS: 3282
global_step=348696, episodic_return=0.8109999999999999
global_step=348856, episodic_return=0.0
global_step=348912, episodic_return=0.0
global_step=348960, episodic_return=0.0
global_step=348996, episodic_return=0.82
global_step=349048, episodic_return=0.892
global_step=349100, episodic_return=0.0
SPS: 3283
global_step=349260, episodic_return=0.0
global_step=349364, episodic_return=0.0
global_step=349452, episodic_return=0.0
global_step=349476, episodic_return=0.757
global_step=349480, episodic_return=0.946
global_step=349504, episodic_return=0.0
global_step=349664, episodic_return=0.0
global_step=349672, episodic_return=0.991
SPS: 3283
global_step=349760, episodic_return=0.8109999999999999
global_step=349880, episodic_return=0.0
global_step=349884, episodic_return=0.0
global_step=349908, episodic_return=0.0
global_step=349924, episodic_return=0.91
global_step=350164, episodic_return=0.0
SPS: 3283
global_step=350288, episodic_return=0.0
global_step=350312, episodic_return=0.0
global_step=350328, episodic_return=0.0
global_step=350420, episodic_return=0.766
global_step=350424, episodic_return=0.7929999999999999
global_step=350448, episodic_return=0.946
global_step=350452, episodic_return=0.6399999999999999
global_step=350516, episodic_return=0.865
global_step=350568, episodic_return=0.0
global_step=350600, episodic_return=0.9369999999999999
SPS: 3282
global_step=350828, episodic_return=0.0
global_step=350832, episodic_return=0.14500000000000002
global_step=350920, episodic_return=0.0
global_step=351004, episodic_return=0.0
global_step=351232, episodic_return=0.0
SPS: 3283
global_step=351236, episodic_return=0.0
global_step=351324, episodic_return=0.0
global_step=351408, episodic_return=0.0
global_step=351636, episodic_return=0.0
global_step=351640, episodic_return=0.0
global_step=351692, episodic_return=0.37
global_step=351728, episodic_return=0.0
SPS: 3283
global_step=351884, episodic_return=0.45999999999999996
global_step=352040, episodic_return=0.0
global_step=352096, episodic_return=0.0
global_step=352132, episodic_return=0.0
global_step=352200, episodic_return=0.649
SPS: 3283
global_step=352288, episodic_return=0.0
global_step=352300, episodic_return=0.784
global_step=352308, episodic_return=0.964
global_step=352500, episodic_return=0.0
global_step=352536, episodic_return=0.0
global_step=352704, episodic_return=0.0
global_step=352712, episodic_return=0.0
global_step=352736, episodic_return=0.5589999999999999
SPS: 3283
global_step=352816, episodic_return=0.757
global_step=352904, episodic_return=0.0
global_step=353116, episodic_return=0.0
global_step=353140, episodic_return=0.0
global_step=353172, episodic_return=0.883
global_step=353220, episodic_return=0.0
SPS: 3284
global_step=353308, episodic_return=0.0
global_step=353544, episodic_return=0.0
global_step=353576, episodic_return=0.0
global_step=353596, episodic_return=0.964
global_step=353624, episodic_return=0.0
global_step=353648, episodic_return=0.775
global_step=353712, episodic_return=0.0
SPS: 3284
global_step=353832, episodic_return=0.5409999999999999
global_step=353964, episodic_return=0.712
global_step=354000, episodic_return=0.0
global_step=354052, episodic_return=0.0
global_step=354116, episodic_return=0.0
SPS: 3284
global_step=354368, episodic_return=0.0
global_step=354404, episodic_return=0.0
global_step=354456, episodic_return=0.0
global_step=354520, episodic_return=0.0
global_step=354524, episodic_return=0.739
global_step=354652, episodic_return=0.712
global_step=354772, episodic_return=0.0
SPS: 3284
global_step=354860, episodic_return=0.0
global_step=354928, episodic_return=0.0
global_step=355056, episodic_return=0.0
global_step=355072, episodic_return=0.33399999999999996
global_step=355264, episodic_return=0.0
SPS: 3285
global_step=355332, episodic_return=0.0
global_step=355460, episodic_return=0.0
global_step=355476, episodic_return=0.0
global_step=355484, episodic_return=0.955
global_step=355668, episodic_return=0.0
global_step=355736, episodic_return=0.0
SPS: 3285
global_step=355880, episodic_return=0.0
global_step=355888, episodic_return=0.0
global_step=356072, episodic_return=0.0
global_step=356140, episodic_return=0.0
global_step=356284, episodic_return=0.0
global_step=356292, episodic_return=0.0
SPS: 3285
global_step=356368, episodic_return=0.838
global_step=356424, episodic_return=0.883
global_step=356476, episodic_return=0.0
global_step=356524, episodic_return=0.901
global_step=356544, episodic_return=0.0
global_step=356688, episodic_return=0.0
global_step=356828, episodic_return=0.0
SPS: 3286
global_step=356928, episodic_return=0.0
global_step=356948, episodic_return=0.0
global_step=357092, episodic_return=0.0
global_step=357232, episodic_return=0.0
global_step=357332, episodic_return=0.0
global_step=357352, episodic_return=0.0
SPS: 3286
global_step=357496, episodic_return=0.0
global_step=357516, episodic_return=0.964
global_step=357636, episodic_return=0.0
global_step=357736, episodic_return=0.0
global_step=357756, episodic_return=0.0
global_step=357772, episodic_return=0.9279999999999999
SPS: 3286
global_step=357920, episodic_return=0.0
global_step=358040, episodic_return=0.0
global_step=358160, episodic_return=0.0
global_step=358176, episodic_return=0.0
global_step=358324, episodic_return=0.0
SPS: 3286
global_step=358444, episodic_return=0.0
global_step=358492, episodic_return=0.901
global_step=358564, episodic_return=0.0
global_step=358580, episodic_return=0.0
global_step=358604, episodic_return=0.919
global_step=358652, episodic_return=0.901
global_step=358664, episodic_return=0.622
global_step=358728, episodic_return=0.0
SPS: 3287
global_step=358984, episodic_return=0.0
global_step=359056, episodic_return=0.0
global_step=359068, episodic_return=0.0
global_step=359132, episodic_return=0.0
global_step=359388, episodic_return=0.0
SPS: 3287
global_step=359460, episodic_return=0.0
global_step=359472, episodic_return=0.0
global_step=359536, episodic_return=0.0
global_step=359580, episodic_return=0.91
global_step=359592, episodic_return=0.982
global_step=359792, episodic_return=0.0
global_step=359864, episodic_return=0.0
global_step=359876, episodic_return=0.0
global_step=359912, episodic_return=0.901
SPS: 3287
global_step=359996, episodic_return=0.0
global_step=360068, episodic_return=0.577
global_step=360100, episodic_return=0.775
global_step=360196, episodic_return=0.0
global_step=360316, episodic_return=0.0
global_step=360336, episodic_return=0.964
SPS: 3287
global_step=360472, episodic_return=0.0
global_step=360504, episodic_return=0.0
global_step=360600, episodic_return=0.0
global_step=360740, episodic_return=0.0
global_step=360876, episodic_return=0.0
global_step=360908, episodic_return=0.0
SPS: 3287
global_step=360976, episodic_return=0.478
global_step=361004, episodic_return=0.0
global_step=361056, episodic_return=0.829
global_step=361080, episodic_return=0.955
global_step=361200, episodic_return=0.739
global_step=361280, episodic_return=0.0
global_step=361296, episodic_return=0.7929999999999999
global_step=361312, episodic_return=0.0
global_step=361408, episodic_return=0.0
global_step=361416, episodic_return=0.703
SPS: 3288
global_step=361480, episodic_return=0.865
global_step=361532, episodic_return=0.73
global_step=361560, episodic_return=0.946
global_step=361632, episodic_return=0.847
global_step=361700, episodic_return=0.0
global_step=361716, episodic_return=0.0
global_step=361884, episodic_return=0.0
SPS: 3288
global_step=362036, episodic_return=0.0
global_step=362104, episodic_return=0.0
global_step=362120, episodic_return=0.0
global_step=362164, episodic_return=0.874
global_step=362288, episodic_return=0.0
global_step=362400, episodic_return=0.18999999999999995
SPS: 3288
global_step=362524, episodic_return=0.0
global_step=362568, episodic_return=0.0
global_step=362692, episodic_return=0.0
global_step=362804, episodic_return=0.0
global_step=362844, episodic_return=0.919
global_step=362928, episodic_return=0.0
global_step=362972, episodic_return=0.0
SPS: 3288
global_step=363096, episodic_return=0.0
global_step=363136, episodic_return=0.919
global_step=363248, episodic_return=0.0
global_step=363332, episodic_return=0.0
global_step=363376, episodic_return=0.0
global_step=363496, episodic_return=0.6399999999999999
global_step=363500, episodic_return=0.73
SPS: 3289
global_step=363540, episodic_return=0.0
global_step=363652, episodic_return=0.0
global_step=363900, episodic_return=0.0
global_step=363904, episodic_return=0.0
global_step=363944, episodic_return=0.0
SPS: 3289
global_step=364056, episodic_return=0.0
global_step=364304, episodic_return=0.0
global_step=364308, episodic_return=0.0
global_step=364348, episodic_return=0.0
global_step=364460, episodic_return=0.6579999999999999
global_step=364460, episodic_return=0.0
global_step=364516, episodic_return=0.883
global_step=364544, episodic_return=0.946
SPS: 3289
global_step=364612, episodic_return=0.667
global_step=364712, episodic_return=0.0
global_step=364752, episodic_return=0.0
global_step=364792, episodic_return=0.829
global_step=364828, episodic_return=0.838
global_step=364948, episodic_return=0.0
global_step=365016, episodic_return=0.0
SPS: 3290
global_step=365076, episodic_return=0.874
global_step=365196, episodic_return=0.0
global_step=365232, episodic_return=0.0
global_step=365236, episodic_return=0.361
global_step=365280, episodic_return=0.901
global_step=365480, episodic_return=0.0
SPS: 3290
global_step=365600, episodic_return=0.0
global_step=365640, episodic_return=0.0
global_step=365684, episodic_return=0.0
global_step=365848, episodic_return=0.45099999999999996
global_step=365884, episodic_return=0.0
global_step=365916, episodic_return=0.9369999999999999
global_step=365980, episodic_return=0.865
global_step=366044, episodic_return=0.0
SPS: 3290
global_step=366088, episodic_return=0.0
global_step=366188, episodic_return=0.784
global_step=366252, episodic_return=0.0
global_step=366284, episodic_return=0.9369999999999999
global_step=366336, episodic_return=0.352
global_step=366384, episodic_return=0.0
global_step=366592, episodic_return=0.0
SPS: 3290
global_step=366688, episodic_return=0.0
global_step=366740, episodic_return=0.0
global_step=366788, episodic_return=0.0
global_step=366860, episodic_return=0.847
global_step=366996, episodic_return=0.0
global_step=367092, episodic_return=0.0
SPS: 3291
global_step=367144, episodic_return=0.0
global_step=367264, episodic_return=0.0
global_step=367300, episodic_return=0.9279999999999999
global_step=367400, episodic_return=0.0
global_step=367496, episodic_return=0.0
global_step=367548, episodic_return=0.0
SPS: 3291
global_step=367672, episodic_return=0.73
global_step=367704, episodic_return=0.0
global_step=367804, episodic_return=0.0
global_step=367900, episodic_return=0.0
global_step=368076, episodic_return=0.0
global_step=368108, episodic_return=0.0
SPS: 3290
global_step=368164, episodic_return=0.19899999999999995
global_step=368220, episodic_return=0.685
global_step=368304, episodic_return=0.0
global_step=368512, episodic_return=0.0
global_step=368568, episodic_return=0.0
global_step=368620, episodic_return=0.892
global_step=368624, episodic_return=0.0
SPS: 3290
global_step=368708, episodic_return=0.0
global_step=368916, episodic_return=0.0
global_step=369024, episodic_return=0.0
global_step=369028, episodic_return=0.0
global_step=369040, episodic_return=0.973
global_step=369112, episodic_return=0.0
SPS: 3291
global_step=369320, episodic_return=0.0
global_step=369324, episodic_return=0.34299999999999997
global_step=369364, episodic_return=0.91
global_step=369384, episodic_return=0.874
global_step=369432, episodic_return=0.901
global_step=369444, episodic_return=0.0
global_step=369448, episodic_return=0.973
global_step=369504, episodic_return=0.883
global_step=369516, episodic_return=0.0
SPS: 3291
global_step=369768, episodic_return=0.0
global_step=369848, episodic_return=0.0
global_step=369908, episodic_return=0.0
global_step=369920, episodic_return=0.0
global_step=370172, episodic_return=0.0
SPS: 3291
global_step=370224, episodic_return=0.29799999999999993
global_step=370236, episodic_return=0.982
global_step=370252, episodic_return=0.0
global_step=370324, episodic_return=0.0
global_step=370576, episodic_return=0.0
global_step=370588, episodic_return=0.253
global_step=370640, episodic_return=0.0
global_step=370688, episodic_return=0.784
SPS: 3291
global_step=370728, episodic_return=0.0
global_step=370980, episodic_return=0.0
global_step=371044, episodic_return=0.0
global_step=371076, episodic_return=0.7929999999999999
global_step=371092, episodic_return=0.0
global_step=371132, episodic_return=0.0
global_step=371136, episodic_return=0.91
SPS: 3292
global_step=371324, episodic_return=0.45099999999999996
global_step=371448, episodic_return=0.0
global_step=371508, episodic_return=0.874
global_step=371536, episodic_return=0.0
global_step=371540, episodic_return=0.0
global_step=371572, episodic_return=0.9369999999999999
global_step=371600, episodic_return=0.946
global_step=371668, episodic_return=0.235
global_step=371684, episodic_return=0.82
SPS: 3292
global_step=371912, episodic_return=0.0
global_step=371940, episodic_return=0.0
global_step=372072, episodic_return=0.0
global_step=372088, episodic_return=0.0
SPS: 3292
global_step=372248, episodic_return=0.253
global_step=372344, episodic_return=0.0
global_step=372400, episodic_return=0.883
global_step=372476, episodic_return=0.0
global_step=372492, episodic_return=0.0
global_step=372652, episodic_return=0.0
SPS: 3292
global_step=372804, episodic_return=0.0
global_step=372880, episodic_return=0.0
global_step=372896, episodic_return=0.0
global_step=372912, episodic_return=0.766
global_step=373056, episodic_return=0.0
global_step=373096, episodic_return=0.919
SPS: 3292
global_step=373284, episodic_return=0.0
global_step=373300, episodic_return=0.136
global_step=373300, episodic_return=0.0
global_step=373500, episodic_return=0.0
global_step=373688, episodic_return=0.0
global_step=373704, episodic_return=0.0
global_step=373704, episodic_return=0.0
global_step=373728, episodic_return=0.955
SPS: 3293
global_step=373844, episodic_return=0.748
global_step=373904, episodic_return=0.874
global_step=373904, episodic_return=0.0
global_step=373928, episodic_return=0.955
global_step=373952, episodic_return=0.901
global_step=373992, episodic_return=0.919
global_step=374092, episodic_return=0.0
global_step=374108, episodic_return=0.973
global_step=374108, episodic_return=0.0
global_step=374144, episodic_return=0.9279999999999999
SPS: 3293
global_step=374332, episodic_return=0.0
global_step=374396, episodic_return=0.0
global_step=374512, episodic_return=0.0
global_step=374548, episodic_return=0.0
global_step=374736, episodic_return=0.0
SPS: 3293
global_step=374800, episodic_return=0.0
global_step=374904, episodic_return=0.631
global_step=374916, episodic_return=0.0
global_step=374952, episodic_return=0.0
global_step=374968, episodic_return=0.865
global_step=375204, episodic_return=0.0
global_step=375284, episodic_return=0.829
SPS: 3293
global_step=375320, episodic_return=0.0
global_step=375356, episodic_return=0.0
global_step=375372, episodic_return=0.0
global_step=375688, episodic_return=0.0
global_step=375724, episodic_return=0.0
global_step=375760, episodic_return=0.0
global_step=375776, episodic_return=0.0
SPS: 3293
global_step=375880, episodic_return=0.577
global_step=375964, episodic_return=0.55
global_step=376128, episodic_return=0.0
global_step=376180, episodic_return=0.0
global_step=376284, episodic_return=0.0
SPS: 3294
global_step=376368, episodic_return=0.0
global_step=376532, episodic_return=0.0
global_step=376584, episodic_return=0.0
global_step=376688, episodic_return=0.0
global_step=376772, episodic_return=0.0
SPS: 3294
global_step=376936, episodic_return=0.0
global_step=376988, episodic_return=0.0
global_step=377044, episodic_return=0.766
global_step=377092, episodic_return=0.0
global_step=377160, episodic_return=0.622
global_step=377168, episodic_return=0.838
global_step=377176, episodic_return=0.0
global_step=377212, episodic_return=0.9279999999999999
SPS: 3294
global_step=377448, episodic_return=0.0
global_step=377564, episodic_return=0.0
global_step=377572, episodic_return=0.0
global_step=377616, episodic_return=0.0
global_step=377708, episodic_return=0.802
global_step=377852, episodic_return=0.0
SPS: 3295
global_step=377968, episodic_return=0.0
global_step=377976, episodic_return=0.0
global_step=378112, episodic_return=0.0
global_step=378256, episodic_return=0.0
global_step=378268, episodic_return=0.982
SPS: 3295
global_step=378372, episodic_return=0.0
global_step=378380, episodic_return=0.0
global_step=378448, episodic_return=0.838
global_step=378516, episodic_return=0.0
global_step=378672, episodic_return=0.0
global_step=378776, episodic_return=0.42399999999999993
global_step=378784, episodic_return=0.0
global_step=378808, episodic_return=0.19899999999999995
global_step=378856, episodic_return=0.829
SPS: 3295
global_step=378932, episodic_return=0.73
global_step=379076, episodic_return=0.0
global_step=379188, episodic_return=0.0
global_step=379260, episodic_return=0.0
global_step=379336, episodic_return=0.0
SPS: 3295
global_step=379480, episodic_return=0.0
global_step=379592, episodic_return=0.0
global_step=379652, episodic_return=0.874
global_step=379664, episodic_return=0.0
global_step=379708, episodic_return=0.91
global_step=379740, episodic_return=0.0
global_step=379884, episodic_return=0.0
SPS: 3296
global_step=380056, episodic_return=0.0
global_step=380112, episodic_return=0.0
global_step=380144, episodic_return=0.0
global_step=380184, episodic_return=0.919
global_step=380288, episodic_return=0.0
global_step=380292, episodic_return=0.766
SPS: 3296
global_step=380460, episodic_return=0.0
global_step=380504, episodic_return=0.91
global_step=380516, episodic_return=0.0
global_step=380692, episodic_return=0.0
global_step=380696, episodic_return=0.0
global_step=380836, episodic_return=0.685
global_step=380908, episodic_return=0.0
global_step=380920, episodic_return=0.0
SPS: 3296
global_step=381100, episodic_return=0.0
global_step=381240, episodic_return=0.0
global_step=381312, episodic_return=0.0
global_step=381316, episodic_return=0.838
global_step=381324, episodic_return=0.0
global_step=381348, episodic_return=0.9369999999999999
global_step=381416, episodic_return=0.856
SPS: 3296
global_step=381456, episodic_return=0.712
global_step=381504, episodic_return=0.0
global_step=381716, episodic_return=0.0
global_step=381776, episodic_return=0.874
global_step=381820, episodic_return=0.0
global_step=381860, episodic_return=0.0
global_step=381864, episodic_return=0.91
global_step=381908, episodic_return=0.0
SPS: 3296
global_step=382180, episodic_return=0.0
global_step=382264, episodic_return=0.0
global_step=382268, episodic_return=0.0
global_step=382296, episodic_return=0.946
global_step=382312, episodic_return=0.0
global_step=382352, episodic_return=0.919
global_step=382368, episodic_return=0.775
SPS: 3296
global_step=382584, episodic_return=0.0
global_step=382612, episodic_return=0.946
global_step=382660, episodic_return=0.901
global_step=382700, episodic_return=0.0
global_step=382728, episodic_return=0.946
global_step=382740, episodic_return=0.829
global_step=382756, episodic_return=0.0
global_step=382772, episodic_return=0.0
SPS: 3296
global_step=383132, episodic_return=0.0
global_step=383144, episodic_return=0.0
global_step=383160, episodic_return=0.0
global_step=383176, episodic_return=0.0
global_step=383240, episodic_return=0.865
global_step=383280, episodic_return=0.739
SPS: 3297
global_step=383536, episodic_return=0.0
global_step=383548, episodic_return=0.0
global_step=383644, episodic_return=0.0
global_step=383684, episodic_return=0.0
global_step=383940, episodic_return=0.0
global_step=383952, episodic_return=0.0
SPS: 3297
global_step=384048, episodic_return=0.0
global_step=384088, episodic_return=0.0
global_step=384344, episodic_return=0.0
global_step=384356, episodic_return=0.0
global_step=384452, episodic_return=0.0
global_step=384492, episodic_return=0.0
global_step=384504, episodic_return=0.982
SPS: 3297
global_step=384548, episodic_return=0.577
global_step=384748, episodic_return=0.0
global_step=384856, episodic_return=0.0
global_step=384908, episodic_return=0.0
global_step=384952, episodic_return=0.0
SPS: 3297
global_step=385152, episodic_return=0.0
global_step=385260, episodic_return=0.0
global_step=385312, episodic_return=0.0
global_step=385356, episodic_return=0.0
SPS: 3297
global_step=385556, episodic_return=0.0
global_step=385664, episodic_return=0.0
global_step=385716, episodic_return=0.0
global_step=385760, episodic_return=0.0
global_step=385960, episodic_return=0.0
global_step=386012, episodic_return=0.892
SPS: 3297
global_step=386068, episodic_return=0.0
global_step=386120, episodic_return=0.0
global_step=386164, episodic_return=0.0
global_step=386416, episodic_return=0.0
global_step=386452, episodic_return=0.9279999999999999
global_step=386472, episodic_return=0.0
global_step=386524, episodic_return=0.0
SPS: 3297
global_step=386568, episodic_return=0.0
global_step=386644, episodic_return=0.838
global_step=386856, episodic_return=0.0
global_step=386876, episodic_return=0.0
global_step=386928, episodic_return=0.0
global_step=386944, episodic_return=0.856
global_step=387048, episodic_return=0.0
SPS: 3298
global_step=387260, episodic_return=0.0
global_step=387332, episodic_return=0.0
global_step=387348, episodic_return=0.973
global_step=387348, episodic_return=0.0
global_step=387404, episodic_return=0.883
global_step=387452, episodic_return=0.0
SPS: 3298
global_step=387664, episodic_return=0.0
global_step=387744, episodic_return=0.829
global_step=387752, episodic_return=0.0
global_step=387780, episodic_return=0.9279999999999999
global_step=387808, episodic_return=0.0
global_step=387856, episodic_return=0.0
SPS: 3298
global_step=388156, episodic_return=0.0
global_step=388184, episodic_return=0.0
global_step=388212, episodic_return=0.0
global_step=388252, episodic_return=0.919
global_step=388260, episodic_return=0.0
global_step=388340, episodic_return=0.829
global_step=388560, episodic_return=0.0
global_step=388588, episodic_return=0.0
SPS: 3298
global_step=388656, episodic_return=0.0
global_step=388692, episodic_return=0.9279999999999999
global_step=388744, episodic_return=0.0
global_step=388760, episodic_return=0.856
global_step=388964, episodic_return=0.0
global_step=388992, episodic_return=0.0
global_step=389004, episodic_return=0.919
global_step=389012, episodic_return=0.991
global_step=389092, episodic_return=0.784
SPS: 3298
global_step=389148, episodic_return=0.0
global_step=389164, episodic_return=0.0
global_step=389260, episodic_return=0.757
global_step=389348, episodic_return=0.8109999999999999
global_step=389416, episodic_return=0.0
global_step=389496, episodic_return=0.0
global_step=389568, episodic_return=0.0
global_step=389588, episodic_return=0.802
global_step=389600, episodic_return=0.9369999999999999
SPS: 3298
global_step=389752, episodic_return=0.0
global_step=389820, episodic_return=0.0
global_step=389992, episodic_return=0.469
global_step=389992, episodic_return=0.0
global_step=390004, episodic_return=0.0
SPS: 3299
global_step=390216, episodic_return=0.532
global_step=390224, episodic_return=0.0
global_step=390396, episodic_return=0.0
global_step=390396, episodic_return=0.0
global_step=390620, episodic_return=0.0
global_step=390628, episodic_return=0.0
SPS: 3299
global_step=390800, episodic_return=0.0
global_step=390800, episodic_return=0.0
global_step=391024, episodic_return=0.0
global_step=391032, episodic_return=0.0
SPS: 3299
global_step=391204, episodic_return=0.0
global_step=391204, episodic_return=0.0
global_step=391428, episodic_return=0.0
global_step=391436, episodic_return=0.0
global_step=391496, episodic_return=0.856
global_step=391608, episodic_return=0.0
global_step=391608, episodic_return=0.0
global_step=391620, episodic_return=0.982
SPS: 3299
global_step=391840, episodic_return=0.0
global_step=391900, episodic_return=0.0
global_step=391928, episodic_return=0.8109999999999999
global_step=392012, episodic_return=0.0
global_step=392024, episodic_return=0.0
SPS: 3300
global_step=392216, episodic_return=0.29799999999999993
global_step=392332, episodic_return=0.0
global_step=392416, episodic_return=0.0
global_step=392428, episodic_return=0.0
global_step=392444, episodic_return=0.946
global_step=392468, episodic_return=0.703
global_step=392492, episodic_return=0.901
global_step=392620, episodic_return=0.0
SPS: 3300
global_step=392832, episodic_return=0.0
global_step=392872, episodic_return=0.0
global_step=392896, episodic_return=0.0
global_step=393024, episodic_return=0.0
SPS: 3300
global_step=393236, episodic_return=0.0
global_step=393276, episodic_return=0.0
global_step=393300, episodic_return=0.0
global_step=393428, episodic_return=0.0
global_step=393640, episodic_return=0.0
global_step=393680, episodic_return=0.0
global_step=393704, episodic_return=0.0
SPS: 3300
global_step=393832, episodic_return=0.0
global_step=393916, episodic_return=0.478
global_step=394044, episodic_return=0.0
global_step=394108, episodic_return=0.0
global_step=394132, episodic_return=0.8109999999999999
global_step=394208, episodic_return=0.16299999999999992
global_step=394240, episodic_return=0.9369999999999999
SPS: 3301
global_step=394320, episodic_return=0.0
global_step=394372, episodic_return=0.892
global_step=394512, episodic_return=0.0
global_step=394536, episodic_return=0.0
global_step=394644, episodic_return=0.0
SPS: 3301
global_step=394776, episodic_return=0.0
global_step=394916, episodic_return=0.0
global_step=394940, episodic_return=0.0
global_step=394956, episodic_return=0.919
global_step=395048, episodic_return=0.0
global_step=395172, episodic_return=0.5229999999999999
global_step=395180, episodic_return=0.0
SPS: 3301
global_step=395344, episodic_return=0.0
global_step=395452, episodic_return=0.0
global_step=395576, episodic_return=0.0
global_step=395584, episodic_return=0.0
global_step=395748, episodic_return=0.0
SPS: 3301
global_step=395856, episodic_return=0.0
global_step=395980, episodic_return=0.0
global_step=395988, episodic_return=0.0
global_step=396152, episodic_return=0.0
global_step=396232, episodic_return=0.829
global_step=396260, episodic_return=0.0
SPS: 3301
global_step=396332, episodic_return=0.784
global_step=396384, episodic_return=0.0
global_step=396392, episodic_return=0.0
global_step=396480, episodic_return=0.7929999999999999
global_step=396560, episodic_return=0.33399999999999996
global_step=396736, episodic_return=0.0
global_step=396796, episodic_return=0.0
SPS: 3302
global_step=396884, episodic_return=0.0
global_step=396964, episodic_return=0.0
global_step=397140, episodic_return=0.0
global_step=397200, episodic_return=0.0
global_step=397248, episodic_return=0.766
global_step=397288, episodic_return=0.0
global_step=397312, episodic_return=0.22599999999999998
SPS: 3302
global_step=397604, episodic_return=0.0
global_step=397652, episodic_return=0.0
global_step=397688, episodic_return=0.82
global_step=397692, episodic_return=0.0
global_step=397716, episodic_return=0.0
global_step=397744, episodic_return=0.892
SPS: 3302
global_step=398056, episodic_return=0.0
global_step=398092, episodic_return=0.0
global_step=398120, episodic_return=0.0
global_step=398148, episodic_return=0.0
global_step=398172, episodic_return=0.892
SPS: 3302
global_step=398460, episodic_return=0.0
global_step=398496, episodic_return=0.0
global_step=398552, episodic_return=0.0
global_step=398576, episodic_return=0.0
global_step=398588, episodic_return=0.982
SPS: 3303
global_step=398864, episodic_return=0.0
global_step=398900, episodic_return=0.0
global_step=398956, episodic_return=0.0
global_step=398992, episodic_return=0.0
global_step=399268, episodic_return=0.0
global_step=399304, episodic_return=0.0
global_step=399312, episodic_return=0.91
global_step=399332, episodic_return=0.964
global_step=399360, episodic_return=0.0
SPS: 3303
global_step=399396, episodic_return=0.0
global_step=399648, episodic_return=0.29799999999999993
global_step=399708, episodic_return=0.0
global_step=399764, episodic_return=0.0
global_step=399800, episodic_return=0.0
global_step=399816, episodic_return=0.766
SPS: 3303
global_step=399952, episodic_return=0.667
global_step=400052, episodic_return=0.0
global_step=400168, episodic_return=0.0
global_step=400220, episodic_return=0.0
global_step=400336, episodic_return=0.748
global_step=400356, episodic_return=0.0
SPS: 3303
global_step=400392, episodic_return=0.9279999999999999
global_step=400456, episodic_return=0.0
global_step=400472, episodic_return=0.703
global_step=400524, episodic_return=0.892
global_step=400572, episodic_return=0.0
global_step=400796, episodic_return=0.0
global_step=400860, episodic_return=0.0
global_step=400876, episodic_return=0.973
SPS: 3303
global_step=400928, episodic_return=0.0
global_step=400956, episodic_return=0.946
global_step=400976, episodic_return=0.0
global_step=401008, episodic_return=0.532
global_step=401080, episodic_return=0.73
global_step=401280, episodic_return=0.0
global_step=401300, episodic_return=0.964
global_step=401380, episodic_return=0.0
SPS: 3303
global_step=401412, episodic_return=0.0
global_step=401484, episodic_return=0.0
global_step=401608, episodic_return=0.31599999999999995
global_step=401728, episodic_return=0.45999999999999996
global_step=401784, episodic_return=0.0
global_step=401816, episodic_return=0.0
global_step=401864, episodic_return=0.703
SPS: 3304
global_step=402012, episodic_return=0.0
global_step=402188, episodic_return=0.0
global_step=402220, episodic_return=0.0
global_step=402268, episodic_return=0.0
global_step=402416, episodic_return=0.0
SPS: 3304
global_step=402512, episodic_return=0.7929999999999999
global_step=402540, episodic_return=0.946
global_step=402592, episodic_return=0.0
global_step=402624, episodic_return=0.0
global_step=402624, episodic_return=0.82
global_step=402644, episodic_return=0.964
global_step=402672, episodic_return=0.0
global_step=402700, episodic_return=0.946
global_step=402728, episodic_return=0.82
SPS: 3303
global_step=402996, episodic_return=0.0
global_step=403028, episodic_return=0.0
global_step=403040, episodic_return=0.982
global_step=403104, episodic_return=0.0
global_step=403132, episodic_return=0.0
global_step=403224, episodic_return=0.802
global_step=403400, episodic_return=0.0
global_step=403444, episodic_return=0.0
SPS: 3303
global_step=403508, episodic_return=0.0
global_step=403628, episodic_return=0.0
global_step=403728, episodic_return=0.784
global_step=403804, episodic_return=0.0
global_step=403848, episodic_return=0.0
global_step=403912, episodic_return=0.0
SPS: 3304
global_step=404132, episodic_return=0.0
global_step=404208, episodic_return=0.0
global_step=404252, episodic_return=0.0
global_step=404316, episodic_return=0.0
global_step=404480, episodic_return=0.6399999999999999
SPS: 3304
global_step=404536, episodic_return=0.0
global_step=404612, episodic_return=0.0
global_step=404636, episodic_return=0.784
global_step=404656, episodic_return=0.0
global_step=404884, episodic_return=0.0
SPS: 3304
global_step=405016, episodic_return=0.0
global_step=405040, episodic_return=0.0
global_step=405060, episodic_return=0.0
global_step=405288, episodic_return=0.0
global_step=405420, episodic_return=0.0
global_step=405444, episodic_return=0.0
global_step=405464, episodic_return=0.0
global_step=405488, episodic_return=0.856
SPS: 3304
global_step=405692, episodic_return=0.0
global_step=405800, episodic_return=0.766
global_step=405820, episodic_return=0.964
global_step=405848, episodic_return=0.0
global_step=405868, episodic_return=0.0
global_step=405892, episodic_return=0.0
global_step=405916, episodic_return=0.856
SPS: 3304
global_step=406224, episodic_return=0.0
global_step=406272, episodic_return=0.0
global_step=406296, episodic_return=0.0
global_step=406320, episodic_return=0.0
SPS: 3305
global_step=406628, episodic_return=0.0
global_step=406676, episodic_return=0.0
global_step=406700, episodic_return=0.0
global_step=406724, episodic_return=0.0
global_step=407032, episodic_return=0.0
SPS: 3305
global_step=407080, episodic_return=0.0
global_step=407104, episodic_return=0.0
global_step=407128, episodic_return=0.0
global_step=407156, episodic_return=0.946
global_step=407436, episodic_return=0.0
global_step=407484, episodic_return=0.0
global_step=407508, episodic_return=0.0
global_step=407544, episodic_return=0.766
SPS: 3305
global_step=407560, episodic_return=0.0
global_step=407628, episodic_return=0.82
global_step=407808, episodic_return=0.45099999999999996
global_step=407888, episodic_return=0.0
global_step=407912, episodic_return=0.0
global_step=407976, episodic_return=0.865
global_step=408032, episodic_return=0.0
SPS: 3305
global_step=408100, episodic_return=0.856
global_step=408208, episodic_return=0.766
global_step=408212, episodic_return=0.0
global_step=408252, episodic_return=0.919
global_step=408292, episodic_return=0.0
global_step=408380, episodic_return=0.0
global_step=408496, episodic_return=0.45999999999999996
SPS: 3306
global_step=408612, episodic_return=0.0
global_step=408696, episodic_return=0.0
global_step=408784, episodic_return=0.0
global_step=408900, episodic_return=0.0
global_step=409016, episodic_return=0.0
global_step=409020, episodic_return=0.478
global_step=409080, episodic_return=0.874
SPS: 3306
global_step=409100, episodic_return=0.0
global_step=409304, episodic_return=0.0
global_step=409356, episodic_return=0.43299999999999994
global_step=409420, episodic_return=0.0
global_step=409484, episodic_return=0.604
global_step=409484, episodic_return=0.0
global_step=409500, episodic_return=0.973
global_step=409508, episodic_return=0.955
SPS: 3306
global_step=409640, episodic_return=0.694
global_step=409760, episodic_return=0.0
global_step=409824, episodic_return=0.0
global_step=409864, episodic_return=0.775
global_step=409912, episodic_return=0.0
global_step=410008, episodic_return=0.685
global_step=410044, episodic_return=0.0
SPS: 3306
global_step=410228, episodic_return=0.0
global_step=410316, episodic_return=0.0
global_step=410412, episodic_return=0.0
global_step=410448, episodic_return=0.0
global_step=410472, episodic_return=0.874
global_step=410472, episodic_return=0.955
SPS: 3306
global_step=410632, episodic_return=0.0
global_step=410720, episodic_return=0.0
global_step=410752, episodic_return=0.739
global_step=410876, episodic_return=0.0
global_step=410876, episodic_return=0.0
global_step=410928, episodic_return=0.892
global_step=411032, episodic_return=0.775
global_step=411056, episodic_return=0.955
global_step=411072, episodic_return=0.2889999999999999
global_step=411124, episodic_return=0.0
SPS: 3306
global_step=411144, episodic_return=0.964
global_step=411280, episodic_return=0.0
global_step=411460, episodic_return=0.0
global_step=411476, episodic_return=0.0
global_step=411548, episodic_return=0.0
SPS: 3307
global_step=411684, episodic_return=0.0
global_step=411864, episodic_return=0.0
global_step=411880, episodic_return=0.0
global_step=411952, episodic_return=0.0
global_step=412088, episodic_return=0.0
global_step=412108, episodic_return=0.964
SPS: 3307
global_step=412268, episodic_return=0.0
global_step=412284, episodic_return=0.0
global_step=412356, episodic_return=0.0
global_step=412372, episodic_return=0.8109999999999999
global_step=412512, episodic_return=0.0
global_step=412672, episodic_return=0.0
SPS: 3307
global_step=412760, episodic_return=0.0
global_step=412776, episodic_return=0.0
global_step=412916, episodic_return=0.0
global_step=412924, episodic_return=0.6399999999999999
global_step=413060, episodic_return=0.703
global_step=413076, episodic_return=0.0
global_step=413084, episodic_return=0.955
global_step=413180, episodic_return=0.0
SPS: 3307
global_step=413320, episodic_return=0.0
global_step=413480, episodic_return=0.0
global_step=413488, episodic_return=0.0
global_step=413584, episodic_return=0.0
global_step=413596, episodic_return=0.982
global_step=413628, episodic_return=0.9369999999999999
SPS: 3307
global_step=413724, episodic_return=0.0
global_step=413884, episodic_return=0.0
global_step=413892, episodic_return=0.0
global_step=414032, episodic_return=0.0
global_step=414128, episodic_return=0.0
SPS: 3308
global_step=414288, episodic_return=0.0
global_step=414296, episodic_return=0.0
global_step=414368, episodic_return=0.847
global_step=414436, episodic_return=0.0
global_step=414532, episodic_return=0.0
global_step=414692, episodic_return=0.0
SPS: 3308
global_step=414748, episodic_return=0.883
global_step=414772, episodic_return=0.0
global_step=414840, episodic_return=0.0
global_step=414936, episodic_return=0.0
global_step=415152, episodic_return=0.0
global_step=415176, episodic_return=0.0
SPS: 3308
global_step=415244, episodic_return=0.0
global_step=415340, episodic_return=0.0
global_step=415488, episodic_return=0.30699999999999994
global_step=415556, episodic_return=0.0
global_step=415648, episodic_return=0.0
global_step=415744, episodic_return=0.0
SPS: 3308
global_step=415892, episodic_return=0.0
global_step=415960, episodic_return=0.0
global_step=416052, episodic_return=0.0
global_step=416148, episodic_return=0.0
global_step=416196, episodic_return=0.901
SPS: 3308
global_step=416296, episodic_return=0.0
global_step=416344, episodic_return=0.901
global_step=416364, episodic_return=0.0
global_step=416408, episodic_return=0.91
global_step=416456, episodic_return=0.0
global_step=416600, episodic_return=0.0
global_step=416748, episodic_return=0.0
SPS: 3309
global_step=416812, episodic_return=0.0
global_step=416860, episodic_return=0.0
global_step=416876, episodic_return=0.973
global_step=416920, episodic_return=0.91
global_step=417004, episodic_return=0.0
global_step=417080, episodic_return=0.838
global_step=417152, episodic_return=0.0
global_step=417216, episodic_return=0.0
SPS: 3309
global_step=417324, episodic_return=0.0
global_step=417484, episodic_return=0.0
global_step=417556, episodic_return=0.0
global_step=417568, episodic_return=0.82
global_step=417620, episodic_return=0.0
global_step=417684, episodic_return=0.865
global_step=417728, episodic_return=0.0
SPS: 3309
global_step=417960, episodic_return=0.0
global_step=417972, episodic_return=0.0
global_step=418088, episodic_return=0.0
global_step=418132, episodic_return=0.0
global_step=418236, episodic_return=0.6759999999999999
SPS: 3309
global_step=418364, episodic_return=0.0
global_step=418376, episodic_return=0.0
global_step=418536, episodic_return=0.0
global_step=418640, episodic_return=0.0
global_step=418720, episodic_return=0.829
global_step=418768, episodic_return=0.0
global_step=418780, episodic_return=0.0
SPS: 3309
global_step=418884, episodic_return=0.775
global_step=418940, episodic_return=0.0
global_step=419124, episodic_return=0.0
global_step=419172, episodic_return=0.0
global_step=419244, episodic_return=0.739
global_step=419288, episodic_return=0.0
SPS: 3309
global_step=419344, episodic_return=0.0
global_step=419576, episodic_return=0.0
global_step=419648, episodic_return=0.0
global_step=419684, episodic_return=0.766
global_step=419692, episodic_return=0.0
global_step=419748, episodic_return=0.0
SPS: 3310
global_step=420052, episodic_return=0.0
global_step=420088, episodic_return=0.0
global_step=420096, episodic_return=0.0
global_step=420152, episodic_return=0.0
SPS: 3309
global_step=420456, episodic_return=0.0
global_step=420492, episodic_return=0.0
global_step=420500, episodic_return=0.0
global_step=420556, episodic_return=0.0
global_step=420640, episodic_return=0.82
global_step=420860, episodic_return=0.0
SPS: 3309
global_step=420896, episodic_return=0.0
global_step=420904, episodic_return=0.0
global_step=420928, episodic_return=0.9369999999999999
global_step=421044, episodic_return=0.0
global_step=421264, episodic_return=0.0
global_step=421308, episodic_return=0.0
global_step=421332, episodic_return=0.0
SPS: 3310
global_step=421448, episodic_return=0.0
global_step=421592, episodic_return=0.685
global_step=421668, episodic_return=0.0
global_step=421704, episodic_return=0.9279999999999999
global_step=421712, episodic_return=0.0
global_step=421736, episodic_return=0.0
SPS: 3310
global_step=421996, episodic_return=0.0
global_step=422108, episodic_return=0.0
global_step=422116, episodic_return=0.0
global_step=422140, episodic_return=0.0
global_step=422400, episodic_return=0.0
SPS: 3310
global_step=422468, episodic_return=0.856
global_step=422512, episodic_return=0.0
global_step=422520, episodic_return=0.892
global_step=422520, episodic_return=0.0
global_step=422544, episodic_return=0.0
global_step=422592, episodic_return=0.847
global_step=422784, episodic_return=0.3969999999999999
global_step=422872, episodic_return=0.8109999999999999
SPS: 3310
global_step=422924, episodic_return=0.0
global_step=422948, episodic_return=0.0
global_step=422996, episodic_return=0.0
global_step=423276, episodic_return=0.0
global_step=423300, episodic_return=0.955
global_step=423328, episodic_return=0.0
global_step=423352, episodic_return=0.0
global_step=423400, episodic_return=0.0
global_step=423420, episodic_return=0.802
SPS: 3310
global_step=423676, episodic_return=0.43299999999999994
global_step=423704, episodic_return=0.0
global_step=423756, episodic_return=0.0
global_step=423804, episodic_return=0.0
global_step=423896, episodic_return=0.802
SPS: 3311
global_step=423948, episodic_return=0.45999999999999996
global_step=423964, episodic_return=0.973
global_step=424080, episodic_return=0.0
global_step=424160, episodic_return=0.4149999999999999
global_step=424160, episodic_return=0.0
global_step=424368, episodic_return=0.0
SPS: 3311
global_step=424484, episodic_return=0.0
global_step=424564, episodic_return=0.0
global_step=424564, episodic_return=0.0
global_step=424772, episodic_return=0.0
global_step=424888, episodic_return=0.0
SPS: 3311
global_step=424968, episodic_return=0.0
global_step=424968, episodic_return=0.0
global_step=424972, episodic_return=0.5589999999999999
global_step=425120, episodic_return=0.667
global_step=425292, episodic_return=0.0
global_step=425372, episodic_return=0.0
global_step=425376, episodic_return=0.0
SPS: 3311
global_step=425524, episodic_return=0.0
global_step=425696, episodic_return=0.0
global_step=425772, episodic_return=0.10899999999999999
global_step=425780, episodic_return=0.0
global_step=425928, episodic_return=0.0
SPS: 3312
global_step=426076, episodic_return=0.34299999999999997
global_step=426100, episodic_return=0.0
global_step=426176, episodic_return=0.0
global_step=426332, episodic_return=0.0
global_step=426480, episodic_return=0.0
SPS: 3312
global_step=426504, episodic_return=0.0
global_step=426580, episodic_return=0.0
global_step=426736, episodic_return=0.0
global_step=426800, episodic_return=0.865
global_step=426884, episodic_return=0.0
global_step=426908, episodic_return=0.0
global_step=426912, episodic_return=0.757
global_step=426916, episodic_return=0.9369999999999999
global_step=426948, episodic_return=0.9369999999999999
global_step=426984, episodic_return=0.0
SPS: 3312
global_step=427184, episodic_return=0.478
global_step=427312, episodic_return=0.0
global_step=427316, episodic_return=0.0
global_step=427388, episodic_return=0.0
global_step=427404, episodic_return=0.8109999999999999
SPS: 3312
global_step=427588, episodic_return=0.0
global_step=427716, episodic_return=0.0
global_step=427792, episodic_return=0.0
global_step=427808, episodic_return=0.0
global_step=427860, episodic_return=0.892
global_step=427908, episodic_return=0.901
global_step=427992, episodic_return=0.0
SPS: 3312
global_step=428120, episodic_return=0.0
global_step=428196, episodic_return=0.0
global_step=428312, episodic_return=0.0
global_step=428396, episodic_return=0.0
global_step=428428, episodic_return=0.9369999999999999
global_step=428524, episodic_return=0.0
SPS: 3312
global_step=428600, episodic_return=0.0
global_step=428716, episodic_return=0.0
global_step=428720, episodic_return=0.739
global_step=428780, episodic_return=0.874
global_step=428832, episodic_return=0.0
global_step=428884, episodic_return=0.892
global_step=428928, episodic_return=0.0
global_step=428948, episodic_return=0.865
SPS: 3312
global_step=429120, episodic_return=0.0
global_step=429184, episodic_return=0.0
global_step=429332, episodic_return=0.0
global_step=429352, episodic_return=0.0
global_step=429524, episodic_return=0.0
SPS: 3313
global_step=429588, episodic_return=0.0
global_step=429736, episodic_return=0.0
global_step=429756, episodic_return=0.0
global_step=429928, episodic_return=0.0
global_step=429992, episodic_return=0.0
global_step=430012, episodic_return=0.964
SPS: 3313
global_step=430140, episodic_return=0.0
global_step=430160, episodic_return=0.0
global_step=430332, episodic_return=0.0
global_step=430416, episodic_return=0.0
global_step=430468, episodic_return=0.892
global_step=430544, episodic_return=0.0
global_step=430564, episodic_return=0.0
SPS: 3313
global_step=430648, episodic_return=0.775
global_step=430736, episodic_return=0.8109999999999999
global_step=430736, episodic_return=0.0
global_step=430756, episodic_return=0.964
global_step=430872, episodic_return=0.0
global_step=430892, episodic_return=0.964
global_step=430968, episodic_return=0.0
global_step=430976, episodic_return=0.82
SPS: 3313
global_step=431120, episodic_return=0.667
global_step=431140, episodic_return=0.0
global_step=431160, episodic_return=0.0
global_step=431180, episodic_return=0.919
global_step=431380, episodic_return=0.0
global_step=431412, episodic_return=0.352
global_step=431564, episodic_return=0.0
global_step=431584, episodic_return=0.0
SPS: 3313
global_step=431672, episodic_return=0.766
global_step=431784, episodic_return=0.0
global_step=431816, episodic_return=0.0
global_step=431988, episodic_return=0.0
global_step=432076, episodic_return=0.0
SPS: 3314
global_step=432188, episodic_return=0.0
global_step=432220, episodic_return=0.0
global_step=432332, episodic_return=0.685
global_step=432392, episodic_return=0.0
global_step=432480, episodic_return=0.0
global_step=432624, episodic_return=0.0
global_step=432636, episodic_return=0.982
SPS: 3314
global_step=432736, episodic_return=0.0
global_step=432796, episodic_return=0.0
global_step=432884, episodic_return=0.0
global_step=432936, episodic_return=0.694
global_step=433040, episodic_return=0.0
global_step=433060, episodic_return=0.73
global_step=433088, episodic_return=0.901
global_step=433140, episodic_return=0.0
SPS: 3314
global_step=433224, episodic_return=0.82
global_step=433288, episodic_return=0.0
global_step=433464, episodic_return=0.0
global_step=433492, episodic_return=0.0
global_step=433628, episodic_return=0.0
SPS: 3314
global_step=433692, episodic_return=0.0
global_step=433796, episodic_return=0.775
global_step=433868, episodic_return=0.0
global_step=433896, episodic_return=0.0
global_step=434032, episodic_return=0.0
SPS: 3314
global_step=434200, episodic_return=0.0
global_step=434272, episodic_return=0.0
global_step=434300, episodic_return=0.0
global_step=434312, episodic_return=0.757
global_step=434364, episodic_return=0.892
global_step=434436, episodic_return=0.0
global_step=434492, episodic_return=0.721
global_step=434676, episodic_return=0.0
SPS: 3314
global_step=434700, episodic_return=0.955
global_step=434704, episodic_return=0.0
global_step=434840, episodic_return=0.0
global_step=434896, episodic_return=0.0
global_step=435104, episodic_return=0.0
global_step=435108, episodic_return=0.0
global_step=435132, episodic_return=0.946
SPS: 3314
global_step=435204, episodic_return=0.7929999999999999
global_step=435232, episodic_return=0.946
global_step=435244, episodic_return=0.0
global_step=435300, episodic_return=0.0
global_step=435388, episodic_return=0.6579999999999999
global_step=435536, episodic_return=0.0
global_step=435648, episodic_return=0.0
global_step=435704, episodic_return=0.0
SPS: 3315
global_step=435744, episodic_return=0.919
global_step=435792, episodic_return=0.0
global_step=435828, episodic_return=0.82
global_step=435940, episodic_return=0.0
global_step=436052, episodic_return=0.0
global_step=436108, episodic_return=0.883
global_step=436124, episodic_return=0.973
global_step=436196, episodic_return=0.0
SPS: 3315
global_step=436232, episodic_return=0.0
global_step=436344, episodic_return=0.0
global_step=436528, episodic_return=0.0
global_step=436600, episodic_return=0.0
global_step=436636, episodic_return=0.0
SPS: 3315
global_step=436748, episodic_return=0.0
global_step=436932, episodic_return=0.0
global_step=437004, episodic_return=0.0
global_step=437040, episodic_return=0.0
global_step=437152, episodic_return=0.0
global_step=437208, episodic_return=0.3879999999999999
SPS: 3315
global_step=437332, episodic_return=0.73
global_step=437376, episodic_return=0.253
global_step=437404, episodic_return=0.946
global_step=437408, episodic_return=0.0
global_step=437556, episodic_return=0.0
global_step=437556, episodic_return=0.6759999999999999
global_step=437608, episodic_return=0.55
global_step=437736, episodic_return=0.0
SPS: 3315
global_step=437960, episodic_return=0.0
global_step=437960, episodic_return=0.0
global_step=438012, episodic_return=0.0
global_step=438116, episodic_return=0.6579999999999999
global_step=438140, episodic_return=0.0
SPS: 3315
global_step=438364, episodic_return=0.0
global_step=438416, episodic_return=0.0
global_step=438488, episodic_return=0.847
global_step=438520, episodic_return=0.0
global_step=438544, episodic_return=0.0
global_step=438768, episodic_return=0.0
SPS: 3315
global_step=438796, episodic_return=0.946
global_step=438892, episodic_return=0.0
global_step=438924, episodic_return=0.0
global_step=438948, episodic_return=0.0
global_step=438988, episodic_return=0.865
global_step=439016, episodic_return=0.946
global_step=439200, episodic_return=0.0
global_step=439296, episodic_return=0.0
SPS: 3315
global_step=439320, episodic_return=0.955
global_step=439352, episodic_return=0.0
global_step=439420, episodic_return=0.0
global_step=439428, episodic_return=0.991
global_step=439516, episodic_return=0.8109999999999999
global_step=439604, episodic_return=0.0
global_step=439724, episodic_return=0.0
global_step=439756, episodic_return=0.0
SPS: 3315
global_step=439920, episodic_return=0.0
global_step=439976, episodic_return=0.883
global_step=440008, episodic_return=0.0
global_step=440120, episodic_return=0.118
global_step=440160, episodic_return=0.0
SPS: 3315
global_step=440380, episodic_return=0.0
global_step=440412, episodic_return=0.0
global_step=440524, episodic_return=0.0
global_step=440564, episodic_return=0.0
global_step=440784, episodic_return=0.0
global_step=440816, episodic_return=0.0
SPS: 3316
global_step=440928, episodic_return=0.0
global_step=440968, episodic_return=0.0
global_step=441000, episodic_return=0.9369999999999999
global_step=441188, episodic_return=0.0
global_step=441220, episodic_return=0.0
global_step=441332, episodic_return=0.0
SPS: 3316
global_step=441404, episodic_return=0.0
global_step=441592, episodic_return=0.0
global_step=441624, episodic_return=0.0
global_step=441716, episodic_return=0.73
global_step=441736, episodic_return=0.0
global_step=441808, episodic_return=0.0
global_step=441828, episodic_return=0.964
SPS: 3316
global_step=441932, episodic_return=0.775
global_step=442028, episodic_return=0.0
global_step=442120, episodic_return=0.0
global_step=442140, episodic_return=0.0
global_step=442152, episodic_return=0.73
global_step=442168, episodic_return=0.973
global_step=442200, episodic_return=0.874
global_step=442336, episodic_return=0.0
SPS: 3316
global_step=442524, episodic_return=0.0
global_step=442572, episodic_return=0.0
global_step=442604, episodic_return=0.0
global_step=442740, episodic_return=0.0
SPS: 3316
global_step=442928, episodic_return=0.0
global_step=442976, episodic_return=0.0
global_step=443008, episodic_return=0.0
global_step=443144, episodic_return=0.0
global_step=443332, episodic_return=0.0
global_step=443380, episodic_return=0.0
SPS: 3317
global_step=443412, episodic_return=0.0
global_step=443548, episodic_return=0.0
global_step=443604, episodic_return=0.883
global_step=443736, episodic_return=0.0
global_step=443784, episodic_return=0.0
global_step=443816, episodic_return=0.0
SPS: 3317
global_step=443924, episodic_return=0.2889999999999999
global_step=444140, episodic_return=0.0
global_step=444188, episodic_return=0.0
global_step=444220, episodic_return=0.0
global_step=444328, episodic_return=0.0
SPS: 3317
global_step=444544, episodic_return=0.0
global_step=444592, episodic_return=0.0
global_step=444624, episodic_return=0.0
global_step=444632, episodic_return=0.919
global_step=444652, episodic_return=0.946
global_step=444704, episodic_return=0.847
global_step=444732, episodic_return=0.0
global_step=444768, episodic_return=0.865
global_step=444776, episodic_return=0.91
global_step=444804, episodic_return=0.946
global_step=444860, episodic_return=0.883
global_step=444900, episodic_return=0.919
SPS: 3317
global_step=444948, episodic_return=0.0
global_step=444948, episodic_return=0.901
global_step=445056, episodic_return=0.0
global_step=445172, episodic_return=0.0
global_step=445352, episodic_return=0.0
global_step=445352, episodic_return=0.0
SPS: 3317
global_step=445460, episodic_return=0.0
global_step=445568, episodic_return=0.5229999999999999
global_step=445576, episodic_return=0.0
global_step=445756, episodic_return=0.0
global_step=445832, episodic_return=0.838
global_step=445864, episodic_return=0.0
SPS: 3317
global_step=445972, episodic_return=0.0
global_step=445980, episodic_return=0.0
global_step=446008, episodic_return=0.946
global_step=446136, episodic_return=0.721
global_step=446180, episodic_return=0.91
global_step=446236, episodic_return=0.0
global_step=446268, episodic_return=0.0
global_step=446376, episodic_return=0.0
SPS: 3318
global_step=446584, episodic_return=0.0
global_step=446640, episodic_return=0.0
global_step=446672, episodic_return=0.0
global_step=446752, episodic_return=0.757
global_step=446780, episodic_return=0.0
global_step=446896, episodic_return=0.748
SPS: 3318
global_step=446988, episodic_return=0.0
global_step=447076, episodic_return=0.0
global_step=447140, episodic_return=0.136
global_step=447268, episodic_return=0.721
global_step=447300, episodic_return=0.0
global_step=447308, episodic_return=0.919
global_step=447392, episodic_return=0.0
global_step=447480, episodic_return=0.0
SPS: 3318
global_step=447520, episodic_return=0.721
global_step=447704, episodic_return=0.0
global_step=447712, episodic_return=0.0
global_step=447884, episodic_return=0.0
global_step=447924, episodic_return=0.0
SPS: 3318
global_step=448108, episodic_return=0.0
global_step=448116, episodic_return=0.0
global_step=448192, episodic_return=0.4059999999999999
global_step=448200, episodic_return=0.82
global_step=448224, episodic_return=0.955
global_step=448248, episodic_return=0.955
global_step=448288, episodic_return=0.0
global_step=448348, episodic_return=0.6579999999999999
global_step=448352, episodic_return=0.865
global_step=448512, episodic_return=0.0
SPS: 3318
global_step=448556, episodic_return=0.91
global_step=448652, episodic_return=0.0
global_step=448700, episodic_return=0.901
global_step=448752, episodic_return=0.0
global_step=448756, episodic_return=0.0
global_step=448960, episodic_return=0.0
SPS: 3318
global_step=449092, episodic_return=0.712
global_step=449104, episodic_return=0.0
global_step=449120, episodic_return=0.946
global_step=449156, episodic_return=0.0
global_step=449160, episodic_return=0.0
global_step=449508, episodic_return=0.0
global_step=449524, episodic_return=0.0
SPS: 3318
global_step=449560, episodic_return=0.0
global_step=449564, episodic_return=0.0
global_step=449912, episodic_return=0.0
global_step=449928, episodic_return=0.0
global_step=449964, episodic_return=0.0
global_step=449968, episodic_return=0.0
SPS: 3319
global_step=450100, episodic_return=0.622
global_step=450184, episodic_return=0.82
global_step=450252, episodic_return=0.856
global_step=450316, episodic_return=0.0
global_step=450368, episodic_return=0.748
global_step=450368, episodic_return=0.0
global_step=450372, episodic_return=0.0
global_step=450388, episodic_return=0.964
SPS: 3319
global_step=450620, episodic_return=0.44199999999999995
global_step=450720, episodic_return=0.0
global_step=450776, episodic_return=0.0
global_step=450792, episodic_return=0.0
global_step=451024, episodic_return=0.0
SPS: 3319
global_step=451124, episodic_return=0.0
global_step=451180, episodic_return=0.0
global_step=451196, episodic_return=0.0
global_step=451348, episodic_return=0.667
global_step=451428, episodic_return=0.0
global_step=451528, episodic_return=0.0
global_step=451584, episodic_return=0.0
SPS: 3319
global_step=451616, episodic_return=0.9369999999999999
global_step=451752, episodic_return=0.0
global_step=451832, episodic_return=0.0
global_step=451844, episodic_return=0.29799999999999993
global_step=452020, episodic_return=0.0
global_step=452096, episodic_return=0.4149999999999999
SPS: 3319
global_step=452156, episodic_return=0.0
global_step=452248, episodic_return=0.0
global_step=452424, episodic_return=0.0
global_step=452500, episodic_return=0.0
global_step=452560, episodic_return=0.0
global_step=452592, episodic_return=0.9369999999999999
SPS: 3319
global_step=452652, episodic_return=0.0
global_step=452828, episodic_return=0.0
global_step=452896, episodic_return=0.856
global_step=452904, episodic_return=0.0
global_step=452996, episodic_return=0.0
global_step=453012, episodic_return=0.973
global_step=453056, episodic_return=0.0
SPS: 3319
global_step=453140, episodic_return=0.82
global_step=453300, episodic_return=0.0
global_step=453308, episodic_return=0.0
global_step=453416, episodic_return=0.0
global_step=453452, episodic_return=0.30699999999999994
global_step=453584, episodic_return=0.712
SPS: 3320
global_step=453704, episodic_return=0.0
global_step=453712, episodic_return=0.0
global_step=453808, episodic_return=0.775
global_step=453820, episodic_return=0.0
global_step=453960, episodic_return=0.694
global_step=453988, episodic_return=0.0
global_step=454012, episodic_return=0.892
global_step=454116, episodic_return=0.0
SPS: 3320
global_step=454212, episodic_return=0.0
global_step=454392, episodic_return=0.0
global_step=454416, episodic_return=0.0
global_step=454520, episodic_return=0.0
global_step=454616, episodic_return=0.0
SPS: 3320
global_step=454796, episodic_return=0.0
global_step=454820, episodic_return=0.0
global_step=454924, episodic_return=0.0
global_step=454956, episodic_return=0.703
global_step=455020, episodic_return=0.0
global_step=455164, episodic_return=0.5409999999999999
SPS: 3319
global_step=455200, episodic_return=0.0
global_step=455328, episodic_return=0.0
global_step=455424, episodic_return=0.0
global_step=455472, episodic_return=0.685
global_step=455568, episodic_return=0.0
global_step=455604, episodic_return=0.0
SPS: 3320
global_step=455828, episodic_return=0.0
global_step=455856, episodic_return=0.946
global_step=455876, episodic_return=0.0
global_step=455972, episodic_return=0.0
global_step=456008, episodic_return=0.0
SPS: 3320
global_step=456260, episodic_return=0.0
global_step=456280, episodic_return=0.0
global_step=456336, episodic_return=0.838
global_step=456376, episodic_return=0.0
global_step=456388, episodic_return=0.892
global_step=456400, episodic_return=0.955
global_step=456412, episodic_return=0.0
global_step=456444, episodic_return=0.883
global_step=456684, episodic_return=0.0
SPS: 3320
global_step=456804, episodic_return=0.0
global_step=456816, episodic_return=0.0
global_step=456848, episodic_return=0.0
global_step=457088, episodic_return=0.0
global_step=457208, episodic_return=0.0
SPS: 3320
global_step=457220, episodic_return=0.0
global_step=457248, episodic_return=0.919
global_step=457252, episodic_return=0.0
global_step=457492, episodic_return=0.0
global_step=457536, episodic_return=0.91
global_step=457624, episodic_return=0.0
global_step=457652, episodic_return=0.0
global_step=457656, episodic_return=0.9369999999999999
global_step=457656, episodic_return=0.0
SPS: 3320
global_step=457940, episodic_return=0.0
global_step=457968, episodic_return=0.946
global_step=458056, episodic_return=0.0
global_step=458060, episodic_return=0.0
global_step=458060, episodic_return=0.0
global_step=458144, episodic_return=0.613
SPS: 3320
global_step=458460, episodic_return=0.0
global_step=458464, episodic_return=0.0
global_step=458464, episodic_return=0.0
global_step=458528, episodic_return=0.14500000000000002
global_step=458644, episodic_return=0.748
SPS: 3321
global_step=458864, episodic_return=0.0
global_step=458868, episodic_return=0.0
global_step=458868, episodic_return=0.0
global_step=458912, episodic_return=0.901
global_step=458936, episodic_return=0.955
global_step=458968, episodic_return=0.784
global_step=459048, episodic_return=0.0
SPS: 3321
global_step=459272, episodic_return=0.0
global_step=459340, episodic_return=0.0
global_step=459360, episodic_return=0.8109999999999999
global_step=459372, episodic_return=0.0
global_step=459452, episodic_return=0.0
global_step=459520, episodic_return=0.856
global_step=459744, episodic_return=0.0
global_step=459764, episodic_return=0.0
global_step=459776, episodic_return=0.0
SPS: 3321
global_step=459792, episodic_return=0.946
global_step=459924, episodic_return=0.0
global_step=460148, episodic_return=0.0
global_step=460180, episodic_return=0.0
global_step=460196, episodic_return=0.0
global_step=460240, episodic_return=0.91
SPS: 3321
global_step=460316, episodic_return=0.838
global_step=460328, episodic_return=0.0
global_step=460380, episodic_return=0.892
global_step=460512, episodic_return=0.712
global_step=460552, episodic_return=0.0
global_step=460556, episodic_return=0.91
global_step=460584, episodic_return=0.0
global_step=460604, episodic_return=0.901
global_step=460720, episodic_return=0.0
SPS: 3321
global_step=460956, episodic_return=0.0
global_step=460988, episodic_return=0.0
global_step=461008, episodic_return=0.0
global_step=461124, episodic_return=0.0
SPS: 3321
global_step=461360, episodic_return=0.0
global_step=461392, episodic_return=0.0
global_step=461412, episodic_return=0.0
global_step=461460, episodic_return=0.901
global_step=461528, episodic_return=0.0
global_step=461760, episodic_return=0.33399999999999996
global_step=461764, episodic_return=0.0
global_step=461796, episodic_return=0.0
SPS: 3322
global_step=461904, episodic_return=0.766
global_step=461932, episodic_return=0.0
global_step=461952, episodic_return=0.586
global_step=462164, episodic_return=0.0
global_step=462308, episodic_return=0.0
global_step=462336, episodic_return=0.0
SPS: 3322
global_step=462356, episodic_return=0.0
global_step=462520, episodic_return=0.6399999999999999
global_step=462568, episodic_return=0.0
global_step=462636, episodic_return=0.748
global_step=462712, episodic_return=0.0
global_step=462740, episodic_return=0.0
SPS: 3322
global_step=462952, episodic_return=0.29799999999999993
global_step=462972, episodic_return=0.0
global_step=463032, episodic_return=0.829
global_step=463116, episodic_return=0.0
global_step=463144, episodic_return=0.0
global_step=463192, episodic_return=0.901
SPS: 3322
global_step=463376, episodic_return=0.0
global_step=463436, episodic_return=0.0
global_step=463520, episodic_return=0.0
global_step=463596, episodic_return=0.0
global_step=463616, episodic_return=0.964
global_step=463780, episodic_return=0.0
global_step=463840, episodic_return=0.0
SPS: 3322
global_step=463924, episodic_return=0.0
global_step=464020, episodic_return=0.0
global_step=464052, episodic_return=0.721
global_step=464184, episodic_return=0.0
global_step=464224, episodic_return=0.919
global_step=464244, episodic_return=0.0
SPS: 3323
global_step=464424, episodic_return=0.0
global_step=464456, episodic_return=0.0
global_step=464516, episodic_return=0.802
global_step=464628, episodic_return=0.0
global_step=464648, episodic_return=0.0
global_step=464860, episodic_return=0.0
SPS: 3323
global_step=464920, episodic_return=0.0
global_step=465032, episodic_return=0.0
global_step=465052, episodic_return=0.0
global_step=465264, episodic_return=0.0
global_step=465324, episodic_return=0.0
global_step=465356, episodic_return=0.9369999999999999
SPS: 3323
global_step=465436, episodic_return=0.0
global_step=465456, episodic_return=0.0
global_step=465552, episodic_return=0.748
global_step=465668, episodic_return=0.0
global_step=465760, episodic_return=0.0
global_step=465860, episodic_return=0.0
SPS: 3323
global_step=465956, episodic_return=0.0
global_step=466072, episodic_return=0.0
global_step=466092, episodic_return=0.487
global_step=466164, episodic_return=0.0
global_step=466360, episodic_return=0.0
global_step=466404, episodic_return=0.91
SPS: 3323
global_step=466476, episodic_return=0.0
global_step=466496, episodic_return=0.0
global_step=466516, episodic_return=0.919
global_step=466544, episodic_return=0.946
global_step=466568, episodic_return=0.0
global_step=466572, episodic_return=0.838
global_step=466808, episodic_return=0.0
global_step=466888, episodic_return=0.2889999999999999
SPS: 3324
global_step=466948, episodic_return=0.0
global_step=466976, episodic_return=0.0
global_step=467212, episodic_return=0.0
global_step=467248, episodic_return=0.9279999999999999
global_step=467292, episodic_return=0.0
global_step=467308, episodic_return=0.973
global_step=467316, episodic_return=0.991
global_step=467332, episodic_return=0.20799999999999996
global_step=467344, episodic_return=0.946
global_step=467352, episodic_return=0.0
SPS: 3324
global_step=467652, episodic_return=0.0
global_step=467676, episodic_return=0.955
global_step=467736, episodic_return=0.0
global_step=467748, episodic_return=0.0
global_step=467756, episodic_return=0.0
SPS: 3324
global_step=468080, episodic_return=0.0
global_step=468140, episodic_return=0.0
global_step=468152, episodic_return=0.0
global_step=468160, episodic_return=0.0
global_step=468260, episodic_return=0.766
SPS: 3324
global_step=468484, episodic_return=0.0
global_step=468544, episodic_return=0.0
global_step=468564, episodic_return=0.0
global_step=468592, episodic_return=0.946
global_step=468636, episodic_return=0.91
global_step=468664, episodic_return=0.09999999999999998
global_step=468680, episodic_return=0.703
global_step=468888, episodic_return=0.0
SPS: 3324
global_step=469040, episodic_return=0.0
global_step=469068, episodic_return=0.0
global_step=469084, episodic_return=0.0
global_step=469108, episodic_return=0.955
global_step=469152, episodic_return=0.91
global_step=469292, episodic_return=0.0
global_step=469444, episodic_return=0.0
global_step=469472, episodic_return=0.0
global_step=469492, episodic_return=0.964
SPS: 3324
global_step=469548, episodic_return=0.883
global_step=469556, episodic_return=0.0
global_step=469696, episodic_return=0.0
global_step=469848, episodic_return=0.0
global_step=469860, episodic_return=0.982
global_step=469952, episodic_return=0.0
global_step=469960, episodic_return=0.0
SPS: 3324
global_step=470100, episodic_return=0.0
global_step=470264, episodic_return=0.0
global_step=470312, episodic_return=0.901
global_step=470336, episodic_return=0.478
global_step=470356, episodic_return=0.0
global_step=470364, episodic_return=0.0
SPS: 3325
global_step=470716, episodic_return=0.0
global_step=470740, episodic_return=0.0
global_step=470760, episodic_return=0.0
global_step=470768, episodic_return=0.0
global_step=470948, episodic_return=0.5409999999999999
SPS: 3325
global_step=471120, episodic_return=0.0
global_step=471164, episodic_return=0.0
global_step=471172, episodic_return=0.0
global_step=471352, episodic_return=0.0
global_step=471524, episodic_return=0.0
global_step=471540, episodic_return=0.973
SPS: 3325
global_step=471568, episodic_return=0.0
global_step=471576, episodic_return=0.0
global_step=471624, episodic_return=0.883
global_step=471756, episodic_return=0.0
global_step=471944, episodic_return=0.0
global_step=471980, episodic_return=0.0
global_step=472028, episodic_return=0.0
SPS: 3325
global_step=472116, episodic_return=0.19899999999999995
global_step=472164, episodic_return=0.514
global_step=472252, episodic_return=0.5049999999999999
global_step=472352, episodic_return=0.478
global_step=472384, episodic_return=0.0
global_step=472568, episodic_return=0.0
SPS: 3324
global_step=472656, episodic_return=0.0
global_step=472756, episodic_return=0.0
global_step=472788, episodic_return=0.0
global_step=472972, episodic_return=0.0
global_step=472996, episodic_return=0.955
global_step=473060, episodic_return=0.0
SPS: 3324
global_step=473160, episodic_return=0.0
global_step=473192, episodic_return=0.0
global_step=473400, episodic_return=0.0
global_step=473464, episodic_return=0.0
global_step=473564, episodic_return=0.0
global_step=473596, episodic_return=0.0
SPS: 3325
global_step=473648, episodic_return=0.595
global_step=473804, episodic_return=0.0
global_step=473968, episodic_return=0.0
global_step=474000, episodic_return=0.0
global_step=474052, episodic_return=0.0
SPS: 3325
global_step=474128, episodic_return=0.721
global_step=474208, episodic_return=0.0
global_step=474248, episodic_return=0.739
global_step=474248, episodic_return=0.919
global_step=474300, episodic_return=0.892
global_step=474372, episodic_return=0.0
global_step=474456, episodic_return=0.0
global_step=474592, episodic_return=0.514
SPS: 3325
global_step=474652, episodic_return=0.0
global_step=474692, episodic_return=0.919
global_step=474704, episodic_return=0.0
global_step=474752, episodic_return=0.874
global_step=474824, episodic_return=0.847
global_step=474860, episodic_return=0.0
global_step=474996, episodic_return=0.0
global_step=475020, episodic_return=0.5680000000000001
global_step=475020, episodic_return=0.955
global_step=475108, episodic_return=0.0
SPS: 3325
global_step=475140, episodic_return=0.9369999999999999
global_step=475264, episodic_return=0.0
global_step=475424, episodic_return=0.0
global_step=475424, episodic_return=0.0
global_step=475544, episodic_return=0.0
SPS: 3325
global_step=475668, episodic_return=0.0
global_step=475828, episodic_return=0.0
global_step=475828, episodic_return=0.0
global_step=475936, episodic_return=0.127
global_step=475968, episodic_return=0.9369999999999999
global_step=476072, episodic_return=0.0
SPS: 3325
global_step=476232, episodic_return=0.09999999999999998
global_step=476232, episodic_return=0.0
global_step=476340, episodic_return=0.766
global_step=476348, episodic_return=0.748
global_step=476372, episodic_return=0.0
global_step=476424, episodic_return=0.892
global_step=476476, episodic_return=0.0
global_step=476580, episodic_return=0.775
SPS: 3325
global_step=476744, episodic_return=0.0
global_step=476752, episodic_return=0.0
global_step=476828, episodic_return=0.0
global_step=476848, episodic_return=0.964
global_step=476984, episodic_return=0.0
global_step=477148, episodic_return=0.0
global_step=477156, episodic_return=0.0
SPS: 3325
global_step=477252, episodic_return=0.0
global_step=477388, episodic_return=0.0
global_step=477540, episodic_return=0.14500000000000002
global_step=477552, episodic_return=0.0
global_step=477632, episodic_return=0.802
global_step=477656, episodic_return=0.0
SPS: 3326
global_step=477792, episodic_return=0.0
global_step=477808, episodic_return=0.613
global_step=477956, episodic_return=0.0
global_step=477980, episodic_return=0.586
global_step=478060, episodic_return=0.0
SPS: 3326
global_step=478212, episodic_return=0.0
global_step=478360, episodic_return=0.0
global_step=478384, episodic_return=0.0
global_step=478464, episodic_return=0.0
global_step=478616, episodic_return=0.0
SPS: 3326
global_step=478764, episodic_return=0.0
global_step=478788, episodic_return=0.0
global_step=478868, episodic_return=0.0
global_step=479020, episodic_return=0.0
global_step=479168, episodic_return=0.0
global_step=479192, episodic_return=0.0
SPS: 3326
global_step=479272, episodic_return=0.0
global_step=479424, episodic_return=0.0
global_step=479572, episodic_return=0.0
global_step=479596, episodic_return=0.0
global_step=479676, episodic_return=0.0
global_step=479708, episodic_return=0.9369999999999999
SPS: 3326
global_step=479828, episodic_return=0.0
global_step=479976, episodic_return=0.0
global_step=480000, episodic_return=0.0
global_step=480100, episodic_return=0.784
global_step=480112, episodic_return=0.0
global_step=480232, episodic_return=0.0
SPS: 3327
global_step=480380, episodic_return=0.0
global_step=480504, episodic_return=0.0
global_step=480516, episodic_return=0.0
global_step=480604, episodic_return=0.8109999999999999
global_step=480636, episodic_return=0.0
global_step=480716, episodic_return=0.829
SPS: 3327
global_step=480784, episodic_return=0.0
global_step=480908, episodic_return=0.0
global_step=481008, episodic_return=0.0
global_step=481044, episodic_return=0.9279999999999999
global_step=481120, episodic_return=0.0
global_step=481188, episodic_return=0.0
global_step=481208, episodic_return=0.964
SPS: 3327
global_step=481312, episodic_return=0.0
global_step=481428, episodic_return=0.31599999999999995
global_step=481448, episodic_return=0.0
global_step=481612, episodic_return=0.0
global_step=481716, episodic_return=0.0
SPS: 3327
global_step=481832, episodic_return=0.0
global_step=481852, episodic_return=0.0
global_step=481884, episodic_return=0.892
global_step=481908, episodic_return=0.955
global_step=481988, episodic_return=0.829
global_step=482016, episodic_return=0.0
global_step=482120, episodic_return=0.0
global_step=482120, episodic_return=0.775
global_step=482148, episodic_return=0.649
global_step=482256, episodic_return=0.0
global_step=482284, episodic_return=0.703
SPS: 3327
global_step=482324, episodic_return=0.919
global_step=482400, episodic_return=0.838
global_step=482524, episodic_return=0.0
global_step=482524, episodic_return=0.0
global_step=482620, episodic_return=0.7929999999999999
global_step=482660, episodic_return=0.0
global_step=482804, episodic_return=0.0
SPS: 3327
global_step=482824, episodic_return=0.55
global_step=482928, episodic_return=0.0
global_step=483032, episodic_return=0.775
global_step=483064, episodic_return=0.0
global_step=483208, episodic_return=0.0
global_step=483228, episodic_return=0.0
SPS: 3327
global_step=483436, episodic_return=0.0
global_step=483468, episodic_return=0.0
global_step=483612, episodic_return=0.0
global_step=483632, episodic_return=0.0
global_step=483840, episodic_return=0.0
SPS: 3327
global_step=483872, episodic_return=0.0
global_step=483872, episodic_return=0.9369999999999999
global_step=483892, episodic_return=0.964
global_step=483892, episodic_return=0.964
global_step=483988, episodic_return=0.7929999999999999
global_step=484016, episodic_return=0.0
global_step=484036, episodic_return=0.0
global_step=484296, episodic_return=0.0
SPS: 3328
global_step=484392, episodic_return=0.0
global_step=484420, episodic_return=0.0
global_step=484440, episodic_return=0.0
global_step=484700, episodic_return=0.0
global_step=484752, episodic_return=0.892
global_step=484796, episodic_return=0.0
global_step=484824, episodic_return=0.0
global_step=484844, episodic_return=0.0
SPS: 3328
global_step=484948, episodic_return=0.775
global_step=485000, episodic_return=0.55
global_step=485036, episodic_return=0.8109999999999999
global_step=485088, episodic_return=0.253
global_step=485228, episodic_return=0.0
SPS: 3328
global_step=485404, episodic_return=0.0
global_step=485440, episodic_return=0.9279999999999999
global_step=485440, episodic_return=0.0
global_step=485492, episodic_return=0.0
global_step=485632, episodic_return=0.0
global_step=485844, episodic_return=0.0
global_step=485844, episodic_return=0.0
global_step=485852, episodic_return=0.991
SPS: 3328
global_step=485896, episodic_return=0.0
global_step=485984, episodic_return=0.8109999999999999
global_step=485984, episodic_return=0.21699999999999997
global_step=486248, episodic_return=0.0
global_step=486256, episodic_return=0.0
global_step=486388, episodic_return=0.0
global_step=486388, episodic_return=0.0
SPS: 3328
global_step=486436, episodic_return=0.604
global_step=486480, episodic_return=0.802
global_step=486628, episodic_return=0.577
global_step=486652, episodic_return=0.0
global_step=486664, episodic_return=0.9279999999999999
global_step=486764, episodic_return=0.784
global_step=486792, episodic_return=0.0
global_step=486884, episodic_return=0.0
SPS: 3328
global_step=486976, episodic_return=0.595
global_step=487056, episodic_return=0.0
global_step=487168, episodic_return=0.0
global_step=487288, episodic_return=0.0
global_step=487380, episodic_return=0.0
global_step=487400, episodic_return=0.964
SPS: 3328
global_step=487460, episodic_return=0.0
global_step=487572, episodic_return=0.0
global_step=487692, episodic_return=0.0
global_step=487804, episodic_return=0.0
global_step=487864, episodic_return=0.0
global_step=487884, episodic_return=0.964
SPS: 3328
global_step=487976, episodic_return=0.0
global_step=488068, episodic_return=0.595
global_step=488096, episodic_return=0.0
global_step=488144, episodic_return=0.901
global_step=488208, episodic_return=0.0
global_step=488228, episodic_return=0.964
global_step=488380, episodic_return=0.0
SPS: 3328
global_step=488472, episodic_return=0.0
global_step=488548, episodic_return=0.0
global_step=488632, episodic_return=0.0
global_step=488784, episodic_return=0.0
global_step=488876, episodic_return=0.0
global_step=488932, episodic_return=0.883
global_step=488952, episodic_return=0.0
SPS: 3328
global_step=489036, episodic_return=0.0
global_step=489188, episodic_return=0.0
global_step=489336, episodic_return=0.0
global_step=489352, episodic_return=0.973
global_step=489356, episodic_return=0.0
global_step=489368, episodic_return=0.973
global_step=489440, episodic_return=0.0
SPS: 3329
global_step=489592, episodic_return=0.0
global_step=489760, episodic_return=0.0
global_step=489772, episodic_return=0.0
global_step=489844, episodic_return=0.0
global_step=489864, episodic_return=0.964
SPS: 3328
global_step=489996, episodic_return=0.0
global_step=490024, episodic_return=0.946
global_step=490164, episodic_return=0.0
global_step=490176, episodic_return=0.0
global_step=490268, episodic_return=0.0
global_step=490312, episodic_return=0.91
global_step=490428, episodic_return=0.0
SPS: 3328
global_step=490568, episodic_return=0.0
global_step=490580, episodic_return=0.0
global_step=490648, episodic_return=0.856
global_step=490716, episodic_return=0.0
global_step=490716, episodic_return=0.856
global_step=490832, episodic_return=0.0
global_step=490876, episodic_return=0.91
global_step=490972, episodic_return=0.0
SPS: 3329
global_step=491120, episodic_return=0.0
global_step=491120, episodic_return=0.0
global_step=491280, episodic_return=0.0
global_step=491376, episodic_return=0.0
global_step=491412, episodic_return=0.9279999999999999
SPS: 3329
global_step=491524, episodic_return=0.0
global_step=491524, episodic_return=0.0
global_step=491592, episodic_return=0.856
global_step=491684, episodic_return=0.0
global_step=491756, episodic_return=0.847
global_step=491816, episodic_return=0.0
global_step=491928, episodic_return=0.0
global_step=491996, episodic_return=0.0
SPS: 3329
global_step=492160, episodic_return=0.0
global_step=492220, episodic_return=0.0
global_step=492240, episodic_return=0.964
global_step=492260, episodic_return=0.964
global_step=492324, episodic_return=0.865
global_step=492332, episodic_return=0.0
global_step=492400, episodic_return=0.0
SPS: 3329
global_step=492564, episodic_return=0.0
global_step=492728, episodic_return=0.0
global_step=492736, episodic_return=0.0
global_step=492804, episodic_return=0.0
global_step=492900, episodic_return=0.6399999999999999
global_step=492968, episodic_return=0.0
SPS: 3329
global_step=493132, episodic_return=0.0
global_step=493208, episodic_return=0.0
global_step=493304, episodic_return=0.0
global_step=493372, episodic_return=0.0
global_step=493536, episodic_return=0.0
SPS: 3329
global_step=493612, episodic_return=0.0
global_step=493708, episodic_return=0.0
global_step=493776, episodic_return=0.0
global_step=493940, episodic_return=0.0
global_step=493968, episodic_return=0.946
global_step=494004, episodic_return=0.9279999999999999
global_step=494016, episodic_return=0.0
SPS: 3330
global_step=494112, episodic_return=0.0
global_step=494180, episodic_return=0.0
global_step=494296, episodic_return=0.595
global_step=494408, episodic_return=0.757
global_step=494408, episodic_return=0.0
global_step=494420, episodic_return=0.0
global_step=494584, episodic_return=0.0
SPS: 3330
global_step=494812, episodic_return=0.0
global_step=494812, episodic_return=0.0
global_step=494824, episodic_return=0.0
global_step=494988, episodic_return=0.0
SPS: 3330
global_step=495216, episodic_return=0.0
global_step=495216, episodic_return=0.0
global_step=495228, episodic_return=0.0
global_step=495328, episodic_return=0.757
global_step=495364, episodic_return=0.9279999999999999
global_step=495380, episodic_return=0.973
global_step=495392, episodic_return=0.0
global_step=495520, episodic_return=0.721
SPS: 3330
global_step=495620, episodic_return=0.0
global_step=495632, episodic_return=0.0
global_step=495652, episodic_return=0.9369999999999999
global_step=495692, episodic_return=0.919
global_step=495744, episodic_return=0.892
global_step=495784, episodic_return=0.0
global_step=495852, episodic_return=0.856
global_step=495924, episodic_return=0.0
global_step=496036, episodic_return=0.0
SPS: 3330
global_step=496148, episodic_return=0.0
global_step=496256, episodic_return=0.0
global_step=496328, episodic_return=0.0
global_step=496428, episodic_return=0.784
global_step=496440, episodic_return=0.0
global_step=496552, episodic_return=0.0
SPS: 3330
global_step=496660, episodic_return=0.0
global_step=496832, episodic_return=0.0
global_step=496844, episodic_return=0.0
global_step=496956, episodic_return=0.0
global_step=497064, episodic_return=0.0
SPS: 3330
global_step=497236, episodic_return=0.0
global_step=497248, episodic_return=0.0
global_step=497260, episodic_return=0.955
global_step=497360, episodic_return=0.0
global_step=497468, episodic_return=0.0
global_step=497652, episodic_return=0.0
global_step=497664, episodic_return=0.0
SPS: 3330
global_step=497764, episodic_return=0.0
global_step=497788, episodic_return=0.703
global_step=497872, episodic_return=0.0
global_step=498040, episodic_return=0.3879999999999999
global_step=498068, episodic_return=0.0
SPS: 3331
global_step=498192, episodic_return=0.0
global_step=498276, episodic_return=0.0
global_step=498444, episodic_return=0.0
global_step=498472, episodic_return=0.0
global_step=498596, episodic_return=0.0
global_step=498628, episodic_return=0.6579999999999999
global_step=498656, episodic_return=0.874
global_step=498680, episodic_return=0.0
SPS: 3331
global_step=498848, episodic_return=0.0
global_step=499032, episodic_return=0.0
global_step=499060, episodic_return=0.0
global_step=499084, episodic_return=0.0
global_step=499092, episodic_return=0.874
SPS: 3331
global_step=499252, episodic_return=0.0
global_step=499464, episodic_return=0.0
global_step=499488, episodic_return=0.0
global_step=499496, episodic_return=0.0
global_step=499656, episodic_return=0.0
SPS: 3331
Saved agent to runs/grandom_yoff__baseline_random__1__1779559961/agent.pt
[1;34mwandb[0m: 
[1;34mwandb[0m: 🚀 View run [33mgrandom_yoff__baseline_random__1__1779559961[0m at: [34mhttps://wandb.ai/animeconqueror108-university-of-southern-mississippi/ppo-spurious/runs/vp72yal9[0m
[1;34mwandb[0m: Find logs at: [1;35mwandb/run-20260523_131242-vp72yal9/logs[0m
[done] Sat May 23 01:15:49 PM CDT 2026  name=baseline_random
