Unloading shared
  WARNING: Did not unuse /cm/shared/modulefiles
[start] Sat May 23 01:12:40 PM CDT 2026  host=node048  task=2  name=cond_A
name
NVIDIA L40S
global_step=400, episodic_return=0.0
global_step=400, episodic_return=0.0
global_step=400, episodic_return=0.0
global_step=400, episodic_return=0.0
SPS: 75
global_step=676, episodic_return=0.3879999999999999
global_step=804, episodic_return=0.0
global_step=804, episodic_return=0.0
global_step=804, episodic_return=0.0
SPS: 147
global_step=1080, episodic_return=0.0
global_step=1208, episodic_return=0.0
global_step=1208, episodic_return=0.0
global_step=1208, episodic_return=0.0
global_step=1484, episodic_return=0.0
SPS: 216
global_step=1612, episodic_return=0.0
global_step=1612, episodic_return=0.0
global_step=1612, episodic_return=0.0
global_step=1888, episodic_return=0.0
global_step=2016, episodic_return=0.0
global_step=2016, episodic_return=0.0
global_step=2016, episodic_return=0.0
SPS: 283
global_step=2292, episodic_return=0.0
global_step=2420, episodic_return=0.0
global_step=2420, episodic_return=0.0
global_step=2420, episodic_return=0.0
SPS: 348
global_step=2696, episodic_return=0.0
global_step=2824, episodic_return=0.0
global_step=2824, episodic_return=0.0
global_step=2824, episodic_return=0.0
SPS: 410
global_step=3100, episodic_return=0.0
global_step=3228, episodic_return=0.0
global_step=3228, episodic_return=0.0
global_step=3228, episodic_return=0.0
global_step=3504, episodic_return=0.0
SPS: 469
global_step=3632, episodic_return=0.0
global_step=3632, episodic_return=0.0
global_step=3632, episodic_return=0.0
global_step=3908, episodic_return=0.0
global_step=4036, episodic_return=0.0
global_step=4036, episodic_return=0.0
global_step=4036, episodic_return=0.0
SPS: 527
global_step=4312, episodic_return=0.0
global_step=4440, episodic_return=0.0
global_step=4440, episodic_return=0.0
global_step=4440, episodic_return=0.0
SPS: 582
global_step=4716, episodic_return=0.0
global_step=4844, episodic_return=0.0
global_step=4844, episodic_return=0.0
global_step=4844, episodic_return=0.0
global_step=5120, episodic_return=0.0
SPS: 636
global_step=5248, episodic_return=0.0
global_step=5248, episodic_return=0.0
global_step=5248, episodic_return=0.0
global_step=5524, episodic_return=0.0
SPS: 688
global_step=5652, episodic_return=0.0
global_step=5652, episodic_return=0.0
global_step=5652, episodic_return=0.0
global_step=5928, episodic_return=0.0
global_step=6056, episodic_return=0.0
global_step=6056, episodic_return=0.0
global_step=6056, episodic_return=0.0
SPS: 735
global_step=6332, episodic_return=0.0
global_step=6460, episodic_return=0.0
global_step=6460, episodic_return=0.0
global_step=6460, episodic_return=0.0
SPS: 783
global_step=6736, episodic_return=0.0
global_step=6864, episodic_return=0.0
global_step=6864, episodic_return=0.0
global_step=6864, episodic_return=0.0
global_step=7140, episodic_return=0.0
SPS: 829
global_step=7268, episodic_return=0.0
global_step=7268, episodic_return=0.0
global_step=7268, episodic_return=0.0
global_step=7544, episodic_return=0.0
global_step=7672, episodic_return=0.0
global_step=7672, episodic_return=0.0
global_step=7672, episodic_return=0.0
SPS: 874
global_step=7948, episodic_return=0.0
global_step=8076, episodic_return=0.0
global_step=8076, episodic_return=0.0
global_step=8076, episodic_return=0.0
SPS: 918
global_step=8352, episodic_return=0.0
global_step=8480, episodic_return=0.0
global_step=8480, episodic_return=0.0
global_step=8480, episodic_return=0.0
SPS: 960
global_step=8756, episodic_return=0.0
global_step=8884, episodic_return=0.0
global_step=8884, episodic_return=0.0
global_step=8884, episodic_return=0.0
global_step=9160, episodic_return=0.0
SPS: 1002
global_step=9288, episodic_return=0.0
global_step=9288, episodic_return=0.0
global_step=9288, episodic_return=0.0
global_step=9564, episodic_return=0.0
global_step=9692, episodic_return=0.0
global_step=9692, episodic_return=0.0
global_step=9692, episodic_return=0.0
SPS: 1040
global_step=9968, episodic_return=0.0
global_step=10096, episodic_return=0.0
global_step=10096, episodic_return=0.0
global_step=10096, episodic_return=0.0
SPS: 1079
global_step=10372, episodic_return=0.0
global_step=10500, episodic_return=0.0
global_step=10500, episodic_return=0.0
global_step=10500, episodic_return=0.0
SPS: 1118
global_step=10776, episodic_return=0.0
global_step=10904, episodic_return=0.0
global_step=10904, episodic_return=0.0
global_step=10904, episodic_return=0.0
global_step=11180, episodic_return=0.0
SPS: 1154
global_step=11308, episodic_return=0.0
global_step=11308, episodic_return=0.0
global_step=11308, episodic_return=0.0
global_step=11468, episodic_return=0.649
global_step=11584, episodic_return=0.0
global_step=11712, episodic_return=0.0
global_step=11712, episodic_return=0.0
SPS: 1190
global_step=11872, episodic_return=0.0
global_step=11988, episodic_return=0.0
global_step=12116, episodic_return=0.0
global_step=12116, episodic_return=0.0
global_step=12276, episodic_return=0.0
SPS: 1224
global_step=12392, episodic_return=0.0
global_step=12520, episodic_return=0.0
global_step=12520, episodic_return=0.0
global_step=12680, episodic_return=0.0
global_step=12796, episodic_return=0.0
SPS: 1258
global_step=12924, episodic_return=0.0
global_step=12924, episodic_return=0.0
global_step=13084, episodic_return=0.0
global_step=13200, episodic_return=0.0
global_step=13220, episodic_return=0.34299999999999997
SPS: 1290
global_step=13328, episodic_return=0.0
global_step=13488, episodic_return=0.0
global_step=13604, episodic_return=0.0
global_step=13624, episodic_return=0.0
global_step=13732, episodic_return=0.0
SPS: 1322
global_step=13856, episodic_return=0.487
global_step=13892, episodic_return=0.0
global_step=14008, episodic_return=0.0
global_step=14096, episodic_return=0.8109999999999999
global_step=14136, episodic_return=0.0
global_step=14260, episodic_return=0.0
global_step=14296, episodic_return=0.0
SPS: 1352
global_step=14500, episodic_return=0.0
global_step=14540, episodic_return=0.0
global_step=14664, episodic_return=0.0
global_step=14700, episodic_return=0.0
SPS: 1381
global_step=14904, episodic_return=0.0
global_step=14944, episodic_return=0.0
global_step=15068, episodic_return=0.0
global_step=15104, episodic_return=0.0
global_step=15308, episodic_return=0.0
global_step=15348, episodic_return=0.0
SPS: 1410
global_step=15472, episodic_return=0.0
global_step=15508, episodic_return=0.0
global_step=15712, episodic_return=0.0
global_step=15752, episodic_return=0.0
SPS: 1439
global_step=15876, episodic_return=0.0
global_step=15912, episodic_return=0.0
global_step=15968, episodic_return=0.802
global_step=16116, episodic_return=0.0
global_step=16156, episodic_return=0.0
global_step=16300, episodic_return=0.595
global_step=16316, episodic_return=0.0
global_step=16372, episodic_return=0.0
SPS: 1461
global_step=16560, episodic_return=0.0
global_step=16620, episodic_return=0.874
global_step=16704, episodic_return=0.0
global_step=16720, episodic_return=0.0
global_step=16776, episodic_return=0.0
SPS: 1488
global_step=17024, episodic_return=0.0
global_step=17108, episodic_return=0.0
global_step=17124, episodic_return=0.0
global_step=17180, episodic_return=0.0
SPS: 1513
global_step=17428, episodic_return=0.0
global_step=17512, episodic_return=0.0
global_step=17528, episodic_return=0.0
global_step=17584, episodic_return=0.0
global_step=17832, episodic_return=0.0
global_step=17916, episodic_return=0.0
SPS: 1539
global_step=17932, episodic_return=0.0
global_step=17988, episodic_return=0.0
global_step=18220, episodic_return=0.361
global_step=18236, episodic_return=0.0
global_step=18320, episodic_return=0.0
global_step=18392, episodic_return=0.0
SPS: 1564
global_step=18624, episodic_return=0.0
global_step=18640, episodic_return=0.0
global_step=18684, episodic_return=0.91
global_step=18724, episodic_return=0.0
global_step=18796, episodic_return=0.0
SPS: 1589
global_step=19028, episodic_return=0.0
global_step=19088, episodic_return=0.0
global_step=19128, episodic_return=0.0
global_step=19200, episodic_return=0.0
global_step=19432, episodic_return=0.0
SPS: 1613
global_step=19492, episodic_return=0.0
global_step=19532, episodic_return=0.0
global_step=19604, episodic_return=0.0
global_step=19836, episodic_return=0.0
global_step=19896, episodic_return=0.0
global_step=19936, episodic_return=0.0
SPS: 1636
global_step=20008, episodic_return=0.0
global_step=20020, episodic_return=0.73
global_step=20240, episodic_return=0.0
global_step=20340, episodic_return=0.0
global_step=20412, episodic_return=0.0
global_step=20424, episodic_return=0.0
SPS: 1660
global_step=20644, episodic_return=0.0
global_step=20744, episodic_return=0.0
global_step=20764, episodic_return=0.21699999999999997
global_step=20828, episodic_return=0.0
SPS: 1683
global_step=21048, episodic_return=0.0
global_step=21148, episodic_return=0.0
global_step=21168, episodic_return=0.0
global_step=21232, episodic_return=0.0
global_step=21452, episodic_return=0.0
SPS: 1705
global_step=21552, episodic_return=0.0
global_step=21572, episodic_return=0.0
global_step=21636, episodic_return=0.0
global_step=21856, episodic_return=0.0
global_step=21956, episodic_return=0.0
global_step=21976, episodic_return=0.0
SPS: 1727
global_step=22040, episodic_return=0.0
global_step=22260, episodic_return=0.0
global_step=22360, episodic_return=0.0
global_step=22380, episodic_return=0.0
global_step=22444, episodic_return=0.0
SPS: 1749
global_step=22664, episodic_return=0.0
global_step=22764, episodic_return=0.0
global_step=22784, episodic_return=0.0
global_step=22848, episodic_return=0.0
SPS: 1770
global_step=23068, episodic_return=0.0
global_step=23168, episodic_return=0.0
global_step=23188, episodic_return=0.0
global_step=23252, episodic_return=0.0
global_step=23472, episodic_return=0.0
SPS: 1790
global_step=23572, episodic_return=0.0
global_step=23592, episodic_return=0.0
global_step=23656, episodic_return=0.0
global_step=23876, episodic_return=0.0
global_step=23976, episodic_return=0.0
global_step=23996, episodic_return=0.0
global_step=24060, episodic_return=0.0
SPS: 1810
global_step=24280, episodic_return=0.0
global_step=24380, episodic_return=0.0
global_step=24400, episodic_return=0.0
global_step=24464, episodic_return=0.0
SPS: 1830
global_step=24684, episodic_return=0.0
global_step=24764, episodic_return=0.829
global_step=24784, episodic_return=0.0
global_step=24804, episodic_return=0.0
global_step=24868, episodic_return=0.0
SPS: 1849
global_step=25168, episodic_return=0.0
global_step=25188, episodic_return=0.0
global_step=25208, episodic_return=0.0
global_step=25272, episodic_return=0.0
global_step=25572, episodic_return=0.0
global_step=25592, episodic_return=0.0
SPS: 1867
global_step=25612, episodic_return=0.0
global_step=25672, episodic_return=0.874
global_step=25676, episodic_return=0.0
global_step=25976, episodic_return=0.0
global_step=25996, episodic_return=0.0
global_step=26076, episodic_return=0.0
global_step=26080, episodic_return=0.0
SPS: 1885
global_step=26188, episodic_return=0.532
global_step=26400, episodic_return=0.0
global_step=26480, episodic_return=0.0
global_step=26484, episodic_return=0.0
global_step=26592, episodic_return=0.0
SPS: 1903
global_step=26804, episodic_return=0.0
global_step=26884, episodic_return=0.0
global_step=26888, episodic_return=0.0
global_step=26996, episodic_return=0.0
SPS: 1921
global_step=27208, episodic_return=0.0
global_step=27288, episodic_return=0.0
global_step=27292, episodic_return=0.0
global_step=27376, episodic_return=0.8109999999999999
global_step=27400, episodic_return=0.0
global_step=27612, episodic_return=0.0
SPS: 1938
global_step=27696, episodic_return=0.0
global_step=27780, episodic_return=0.0
global_step=27804, episodic_return=0.0
global_step=28016, episodic_return=0.0
global_step=28100, episodic_return=0.0
SPS: 1954
global_step=28184, episodic_return=0.0
global_step=28208, episodic_return=0.0
global_step=28420, episodic_return=0.0
global_step=28504, episodic_return=0.0
global_step=28588, episodic_return=0.0
global_step=28612, episodic_return=0.0
SPS: 1970
global_step=28824, episodic_return=0.0
global_step=28908, episodic_return=0.0
global_step=28992, episodic_return=0.0
global_step=29016, episodic_return=0.0
SPS: 1986
global_step=29228, episodic_return=0.0
global_step=29312, episodic_return=0.0
global_step=29396, episodic_return=0.0
global_step=29420, episodic_return=0.0
global_step=29632, episodic_return=0.0
SPS: 2002
global_step=29716, episodic_return=0.0
global_step=29800, episodic_return=0.0
global_step=29824, episodic_return=0.0
global_step=30036, episodic_return=0.0
global_step=30120, episodic_return=0.0
global_step=30204, episodic_return=0.0
SPS: 2017
global_step=30228, episodic_return=0.0
global_step=30440, episodic_return=0.0
global_step=30524, episodic_return=0.0
global_step=30608, episodic_return=0.0
global_step=30632, episodic_return=0.0
SPS: 2033
global_step=30844, episodic_return=0.0
global_step=30928, episodic_return=0.0
global_step=31012, episodic_return=0.0
global_step=31036, episodic_return=0.0
SPS: 2048
global_step=31248, episodic_return=0.0
global_step=31332, episodic_return=0.0
global_step=31416, episodic_return=0.0
global_step=31440, episodic_return=0.0
global_step=31652, episodic_return=0.0
global_step=31736, episodic_return=0.0
SPS: 2063
global_step=31820, episodic_return=0.0
global_step=31844, episodic_return=0.0
global_step=31984, episodic_return=0.45099999999999996
global_step=32056, episodic_return=0.0
global_step=32224, episodic_return=0.0
global_step=32248, episodic_return=0.0
SPS: 2077
global_step=32388, episodic_return=0.0
global_step=32460, episodic_return=0.0
global_step=32628, episodic_return=0.0
global_step=32652, episodic_return=0.0
SPS: 2091
global_step=32792, episodic_return=0.0
global_step=32864, episodic_return=0.0
global_step=33032, episodic_return=0.0
global_step=33056, episodic_return=0.0
global_step=33196, episodic_return=0.0
global_step=33268, episodic_return=0.0
SPS: 2102
global_step=33436, episodic_return=0.0
global_step=33460, episodic_return=0.0
global_step=33600, episodic_return=0.0
global_step=33672, episodic_return=0.0
SPS: 2116
global_step=33840, episodic_return=0.0
global_step=33864, episodic_return=0.0
global_step=34004, episodic_return=0.0
global_step=34076, episodic_return=0.0
global_step=34244, episodic_return=0.0
global_step=34268, episodic_return=0.0
SPS: 2130
global_step=34408, episodic_return=0.0
global_step=34480, episodic_return=0.0
global_step=34648, episodic_return=0.0
global_step=34672, episodic_return=0.0
global_step=34812, episodic_return=0.0
SPS: 2143
global_step=34884, episodic_return=0.0
global_step=35052, episodic_return=0.0
global_step=35076, episodic_return=0.0
global_step=35216, episodic_return=0.0
global_step=35288, episodic_return=0.0
SPS: 2157
global_step=35456, episodic_return=0.0
global_step=35480, episodic_return=0.0
global_step=35620, episodic_return=0.0
global_step=35692, episodic_return=0.0
SPS: 2170
global_step=35860, episodic_return=0.0
global_step=35884, episodic_return=0.0
global_step=36024, episodic_return=0.0
global_step=36096, episodic_return=0.0
global_step=36264, episodic_return=0.0
global_step=36288, episodic_return=0.0
SPS: 2182
global_step=36428, episodic_return=0.0
global_step=36500, episodic_return=0.0
global_step=36668, episodic_return=0.0
global_step=36692, episodic_return=0.0
global_step=36832, episodic_return=0.0
SPS: 2194
global_step=36904, episodic_return=0.0
global_step=37072, episodic_return=0.0
global_step=37096, episodic_return=0.0
global_step=37236, episodic_return=0.0
global_step=37308, episodic_return=0.0
global_step=37376, episodic_return=0.379
SPS: 2206
global_step=37476, episodic_return=0.0
global_step=37640, episodic_return=0.0
global_step=37644, episodic_return=0.4059999999999999
global_step=37712, episodic_return=0.0
global_step=37880, episodic_return=0.0
SPS: 2218
global_step=38044, episodic_return=0.0
global_step=38048, episodic_return=0.0
global_step=38116, episodic_return=0.0
global_step=38268, episodic_return=0.667
global_step=38284, episodic_return=0.0
SPS: 2230
global_step=38448, episodic_return=0.0
global_step=38452, episodic_return=0.0
global_step=38672, episodic_return=0.0
global_step=38688, episodic_return=0.0
global_step=38852, episodic_return=0.0
global_step=38856, episodic_return=0.0
SPS: 2242
global_step=39076, episodic_return=0.0
global_step=39092, episodic_return=0.0
global_step=39256, episodic_return=0.0
global_step=39260, episodic_return=0.0
SPS: 2254
global_step=39480, episodic_return=0.0
global_step=39496, episodic_return=0.0
global_step=39660, episodic_return=0.0
global_step=39664, episodic_return=0.0
global_step=39884, episodic_return=0.0
global_step=39900, episodic_return=0.0
SPS: 2265
global_step=40064, episodic_return=0.0
global_step=40068, episodic_return=0.0
global_step=40092, episodic_return=0.577
global_step=40288, episodic_return=0.0
SPS: 2277
global_step=40468, episodic_return=0.0
global_step=40472, episodic_return=0.0
global_step=40496, episodic_return=0.0
global_step=40692, episodic_return=0.0
global_step=40872, episodic_return=0.0
global_step=40876, episodic_return=0.0
global_step=40900, episodic_return=0.0
SPS: 2288
global_step=41096, episodic_return=0.0
global_step=41244, episodic_return=0.6759999999999999
global_step=41276, episodic_return=0.0
global_step=41280, episodic_return=0.0
global_step=41304, episodic_return=0.0
SPS: 2298
global_step=41540, episodic_return=0.4149999999999999
global_step=41648, episodic_return=0.0
global_step=41684, episodic_return=0.0
global_step=41708, episodic_return=0.0
global_step=41728, episodic_return=0.91
global_step=41944, episodic_return=0.0
SPS: 2309
global_step=42052, episodic_return=0.0
global_step=42092, episodic_return=0.14500000000000002
global_step=42132, episodic_return=0.0
global_step=42348, episodic_return=0.0
global_step=42456, episodic_return=0.0
global_step=42496, episodic_return=0.0
SPS: 2319
global_step=42536, episodic_return=0.0
global_step=42752, episodic_return=0.0
global_step=42860, episodic_return=0.0
global_step=42900, episodic_return=0.0
global_step=42940, episodic_return=0.0
SPS: 2329
global_step=43156, episodic_return=0.0
global_step=43264, episodic_return=0.0
global_step=43304, episodic_return=0.0
global_step=43344, episodic_return=0.0
SPS: 2339
global_step=43556, episodic_return=0.10899999999999999
global_step=43668, episodic_return=0.0
global_step=43708, episodic_return=0.0
global_step=43748, episodic_return=0.0
global_step=43960, episodic_return=0.0
SPS: 2349
global_step=44072, episodic_return=0.0
global_step=44112, episodic_return=0.0
global_step=44152, episodic_return=0.0
global_step=44268, episodic_return=0.6579999999999999
global_step=44364, episodic_return=0.0
global_step=44476, episodic_return=0.0
SPS: 2358
global_step=44556, episodic_return=0.0
global_step=44672, episodic_return=0.0
global_step=44768, episodic_return=0.0
global_step=44880, episodic_return=0.0
global_step=44960, episodic_return=0.0
SPS: 2368
global_step=45076, episodic_return=0.0
global_step=45172, episodic_return=0.0
global_step=45284, episodic_return=0.0
global_step=45364, episodic_return=0.0
global_step=45480, episodic_return=0.0
SPS: 2378
global_step=45576, episodic_return=0.0
global_step=45688, episodic_return=0.0
global_step=45768, episodic_return=0.0
global_step=45884, episodic_return=0.0
global_step=45980, episodic_return=0.0
SPS: 2387
global_step=46092, episodic_return=0.0
global_step=46172, episodic_return=0.0
global_step=46288, episodic_return=0.0
global_step=46384, episodic_return=0.0
global_step=46496, episodic_return=0.0
global_step=46576, episodic_return=0.0
SPS: 2396
global_step=46692, episodic_return=0.0
global_step=46788, episodic_return=0.0
global_step=46900, episodic_return=0.0
global_step=46980, episodic_return=0.0
global_step=47096, episodic_return=0.0
SPS: 2405
global_step=47192, episodic_return=0.0
global_step=47304, episodic_return=0.0
global_step=47384, episodic_return=0.0
global_step=47500, episodic_return=0.0
global_step=47596, episodic_return=0.0
SPS: 2415
global_step=47708, episodic_return=0.0
global_step=47788, episodic_return=0.0
global_step=47812, episodic_return=0.955
global_step=47904, episodic_return=0.0
global_step=48000, episodic_return=0.0
global_step=48112, episodic_return=0.0
SPS: 2423
global_step=48216, episodic_return=0.0
global_step=48308, episodic_return=0.0
global_step=48404, episodic_return=0.0
global_step=48516, episodic_return=0.0
global_step=48620, episodic_return=0.0
SPS: 2432
global_step=48712, episodic_return=0.0
global_step=48808, episodic_return=0.0
global_step=48920, episodic_return=0.0
global_step=49024, episodic_return=0.0
global_step=49116, episodic_return=0.0
SPS: 2440
global_step=49212, episodic_return=0.0
global_step=49324, episodic_return=0.0
global_step=49428, episodic_return=0.0
global_step=49520, episodic_return=0.0
global_step=49616, episodic_return=0.0
SPS: 2449
global_step=49728, episodic_return=0.0
global_step=49796, episodic_return=0.18099999999999994
global_step=49924, episodic_return=0.0
global_step=50020, episodic_return=0.0
global_step=50132, episodic_return=0.0
SPS: 2457
global_step=50200, episodic_return=0.0
global_step=50220, episodic_return=0.34299999999999997
global_step=50424, episodic_return=0.0
global_step=50536, episodic_return=0.0
global_step=50604, episodic_return=0.0
global_step=50624, episodic_return=0.0
SPS: 2465
global_step=50828, episodic_return=0.0
global_step=50940, episodic_return=0.0
global_step=51008, episodic_return=0.0
global_step=51028, episodic_return=0.0
SPS: 2473
global_step=51232, episodic_return=0.0
global_step=51344, episodic_return=0.0
global_step=51412, episodic_return=0.0
global_step=51432, episodic_return=0.0
global_step=51636, episodic_return=0.0
global_step=51652, episodic_return=0.973
SPS: 2478
global_step=51748, episodic_return=0.0
global_step=51816, episodic_return=0.0
global_step=51836, episodic_return=0.0
global_step=52056, episodic_return=0.0
global_step=52152, episodic_return=0.0
global_step=52220, episodic_return=0.0
SPS: 2485
global_step=52240, episodic_return=0.0
global_step=52380, episodic_return=0.2799999999999999
global_step=52556, episodic_return=0.0
global_step=52624, episodic_return=0.0
global_step=52644, episodic_return=0.0
SPS: 2493
global_step=52784, episodic_return=0.0
global_step=52960, episodic_return=0.0
global_step=52976, episodic_return=0.262
global_step=53004, episodic_return=0.91
global_step=53028, episodic_return=0.0
global_step=53188, episodic_return=0.0
global_step=53220, episodic_return=0.577
SPS: 2500
global_step=53380, episodic_return=0.0
global_step=53408, episodic_return=0.0
global_step=53592, episodic_return=0.0
global_step=53624, episodic_return=0.0
SPS: 2508
global_step=53784, episodic_return=0.0
global_step=53812, episodic_return=0.0
global_step=53988, episodic_return=0.55
global_step=53996, episodic_return=0.0
global_step=54028, episodic_return=0.0
global_step=54156, episodic_return=0.721
global_step=54172, episodic_return=0.973
global_step=54216, episodic_return=0.0
global_step=54264, episodic_return=0.901
SPS: 2515
global_step=54392, episodic_return=0.0
global_step=54396, episodic_return=0.5049999999999999
global_step=54400, episodic_return=0.0
global_step=54480, episodic_return=0.82
global_step=54668, episodic_return=0.0
global_step=54692, episodic_return=0.955
SPS: 2522
global_step=54796, episodic_return=0.0
global_step=54804, episodic_return=0.0
global_step=54884, episodic_return=0.0
global_step=55060, episodic_return=0.613
global_step=55096, episodic_return=0.0
global_step=55200, episodic_return=0.0
global_step=55208, episodic_return=0.0
SPS: 2527
global_step=55464, episodic_return=0.0
global_step=55500, episodic_return=0.0
global_step=55604, episodic_return=0.0
global_step=55612, episodic_return=0.0
SPS: 2535
global_step=55820, episodic_return=0.2889999999999999
global_step=55868, episodic_return=0.0
global_step=56008, episodic_return=0.0
global_step=56016, episodic_return=0.0
global_step=56224, episodic_return=0.0
global_step=56272, episodic_return=0.0
SPS: 2542
global_step=56412, episodic_return=0.0
global_step=56420, episodic_return=0.0
global_step=56628, episodic_return=0.0
global_step=56676, episodic_return=0.0
global_step=56816, episodic_return=0.0
global_step=56824, episodic_return=0.0
SPS: 2548
global_step=57032, episodic_return=0.0
global_step=57080, episodic_return=0.0
global_step=57220, episodic_return=0.0
global_step=57228, episodic_return=0.0
global_step=57324, episodic_return=0.45999999999999996
SPS: 2555
global_step=57436, episodic_return=0.0
global_step=57624, episodic_return=0.0
global_step=57632, episodic_return=0.0
global_step=57728, episodic_return=0.0
global_step=57840, episodic_return=0.0
SPS: 2563
global_step=58028, episodic_return=0.0
global_step=58036, episodic_return=0.0
global_step=58132, episodic_return=0.0
global_step=58244, episodic_return=0.0
SPS: 2570
global_step=58432, episodic_return=0.0
global_step=58440, episodic_return=0.0
global_step=58536, episodic_return=0.0
global_step=58648, episodic_return=0.0
global_step=58836, episodic_return=0.0
global_step=58844, episodic_return=0.0
SPS: 2576
global_step=58940, episodic_return=0.0
global_step=59052, episodic_return=0.0
global_step=59240, episodic_return=0.0
global_step=59248, episodic_return=0.0
global_step=59344, episodic_return=0.0
SPS: 2582
global_step=59456, episodic_return=0.0
global_step=59644, episodic_return=0.0
global_step=59652, episodic_return=0.0
global_step=59748, episodic_return=0.0
global_step=59860, episodic_return=0.0
SPS: 2589
global_step=60048, episodic_return=0.0
global_step=60056, episodic_return=0.0
global_step=60152, episodic_return=0.0
global_step=60164, episodic_return=0.982
global_step=60264, episodic_return=0.0
SPS: 2596
global_step=60452, episodic_return=0.0
global_step=60460, episodic_return=0.0
global_step=60568, episodic_return=0.0
global_step=60668, episodic_return=0.0
global_step=60856, episodic_return=0.0
global_step=60864, episodic_return=0.0
SPS: 2602
global_step=60972, episodic_return=0.0
global_step=61072, episodic_return=0.0
global_step=61260, episodic_return=0.0
global_step=61268, episodic_return=0.0
global_step=61376, episodic_return=0.0
SPS: 2608
global_step=61476, episodic_return=0.0
global_step=61664, episodic_return=0.0
global_step=61672, episodic_return=0.0
global_step=61780, episodic_return=0.0
global_step=61880, episodic_return=0.0
SPS: 2615
global_step=62068, episodic_return=0.0
global_step=62076, episodic_return=0.0
global_step=62184, episodic_return=0.0
global_step=62232, episodic_return=0.901
global_step=62284, episodic_return=0.0
SPS: 2621
global_step=62472, episodic_return=0.0
global_step=62480, episodic_return=0.0
global_step=62636, episodic_return=0.0
global_step=62648, episodic_return=0.631
global_step=62688, episodic_return=0.0
global_step=62728, episodic_return=0.919
global_step=62732, episodic_return=0.82
global_step=62876, episodic_return=0.0
SPS: 2627
global_step=63040, episodic_return=0.0
global_step=63132, episodic_return=0.0
global_step=63136, episodic_return=0.0
global_step=63252, episodic_return=0.16299999999999992
global_step=63444, episodic_return=0.0
SPS: 2632
global_step=63536, episodic_return=0.0
global_step=63540, episodic_return=0.0
global_step=63596, episodic_return=0.874
global_step=63644, episodic_return=0.775
global_step=63656, episodic_return=0.0
global_step=63848, episodic_return=0.0
global_step=64000, episodic_return=0.0
SPS: 2638
global_step=64048, episodic_return=0.0
global_step=64060, episodic_return=0.0
global_step=64160, episodic_return=0.757
global_step=64252, episodic_return=0.0
global_step=64404, episodic_return=0.0
global_step=64464, episodic_return=0.0
SPS: 2644
global_step=64564, episodic_return=0.0
global_step=64648, episodic_return=0.45999999999999996
global_step=64656, episodic_return=0.0
global_step=64868, episodic_return=0.0
global_step=64968, episodic_return=0.0
SPS: 2650
global_step=65052, episodic_return=0.0
global_step=65060, episodic_return=0.0
global_step=65272, episodic_return=0.0
global_step=65348, episodic_return=0.838
global_step=65372, episodic_return=0.0
global_step=65456, episodic_return=0.0
global_step=65464, episodic_return=0.0
SPS: 2655
global_step=65752, episodic_return=0.0
global_step=65776, episodic_return=0.0
global_step=65860, episodic_return=0.0
global_step=65868, episodic_return=0.0
global_step=65900, episodic_return=0.9369999999999999
SPS: 2661
global_step=66156, episodic_return=0.0
global_step=66180, episodic_return=0.0
global_step=66264, episodic_return=0.0
global_step=66304, episodic_return=0.0
global_step=66560, episodic_return=0.0
SPS: 2666
global_step=66584, episodic_return=0.0
global_step=66668, episodic_return=0.0
global_step=66708, episodic_return=0.0
global_step=66964, episodic_return=0.0
global_step=66988, episodic_return=0.0
global_step=67072, episodic_return=0.0
SPS: 2672
global_step=67112, episodic_return=0.0
global_step=67368, episodic_return=0.0
global_step=67392, episodic_return=0.0
global_step=67476, episodic_return=0.0
global_step=67516, episodic_return=0.0
SPS: 2677
global_step=67772, episodic_return=0.0
global_step=67796, episodic_return=0.0
global_step=67880, episodic_return=0.0
global_step=67920, episodic_return=0.0
SPS: 2682
global_step=68176, episodic_return=0.0
global_step=68200, episodic_return=0.0
global_step=68284, episodic_return=0.0
global_step=68324, episodic_return=0.0
global_step=68580, episodic_return=0.0
global_step=68604, episodic_return=0.0
SPS: 2688
global_step=68688, episodic_return=0.0
global_step=68728, episodic_return=0.0
global_step=68984, episodic_return=0.0
global_step=69008, episodic_return=0.0
global_step=69088, episodic_return=0.10899999999999999
SPS: 2693
global_step=69132, episodic_return=0.0
global_step=69168, episodic_return=0.595
global_step=69412, episodic_return=0.0
global_step=69492, episodic_return=0.0
global_step=69536, episodic_return=0.0
global_step=69572, episodic_return=0.0
SPS: 2695
global_step=69816, episodic_return=0.0
global_step=69896, episodic_return=0.0
global_step=69940, episodic_return=0.0
global_step=69976, episodic_return=0.0
global_step=70112, episodic_return=0.703
SPS: 2700
global_step=70220, episodic_return=0.0
global_step=70300, episodic_return=0.0
global_step=70344, episodic_return=0.0
global_step=70516, episodic_return=0.0
global_step=70624, episodic_return=0.0
SPS: 2704
global_step=70704, episodic_return=0.0
global_step=70748, episodic_return=0.0
global_step=70920, episodic_return=0.0
global_step=71028, episodic_return=0.0
global_step=71072, episodic_return=0.667
global_step=71108, episodic_return=0.0
global_step=71152, episodic_return=0.0
SPS: 2709
global_step=71424, episodic_return=0.3969999999999999
global_step=71432, episodic_return=0.0
global_step=71440, episodic_return=0.973
global_step=71456, episodic_return=0.14500000000000002
global_step=71512, episodic_return=0.0
global_step=71588, episodic_return=0.6579999999999999
SPS: 2714
global_step=71844, episodic_return=0.0
global_step=71860, episodic_return=0.0
global_step=71896, episodic_return=0.9279999999999999
global_step=71916, episodic_return=0.0
global_step=71992, episodic_return=0.0
SPS: 2719
global_step=72248, episodic_return=0.0
global_step=72260, episodic_return=0.4059999999999999
global_step=72300, episodic_return=0.0
global_step=72320, episodic_return=0.0
global_step=72344, episodic_return=0.955
global_step=72652, episodic_return=0.0
global_step=72664, episodic_return=0.0
global_step=72704, episodic_return=0.0
SPS: 2723
global_step=72748, episodic_return=0.0
global_step=72808, episodic_return=0.775
global_step=73056, episodic_return=0.0
global_step=73068, episodic_return=0.0
global_step=73152, episodic_return=0.0
global_step=73212, episodic_return=0.0
SPS: 2728
global_step=73460, episodic_return=0.0
global_step=73472, episodic_return=0.0
global_step=73556, episodic_return=0.0
global_step=73608, episodic_return=0.118
SPS: 2733
global_step=73864, episodic_return=0.0
global_step=73876, episodic_return=0.0
global_step=73960, episodic_return=0.0
global_step=74012, episodic_return=0.0
global_step=74112, episodic_return=0.667
SPS: 2738
global_step=74268, episodic_return=0.0
global_step=74280, episodic_return=0.0
global_step=74416, episodic_return=0.0
global_step=74516, episodic_return=0.0
global_step=74584, episodic_return=0.32499999999999996
global_step=74672, episodic_return=0.0
global_step=74676, episodic_return=0.802
SPS: 2743
global_step=74820, episodic_return=0.0
global_step=74920, episodic_return=0.0
global_step=75076, episodic_return=0.0
global_step=75080, episodic_return=0.0
global_step=75224, episodic_return=0.0
SPS: 2748
global_step=75324, episodic_return=0.0
global_step=75480, episodic_return=0.0
global_step=75484, episodic_return=0.0
global_step=75628, episodic_return=0.0
global_step=75728, episodic_return=0.0
SPS: 2752
global_step=75884, episodic_return=0.0
global_step=75888, episodic_return=0.0
global_step=76032, episodic_return=0.0
global_step=76132, episodic_return=0.0
global_step=76288, episodic_return=0.0
SPS: 2757
global_step=76292, episodic_return=0.0
global_step=76436, episodic_return=0.0
global_step=76536, episodic_return=0.0
global_step=76692, episodic_return=0.0
global_step=76696, episodic_return=0.0
SPS: 2761
global_step=76840, episodic_return=0.0
global_step=76940, episodic_return=0.0
global_step=77096, episodic_return=0.0
global_step=77100, episodic_return=0.0
global_step=77244, episodic_return=0.0
SPS: 2766
global_step=77344, episodic_return=0.0
global_step=77500, episodic_return=0.0
global_step=77504, episodic_return=0.0
global_step=77648, episodic_return=0.0
global_step=77748, episodic_return=0.0
SPS: 2770
global_step=77904, episodic_return=0.0
global_step=77908, episodic_return=0.0
global_step=78052, episodic_return=0.0
global_step=78152, episodic_return=0.0
global_step=78308, episodic_return=0.0
global_step=78312, episodic_return=0.0
SPS: 2775
global_step=78456, episodic_return=0.0
global_step=78556, episodic_return=0.0
global_step=78712, episodic_return=0.0
global_step=78716, episodic_return=0.0
global_step=78740, episodic_return=0.955
global_step=78824, episodic_return=0.18099999999999994
SPS: 2779
global_step=78960, episodic_return=0.0
global_step=79116, episodic_return=0.0
global_step=79144, episodic_return=0.0
global_step=79228, episodic_return=0.0
SPS: 2783
global_step=79364, episodic_return=0.0
global_step=79520, episodic_return=0.0
global_step=79548, episodic_return=0.0
global_step=79632, episodic_return=0.0
global_step=79768, episodic_return=0.0
SPS: 2788
global_step=79924, episodic_return=0.0
global_step=79952, episodic_return=0.0
global_step=80036, episodic_return=0.0
global_step=80172, episodic_return=0.0
global_step=80328, episodic_return=0.0
global_step=80356, episodic_return=0.0
SPS: 2792
global_step=80440, episodic_return=0.0
global_step=80556, episodic_return=0.4959999999999999
global_step=80576, episodic_return=0.0
global_step=80760, episodic_return=0.0
global_step=80844, episodic_return=0.0
SPS: 2796
global_step=80936, episodic_return=0.15400000000000003
global_step=80980, episodic_return=0.0
global_step=81164, episodic_return=0.0
global_step=81248, episodic_return=0.0
global_step=81340, episodic_return=0.0
global_step=81384, episodic_return=0.0
SPS: 2800
global_step=81568, episodic_return=0.0
global_step=81652, episodic_return=0.0
global_step=81744, episodic_return=0.0
global_step=81788, episodic_return=0.0
SPS: 2804
global_step=81972, episodic_return=0.0
global_step=82056, episodic_return=0.0
global_step=82064, episodic_return=0.3879999999999999
global_step=82148, episodic_return=0.0
global_step=82376, episodic_return=0.0
SPS: 2809
global_step=82460, episodic_return=0.0
global_step=82468, episodic_return=0.0
global_step=82552, episodic_return=0.0
global_step=82780, episodic_return=0.0
global_step=82864, episodic_return=0.0
global_step=82872, episodic_return=0.0
SPS: 2813
global_step=82956, episodic_return=0.0
global_step=83184, episodic_return=0.0
global_step=83268, episodic_return=0.0
global_step=83276, episodic_return=0.0
global_step=83360, episodic_return=0.0
SPS: 2817
global_step=83496, episodic_return=0.514
global_step=83588, episodic_return=0.0
global_step=83672, episodic_return=0.0
global_step=83764, episodic_return=0.0
global_step=83900, episodic_return=0.0
SPS: 2821
global_step=83992, episodic_return=0.0
global_step=84076, episodic_return=0.0
global_step=84168, episodic_return=0.0
global_step=84304, episodic_return=0.0
global_step=84396, episodic_return=0.0
global_step=84480, episodic_return=0.0
SPS: 2824
global_step=84572, episodic_return=0.0
global_step=84588, episodic_return=0.973
global_step=84624, episodic_return=0.685
global_step=84708, episodic_return=0.0
global_step=84800, episodic_return=0.0
global_step=84992, episodic_return=0.0
SPS: 2828
global_step=85028, episodic_return=0.0
global_step=85112, episodic_return=0.0
global_step=85204, episodic_return=0.0
global_step=85396, episodic_return=0.0
global_step=85432, episodic_return=0.0
SPS: 2832
global_step=85516, episodic_return=0.0
global_step=85608, episodic_return=0.0
global_step=85744, episodic_return=0.4959999999999999
global_step=85800, episodic_return=0.0
global_step=85836, episodic_return=0.0
global_step=86012, episodic_return=0.0
SPS: 2835
global_step=86148, episodic_return=0.0
global_step=86164, episodic_return=0.2709999999999999
global_step=86204, episodic_return=0.0
global_step=86348, episodic_return=0.5589999999999999
global_step=86416, episodic_return=0.0
SPS: 2839
global_step=86568, episodic_return=0.0
global_step=86608, episodic_return=0.0
global_step=86752, episodic_return=0.0
global_step=86820, episodic_return=0.0
global_step=86912, episodic_return=0.235
global_step=87012, episodic_return=0.0
SPS: 2843
global_step=87156, episodic_return=0.0
global_step=87224, episodic_return=0.0
global_step=87316, episodic_return=0.0
global_step=87416, episodic_return=0.0
global_step=87472, episodic_return=0.6579999999999999
SPS: 2846
global_step=87560, episodic_return=0.0
global_step=87628, episodic_return=0.0
global_step=87820, episodic_return=0.0
global_step=87876, episodic_return=0.0
global_step=87964, episodic_return=0.0
global_step=88032, episodic_return=0.0
SPS: 2849
global_step=88224, episodic_return=0.0
global_step=88280, episodic_return=0.0
global_step=88368, episodic_return=0.0
global_step=88436, episodic_return=0.0
SPS: 2852
global_step=88628, episodic_return=0.0
global_step=88684, episodic_return=0.0
global_step=88772, episodic_return=0.0
global_step=88840, episodic_return=0.0
global_step=89032, episodic_return=0.0
global_step=89088, episodic_return=0.0
SPS: 2856
global_step=89176, episodic_return=0.0
global_step=89244, episodic_return=0.0
global_step=89428, episodic_return=0.118
global_step=89492, episodic_return=0.0
global_step=89580, episodic_return=0.0
SPS: 2860
global_step=89648, episodic_return=0.0
global_step=89832, episodic_return=0.0
global_step=89896, episodic_return=0.0
global_step=89984, episodic_return=0.0
global_step=90052, episodic_return=0.0
SPS: 2863
global_step=90236, episodic_return=0.0
global_step=90300, episodic_return=0.0
global_step=90388, episodic_return=0.0
global_step=90456, episodic_return=0.0
global_step=90560, episodic_return=0.42399999999999993
SPS: 2866
global_step=90640, episodic_return=0.0
global_step=90792, episodic_return=0.0
global_step=90860, episodic_return=0.33399999999999996
global_step=90860, episodic_return=0.0
global_step=90892, episodic_return=0.9369999999999999
global_step=91044, episodic_return=0.0
SPS: 2870
global_step=91196, episodic_return=0.0
global_step=91264, episodic_return=0.0
global_step=91296, episodic_return=0.0
global_step=91448, episodic_return=0.0
global_step=91600, episodic_return=0.0
SPS: 2873
global_step=91668, episodic_return=0.0
global_step=91700, episodic_return=0.0
global_step=91852, episodic_return=0.0
global_step=92004, episodic_return=0.0
global_step=92072, episodic_return=0.0
global_step=92104, episodic_return=0.0
SPS: 2877
global_step=92256, episodic_return=0.0
global_step=92408, episodic_return=0.0
global_step=92476, episodic_return=0.0
global_step=92508, episodic_return=0.0
global_step=92660, episodic_return=0.0
SPS: 2880
global_step=92812, episodic_return=0.0
global_step=92880, episodic_return=0.0
global_step=92912, episodic_return=0.0
global_step=93064, episodic_return=0.0
SPS: 2884
global_step=93216, episodic_return=0.0
global_step=93284, episodic_return=0.0
global_step=93316, episodic_return=0.0
global_step=93372, episodic_return=0.31599999999999995
global_step=93620, episodic_return=0.0
global_step=93688, episodic_return=0.0
SPS: 2887
global_step=93720, episodic_return=0.0
global_step=93776, episodic_return=0.0
global_step=93916, episodic_return=0.4959999999999999
global_step=94024, episodic_return=0.0
global_step=94032, episodic_return=0.30699999999999994
global_step=94180, episodic_return=0.0
SPS: 2891
global_step=94320, episodic_return=0.0
global_step=94428, episodic_return=0.0
global_step=94436, episodic_return=0.0
global_step=94444, episodic_return=0.973
global_step=94584, episodic_return=0.0
SPS: 2894
global_step=94724, episodic_return=0.0
global_step=94840, episodic_return=0.0
global_step=94848, episodic_return=0.0
global_step=94988, episodic_return=0.0
global_step=95128, episodic_return=0.0
SPS: 2897
global_step=95244, episodic_return=0.0
global_step=95252, episodic_return=0.0
global_step=95392, episodic_return=0.0
global_step=95532, episodic_return=0.0
global_step=95648, episodic_return=0.0
global_step=95656, episodic_return=0.0
SPS: 2901
global_step=95796, episodic_return=0.0
global_step=95904, episodic_return=0.766
global_step=95936, episodic_return=0.0
global_step=95940, episodic_return=0.352
global_step=96060, episodic_return=0.0
SPS: 2904
global_step=96308, episodic_return=0.0
global_step=96316, episodic_return=0.15400000000000003
global_step=96344, episodic_return=0.0
global_step=96464, episodic_return=0.0
global_step=96632, episodic_return=0.2799999999999999
global_step=96720, episodic_return=0.0
global_step=96748, episodic_return=0.0
SPS: 2906
global_step=96808, episodic_return=0.235
global_step=97028, episodic_return=0.514
global_step=97036, episodic_return=0.0
global_step=97124, episodic_return=0.0
global_step=97152, episodic_return=0.0
SPS: 2909
global_step=97432, episodic_return=0.0
global_step=97440, episodic_return=0.0
global_step=97528, episodic_return=0.0
global_step=97556, episodic_return=0.0
global_step=97760, episodic_return=0.55
SPS: 2912
global_step=97836, episodic_return=0.0
global_step=97844, episodic_return=0.0
global_step=97932, episodic_return=0.0
global_step=98164, episodic_return=0.0
global_step=98240, episodic_return=0.0
global_step=98248, episodic_return=0.0
SPS: 2916
global_step=98336, episodic_return=0.0
global_step=98568, episodic_return=0.0
global_step=98644, episodic_return=0.0
global_step=98652, episodic_return=0.0
global_step=98740, episodic_return=0.0
global_step=98748, episodic_return=0.604
SPS: 2918
global_step=99048, episodic_return=0.0
global_step=99056, episodic_return=0.0
global_step=99144, episodic_return=0.0
global_step=99152, episodic_return=0.0
global_step=99168, episodic_return=0.955
SPS: 2921
global_step=99452, episodic_return=0.0
global_step=99460, episodic_return=0.0
global_step=99556, episodic_return=0.0
global_step=99572, episodic_return=0.0
global_step=99752, episodic_return=0.33399999999999996
SPS: 2924
global_step=99864, episodic_return=0.0
global_step=99960, episodic_return=0.0
global_step=99976, episodic_return=0.0
global_step=100156, episodic_return=0.0
global_step=100268, episodic_return=0.0
SPS: 2927
global_step=100364, episodic_return=0.0
global_step=100380, episodic_return=0.0
global_step=100560, episodic_return=0.0
global_step=100672, episodic_return=0.0
global_step=100768, episodic_return=0.0
global_step=100784, episodic_return=0.0
SPS: 2930
global_step=100904, episodic_return=0.487
global_step=100964, episodic_return=0.0
global_step=101172, episodic_return=0.0
global_step=101188, episodic_return=0.0
global_step=101308, episodic_return=0.0
global_step=101368, episodic_return=0.0
SPS: 2933
global_step=101432, episodic_return=0.42399999999999993
global_step=101592, episodic_return=0.0
global_step=101712, episodic_return=0.0
global_step=101772, episodic_return=0.0
global_step=101836, episodic_return=0.0
SPS: 2936
global_step=101996, episodic_return=0.0
global_step=102116, episodic_return=0.0
global_step=102176, episodic_return=0.0
global_step=102240, episodic_return=0.0
global_step=102400, episodic_return=0.0
SPS: 2938
global_step=102520, episodic_return=0.0
global_step=102580, episodic_return=0.0
global_step=102644, episodic_return=0.0
global_step=102804, episodic_return=0.0
SPS: 2941
global_step=102924, episodic_return=0.0
global_step=102984, episodic_return=0.0
global_step=103048, episodic_return=0.0
global_step=103208, episodic_return=0.0
global_step=103328, episodic_return=0.0
global_step=103388, episodic_return=0.0
SPS: 2944
global_step=103452, episodic_return=0.0
global_step=103472, episodic_return=0.82
global_step=103612, episodic_return=0.0
global_step=103732, episodic_return=0.0
global_step=103840, episodic_return=0.136
global_step=103876, episodic_return=0.0
global_step=103908, episodic_return=0.34299999999999997
global_step=103924, episodic_return=0.577
SPS: 2946
global_step=104244, episodic_return=0.0
global_step=104280, episodic_return=0.0
global_step=104312, episodic_return=0.0
global_step=104328, episodic_return=0.0
SPS: 2949
global_step=104648, episodic_return=0.0
global_step=104684, episodic_return=0.0
global_step=104716, episodic_return=0.0
global_step=104732, episodic_return=0.0
SPS: 2952
global_step=105052, episodic_return=0.0
global_step=105088, episodic_return=0.0
global_step=105120, episodic_return=0.0
global_step=105136, episodic_return=0.0
global_step=105456, episodic_return=0.0
SPS: 2955
global_step=105492, episodic_return=0.0
global_step=105524, episodic_return=0.856
global_step=105524, episodic_return=0.0
global_step=105540, episodic_return=0.0
global_step=105620, episodic_return=0.7929999999999999
global_step=105684, episodic_return=0.649
global_step=105896, episodic_return=0.0
global_step=105944, episodic_return=0.0
SPS: 2953
global_step=106024, episodic_return=0.0
global_step=106088, episodic_return=0.0
global_step=106300, episodic_return=0.0
global_step=106348, episodic_return=0.0
global_step=106428, episodic_return=0.0
global_step=106492, episodic_return=0.0
SPS: 2956
global_step=106704, episodic_return=0.0
global_step=106752, episodic_return=0.0
global_step=106832, episodic_return=0.0
global_step=106896, episodic_return=0.0
SPS: 2958
global_step=107108, episodic_return=0.0
global_step=107156, episodic_return=0.0
global_step=107236, episodic_return=0.0
global_step=107300, episodic_return=0.0
global_step=107456, episodic_return=0.6579999999999999
global_step=107512, episodic_return=0.0
SPS: 2961
global_step=107560, episodic_return=0.0
global_step=107640, episodic_return=0.0
global_step=107860, episodic_return=0.0
global_step=107916, episodic_return=0.0
global_step=107964, episodic_return=0.0
global_step=108000, episodic_return=0.694
SPS: 2963
global_step=108044, episodic_return=0.0
global_step=108152, episodic_return=0.766
global_step=108320, episodic_return=0.0
global_step=108368, episodic_return=0.0
global_step=108404, episodic_return=0.0
SPS: 2965
global_step=108556, episodic_return=0.0
global_step=108652, episodic_return=0.45099999999999996
global_step=108724, episodic_return=0.0
global_step=108772, episodic_return=0.0
global_step=108960, episodic_return=0.0
global_step=109056, episodic_return=0.0
SPS: 2968
global_step=109128, episodic_return=0.0
global_step=109176, episodic_return=0.0
global_step=109364, episodic_return=0.0
global_step=109460, episodic_return=0.0
global_step=109532, episodic_return=0.0
SPS: 2970
global_step=109580, episodic_return=0.0
global_step=109768, episodic_return=0.0
global_step=109864, episodic_return=0.0
global_step=109936, episodic_return=0.0
global_step=109984, episodic_return=0.0
SPS: 2973
global_step=110172, episodic_return=0.0
global_step=110228, episodic_return=0.45999999999999996
global_step=110268, episodic_return=0.0
global_step=110340, episodic_return=0.0
global_step=110576, episodic_return=0.0
global_step=110580, episodic_return=0.469
SPS: 2975
global_step=110632, episodic_return=0.0
global_step=110672, episodic_return=0.0
global_step=110728, episodic_return=0.6759999999999999
global_step=110980, episodic_return=0.0
global_step=111036, episodic_return=0.0
global_step=111076, episodic_return=0.0
SPS: 2977
global_step=111132, episodic_return=0.0
global_step=111384, episodic_return=0.0
global_step=111440, episodic_return=0.0
global_step=111480, episodic_return=0.0
global_step=111536, episodic_return=0.0
global_step=111616, episodic_return=0.829
SPS: 2979
global_step=111768, episodic_return=0.361
global_step=111788, episodic_return=0.0
global_step=111844, episodic_return=0.0
global_step=112020, episodic_return=0.0
SPS: 2982
global_step=112172, episodic_return=0.0
global_step=112192, episodic_return=0.0
global_step=112248, episodic_return=0.0
global_step=112424, episodic_return=0.0
global_step=112576, episodic_return=0.0
global_step=112596, episodic_return=0.0
global_step=112604, episodic_return=0.991
SPS: 2984
global_step=112652, episodic_return=0.0
global_step=112828, episodic_return=0.0
global_step=112916, episodic_return=0.8109999999999999
global_step=112980, episodic_return=0.0
global_step=113008, episodic_return=0.0
global_step=113056, episodic_return=0.0
SPS: 2986
global_step=113320, episodic_return=0.0
global_step=113384, episodic_return=0.0
global_step=113412, episodic_return=0.0
global_step=113460, episodic_return=0.0
SPS: 2989
global_step=113724, episodic_return=0.0
global_step=113788, episodic_return=0.0
global_step=113804, episodic_return=0.127
global_step=113864, episodic_return=0.0
global_step=113908, episodic_return=0.595
SPS: 2992
global_step=114192, episodic_return=0.0
global_step=114208, episodic_return=0.0
global_step=114268, episodic_return=0.0
global_step=114312, episodic_return=0.0
global_step=114596, episodic_return=0.0
global_step=114612, episodic_return=0.0
global_step=114672, episodic_return=0.0
SPS: 2994
global_step=114716, episodic_return=0.0
global_step=115000, episodic_return=0.0
global_step=115016, episodic_return=0.0
global_step=115076, episodic_return=0.0
global_step=115120, episodic_return=0.0
SPS: 2997
global_step=115332, episodic_return=0.29799999999999993
global_step=115404, episodic_return=0.0
global_step=115480, episodic_return=0.0
global_step=115524, episodic_return=0.0
SPS: 2999
global_step=115736, episodic_return=0.0
global_step=115808, episodic_return=0.0
global_step=115884, episodic_return=0.0
global_step=115928, episodic_return=0.0
global_step=115984, episodic_return=0.45099999999999996
global_step=116212, episodic_return=0.0
SPS: 3002
global_step=116264, episodic_return=0.892
global_step=116288, episodic_return=0.0
global_step=116332, episodic_return=0.0
global_step=116388, episodic_return=0.0
global_step=116456, episodic_return=0.631
global_step=116668, episodic_return=0.0
global_step=116736, episodic_return=0.0
SPS: 3004
global_step=116792, episodic_return=0.0
global_step=116844, episodic_return=0.613
global_step=116860, episodic_return=0.0
global_step=117140, episodic_return=0.0
global_step=117196, episodic_return=0.0
global_step=117248, episodic_return=0.0
SPS: 3005
global_step=117264, episodic_return=0.0
global_step=117504, episodic_return=0.469
global_step=117544, episodic_return=0.0
global_step=117600, episodic_return=0.0
global_step=117652, episodic_return=0.0
SPS: 3006
global_step=117908, episodic_return=0.0
global_step=117948, episodic_return=0.0
global_step=118004, episodic_return=0.0
global_step=118056, episodic_return=0.0
SPS: 3009
global_step=118312, episodic_return=0.0
global_step=118352, episodic_return=0.0
global_step=118408, episodic_return=0.0
global_step=118460, episodic_return=0.0
global_step=118684, episodic_return=0.17199999999999993
global_step=118756, episodic_return=0.0
SPS: 3010
global_step=118812, episodic_return=0.0
global_step=118864, episodic_return=0.0
global_step=118872, episodic_return=0.991
global_step=119088, episodic_return=0.0
global_step=119160, episodic_return=0.0
global_step=119184, episodic_return=0.955
global_step=119216, episodic_return=0.0
global_step=119276, episodic_return=0.09999999999999998
SPS: 3012
global_step=119492, episodic_return=0.0
global_step=119588, episodic_return=0.0
global_step=119620, episodic_return=0.0
global_step=119680, episodic_return=0.0
SPS: 3014
global_step=119896, episodic_return=0.0
global_step=119984, episodic_return=0.8109999999999999
global_step=119992, episodic_return=0.0
global_step=120024, episodic_return=0.0
global_step=120084, episodic_return=0.0
SPS: 3016
global_step=120388, episodic_return=0.0
global_step=120396, episodic_return=0.0
global_step=120428, episodic_return=0.0
global_step=120488, episodic_return=0.0
global_step=120792, episodic_return=0.18999999999999995
global_step=120792, episodic_return=0.0
global_step=120800, episodic_return=0.0
SPS: 3018
global_step=120892, episodic_return=0.0
global_step=121076, episodic_return=0.595
global_step=121196, episodic_return=0.0
global_step=121196, episodic_return=0.0
global_step=121204, episodic_return=0.0
SPS: 3020
global_step=121480, episodic_return=0.0
global_step=121600, episodic_return=0.0
global_step=121600, episodic_return=0.0
global_step=121608, episodic_return=0.0
global_step=121752, episodic_return=0.685
SPS: 3022
global_step=121884, episodic_return=0.0
global_step=122004, episodic_return=0.0
global_step=122004, episodic_return=0.0
global_step=122156, episodic_return=0.0
global_step=122288, episodic_return=0.0
global_step=122292, episodic_return=0.703
SPS: 3024
global_step=122408, episodic_return=0.0
global_step=122408, episodic_return=0.0
global_step=122692, episodic_return=0.0
global_step=122696, episodic_return=0.0
global_step=122812, episodic_return=0.0
global_step=122812, episodic_return=0.0
SPS: 3026
global_step=122900, episodic_return=0.8109999999999999
global_step=123096, episodic_return=0.0
global_step=123100, episodic_return=0.0
global_step=123216, episodic_return=0.0
global_step=123304, episodic_return=0.0
SPS: 3028
global_step=123500, episodic_return=0.0
global_step=123504, episodic_return=0.0
global_step=123620, episodic_return=0.0
global_step=123708, episodic_return=0.0
global_step=123760, episodic_return=0.892
global_step=123836, episodic_return=0.5229999999999999
global_step=123904, episodic_return=0.0
SPS: 3028
global_step=123908, episodic_return=0.0
global_step=124164, episodic_return=0.0
global_step=124240, episodic_return=0.0
global_step=124308, episodic_return=0.0
global_step=124312, episodic_return=0.0
SPS: 3030
global_step=124568, episodic_return=0.0
global_step=124644, episodic_return=0.0
global_step=124712, episodic_return=0.0
global_step=124716, episodic_return=0.0
SPS: 3032
global_step=124972, episodic_return=0.0
global_step=125048, episodic_return=0.0
global_step=125116, episodic_return=0.0
global_step=125120, episodic_return=0.0
global_step=125232, episodic_return=0.748
global_step=125328, episodic_return=0.7929999999999999
global_step=125376, episodic_return=0.0
SPS: 3034
global_step=125452, episodic_return=0.0
global_step=125524, episodic_return=0.0
global_step=125548, episodic_return=0.955
global_step=125596, episodic_return=0.685
global_step=125732, episodic_return=0.0
global_step=125780, episodic_return=0.0
global_step=125952, episodic_return=0.0
SPS: 3036
global_step=126000, episodic_return=0.0
global_step=126136, episodic_return=0.20799999999999996
global_step=126136, episodic_return=0.0
global_step=126212, episodic_return=0.838
global_step=126356, episodic_return=0.0
global_step=126404, episodic_return=0.0
SPS: 3038
global_step=126540, episodic_return=0.0
global_step=126616, episodic_return=0.0
global_step=126760, episodic_return=0.0
global_step=126808, episodic_return=0.0
global_step=126944, episodic_return=0.595
global_step=126944, episodic_return=0.0
SPS: 3040
global_step=127020, episodic_return=0.0
global_step=127212, episodic_return=0.0
global_step=127344, episodic_return=0.10899999999999999
global_step=127348, episodic_return=0.0
global_step=127424, episodic_return=0.0
SPS: 3040
global_step=127616, episodic_return=0.0
global_step=127748, episodic_return=0.0
global_step=127752, episodic_return=0.0
global_step=127776, episodic_return=0.649
global_step=127828, episodic_return=0.0
SPS: 3042
global_step=128152, episodic_return=0.0
global_step=128156, episodic_return=0.0
global_step=128180, episodic_return=0.0
global_step=128232, episodic_return=0.0
SPS: 3044
global_step=128556, episodic_return=0.0
global_step=128560, episodic_return=0.0
global_step=128584, episodic_return=0.0
global_step=128636, episodic_return=0.838
global_step=128636, episodic_return=0.0
global_step=128664, episodic_return=0.829
global_step=128684, episodic_return=0.901
global_step=128896, episodic_return=0.42399999999999993
global_step=128960, episodic_return=0.0
SPS: 3046
global_step=129068, episodic_return=0.0
global_step=129088, episodic_return=0.0
global_step=129300, episodic_return=0.0
global_step=129304, episodic_return=0.235
global_step=129472, episodic_return=0.0
global_step=129492, episodic_return=0.0
SPS: 3048
global_step=129692, episodic_return=0.127
global_step=129708, episodic_return=0.0
global_step=129876, episodic_return=0.0
global_step=129896, episodic_return=0.0
SPS: 3050
global_step=130096, episodic_return=0.0
global_step=130112, episodic_return=0.0
global_step=130236, episodic_return=0.694
global_step=130280, episodic_return=0.0
global_step=130300, episodic_return=0.0
global_step=130516, episodic_return=0.0
SPS: 3051
global_step=130640, episodic_return=0.0
global_step=130684, episodic_return=0.0
global_step=130704, episodic_return=0.0
global_step=130764, episodic_return=0.45099999999999996
global_step=131044, episodic_return=0.0
SPS: 3053
global_step=131088, episodic_return=0.09999999999999998
global_step=131108, episodic_return=0.0
global_step=131168, episodic_return=0.0
global_step=131388, episodic_return=0.235
global_step=131492, episodic_return=0.0
global_step=131512, episodic_return=0.0
global_step=131572, episodic_return=0.0
SPS: 3055
global_step=131792, episodic_return=0.0
global_step=131896, episodic_return=0.0
global_step=131916, episodic_return=0.0
global_step=131944, episodic_return=0.667
global_step=131976, episodic_return=0.0
SPS: 3057
global_step=132300, episodic_return=0.0
global_step=132320, episodic_return=0.0
global_step=132348, episodic_return=0.0
global_step=132380, episodic_return=0.0
SPS: 3059
global_step=132704, episodic_return=0.0
global_step=132724, episodic_return=0.0
global_step=132752, episodic_return=0.0
global_step=132784, episodic_return=0.0
global_step=133108, episodic_return=0.0
SPS: 3061
global_step=133128, episodic_return=0.0
global_step=133156, episodic_return=0.0
global_step=133188, episodic_return=0.0
global_step=133284, episodic_return=0.613
global_step=133532, episodic_return=0.0
global_step=133560, episodic_return=0.0
global_step=133592, episodic_return=0.0
SPS: 3062
global_step=133688, episodic_return=0.0
global_step=133936, episodic_return=0.0
global_step=133960, episodic_return=0.3969999999999999
global_step=133964, episodic_return=0.0
global_step=133996, episodic_return=0.0
SPS: 3064
global_step=134340, episodic_return=0.0
global_step=134364, episodic_return=0.0
global_step=134368, episodic_return=0.0
global_step=134400, episodic_return=0.0
SPS: 3066
global_step=134744, episodic_return=0.0
global_step=134768, episodic_return=0.0
global_step=134772, episodic_return=0.0
global_step=134804, episodic_return=0.0
global_step=135148, episodic_return=0.0
SPS: 3068
global_step=135172, episodic_return=0.0
global_step=135176, episodic_return=0.0
global_step=135208, episodic_return=0.0
global_step=135552, episodic_return=0.0
global_step=135576, episodic_return=0.0
global_step=135580, episodic_return=0.0
global_step=135604, episodic_return=0.955
global_step=135612, episodic_return=0.0
SPS: 3070
global_step=135956, episodic_return=0.0
global_step=135980, episodic_return=0.0
global_step=136008, episodic_return=0.0
global_step=136016, episodic_return=0.0
SPS: 3072
global_step=136196, episodic_return=0.586
global_step=136360, episodic_return=0.0
global_step=136384, episodic_return=0.0
global_step=136420, episodic_return=0.0
global_step=136600, episodic_return=0.0
global_step=136600, episodic_return=0.5229999999999999
SPS: 3073
global_step=136764, episodic_return=0.0
global_step=136824, episodic_return=0.0
global_step=136960, episodic_return=0.5680000000000001
global_step=137004, episodic_return=0.0
global_step=137004, episodic_return=0.0
global_step=137060, episodic_return=0.883
SPS: 3075
global_step=137228, episodic_return=0.0
global_step=137364, episodic_return=0.0
global_step=137408, episodic_return=0.0
global_step=137464, episodic_return=0.0
global_step=137632, episodic_return=0.0
global_step=137684, episodic_return=0.2889999999999999
global_step=137704, episodic_return=0.469
SPS: 3076
global_step=137812, episodic_return=0.0
global_step=137812, episodic_return=0.721
global_step=138036, episodic_return=0.0
global_step=138108, episodic_return=0.0
global_step=138148, episodic_return=0.253
global_step=138216, episodic_return=0.0
SPS: 3078
global_step=138440, episodic_return=0.0
global_step=138512, episodic_return=0.0
global_step=138552, episodic_return=0.0
global_step=138620, episodic_return=0.0
SPS: 3080
global_step=138816, episodic_return=0.32499999999999996
global_step=138844, episodic_return=0.0
global_step=138956, episodic_return=0.0
global_step=139024, episodic_return=0.0
global_step=139068, episodic_return=0.91
global_step=139220, episodic_return=0.0
global_step=139248, episodic_return=0.0
SPS: 3081
global_step=139360, episodic_return=0.0
global_step=139424, episodic_return=0.55
global_step=139472, episodic_return=0.0
global_step=139652, episodic_return=0.0
global_step=139764, episodic_return=0.0
SPS: 3083
global_step=139828, episodic_return=0.0
global_step=139840, episodic_return=0.982
global_step=139876, episodic_return=0.0
global_step=140056, episodic_return=0.0
global_step=140168, episodic_return=0.0
global_step=140244, episodic_return=0.0
global_step=140280, episodic_return=0.0
SPS: 3085
global_step=140460, episodic_return=0.0
global_step=140572, episodic_return=0.0
global_step=140648, episodic_return=0.0
global_step=140684, episodic_return=0.0
SPS: 3086
global_step=140864, episodic_return=0.0
global_step=140976, episodic_return=0.0
global_step=141052, episodic_return=0.0
global_step=141088, episodic_return=0.0
global_step=141268, episodic_return=0.0
SPS: 3088
global_step=141380, episodic_return=0.0
global_step=141424, episodic_return=0.17199999999999993
global_step=141492, episodic_return=0.0
global_step=141672, episodic_return=0.0
global_step=141784, episodic_return=0.0
SPS: 3090
global_step=141828, episodic_return=0.0
global_step=141896, episodic_return=0.0
global_step=142076, episodic_return=0.0
global_step=142188, episodic_return=0.0
global_step=142232, episodic_return=0.0
global_step=142300, episodic_return=0.0
SPS: 3089
global_step=142480, episodic_return=0.0
global_step=142544, episodic_return=0.45999999999999996
global_step=142592, episodic_return=0.0
global_step=142636, episodic_return=0.0
global_step=142644, episodic_return=0.991
SPS: 3090
global_step=142884, episodic_return=0.0
global_step=142948, episodic_return=0.0
global_step=142996, episodic_return=0.0
global_step=143048, episodic_return=0.0
global_step=143136, episodic_return=0.694
global_step=143288, episodic_return=0.0
global_step=143352, episodic_return=0.0
SPS: 3092
global_step=143452, episodic_return=0.0
global_step=143508, episodic_return=0.514
global_step=143540, episodic_return=0.0
global_step=143756, episodic_return=0.0
global_step=143856, episodic_return=0.0
SPS: 3093
global_step=143900, episodic_return=0.19899999999999995
global_step=143900, episodic_return=0.91
global_step=143912, episodic_return=0.0
global_step=144160, episodic_return=0.0
global_step=144304, episodic_return=0.0
global_step=144304, episodic_return=0.0
global_step=144316, episodic_return=0.0
SPS: 3095
global_step=144564, episodic_return=0.0
global_step=144708, episodic_return=0.0
global_step=144708, episodic_return=0.0
global_step=144720, episodic_return=0.0
SPS: 3097
global_step=144968, episodic_return=0.0
global_step=145112, episodic_return=0.0
global_step=145112, episodic_return=0.0
global_step=145124, episodic_return=0.0
global_step=145236, episodic_return=0.73
global_step=145372, episodic_return=0.0
SPS: 3098
global_step=145516, episodic_return=0.0
global_step=145528, episodic_return=0.0
global_step=145640, episodic_return=0.0
global_step=145776, episodic_return=0.0
global_step=145920, episodic_return=0.0
SPS: 3100
global_step=145932, episodic_return=0.0
global_step=146044, episodic_return=0.0
global_step=146116, episodic_return=0.5680000000000001
global_step=146180, episodic_return=0.0
global_step=146336, episodic_return=0.0
SPS: 3101
global_step=146448, episodic_return=0.0
global_step=146520, episodic_return=0.0
global_step=146584, episodic_return=0.0
global_step=146592, episodic_return=0.685
global_step=146740, episodic_return=0.0
global_step=146912, episodic_return=0.127
SPS: 3102
global_step=146988, episodic_return=0.0
global_step=146996, episodic_return=0.0
global_step=147144, episodic_return=0.0
global_step=147316, episodic_return=0.0
global_step=147392, episodic_return=0.0
global_step=147400, episodic_return=0.0
SPS: 3104
global_step=147548, episodic_return=0.0
global_step=147720, episodic_return=0.0
global_step=147796, episodic_return=0.0
global_step=147804, episodic_return=0.0
global_step=147892, episodic_return=0.235
SPS: 3105
global_step=148124, episodic_return=0.0
global_step=148200, episodic_return=0.0
global_step=148208, episodic_return=0.0
global_step=148296, episodic_return=0.0
SPS: 3106
global_step=148524, episodic_return=0.2799999999999999
global_step=148528, episodic_return=0.0
global_step=148612, episodic_return=0.0
global_step=148676, episodic_return=0.667
global_step=148700, episodic_return=0.0
global_step=148932, episodic_return=0.0
SPS: 3108
global_step=149016, episodic_return=0.0
global_step=149080, episodic_return=0.0
global_step=149104, episodic_return=0.0
global_step=149336, episodic_return=0.0
global_step=149420, episodic_return=0.0
global_step=149484, episodic_return=0.0
SPS: 3109
global_step=149508, episodic_return=0.0
global_step=149532, episodic_return=0.757
global_step=149644, episodic_return=0.649
global_step=149740, episodic_return=0.0
global_step=149888, episodic_return=0.20799999999999996
global_step=149912, episodic_return=0.0
SPS: 3110
global_step=150048, episodic_return=0.0
global_step=150144, episodic_return=0.0
global_step=150292, episodic_return=0.0
global_step=150308, episodic_return=0.118
global_step=150452, episodic_return=0.0
SPS: 3112
global_step=150548, episodic_return=0.0
global_step=150696, episodic_return=0.0
global_step=150712, episodic_return=0.0
global_step=150856, episodic_return=0.0
global_step=150936, episodic_return=0.136
SPS: 3113
global_step=151100, episodic_return=0.0
global_step=151116, episodic_return=0.0
global_step=151260, episodic_return=0.0
global_step=151332, episodic_return=0.118
global_step=151380, episodic_return=0.4149999999999999
global_step=151504, episodic_return=0.0
SPS: 3114
global_step=151560, episodic_return=0.604
global_step=151628, episodic_return=0.18099999999999994
global_step=151736, episodic_return=0.0
global_step=151908, episodic_return=0.0
global_step=151924, episodic_return=0.973
global_step=151964, episodic_return=0.0
global_step=152024, episodic_return=0.784
global_step=152032, episodic_return=0.0
global_step=152040, episodic_return=0.838
SPS: 3115
global_step=152140, episodic_return=0.0
global_step=152304, episodic_return=0.4149999999999999
global_step=152428, episodic_return=0.0
global_step=152436, episodic_return=0.0
global_step=152544, episodic_return=0.0
SPS: 3116
global_step=152708, episodic_return=0.0
global_step=152832, episodic_return=0.0
global_step=152840, episodic_return=0.0
global_step=152904, episodic_return=0.865
global_step=152948, episodic_return=0.0
SPS: 3117
global_step=153112, episodic_return=0.0
global_step=153236, episodic_return=0.0
global_step=153308, episodic_return=0.0
global_step=153352, episodic_return=0.0
global_step=153408, episodic_return=0.784
global_step=153516, episodic_return=0.0
SPS: 3118
global_step=153640, episodic_return=0.0
global_step=153756, episodic_return=0.0
global_step=153812, episodic_return=0.0
global_step=153920, episodic_return=0.0
global_step=153972, episodic_return=0.5229999999999999
global_step=154044, episodic_return=0.0
SPS: 3119
global_step=154216, episodic_return=0.0
global_step=154324, episodic_return=0.0
global_step=154376, episodic_return=0.0
global_step=154380, episodic_return=0.253
global_step=154620, episodic_return=0.0
SPS: 3121
global_step=154728, episodic_return=0.0
global_step=154756, episodic_return=0.15400000000000003
global_step=154784, episodic_return=0.0
global_step=155024, episodic_return=0.0
global_step=155132, episodic_return=0.0
SPS: 3122
global_step=155160, episodic_return=0.0
global_step=155188, episodic_return=0.0
global_step=155248, episodic_return=0.874
global_step=155428, episodic_return=0.0
global_step=155520, episodic_return=0.3969999999999999
global_step=155536, episodic_return=0.0
global_step=155564, episodic_return=0.0
SPS: 3123
global_step=155832, episodic_return=0.0
global_step=155884, episodic_return=0.892
global_step=155924, episodic_return=0.0
global_step=155940, episodic_return=0.0
global_step=155968, episodic_return=0.0
global_step=155984, episodic_return=0.973
SPS: 3124
global_step=156256, episodic_return=0.29799999999999993
global_step=156288, episodic_return=0.0
global_step=156304, episodic_return=0.901
global_step=156328, episodic_return=0.0
global_step=156388, episodic_return=0.0
global_step=156468, episodic_return=0.6399999999999999
global_step=156660, episodic_return=0.3969999999999999
SPS: 3125
global_step=156692, episodic_return=0.0
global_step=156732, episodic_return=0.0
global_step=156872, episodic_return=0.0
global_step=157064, episodic_return=0.0
global_step=157096, episodic_return=0.0
global_step=157136, episodic_return=0.0
global_step=157152, episodic_return=0.8109999999999999
SPS: 3126
global_step=157276, episodic_return=0.0
global_step=157500, episodic_return=0.0
global_step=157540, episodic_return=0.0
global_step=157556, episodic_return=0.0
global_step=157568, episodic_return=0.352
SPS: 3127
global_step=157744, episodic_return=0.55
global_step=157904, episodic_return=0.0
global_step=157960, episodic_return=0.0
global_step=157972, episodic_return=0.0
global_step=158148, episodic_return=0.0
SPS: 3128
global_step=158308, episodic_return=0.0
global_step=158364, episodic_return=0.0
global_step=158376, episodic_return=0.0
global_step=158388, episodic_return=0.955
global_step=158440, episodic_return=0.712
global_step=158552, episodic_return=0.0
SPS: 3129
global_step=158780, episodic_return=0.0
global_step=158792, episodic_return=0.0
global_step=158844, episodic_return=0.0
global_step=158956, episodic_return=0.0
global_step=159128, episodic_return=0.22599999999999998
global_step=159188, episodic_return=0.235
global_step=159196, episodic_return=0.0
SPS: 3130
global_step=159360, episodic_return=0.0
global_step=159532, episodic_return=0.0
global_step=159592, episodic_return=0.0
global_step=159600, episodic_return=0.0
SPS: 3129
global_step=159764, episodic_return=0.0
global_step=159820, episodic_return=0.361
global_step=159912, episodic_return=0.2889999999999999
global_step=160004, episodic_return=0.0
global_step=160168, episodic_return=0.0
global_step=160224, episodic_return=0.0
SPS: 3130
global_step=160292, episodic_return=0.15400000000000003
global_step=160332, episodic_return=0.2709999999999999
global_step=160572, episodic_return=0.0
global_step=160628, episodic_return=0.0
global_step=160696, episodic_return=0.0
global_step=160736, episodic_return=0.0
SPS: 3132
global_step=160844, episodic_return=0.766
global_step=160976, episodic_return=0.0
global_step=161032, episodic_return=0.0
global_step=161100, episodic_return=0.0
global_step=161248, episodic_return=0.0
SPS: 3133
global_step=161376, episodic_return=0.721
global_step=161380, episodic_return=0.0
global_step=161436, episodic_return=0.0
global_step=161468, episodic_return=0.18099999999999994
global_step=161664, episodic_return=0.4959999999999999
global_step=161780, episodic_return=0.0
global_step=161784, episodic_return=0.0
SPS: 3134
global_step=161872, episodic_return=0.0
global_step=161920, episodic_return=0.703
global_step=161992, episodic_return=0.532
global_step=162028, episodic_return=0.9279999999999999
global_step=162028, episodic_return=0.6579999999999999
global_step=162068, episodic_return=0.0
global_step=162084, episodic_return=0.973
global_step=162256, episodic_return=0.4959999999999999
SPS: 3135
global_step=162324, episodic_return=0.0
global_step=162404, episodic_return=0.6759999999999999
global_step=162432, episodic_return=0.0
global_step=162488, episodic_return=0.0
global_step=162568, episodic_return=0.6399999999999999
global_step=162648, episodic_return=0.5229999999999999
global_step=162728, episodic_return=0.0
global_step=162808, episodic_return=0.829
SPS: 3135
global_step=162892, episodic_return=0.0
global_step=162972, episodic_return=0.0
global_step=163052, episodic_return=0.0
global_step=163212, episodic_return=0.0
global_step=163296, episodic_return=0.0
SPS: 3137
global_step=163376, episodic_return=0.0
global_step=163456, episodic_return=0.0
global_step=163616, episodic_return=0.0
global_step=163632, episodic_return=0.973
global_step=163700, episodic_return=0.0
global_step=163780, episodic_return=0.0
SPS: 3138
global_step=163860, episodic_return=0.0
global_step=164036, episodic_return=0.0
global_step=164104, episodic_return=0.0
global_step=164120, episodic_return=0.244
global_step=164264, episodic_return=0.0
SPS: 3140
global_step=164440, episodic_return=0.0
global_step=164508, episodic_return=0.0
global_step=164524, episodic_return=0.0
global_step=164668, episodic_return=0.0
global_step=164844, episodic_return=0.0
SPS: 3141
global_step=164912, episodic_return=0.0
global_step=164928, episodic_return=0.0
global_step=165072, episodic_return=0.0
global_step=165100, episodic_return=0.622
global_step=165248, episodic_return=0.0
global_step=165308, episodic_return=0.5409999999999999
global_step=165316, episodic_return=0.0
SPS: 3142
global_step=165476, episodic_return=0.0
global_step=165652, episodic_return=0.0
global_step=165712, episodic_return=0.0
global_step=165720, episodic_return=0.0
global_step=165788, episodic_return=0.703
global_step=165880, episodic_return=0.0
SPS: 3144
global_step=165936, episodic_return=0.6759999999999999
global_step=166116, episodic_return=0.0
global_step=166124, episodic_return=0.0
global_step=166152, episodic_return=0.3969999999999999
global_step=166340, episodic_return=0.0
SPS: 3145
global_step=166420, episodic_return=0.34299999999999997
global_step=166516, episodic_return=0.7929999999999999
global_step=166520, episodic_return=0.0
global_step=166556, episodic_return=0.0
global_step=166688, episodic_return=0.712
global_step=166744, episodic_return=0.0
SPS: 3146
global_step=166920, episodic_return=0.0
global_step=166924, episodic_return=0.0
global_step=166960, episodic_return=0.919
global_step=167056, episodic_return=0.7929999999999999
global_step=167092, episodic_return=0.0
global_step=167144, episodic_return=0.892
global_step=167148, episodic_return=0.0
global_step=167328, episodic_return=0.0
SPS: 3147
global_step=167460, episodic_return=0.0
global_step=167548, episodic_return=0.0
global_step=167552, episodic_return=0.0
global_step=167596, episodic_return=0.91
global_step=167732, episodic_return=0.0
global_step=167808, episodic_return=0.42399999999999993
global_step=167864, episodic_return=0.0
global_step=167916, episodic_return=0.595
SPS: 3149
global_step=167980, episodic_return=0.865
global_step=168000, episodic_return=0.0
global_step=168212, episodic_return=0.0
global_step=168228, episodic_return=0.18999999999999995
global_step=168280, episodic_return=0.892
global_step=168384, episodic_return=0.0
global_step=168404, episodic_return=0.0
SPS: 3150
global_step=168460, episodic_return=0.838
global_step=168520, episodic_return=0.31599999999999995
global_step=168684, episodic_return=0.0
global_step=168808, episodic_return=0.0
global_step=168864, episodic_return=0.0
global_step=168924, episodic_return=0.0
SPS: 3151
global_step=168988, episodic_return=0.73
global_step=169020, episodic_return=0.9369999999999999
global_step=169088, episodic_return=0.0
global_step=169172, episodic_return=0.45099999999999996
global_step=169212, episodic_return=0.0
global_step=169424, episodic_return=0.0
SPS: 3152
global_step=169492, episodic_return=0.0
global_step=169576, episodic_return=0.0
global_step=169616, episodic_return=0.0
global_step=169704, episodic_return=0.721
global_step=169756, episodic_return=0.892
global_step=169828, episodic_return=0.0
global_step=169896, episodic_return=0.0
SPS: 3153
global_step=170020, episodic_return=0.0
global_step=170136, episodic_return=0.748
global_step=170160, episodic_return=0.0
global_step=170168, episodic_return=0.3969999999999999
global_step=170232, episodic_return=0.0
global_step=170448, episodic_return=0.5229999999999999
global_step=170476, episodic_return=0.31599999999999995
SPS: 3154
global_step=170540, episodic_return=0.0
global_step=170564, episodic_return=0.0
global_step=170728, episodic_return=0.586
global_step=170800, episodic_return=0.847
global_step=170840, episodic_return=0.919
global_step=170852, episodic_return=0.0
global_step=170880, episodic_return=0.0
global_step=170968, episodic_return=0.0
global_step=170976, episodic_return=0.703
SPS: 3154
global_step=171028, episodic_return=0.6759999999999999
global_step=171256, episodic_return=0.0
global_step=171356, episodic_return=0.136
global_step=171380, episodic_return=0.73
global_step=171380, episodic_return=0.0
global_step=171432, episodic_return=0.0
global_step=171476, episodic_return=0.91
SPS: 3156
global_step=171552, episodic_return=0.5680000000000001
global_step=171696, episodic_return=0.514
global_step=171784, episodic_return=0.0
global_step=171784, episodic_return=0.0
global_step=171956, episodic_return=0.0
SPS: 3157
global_step=172100, episodic_return=0.0
global_step=172188, episodic_return=0.0
global_step=172188, episodic_return=0.0
global_step=172360, episodic_return=0.0
global_step=172504, episodic_return=0.0
global_step=172524, episodic_return=0.964
SPS: 3158
global_step=172592, episodic_return=0.0
global_step=172592, episodic_return=0.0
global_step=172736, episodic_return=0.685
global_step=172748, episodic_return=0.6579999999999999
global_step=172764, episodic_return=0.0
global_step=172788, episodic_return=0.919
global_step=172928, episodic_return=0.0
SPS: 3159
global_step=173140, episodic_return=0.0
global_step=173168, episodic_return=0.0
global_step=173192, episodic_return=0.0
global_step=173332, episodic_return=0.0
global_step=173384, episodic_return=0.5229999999999999
global_step=173484, episodic_return=0.667
global_step=173544, episodic_return=0.0
SPS: 3160
global_step=173576, episodic_return=0.9369999999999999
global_step=173596, episodic_return=0.0
global_step=173736, episodic_return=0.649
global_step=173788, episodic_return=0.0
global_step=173888, episodic_return=0.784
global_step=173888, episodic_return=0.0
global_step=174000, episodic_return=0.0
SPS: 3161
global_step=174100, episodic_return=0.18999999999999995
global_step=174272, episodic_return=0.3969999999999999
global_step=174292, episodic_return=0.0
global_step=174292, episodic_return=0.0
global_step=174332, episodic_return=0.487
SPS: 3162
global_step=174676, episodic_return=0.0
global_step=174696, episodic_return=0.0
global_step=174696, episodic_return=0.0
global_step=174736, episodic_return=0.0
global_step=174760, episodic_return=0.865
global_step=175080, episodic_return=0.0
global_step=175100, episodic_return=0.0
SPS: 3163
global_step=175140, episodic_return=0.0
global_step=175164, episodic_return=0.0
global_step=175184, episodic_return=0.775
global_step=175284, episodic_return=0.739
global_step=175304, episodic_return=0.6399999999999999
global_step=175368, episodic_return=0.595
global_step=175504, episodic_return=0.0
SPS: 3164
global_step=175688, episodic_return=0.0
global_step=175708, episodic_return=0.0
global_step=175772, episodic_return=0.0
global_step=175908, episodic_return=0.0
global_step=176092, episodic_return=0.0
global_step=176112, episodic_return=0.0
SPS: 3165
global_step=176176, episodic_return=0.0
global_step=176312, episodic_return=0.0
global_step=176324, episodic_return=0.6759999999999999
global_step=176448, episodic_return=0.253
global_step=176472, episodic_return=0.6759999999999999
global_step=176496, episodic_return=0.0
global_step=176612, episodic_return=0.6399999999999999
SPS: 3166
global_step=176716, episodic_return=0.0
global_step=176740, episodic_return=0.955
global_step=176876, episodic_return=0.0
global_step=176900, episodic_return=0.0
global_step=177016, episodic_return=0.0
global_step=177144, episodic_return=0.0
SPS: 3167
global_step=177220, episodic_return=0.2889999999999999
global_step=177280, episodic_return=0.0
global_step=177332, episodic_return=0.757
global_step=177384, episodic_return=0.469
global_step=177420, episodic_return=0.0
global_step=177660, episodic_return=0.469
SPS: 3165
global_step=177684, episodic_return=0.0
global_step=177736, episodic_return=0.0
global_step=177788, episodic_return=0.0
global_step=178064, episodic_return=0.0
global_step=178088, episodic_return=0.0
global_step=178140, episodic_return=0.0
SPS: 3166
global_step=178192, episodic_return=0.0
global_step=178468, episodic_return=0.0
global_step=178492, episodic_return=0.0
global_step=178544, episodic_return=0.0
global_step=178548, episodic_return=0.829
global_step=178596, episodic_return=0.0
SPS: 3167
global_step=178812, episodic_return=0.2889999999999999
global_step=178852, episodic_return=0.919
global_step=178868, episodic_return=0.973
global_step=178948, episodic_return=0.0
global_step=178952, episodic_return=0.0
global_step=179000, episodic_return=0.0
global_step=179064, episodic_return=0.748
SPS: 3168
global_step=179208, episodic_return=0.43299999999999994
global_step=179220, episodic_return=0.514
global_step=179272, episodic_return=0.0
global_step=179468, episodic_return=0.0
global_step=179612, episodic_return=0.0
global_step=179624, episodic_return=0.0
global_step=179676, episodic_return=0.0
SPS: 3169
global_step=179872, episodic_return=0.0
global_step=179900, episodic_return=0.3879999999999999
global_step=180016, episodic_return=0.0
global_step=180044, episodic_return=0.685
global_step=180080, episodic_return=0.0
SPS: 3170
global_step=180260, episodic_return=0.604
global_step=180276, episodic_return=0.0
global_step=180420, episodic_return=0.0
global_step=180448, episodic_return=0.0
global_step=180664, episodic_return=0.0
global_step=180680, episodic_return=0.0
SPS: 3171
global_step=180760, episodic_return=0.244
global_step=180852, episodic_return=0.622
global_step=180852, episodic_return=0.0
global_step=181068, episodic_return=0.0
global_step=181072, episodic_return=0.30699999999999994
global_step=181108, episodic_return=0.919
global_step=181124, episodic_return=0.3969999999999999
global_step=181160, episodic_return=0.8109999999999999
SPS: 3171
global_step=181256, episodic_return=0.0
global_step=181280, episodic_return=0.622
global_step=181528, episodic_return=0.0
global_step=181564, episodic_return=0.0
global_step=181660, episodic_return=0.0
global_step=181684, episodic_return=0.0
global_step=181732, episodic_return=0.901
SPS: 3172
global_step=181848, episodic_return=0.2889999999999999
global_step=181876, episodic_return=0.30699999999999994
global_step=181932, episodic_return=0.82
global_step=182064, episodic_return=0.0
global_step=182136, episodic_return=0.0
SPS: 3173
global_step=182280, episodic_return=0.0
global_step=182336, episodic_return=0.0
global_step=182468, episodic_return=0.0
global_step=182540, episodic_return=0.0
global_step=182684, episodic_return=0.0
global_step=182720, episodic_return=0.9279999999999999
global_step=182740, episodic_return=0.0
SPS: 3174
global_step=182872, episodic_return=0.0
global_step=182944, episodic_return=0.0
global_step=182980, episodic_return=0.469
global_step=183124, episodic_return=0.0
global_step=183276, episodic_return=0.0
SPS: 3175
global_step=183348, episodic_return=0.0
global_step=183384, episodic_return=0.0
global_step=183488, episodic_return=0.775
global_step=183508, episodic_return=0.14500000000000002
global_step=183680, episodic_return=0.0
global_step=183752, episodic_return=0.0
SPS: 3175
global_step=183832, episodic_return=0.829
global_step=183888, episodic_return=0.10899999999999999
global_step=183912, episodic_return=0.0
global_step=184036, episodic_return=0.6759999999999999
global_step=184084, episodic_return=0.0
global_step=184224, episodic_return=0.127
global_step=184284, episodic_return=0.874
global_step=184300, episodic_return=0.136
SPS: 3176
global_step=184440, episodic_return=0.0
global_step=184456, episodic_return=0.17199999999999993
global_step=184496, episodic_return=0.883
global_step=184688, episodic_return=0.0
global_step=184704, episodic_return=0.0
SPS: 3177
global_step=184860, episodic_return=0.0
global_step=184900, episodic_return=0.0
global_step=185092, episodic_return=0.136
global_step=185092, episodic_return=0.0
global_step=185176, episodic_return=0.82
global_step=185192, episodic_return=0.973
global_step=185264, episodic_return=0.0
global_step=185304, episodic_return=0.0
SPS: 3178
global_step=185496, episodic_return=0.0
global_step=185596, episodic_return=0.0
global_step=185668, episodic_return=0.0
global_step=185708, episodic_return=0.0
global_step=185728, episodic_return=0.874
SPS: 3179
global_step=185900, episodic_return=0.0
global_step=186000, episodic_return=0.0
global_step=186112, episodic_return=0.0
global_step=186132, episodic_return=0.0
global_step=186304, episodic_return=0.0
SPS: 3180
global_step=186404, episodic_return=0.0
global_step=186516, episodic_return=0.0
global_step=186536, episodic_return=0.0
global_step=186624, episodic_return=0.2889999999999999
global_step=186808, episodic_return=0.0
SPS: 3181
global_step=186920, episodic_return=0.0
global_step=186940, episodic_return=0.0
global_step=187028, episodic_return=0.0
global_step=187104, episodic_return=0.838
global_step=187132, episodic_return=0.2799999999999999
global_step=187228, episodic_return=0.31599999999999995
global_step=187344, episodic_return=0.0
global_step=187384, episodic_return=0.919
SPS: 3181
global_step=187508, episodic_return=0.0
global_step=187536, episodic_return=0.0
global_step=187632, episodic_return=0.0
global_step=187748, episodic_return=0.18999999999999995
SPS: 3182
global_step=187912, episodic_return=0.0
global_step=187924, episodic_return=0.352
global_step=187940, episodic_return=0.0
global_step=187940, episodic_return=0.577
global_step=188020, episodic_return=0.7929999999999999
global_step=188164, episodic_return=0.5049999999999999
global_step=188316, episodic_return=0.0
global_step=188344, episodic_return=0.0
SPS: 3183
global_step=188424, episodic_return=0.0
global_step=188568, episodic_return=0.0
global_step=188704, episodic_return=0.703
global_step=188720, episodic_return=0.0
global_step=188748, episodic_return=0.0
global_step=188828, episodic_return=0.0
global_step=188860, episodic_return=0.757
SPS: 3184
global_step=189012, episodic_return=0.667
global_step=189052, episodic_return=0.5049999999999999
global_step=189108, episodic_return=0.0
global_step=189116, episodic_return=0.865
global_step=189124, episodic_return=0.0
global_step=189416, episodic_return=0.0
global_step=189436, episodic_return=0.2889999999999999
SPS: 3184
global_step=189512, episodic_return=0.0
global_step=189528, episodic_return=0.0
global_step=189820, episodic_return=0.0
global_step=189840, episodic_return=0.0
global_step=189872, episodic_return=0.892
global_step=189916, episodic_return=0.0
global_step=189928, episodic_return=0.8109999999999999
global_step=189932, episodic_return=0.0
SPS: 3185
global_step=190000, episodic_return=0.721
global_step=190008, episodic_return=0.802
global_step=190036, episodic_return=0.775
global_step=190196, episodic_return=0.4059999999999999
global_step=190404, episodic_return=0.0
global_step=190412, episodic_return=0.0
global_step=190440, episodic_return=0.0
SPS: 3186
global_step=190580, episodic_return=0.631
global_step=190600, episodic_return=0.0
global_step=190808, episodic_return=0.0
global_step=190844, episodic_return=0.0
SPS: 3187
global_step=190984, episodic_return=0.0
global_step=191004, episodic_return=0.0
global_step=191212, episodic_return=0.0
global_step=191248, episodic_return=0.0
global_step=191252, episodic_return=0.4059999999999999
global_step=191280, episodic_return=0.856
global_step=191364, episodic_return=0.757
global_step=191408, episodic_return=0.0
SPS: 3187
global_step=191652, episodic_return=0.0
global_step=191684, episodic_return=0.0
global_step=191768, episodic_return=0.0
global_step=191812, episodic_return=0.0
SPS: 3188
global_step=192056, episodic_return=0.0
global_step=192088, episodic_return=0.0
global_step=192172, episodic_return=0.0
global_step=192216, episodic_return=0.0
global_step=192348, episodic_return=0.613
global_step=192460, episodic_return=0.0
global_step=192484, episodic_return=0.955
global_step=192492, episodic_return=0.0
SPS: 3189
global_step=192620, episodic_return=0.0
global_step=192752, episodic_return=0.0
global_step=192888, episodic_return=0.0
global_step=192896, episodic_return=0.0
global_step=192988, episodic_return=0.802
global_step=193024, episodic_return=0.0
SPS: 3190
global_step=193156, episodic_return=0.0
global_step=193292, episodic_return=0.0
global_step=193392, episodic_return=0.0
global_step=193428, episodic_return=0.0
SPS: 3191
global_step=193560, episodic_return=0.0
global_step=193580, episodic_return=0.361
global_step=193796, episodic_return=0.0
global_step=193832, episodic_return=0.0
global_step=193952, episodic_return=0.6579999999999999
global_step=193964, episodic_return=0.09999999999999998
global_step=193984, episodic_return=0.0
SPS: 3192
global_step=194236, episodic_return=0.0
global_step=194356, episodic_return=0.0
global_step=194368, episodic_return=0.0
global_step=194388, episodic_return=0.0
global_step=194484, episodic_return=0.7929999999999999
global_step=194528, episodic_return=0.352
SPS: 3192
global_step=194760, episodic_return=0.0
global_step=194772, episodic_return=0.0
global_step=194848, episodic_return=0.8109999999999999
global_step=194888, episodic_return=0.0
global_step=194932, episodic_return=0.0
SPS: 3193
global_step=195176, episodic_return=0.0
global_step=195252, episodic_return=0.0
global_step=195292, episodic_return=0.0
global_step=195324, episodic_return=0.847
global_step=195336, episodic_return=0.0
global_step=195404, episodic_return=0.856
global_step=195404, episodic_return=0.757
global_step=195580, episodic_return=0.0
SPS: 3193
global_step=195728, episodic_return=0.0
global_step=195808, episodic_return=0.0
global_step=195808, episodic_return=0.0
global_step=195984, episodic_return=0.0
global_step=196020, episodic_return=0.9279999999999999
SPS: 3194
global_step=196132, episodic_return=0.0
global_step=196212, episodic_return=0.0
global_step=196212, episodic_return=0.0
global_step=196232, episodic_return=0.532
global_step=196240, episodic_return=0.991
global_step=196264, episodic_return=0.955
global_step=196268, episodic_return=0.883
global_step=196368, episodic_return=0.6579999999999999
global_step=196416, episodic_return=0.37
global_step=196540, episodic_return=0.3969999999999999
SPS: 3195
global_step=196668, episodic_return=0.0
global_step=196772, episodic_return=0.0
global_step=196820, episodic_return=0.0
global_step=196888, episodic_return=0.856
global_step=196944, episodic_return=0.0
global_step=197004, episodic_return=0.874
global_step=197072, episodic_return=0.0
SPS: 3195
global_step=197176, episodic_return=0.0
global_step=197208, episodic_return=0.9369999999999999
global_step=197292, episodic_return=0.0
global_step=197356, episodic_return=0.865
global_step=197392, episodic_return=0.2889999999999999
global_step=197396, episodic_return=0.919
global_step=197408, episodic_return=0.0
global_step=197608, episodic_return=0.532
global_step=197612, episodic_return=0.0
SPS: 3196
global_step=197704, episodic_return=0.7929999999999999
global_step=197796, episodic_return=0.0
global_step=197812, episodic_return=0.0
global_step=198016, episodic_return=0.0
global_step=198076, episodic_return=0.379
global_step=198108, episodic_return=0.0
SPS: 3197
global_step=198216, episodic_return=0.0
global_step=198280, episodic_return=0.865
global_step=198420, episodic_return=0.0
global_step=198480, episodic_return=0.0
global_step=198512, episodic_return=0.0
SPS: 3198
global_step=198684, episodic_return=0.0
global_step=198748, episodic_return=0.865
global_step=198788, episodic_return=0.18099999999999994
global_step=198884, episodic_return=0.0
global_step=198892, episodic_return=0.685
global_step=198916, episodic_return=0.0
global_step=198968, episodic_return=0.82
global_step=199016, episodic_return=0.901
global_step=199032, episodic_return=0.748
global_step=199068, episodic_return=0.613
SPS: 3199
global_step=199192, episodic_return=0.0
global_step=199196, episodic_return=0.6399999999999999
global_step=199420, episodic_return=0.0
global_step=199456, episodic_return=0.4149999999999999
global_step=199472, episodic_return=0.0
global_step=199484, episodic_return=0.982
global_step=199600, episodic_return=0.0
SPS: 3200
global_step=199696, episodic_return=0.532
global_step=199824, episodic_return=0.0
global_step=199860, episodic_return=0.0
global_step=200004, episodic_return=0.0
global_step=200100, episodic_return=0.0
SPS: 3201
global_step=200228, episodic_return=0.0
global_step=200264, episodic_return=0.0
global_step=200408, episodic_return=0.0
global_step=200504, episodic_return=0.0
global_step=200632, episodic_return=0.0
global_step=200668, episodic_return=0.0
global_step=200692, episodic_return=0.37
SPS: 3201
global_step=200868, episodic_return=0.5589999999999999
global_step=200908, episodic_return=0.0
global_step=201036, episodic_return=0.0
global_step=201096, episodic_return=0.0
global_step=201116, episodic_return=0.829
SPS: 3202
global_step=201272, episodic_return=0.0
global_step=201312, episodic_return=0.0
global_step=201456, episodic_return=0.595
global_step=201500, episodic_return=0.0
global_step=201504, episodic_return=0.136
global_step=201528, episodic_return=0.5229999999999999
global_step=201628, episodic_return=0.73
SPS: 3203
global_step=201860, episodic_return=0.0
global_step=201872, episodic_return=0.45999999999999996
global_step=201904, episodic_return=0.0
global_step=201928, episodic_return=0.856
global_step=201932, episodic_return=0.0
global_step=201976, episodic_return=0.775
global_step=202064, episodic_return=0.712
global_step=202084, episodic_return=0.964
global_step=202112, episodic_return=0.946
global_step=202148, episodic_return=0.9279999999999999
global_step=202160, episodic_return=0.43299999999999994
SPS: 3203
global_step=202332, episodic_return=0.0
global_step=202380, episodic_return=0.0
global_step=202552, episodic_return=0.0
global_step=202564, episodic_return=0.0
global_step=202620, episodic_return=0.361
SPS: 3204
global_step=202784, episodic_return=0.0
global_step=202956, episodic_return=0.0
global_step=202968, episodic_return=0.0
global_step=203024, episodic_return=0.0
global_step=203152, episodic_return=0.721
global_step=203188, episodic_return=0.0
SPS: 3205
global_step=203360, episodic_return=0.0
global_step=203372, episodic_return=0.0
global_step=203556, episodic_return=0.0
global_step=203592, episodic_return=0.0
global_step=203764, episodic_return=0.0
global_step=203772, episodic_return=0.991
global_step=203776, episodic_return=0.0
SPS: 3206
global_step=203960, episodic_return=0.0
global_step=203996, episodic_return=0.0
global_step=204176, episodic_return=0.0
global_step=204180, episodic_return=0.0
SPS: 3207
global_step=204312, episodic_return=0.712
global_step=204364, episodic_return=0.0
global_step=204400, episodic_return=0.0
global_step=204580, episodic_return=0.0
global_step=204716, episodic_return=0.0
global_step=204768, episodic_return=0.0
SPS: 3208
global_step=204804, episodic_return=0.0
global_step=204856, episodic_return=0.8109999999999999
global_step=204896, episodic_return=0.802
global_step=204984, episodic_return=0.0
global_step=205120, episodic_return=0.0
global_step=205260, episodic_return=0.0
global_step=205300, episodic_return=0.0
SPS: 3208
global_step=205388, episodic_return=0.0
global_step=205520, episodic_return=0.514
global_step=205524, episodic_return=0.0
global_step=205600, episodic_return=0.838
global_step=205636, episodic_return=0.16299999999999992
global_step=205792, episodic_return=0.0
SPS: 3209
global_step=205888, episodic_return=0.7929999999999999
global_step=205924, episodic_return=0.0
global_step=206004, episodic_return=0.0
global_step=206012, episodic_return=0.16299999999999992
global_step=206292, episodic_return=0.0
global_step=206328, episodic_return=0.0
global_step=206332, episodic_return=0.919
SPS: 3210
global_step=206364, episodic_return=0.9279999999999999
global_step=206400, episodic_return=0.9279999999999999
global_step=206408, episodic_return=0.0
global_step=206416, episodic_return=0.0
global_step=206548, episodic_return=0.694
global_step=206632, episodic_return=0.82
global_step=206684, episodic_return=0.21699999999999997
global_step=206704, episodic_return=0.361
global_step=206708, episodic_return=0.31599999999999995
global_step=206820, episodic_return=0.703
SPS: 3210
global_step=206856, episodic_return=0.667
global_step=207028, episodic_return=0.118
global_step=207112, episodic_return=0.0
global_step=207224, episodic_return=0.0
global_step=207240, episodic_return=0.14500000000000002
global_step=207276, episodic_return=0.9279999999999999
SPS: 3211
global_step=207432, episodic_return=0.0
global_step=207516, episodic_return=0.0
global_step=207544, episodic_return=0.4059999999999999
global_step=207628, episodic_return=0.0
global_step=207632, episodic_return=0.5589999999999999
global_step=207660, episodic_return=0.9369999999999999
SPS: 3212
global_step=207920, episodic_return=0.0
global_step=207948, episodic_return=0.0
global_step=208036, episodic_return=0.0
global_step=208056, episodic_return=0.118
global_step=208068, episodic_return=0.6759999999999999
global_step=208308, episodic_return=0.19899999999999995
SPS: 3213
global_step=208408, episodic_return=0.21699999999999997
global_step=208440, episodic_return=0.0
global_step=208472, episodic_return=0.0
global_step=208600, episodic_return=0.577
global_step=208664, episodic_return=0.865
global_step=208712, episodic_return=0.0
global_step=208844, episodic_return=0.0
global_step=208876, episodic_return=0.0
SPS: 3214
global_step=208944, episodic_return=0.487
global_step=209068, episodic_return=0.0
global_step=209120, episodic_return=0.45999999999999996
global_step=209132, episodic_return=0.865
global_step=209248, episodic_return=0.0
global_step=209324, episodic_return=0.838
global_step=209348, episodic_return=0.0
SPS: 3214
global_step=209524, episodic_return=0.0
global_step=209536, episodic_return=0.0
global_step=209544, episodic_return=0.514
global_step=209600, episodic_return=0.865
global_step=209716, episodic_return=0.748
global_step=209752, episodic_return=0.0
global_step=209852, episodic_return=0.31599999999999995
global_step=209880, episodic_return=0.946
global_step=209912, episodic_return=0.9369999999999999
SPS: 3214
global_step=209928, episodic_return=0.0
global_step=210120, episodic_return=0.0
global_step=210156, episodic_return=0.0
global_step=210256, episodic_return=0.784
global_step=210272, episodic_return=0.19899999999999995
global_step=210324, episodic_return=0.892
global_step=210332, episodic_return=0.0
global_step=210420, episodic_return=0.7929999999999999
SPS: 3215
global_step=210524, episodic_return=0.0
global_step=210632, episodic_return=0.16299999999999992
global_step=210732, episodic_return=0.5409999999999999
global_step=210736, episodic_return=0.0
global_step=210824, episodic_return=0.0
global_step=210908, episodic_return=0.622
SPS: 3216
global_step=211036, episodic_return=0.0
global_step=211136, episodic_return=0.0
global_step=211228, episodic_return=0.0
global_step=211312, episodic_return=0.0
global_step=211440, episodic_return=0.0
SPS: 3217
global_step=211540, episodic_return=0.0
global_step=211632, episodic_return=0.0
global_step=211716, episodic_return=0.0
global_step=211844, episodic_return=0.0
global_step=211944, episodic_return=0.0
global_step=211968, episodic_return=0.73
SPS: 3217
global_step=212024, episodic_return=0.31599999999999995
global_step=212036, episodic_return=0.0
global_step=212188, episodic_return=0.667
global_step=212348, episodic_return=0.0
global_step=212372, episodic_return=0.0
global_step=212428, episodic_return=0.0
SPS: 3218
global_step=212512, episodic_return=0.694
global_step=212552, episodic_return=0.919
global_step=212592, episodic_return=0.0
global_step=212628, episodic_return=0.5589999999999999
global_step=212752, episodic_return=0.0
global_step=212876, episodic_return=0.73
global_step=212956, episodic_return=0.0
global_step=212992, episodic_return=0.9279999999999999
SPS: 3216
global_step=212996, episodic_return=0.0
global_step=213032, episodic_return=0.0
global_step=213156, episodic_return=0.73
global_step=213232, episodic_return=0.478
global_step=213280, episodic_return=0.0
global_step=213396, episodic_return=0.0
global_step=213448, episodic_return=0.892
SPS: 3217
global_step=213560, episodic_return=0.0
global_step=213636, episodic_return=0.0
global_step=213684, episodic_return=0.0
global_step=213828, episodic_return=0.685
global_step=213852, episodic_return=0.0
global_step=213860, episodic_return=0.9369999999999999
global_step=213944, episodic_return=0.802
global_step=213964, episodic_return=0.0
SPS: 3218
global_step=214040, episodic_return=0.0
global_step=214176, episodic_return=0.532
global_step=214240, episodic_return=0.5589999999999999
global_step=214264, episodic_return=0.0
global_step=214348, episodic_return=0.0
global_step=214368, episodic_return=0.577
global_step=214488, episodic_return=0.694
SPS: 3219
global_step=214644, episodic_return=0.0
global_step=214668, episodic_return=0.0
global_step=214684, episodic_return=0.919
global_step=214700, episodic_return=0.973
global_step=214732, episodic_return=0.865
global_step=214772, episodic_return=0.0
global_step=214852, episodic_return=0.18999999999999995
global_step=214924, episodic_return=0.847
global_step=214928, episodic_return=0.4959999999999999
global_step=215040, episodic_return=0.4059999999999999
SPS: 3219
global_step=215056, episodic_return=0.721
global_step=215092, episodic_return=0.19899999999999995
global_step=215148, episodic_return=0.5049999999999999
global_step=215304, episodic_return=0.45099999999999996
global_step=215444, episodic_return=0.0
global_step=215444, episodic_return=0.694
global_step=215496, episodic_return=0.0
global_step=215552, episodic_return=0.0
SPS: 3220
global_step=215848, episodic_return=0.0
global_step=215848, episodic_return=0.0
global_step=215900, episodic_return=0.0
global_step=215956, episodic_return=0.0
SPS: 3221
global_step=216096, episodic_return=0.5680000000000001
global_step=216252, episodic_return=0.0
global_step=216252, episodic_return=0.0
global_step=216348, episodic_return=0.127
global_step=216484, episodic_return=0.703
global_step=216500, episodic_return=0.0
SPS: 3222
global_step=216656, episodic_return=0.0
global_step=216656, episodic_return=0.0
global_step=216888, episodic_return=0.0
global_step=216904, episodic_return=0.0
global_step=217060, episodic_return=0.0
global_step=217060, episodic_return=0.0
SPS: 3223
global_step=217292, episodic_return=0.0
global_step=217308, episodic_return=0.09999999999999998
global_step=217352, episodic_return=0.874
global_step=217364, episodic_return=0.982
global_step=217400, episodic_return=0.9279999999999999
global_step=217412, episodic_return=0.775
global_step=217464, episodic_return=0.0
global_step=217464, episodic_return=0.0
global_step=217600, episodic_return=0.5589999999999999
SPS: 3223
global_step=217816, episodic_return=0.0
global_step=217864, episodic_return=0.901
global_step=217868, episodic_return=0.0
global_step=217868, episodic_return=0.0
global_step=218004, episodic_return=0.0
SPS: 3224
global_step=218236, episodic_return=0.487
global_step=218268, episodic_return=0.0
global_step=218272, episodic_return=0.0
global_step=218272, episodic_return=0.0
global_step=218296, episodic_return=0.946
global_step=218380, episodic_return=0.685
global_step=218476, episodic_return=0.7929999999999999
global_step=218608, episodic_return=0.253
SPS: 3225
global_step=218628, episodic_return=0.262
global_step=218668, episodic_return=0.577
global_step=218676, episodic_return=0.0
global_step=218760, episodic_return=0.802
global_step=218928, episodic_return=0.2889999999999999
global_step=219032, episodic_return=0.0
global_step=219080, episodic_return=0.0
SPS: 3225
global_step=219164, episodic_return=0.0
global_step=219316, episodic_return=0.136
global_step=219436, episodic_return=0.0
global_step=219484, episodic_return=0.0
global_step=219568, episodic_return=0.0
SPS: 3226
global_step=219720, episodic_return=0.0
global_step=219748, episodic_return=0.946
global_step=219840, episodic_return=0.0
global_step=219888, episodic_return=0.0
global_step=219972, episodic_return=0.0
global_step=220108, episodic_return=0.19899999999999995
SPS: 3227
global_step=220244, episodic_return=0.0
global_step=220292, episodic_return=0.0
global_step=220376, episodic_return=0.0
global_step=220380, episodic_return=0.8109999999999999
global_step=220380, episodic_return=0.703
global_step=220488, episodic_return=0.757
global_step=220512, episodic_return=0.0
global_step=220532, episodic_return=0.91
SPS: 3228
global_step=220692, episodic_return=0.30699999999999994
global_step=220784, episodic_return=0.0
global_step=220784, episodic_return=0.44199999999999995
global_step=220912, episodic_return=0.721
global_step=220916, episodic_return=0.0
global_step=220928, episodic_return=0.478
global_step=220944, episodic_return=0.946
global_step=220988, episodic_return=0.838
SPS: 3228
global_step=221188, episodic_return=0.0
global_step=221216, episodic_return=0.3969999999999999
global_step=221236, episodic_return=0.901
global_step=221300, episodic_return=0.865
global_step=221332, episodic_return=0.0
global_step=221344, episodic_return=0.721
global_step=221392, episodic_return=0.0
global_step=221452, episodic_return=0.667
global_step=221532, episodic_return=0.5589999999999999
global_step=221696, episodic_return=0.45999999999999996
SPS: 3228
global_step=221748, episodic_return=0.0
global_step=221788, episodic_return=0.919
global_step=221796, episodic_return=0.0
global_step=221824, episodic_return=0.721
global_step=221912, episodic_return=0.748
global_step=221936, episodic_return=0.0
global_step=222020, episodic_return=0.82
global_step=222192, episodic_return=0.0
SPS: 3229
global_step=222228, episodic_return=0.0
global_step=222264, episodic_return=0.847
global_step=222280, episodic_return=0.892
global_step=222304, episodic_return=0.127
global_step=222420, episodic_return=0.748
global_step=222424, episodic_return=0.0
global_step=222668, episodic_return=0.0
global_step=222684, episodic_return=0.0
SPS: 3230
global_step=222824, episodic_return=0.0
global_step=222828, episodic_return=0.0
global_step=222932, episodic_return=0.45099999999999996
global_step=223072, episodic_return=0.0
global_step=223228, episodic_return=0.0
global_step=223232, episodic_return=0.0
SPS: 3230
global_step=223336, episodic_return=0.0
global_step=223476, episodic_return=0.0
global_step=223604, episodic_return=0.721
global_step=223632, episodic_return=0.0
global_step=223636, episodic_return=0.0
global_step=223700, episodic_return=0.18999999999999995
SPS: 3231
global_step=223752, episodic_return=0.739
global_step=223764, episodic_return=0.649
global_step=223784, episodic_return=0.9369999999999999
global_step=223916, episodic_return=0.5229999999999999
global_step=224040, episodic_return=0.0
global_step=224168, episodic_return=0.0
global_step=224188, episodic_return=0.0
SPS: 3232
global_step=224320, episodic_return=0.0
global_step=224408, episodic_return=0.469
global_step=224440, episodic_return=0.9369999999999999
global_step=224444, episodic_return=0.0
global_step=224592, episodic_return=0.0
global_step=224724, episodic_return=0.0
SPS: 3232
global_step=224844, episodic_return=0.0
global_step=224848, episodic_return=0.0
global_step=224932, episodic_return=0.5409999999999999
global_step=224996, episodic_return=0.0
global_step=225056, episodic_return=0.73
global_step=225108, episodic_return=0.4149999999999999
global_step=225124, episodic_return=0.856
global_step=225152, episodic_return=0.946
global_step=225160, episodic_return=0.991
global_step=225196, episodic_return=0.22599999999999998
SPS: 3232
global_step=225400, episodic_return=0.0
global_step=225512, episodic_return=0.0
global_step=225564, episodic_return=0.0
global_step=225600, episodic_return=0.0
SPS: 3233
global_step=225804, episodic_return=0.0
global_step=225896, episodic_return=0.34299999999999997
global_step=225912, episodic_return=0.766
global_step=225916, episodic_return=0.0
global_step=225968, episodic_return=0.0
global_step=226112, episodic_return=0.5589999999999999
global_step=226168, episodic_return=0.3969999999999999
global_step=226292, episodic_return=0.16299999999999992
SPS: 3234
global_step=226312, episodic_return=0.685
global_step=226372, episodic_return=0.0
global_step=226516, episodic_return=0.0
global_step=226584, episodic_return=0.3969999999999999
global_step=226600, episodic_return=0.31599999999999995
global_step=226668, episodic_return=0.82
global_step=226776, episodic_return=0.0
SPS: 3234
global_step=226824, episodic_return=0.5049999999999999
global_step=226920, episodic_return=0.0
global_step=227072, episodic_return=0.0
global_step=227144, episodic_return=0.5049999999999999
global_step=227172, episodic_return=0.784
global_step=227180, episodic_return=0.0
global_step=227228, episodic_return=0.0
SPS: 3235
global_step=227524, episodic_return=0.34299999999999997
global_step=227532, episodic_return=0.21699999999999997
global_step=227548, episodic_return=0.0
global_step=227576, episodic_return=0.0
global_step=227740, episodic_return=0.6399999999999999
SPS: 3236
global_step=227928, episodic_return=0.0
global_step=227936, episodic_return=0.0
global_step=227948, episodic_return=0.964
global_step=227952, episodic_return=0.0
global_step=227960, episodic_return=0.955
global_step=228144, episodic_return=0.0
global_step=228352, episodic_return=0.0
SPS: 3237
global_step=228356, episodic_return=0.0
global_step=228364, episodic_return=0.0
global_step=228396, episodic_return=0.9369999999999999
global_step=228476, episodic_return=0.829
global_step=228548, episodic_return=0.0
global_step=228756, episodic_return=0.0
global_step=228760, episodic_return=0.0
global_step=228804, episodic_return=0.2709999999999999
SPS: 3237
global_step=228952, episodic_return=0.0
global_step=229124, episodic_return=0.18999999999999995
global_step=229160, episodic_return=0.0
global_step=229208, episodic_return=0.0
global_step=229356, episodic_return=0.0
SPS: 3238
global_step=229460, episodic_return=0.33399999999999996
global_step=229528, episodic_return=0.0
global_step=229612, episodic_return=0.0
global_step=229760, episodic_return=0.0
global_step=229784, episodic_return=0.43299999999999994
global_step=229864, episodic_return=0.0
SPS: 3238
global_step=229904, episodic_return=0.685
global_step=230000, episodic_return=0.136
global_step=230016, episodic_return=0.757
global_step=230060, episodic_return=0.3879999999999999
global_step=230072, episodic_return=0.847
global_step=230100, episodic_return=0.478
global_step=230120, episodic_return=0.964
SPS: 3239
global_step=230420, episodic_return=0.0
global_step=230464, episodic_return=0.0
global_step=230476, episodic_return=0.0
global_step=230484, episodic_return=0.964
global_step=230524, episodic_return=0.0
global_step=230824, episodic_return=0.0
global_step=230872, episodic_return=0.22599999999999998
global_step=230880, episodic_return=0.0
global_step=230888, episodic_return=0.0
SPS: 3238
global_step=231032, episodic_return=0.649
global_step=231228, episodic_return=0.0
global_step=231284, episodic_return=0.0
global_step=231288, episodic_return=0.10899999999999999
global_step=231360, episodic_return=0.847
SPS: 3239
global_step=231436, episodic_return=0.0
global_step=231440, episodic_return=0.829
global_step=231508, episodic_return=0.856
global_step=231604, episodic_return=0.2889999999999999
global_step=231632, episodic_return=0.0
global_step=231704, episodic_return=0.4059999999999999
global_step=231856, episodic_return=0.44199999999999995
global_step=231912, episodic_return=0.0
SPS: 3240
global_step=232020, episodic_return=0.766
global_step=232036, episodic_return=0.0
global_step=232108, episodic_return=0.0
global_step=232136, episodic_return=0.748
global_step=232148, episodic_return=0.757
global_step=232260, episodic_return=0.0
global_step=232300, episodic_return=0.577
SPS: 3240
global_step=232468, episodic_return=0.2889999999999999
global_step=232540, episodic_return=0.0
global_step=232600, episodic_return=0.712
global_step=232664, episodic_return=0.0
global_step=232704, episodic_return=0.0
global_step=232944, episodic_return=0.0
SPS: 3241
global_step=233004, episodic_return=0.0
global_step=233004, episodic_return=0.874
global_step=233068, episodic_return=0.0
global_step=233108, episodic_return=0.0
global_step=233164, episodic_return=0.649
global_step=233216, episodic_return=0.6759999999999999
global_step=233408, episodic_return=0.0
global_step=233432, episodic_return=0.5229999999999999
SPS: 3242
global_step=233512, episodic_return=0.0
global_step=233568, episodic_return=0.0
global_step=233572, episodic_return=0.6399999999999999
global_step=233836, episodic_return=0.0
global_step=233916, episodic_return=0.0
global_step=233972, episodic_return=0.0
global_step=233976, episodic_return=0.0
SPS: 3242
global_step=234036, episodic_return=0.874
global_step=234044, episodic_return=0.721
global_step=234240, episodic_return=0.0
global_step=234340, episodic_return=0.32499999999999996
global_step=234376, episodic_return=0.0
global_step=234448, episodic_return=0.0
global_step=234484, episodic_return=0.766
SPS: 3243
global_step=234620, episodic_return=0.622
global_step=234644, episodic_return=0.0
global_step=234744, episodic_return=0.0
global_step=234888, episodic_return=0.0
SPS: 3244
global_step=235024, episodic_return=0.0
global_step=235048, episodic_return=0.0
global_step=235084, episodic_return=0.244
global_step=235108, episodic_return=0.874
global_step=235152, episodic_return=0.856
global_step=235256, episodic_return=0.487
global_step=235292, episodic_return=0.0
global_step=235472, episodic_return=0.604
global_step=235512, episodic_return=0.0
SPS: 3244
global_step=235556, episodic_return=0.0
global_step=235652, episodic_return=0.694
global_step=235660, episodic_return=0.0
global_step=235876, episodic_return=0.0
global_step=235960, episodic_return=0.0
SPS: 3245
global_step=236056, episodic_return=0.0
global_step=236064, episodic_return=0.0
global_step=236196, episodic_return=0.2889999999999999
global_step=236364, episodic_return=0.0
global_step=236460, episodic_return=0.0
global_step=236468, episodic_return=0.0
SPS: 3246
global_step=236600, episodic_return=0.0
global_step=236636, episodic_return=0.3969999999999999
global_step=236720, episodic_return=0.82
global_step=236864, episodic_return=0.0
global_step=236872, episodic_return=0.0
global_step=237004, episodic_return=0.0
SPS: 3246
global_step=237124, episodic_return=0.0
global_step=237128, episodic_return=0.73
global_step=237268, episodic_return=0.0
global_step=237276, episodic_return=0.0
global_step=237452, episodic_return=0.595
global_step=237496, episodic_return=0.17199999999999993
global_step=237532, episodic_return=0.0
SPS: 3247
global_step=237624, episodic_return=0.721
global_step=237680, episodic_return=0.0
global_step=237748, episodic_return=0.73
global_step=237752, episodic_return=0.847
global_step=237776, episodic_return=0.955
global_step=237856, episodic_return=0.0
global_step=237932, episodic_return=0.838
global_step=237936, episodic_return=0.0
SPS: 3247
global_step=238128, episodic_return=0.15400000000000003
global_step=238180, episodic_return=0.0
global_step=238204, episodic_return=0.3969999999999999
global_step=238256, episodic_return=0.892
global_step=238340, episodic_return=0.0
global_step=238448, episodic_return=0.766
global_step=238532, episodic_return=0.0
global_step=238584, episodic_return=0.0
SPS: 3248
global_step=238660, episodic_return=0.0
global_step=238852, episodic_return=0.0
global_step=238888, episodic_return=0.4959999999999999
global_step=238936, episodic_return=0.21699999999999997
global_step=238936, episodic_return=0.0
SPS: 3249
global_step=239256, episodic_return=0.0
global_step=239292, episodic_return=0.0
global_step=239340, episodic_return=0.0
global_step=239340, episodic_return=0.0
global_step=239528, episodic_return=0.586
SPS: 3249
global_step=239652, episodic_return=0.73
global_step=239660, episodic_return=0.0
global_step=239696, episodic_return=0.0
global_step=239744, episodic_return=0.0
global_step=240012, episodic_return=0.21699999999999997
global_step=240056, episodic_return=0.0
global_step=240100, episodic_return=0.0
SPS: 3250
global_step=240136, episodic_return=0.73
global_step=240148, episodic_return=0.0
global_step=240416, episodic_return=0.4059999999999999
global_step=240460, episodic_return=0.0
global_step=240504, episodic_return=0.0
global_step=240540, episodic_return=0.0
global_step=240556, episodic_return=0.7929999999999999
SPS: 3251
global_step=240820, episodic_return=0.0
global_step=240908, episodic_return=0.0
global_step=240944, episodic_return=0.0
global_step=240960, episodic_return=0.0
global_step=241064, episodic_return=0.775
global_step=241096, episodic_return=0.667
global_step=241152, episodic_return=0.45999999999999996
SPS: 3251
global_step=241224, episodic_return=0.0
global_step=241292, episodic_return=0.856
global_step=241460, episodic_return=0.31599999999999995
global_step=241468, episodic_return=0.0
global_step=241500, episodic_return=0.0
global_step=241536, episodic_return=0.856
global_step=241536, episodic_return=0.838
global_step=241616, episodic_return=0.2799999999999999
global_step=241656, episodic_return=0.6579999999999999
SPS: 3252
global_step=241676, episodic_return=0.694
global_step=241680, episodic_return=0.865
global_step=241684, episodic_return=0.946
global_step=241736, episodic_return=0.874
global_step=241800, episodic_return=0.739
global_step=241940, episodic_return=0.0
global_step=242088, episodic_return=0.0
global_step=242140, episodic_return=0.0
SPS: 3252
global_step=242204, episodic_return=0.0
global_step=242280, episodic_return=0.577
global_step=242344, episodic_return=0.0
global_step=242368, episodic_return=0.8109999999999999
global_step=242432, episodic_return=0.352
global_step=242608, episodic_return=0.0
global_step=242624, episodic_return=0.43299999999999994
SPS: 3253
global_step=242748, episodic_return=0.0
global_step=242836, episodic_return=0.0
global_step=242860, episodic_return=0.478
global_step=242912, episodic_return=0.838
global_step=243012, episodic_return=0.0
global_step=243096, episodic_return=0.82
global_step=243124, episodic_return=0.532
global_step=243152, episodic_return=0.09999999999999998
global_step=243156, episodic_return=0.874
SPS: 3253
global_step=243264, episodic_return=0.0
global_step=243428, episodic_return=0.3969999999999999
global_step=243452, episodic_return=0.955
global_step=243528, episodic_return=0.0
global_step=243556, episodic_return=0.0
global_step=243648, episodic_return=0.802
global_step=243652, episodic_return=0.136
SPS: 3254
global_step=243856, episodic_return=0.0
global_step=243920, episodic_return=0.4059999999999999
global_step=243932, episodic_return=0.0
global_step=244052, episodic_return=0.0
SPS: 3255
global_step=244256, episodic_return=0.55
global_step=244260, episodic_return=0.0
global_step=244324, episodic_return=0.0
global_step=244336, episodic_return=0.0
global_step=244404, episodic_return=0.6759999999999999
global_step=244436, episodic_return=0.613
global_step=244456, episodic_return=0.892
global_step=244480, episodic_return=0.955
global_step=244728, episodic_return=0.0
SPS: 3255
global_step=244740, episodic_return=0.0
global_step=244840, episodic_return=0.0
global_step=244884, episodic_return=0.0
global_step=244892, episodic_return=0.667
global_step=245020, episodic_return=0.352
global_step=245064, episodic_return=0.91
global_step=245160, episodic_return=0.4059999999999999
global_step=245244, episodic_return=0.0
SPS: 3256
global_step=245272, episodic_return=0.757
global_step=245288, episodic_return=0.0
global_step=245316, episodic_return=0.847
global_step=245468, episodic_return=0.0
global_step=245524, episodic_return=0.883
global_step=245676, episodic_return=0.0
global_step=245692, episodic_return=0.0
global_step=245720, episodic_return=0.0
global_step=245724, episodic_return=0.5589999999999999
SPS: 3256
global_step=245848, episodic_return=0.622
global_step=245984, episodic_return=0.703
global_step=246012, episodic_return=0.361
global_step=246096, episodic_return=0.0
global_step=246124, episodic_return=0.0
global_step=246188, episodic_return=0.802
global_step=246200, episodic_return=0.982
global_step=246264, episodic_return=0.694
SPS: 3256
global_step=246364, episodic_return=0.15400000000000003
global_step=246416, episodic_return=0.0
global_step=246604, episodic_return=0.0
global_step=246608, episodic_return=0.235
global_step=246628, episodic_return=0.955
global_step=246744, episodic_return=0.748
global_step=246768, episodic_return=0.0
SPS: 3257
global_step=246820, episodic_return=0.0
global_step=246932, episodic_return=0.586
global_step=247008, episodic_return=0.469
global_step=247012, episodic_return=0.0
global_step=247076, episodic_return=0.865
global_step=247224, episodic_return=0.0
SPS: 3258
global_step=247336, episodic_return=0.0
global_step=247412, episodic_return=0.0
global_step=247452, episodic_return=0.748
global_step=247480, episodic_return=0.0
global_step=247628, episodic_return=0.0
SPS: 3258
global_step=247816, episodic_return=0.0
global_step=247856, episodic_return=0.0
global_step=247884, episodic_return=0.0
global_step=248032, episodic_return=0.0
global_step=248140, episodic_return=0.766
global_step=248220, episodic_return=0.0
global_step=248260, episodic_return=0.0
global_step=248288, episodic_return=0.0
SPS: 3259
global_step=248516, episodic_return=0.4959999999999999
global_step=248544, episodic_return=0.0
global_step=248624, episodic_return=0.0
global_step=248664, episodic_return=0.0
SPS: 3258
global_step=248840, episodic_return=0.2799999999999999
global_step=248948, episodic_return=0.0
global_step=249028, episodic_return=0.0
global_step=249068, episodic_return=0.0
global_step=249104, episodic_return=0.838
global_step=249184, episodic_return=0.748
global_step=249188, episodic_return=0.22599999999999998
global_step=249224, episodic_return=0.3879999999999999
global_step=249308, episodic_return=0.739
SPS: 3259
global_step=249508, episodic_return=0.0
global_step=249588, episodic_return=0.0
global_step=249612, episodic_return=0.775
global_step=249628, episodic_return=0.0
global_step=249712, episodic_return=0.0
global_step=249748, episodic_return=0.649
global_step=249748, episodic_return=0.703
global_step=249800, episodic_return=0.892
SPS: 3259
global_step=249892, episodic_return=0.802
global_step=250032, episodic_return=0.0
global_step=250116, episodic_return=0.0
global_step=250152, episodic_return=0.0
global_step=250216, episodic_return=0.595
global_step=250296, episodic_return=0.0
SPS: 3260
global_step=250504, episodic_return=0.136
global_step=250556, episodic_return=0.0
global_step=250620, episodic_return=0.0
global_step=250700, episodic_return=0.0
global_step=250868, episodic_return=0.18999999999999995
SPS: 3260
global_step=250960, episodic_return=0.0
global_step=251024, episodic_return=0.0
global_step=251028, episodic_return=0.2709999999999999
global_step=251048, episodic_return=0.8109999999999999
global_step=251080, episodic_return=0.883
global_step=251272, episodic_return=0.0
SPS: 3261
global_step=251432, episodic_return=0.0
global_step=251452, episodic_return=0.0
global_step=251484, episodic_return=0.0
global_step=251496, episodic_return=0.865
global_step=251676, episodic_return=0.0
global_step=251692, episodic_return=0.5409999999999999
global_step=251856, episodic_return=0.0
global_step=251900, episodic_return=0.0
SPS: 3261
global_step=252080, episodic_return=0.0
global_step=252096, episodic_return=0.0
global_step=252188, episodic_return=0.802
global_step=252260, episodic_return=0.0
global_step=252304, episodic_return=0.0
global_step=252308, episodic_return=0.4959999999999999
global_step=252392, episodic_return=0.82
SPS: 3262
global_step=252592, episodic_return=0.0
global_step=252608, episodic_return=0.32499999999999996
global_step=252664, episodic_return=0.0
global_step=252796, episodic_return=0.0
global_step=252844, episodic_return=0.44199999999999995
global_step=252852, episodic_return=0.586
global_step=252864, episodic_return=0.982
SPS: 3262
global_step=253012, episodic_return=0.0
global_step=253200, episodic_return=0.0
global_step=253248, episodic_return=0.0
global_step=253268, episodic_return=0.0
global_step=253416, episodic_return=0.0
SPS: 3263
global_step=253604, episodic_return=0.0
global_step=253652, episodic_return=0.0
global_step=253672, episodic_return=0.0
global_step=253820, episodic_return=0.0
SPS: 3264
global_step=254008, episodic_return=0.0
global_step=254056, episodic_return=0.0
global_step=254076, episodic_return=0.0
global_step=254224, episodic_return=0.0
global_step=254412, episodic_return=0.0
global_step=254460, episodic_return=0.0
SPS: 3264
global_step=254480, episodic_return=0.0
global_step=254604, episodic_return=0.73
global_step=254628, episodic_return=0.0
global_step=254816, episodic_return=0.0
global_step=254864, episodic_return=0.0
global_step=254872, episodic_return=0.883
SPS: 3265
global_step=255008, episodic_return=0.0
global_step=255024, episodic_return=0.649
global_step=255032, episodic_return=0.0
global_step=255180, episodic_return=0.31599999999999995
global_step=255412, episodic_return=0.0
global_step=255428, episodic_return=0.0
global_step=255436, episodic_return=0.0
global_step=255488, episodic_return=0.31599999999999995
SPS: 3265
global_step=255532, episodic_return=0.91
global_step=255732, episodic_return=0.5589999999999999
global_step=255816, episodic_return=0.0
global_step=255832, episodic_return=0.0
global_step=255840, episodic_return=0.0
SPS: 3265
global_step=256020, episodic_return=0.586
global_step=256092, episodic_return=0.19899999999999995
global_step=256220, episodic_return=0.0
global_step=256244, episodic_return=0.0
global_step=256324, episodic_return=0.775
global_step=256348, episodic_return=0.43299999999999994
global_step=256420, episodic_return=0.7929999999999999
global_step=256424, episodic_return=0.0
SPS: 3266
global_step=256648, episodic_return=0.0
global_step=256752, episodic_return=0.0
global_step=256788, episodic_return=0.9279999999999999
global_step=256824, episodic_return=0.0
global_step=256828, episodic_return=0.0
SPS: 3266
global_step=257052, episodic_return=0.0
global_step=257060, episodic_return=0.478
global_step=257192, episodic_return=0.0
global_step=257232, episodic_return=0.0
global_step=257332, episodic_return=0.379
global_step=257412, episodic_return=0.604
global_step=257464, episodic_return=0.0
SPS: 3267
global_step=257556, episodic_return=0.802
global_step=257596, episodic_return=0.0
global_step=257680, episodic_return=0.4059999999999999
global_step=257692, episodic_return=0.982
global_step=257736, episodic_return=0.0
global_step=257960, episodic_return=0.0
global_step=258000, episodic_return=0.0
SPS: 3267
global_step=258060, episodic_return=0.874
global_step=258096, episodic_return=0.0
global_step=258140, episodic_return=0.0
global_step=258164, episodic_return=0.55
global_step=258380, episodic_return=0.469
global_step=258464, episodic_return=0.0
global_step=258500, episodic_return=0.0
SPS: 3268
global_step=258568, episodic_return=0.0
global_step=258572, episodic_return=0.847
global_step=258708, episodic_return=0.694
global_step=258732, episodic_return=0.21699999999999997
global_step=258800, episodic_return=0.253
global_step=258940, episodic_return=0.487
global_step=258956, episodic_return=0.973
global_step=258976, episodic_return=0.0
global_step=259032, episodic_return=0.838
SPS: 3268
global_step=259136, episodic_return=0.0
global_step=259204, episodic_return=0.0
global_step=259224, episodic_return=0.45099999999999996
global_step=259248, episodic_return=0.5229999999999999
global_step=259348, episodic_return=0.73
global_step=259440, episodic_return=0.478
global_step=259520, episodic_return=0.829
global_step=259540, episodic_return=0.0
SPS: 3269
global_step=259640, episodic_return=0.784
global_step=259652, episodic_return=0.0
global_step=259752, episodic_return=0.0
global_step=259924, episodic_return=0.0
global_step=260044, episodic_return=0.0
global_step=260056, episodic_return=0.0
SPS: 3269
global_step=260156, episodic_return=0.0
global_step=260328, episodic_return=0.0
global_step=260360, episodic_return=0.32499999999999996
global_step=260448, episodic_return=0.0
global_step=260532, episodic_return=0.622
global_step=260560, episodic_return=0.0
SPS: 3270
global_step=260732, episodic_return=0.0
global_step=260852, episodic_return=0.0
global_step=260936, episodic_return=0.0
global_step=260960, episodic_return=0.10899999999999999
global_step=260984, episodic_return=0.901
global_step=260996, episodic_return=0.4149999999999999
global_step=261068, episodic_return=0.5229999999999999
SPS: 3270
global_step=261188, episodic_return=0.55
global_step=261364, episodic_return=0.0
global_step=261400, episodic_return=0.0
global_step=261472, episodic_return=0.0
global_step=261476, episodic_return=0.757
global_step=261592, episodic_return=0.0
SPS: 3271
global_step=261648, episodic_return=0.883
global_step=261804, episodic_return=0.0
global_step=261856, episodic_return=0.14500000000000002
global_step=261880, episodic_return=0.0
global_step=262016, episodic_return=0.703
global_step=262028, episodic_return=0.5049999999999999
global_step=262044, episodic_return=0.946
global_step=262052, episodic_return=0.0
global_step=262144, episodic_return=0.802
SPS: 3271
global_step=262260, episodic_return=0.0
global_step=262368, episodic_return=0.766
global_step=262432, episodic_return=0.0
global_step=262448, episodic_return=0.0
global_step=262544, episodic_return=0.613
global_step=262548, episodic_return=0.0
global_step=262620, episodic_return=0.586
SPS: 3271
global_step=262664, episodic_return=0.91
global_step=262764, episodic_return=0.514
global_step=262816, episodic_return=0.667
global_step=262848, episodic_return=0.9369999999999999
global_step=262852, episodic_return=0.0
global_step=262952, episodic_return=0.0
global_step=262992, episodic_return=0.919
global_step=263024, episodic_return=0.9369999999999999
global_step=263168, episodic_return=0.0
SPS: 3272
global_step=263252, episodic_return=0.0
global_step=263256, episodic_return=0.0
global_step=263264, episodic_return=0.469
global_step=263352, episodic_return=0.595
global_step=263656, episodic_return=0.0
global_step=263660, episodic_return=0.0
global_step=263668, episodic_return=0.0
SPS: 3272
global_step=263756, episodic_return=0.0
global_step=263856, episodic_return=0.5680000000000001
global_step=264060, episodic_return=0.0
global_step=264072, episodic_return=0.0
global_step=264148, episodic_return=0.352
global_step=264160, episodic_return=0.0
SPS: 3273
global_step=264220, episodic_return=0.6759999999999999
global_step=264360, episodic_return=0.694
global_step=264464, episodic_return=0.0
global_step=264532, episodic_return=0.17199999999999993
global_step=264552, episodic_return=0.0
SPS: 3274
global_step=264764, episodic_return=0.0
global_step=264868, episodic_return=0.0
global_step=264936, episodic_return=0.0
global_step=264956, episodic_return=0.0
global_step=265064, episodic_return=0.5680000000000001
global_step=265072, episodic_return=0.31599999999999995
SPS: 3274
global_step=265296, episodic_return=0.5049999999999999
global_step=265340, episodic_return=0.0
global_step=265360, episodic_return=0.0
global_step=265468, episodic_return=0.0
global_step=265580, episodic_return=0.757
global_step=265600, episodic_return=0.42399999999999993
global_step=265644, episodic_return=0.22599999999999998
global_step=265700, episodic_return=0.883
SPS: 3274
global_step=265764, episodic_return=0.0
global_step=265948, episodic_return=0.22599999999999998
global_step=265984, episodic_return=0.0
global_step=266084, episodic_return=0.14500000000000002
global_step=266124, episodic_return=0.613
global_step=266168, episodic_return=0.0
SPS: 3275
global_step=266388, episodic_return=0.0
global_step=266488, episodic_return=0.0
global_step=266504, episodic_return=0.973
global_step=266520, episodic_return=0.21699999999999997
global_step=266528, episodic_return=0.0
global_step=266636, episodic_return=0.748
SPS: 3275
global_step=266776, episodic_return=0.694
global_step=266784, episodic_return=0.43299999999999994
global_step=266792, episodic_return=0.0
global_step=266828, episodic_return=0.91
global_step=266900, episodic_return=0.847
global_step=266908, episodic_return=0.0
global_step=267076, episodic_return=0.37
global_step=267104, episodic_return=0.946
global_step=267180, episodic_return=0.0
SPS: 3275
global_step=267304, episodic_return=0.0
global_step=267312, episodic_return=0.0
global_step=267380, episodic_return=0.3879999999999999
global_step=267584, episodic_return=0.0
global_step=267708, episodic_return=0.0
global_step=267716, episodic_return=0.0
global_step=267744, episodic_return=0.9279999999999999
SPS: 3275
global_step=267784, episodic_return=0.0
global_step=267884, episodic_return=0.631
global_step=267952, episodic_return=0.5409999999999999
global_step=267988, episodic_return=0.0
global_step=268188, episodic_return=0.0
global_step=268288, episodic_return=0.0
SPS: 3275
global_step=268348, episodic_return=0.118
global_step=268392, episodic_return=0.0
global_step=268444, episodic_return=0.43299999999999994
global_step=268500, episodic_return=0.532
global_step=268752, episodic_return=0.0
global_step=268796, episodic_return=0.0
SPS: 3276
global_step=268848, episodic_return=0.0
global_step=268900, episodic_return=0.775
global_step=268904, episodic_return=0.0
global_step=269048, episodic_return=0.685
global_step=269072, episodic_return=0.5049999999999999
global_step=269156, episodic_return=0.0
global_step=269256, episodic_return=0.20799999999999996
SPS: 3276
global_step=269452, episodic_return=0.0
global_step=269476, episodic_return=0.0
global_step=269532, episodic_return=0.883
global_step=269560, episodic_return=0.0
global_step=269660, episodic_return=0.0
global_step=269768, episodic_return=0.5409999999999999
SPS: 3277
global_step=269856, episodic_return=0.0
global_step=269936, episodic_return=0.0
global_step=270064, episodic_return=0.0
global_step=270172, episodic_return=0.0
global_step=270260, episodic_return=0.0
SPS: 3278
global_step=270340, episodic_return=0.0
global_step=270424, episodic_return=0.44199999999999995
global_step=270468, episodic_return=0.0
global_step=270552, episodic_return=0.352
global_step=270672, episodic_return=0.739
global_step=270744, episodic_return=0.0
global_step=270808, episodic_return=0.244
global_step=270828, episodic_return=0.0
SPS: 3278
global_step=270920, episodic_return=0.802
global_step=270976, episodic_return=0.32499999999999996
global_step=270976, episodic_return=0.883
global_step=271028, episodic_return=0.37
global_step=271212, episodic_return=0.0
global_step=271244, episodic_return=0.9369999999999999
global_step=271256, episodic_return=0.379
SPS: 3279
global_step=271380, episodic_return=0.0
global_step=271428, episodic_return=0.901
global_step=271432, episodic_return=0.0
global_step=271456, episodic_return=0.946
global_step=271460, episodic_return=0.946
global_step=271472, episodic_return=0.4959999999999999
global_step=271556, episodic_return=0.82
global_step=271660, episodic_return=0.0
global_step=271780, episodic_return=0.5049999999999999
global_step=271856, episodic_return=0.118
global_step=271860, episodic_return=0.0
SPS: 3279
global_step=272064, episodic_return=0.0
global_step=272184, episodic_return=0.0
global_step=272212, episodic_return=0.21699999999999997
global_step=272260, episodic_return=0.0
global_step=272272, episodic_return=0.874
SPS: 3279
global_step=272468, episodic_return=0.0
global_step=272588, episodic_return=0.0
global_step=272664, episodic_return=0.0
global_step=272676, episodic_return=0.0
global_step=272800, episodic_return=0.703
global_step=272872, episodic_return=0.0
SPS: 3280
global_step=272936, episodic_return=0.42399999999999993
global_step=272992, episodic_return=0.0
global_step=273040, episodic_return=0.631
global_step=273204, episodic_return=0.0
global_step=273204, episodic_return=0.6399999999999999
global_step=273336, episodic_return=0.10899999999999999
global_step=273336, episodic_return=0.712
global_step=273396, episodic_return=0.0
global_step=273404, episodic_return=0.5589999999999999
SPS: 3280
global_step=273532, episodic_return=0.5680000000000001
global_step=273540, episodic_return=0.55
global_step=273620, episodic_return=0.5229999999999999
global_step=273676, episodic_return=0.883
global_step=273688, episodic_return=0.982
global_step=273800, episodic_return=0.0
SPS: 3280
global_step=273936, episodic_return=0.0
global_step=273944, episodic_return=0.0
global_step=274092, episodic_return=0.0
global_step=274204, episodic_return=0.0
global_step=274248, episodic_return=0.6579999999999999
global_step=274340, episodic_return=0.0
global_step=274348, episodic_return=0.0
global_step=274408, episodic_return=0.55
SPS: 3281
global_step=274468, episodic_return=0.874
global_step=274560, episodic_return=0.802
global_step=274620, episodic_return=0.17199999999999993
global_step=274700, episodic_return=0.19899999999999995
global_step=274752, episodic_return=0.0
global_step=274888, episodic_return=0.703
SPS: 3281
global_step=274964, episodic_return=0.0
global_step=275024, episodic_return=0.0
global_step=275096, episodic_return=0.847
global_step=275104, episodic_return=0.0
global_step=275152, episodic_return=0.901
global_step=275292, episodic_return=0.0
global_step=275368, episodic_return=0.0
SPS: 3282
global_step=275500, episodic_return=0.0
global_step=275556, episodic_return=0.0
global_step=275696, episodic_return=0.0
global_step=275772, episodic_return=0.0
global_step=275904, episodic_return=0.0
global_step=275916, episodic_return=0.685
global_step=275960, episodic_return=0.0
SPS: 3282
global_step=276000, episodic_return=0.82
global_step=276076, episodic_return=0.748
global_step=276100, episodic_return=0.0
global_step=276308, episodic_return=0.0
global_step=276404, episodic_return=0.0
global_step=276412, episodic_return=0.991
global_step=276460, episodic_return=0.14500000000000002
SPS: 3282
global_step=276504, episodic_return=0.0
global_step=276640, episodic_return=0.703
global_step=276712, episodic_return=0.0
global_step=276816, episodic_return=0.0
global_step=276864, episodic_return=0.0
global_step=276960, episodic_return=0.7929999999999999
SPS: 3283
global_step=277044, episodic_return=0.0
global_step=277064, episodic_return=0.964
global_step=277116, episodic_return=0.0
global_step=277160, episodic_return=0.235
global_step=277176, episodic_return=0.973
global_step=277364, episodic_return=0.0
global_step=277456, episodic_return=0.244
global_step=277468, episodic_return=0.0
SPS: 3283
global_step=277580, episodic_return=0.0
global_step=277596, episodic_return=0.973
global_step=277668, episodic_return=0.5589999999999999
global_step=277768, episodic_return=0.0
global_step=277860, episodic_return=0.0
global_step=277940, episodic_return=0.829
global_step=277948, episodic_return=0.991
global_step=278000, episodic_return=0.0
SPS: 3283
global_step=278028, episodic_return=0.946
global_step=278072, episodic_return=0.0
global_step=278172, episodic_return=0.0
global_step=278176, episodic_return=0.6759999999999999
global_step=278212, episodic_return=0.694
global_step=278352, episodic_return=0.0
SPS: 3284
global_step=278576, episodic_return=0.0
global_step=278580, episodic_return=0.0
global_step=278616, episodic_return=0.0
global_step=278756, episodic_return=0.0
global_step=278780, episodic_return=0.955
global_step=278980, episodic_return=0.0
global_step=278984, episodic_return=0.0
global_step=279020, episodic_return=0.0
SPS: 3284
global_step=279124, episodic_return=0.685
global_step=279184, episodic_return=0.0
global_step=279388, episodic_return=0.0
global_step=279424, episodic_return=0.0
global_step=279528, episodic_return=0.0
SPS: 3285
global_step=279568, episodic_return=0.685
global_step=279588, episodic_return=0.0
global_step=279792, episodic_return=0.0
global_step=279932, episodic_return=0.0
global_step=279932, episodic_return=0.235
global_step=279972, episodic_return=0.0
global_step=280024, episodic_return=0.487
SPS: 3285
global_step=280332, episodic_return=0.31599999999999995
global_step=280336, episodic_return=0.0
global_step=280336, episodic_return=0.0
global_step=280376, episodic_return=0.0
SPS: 3286
global_step=280604, episodic_return=0.4059999999999999
global_step=280700, episodic_return=0.7929999999999999
global_step=280736, episodic_return=0.0
global_step=280740, episodic_return=0.0
global_step=280776, episodic_return=0.9279999999999999
global_step=280780, episodic_return=0.0
SPS: 3286
global_step=281104, episodic_return=0.0
global_step=281140, episodic_return=0.0
global_step=281148, episodic_return=0.18099999999999994
global_step=281180, episodic_return=0.0
global_step=281212, episodic_return=0.865
global_step=281276, episodic_return=0.7929999999999999
global_step=281288, episodic_return=0.982
global_step=281292, episodic_return=0.829
global_step=281300, episodic_return=0.5680000000000001
global_step=281448, episodic_return=0.6759999999999999
global_step=281480, episodic_return=0.9369999999999999
global_step=281544, episodic_return=0.0
SPS: 3286
global_step=281692, episodic_return=0.0
global_step=281692, episodic_return=0.6759999999999999
global_step=281696, episodic_return=0.0
global_step=281788, episodic_return=0.7929999999999999
global_step=281824, episodic_return=0.9279999999999999
global_step=281884, episodic_return=0.0
global_step=281964, episodic_return=0.4059999999999999
global_step=282092, episodic_return=0.4059999999999999
global_step=282096, episodic_return=0.0
global_step=282112, episodic_return=0.4959999999999999
SPS: 3286
global_step=282232, episodic_return=0.739
global_step=282284, episodic_return=0.586
global_step=282368, episodic_return=0.0
global_step=282452, episodic_return=0.82
global_step=282496, episodic_return=0.0
global_step=282532, episodic_return=0.9279999999999999
global_step=282564, episodic_return=0.262
global_step=282572, episodic_return=0.739
SPS: 3287
global_step=282688, episodic_return=0.0
global_step=282812, episodic_return=0.469
global_step=282848, episodic_return=0.9279999999999999
global_step=282936, episodic_return=0.0
global_step=282948, episodic_return=0.14500000000000002
global_step=283092, episodic_return=0.0
SPS: 3287
global_step=283140, episodic_return=0.577
global_step=283252, episodic_return=0.0
global_step=283340, episodic_return=0.0
global_step=283496, episodic_return=0.0
global_step=283544, episodic_return=0.0
global_step=283612, episodic_return=0.748
SPS: 3288
global_step=283656, episodic_return=0.0
global_step=283744, episodic_return=0.0
global_step=283792, episodic_return=0.604
global_step=283948, episodic_return=0.0
global_step=284060, episodic_return=0.0
global_step=284148, episodic_return=0.0
SPS: 3287
global_step=284196, episodic_return=0.0
global_step=284352, episodic_return=0.0
global_step=284364, episodic_return=0.982
global_step=284392, episodic_return=0.45999999999999996
global_step=284464, episodic_return=0.0
global_step=284600, episodic_return=0.0
SPS: 3288
global_step=284768, episodic_return=0.0
global_step=284796, episodic_return=0.0
global_step=284868, episodic_return=0.0
global_step=285004, episodic_return=0.0
global_step=285172, episodic_return=0.0
SPS: 3288
global_step=285200, episodic_return=0.0
global_step=285272, episodic_return=0.0
global_step=285408, episodic_return=0.0
global_step=285576, episodic_return=0.0
global_step=285604, episodic_return=0.0
global_step=285676, episodic_return=0.0
SPS: 3289
global_step=285732, episodic_return=0.883
global_step=285800, episodic_return=0.5680000000000001
global_step=285812, episodic_return=0.0
global_step=285820, episodic_return=0.991
global_step=285980, episodic_return=0.0
global_step=286136, episodic_return=0.0
global_step=286204, episodic_return=0.0
SPS: 3289
global_step=286224, episodic_return=0.0
global_step=286384, episodic_return=0.0
global_step=286460, episodic_return=0.478
global_step=286524, episodic_return=0.865
global_step=286540, episodic_return=0.0
global_step=286556, episodic_return=0.622
global_step=286608, episodic_return=0.856
global_step=286608, episodic_return=0.0
SPS: 3289
global_step=286844, episodic_return=0.2889999999999999
global_step=286936, episodic_return=0.802
global_step=286960, episodic_return=0.0
global_step=287012, episodic_return=0.0
global_step=287012, episodic_return=0.0
global_step=287036, episodic_return=0.784
SPS: 3290
global_step=287272, episodic_return=0.30699999999999994
global_step=287344, episodic_return=0.262
global_step=287416, episodic_return=0.0
global_step=287440, episodic_return=0.0
global_step=287472, episodic_return=0.883
global_step=287676, episodic_return=0.0
global_step=287692, episodic_return=0.22599999999999998
global_step=287744, episodic_return=0.32499999999999996
SPS: 3290
global_step=287760, episodic_return=0.82
global_step=287816, episodic_return=0.847
global_step=287876, episodic_return=0.0
global_step=288036, episodic_return=0.514
global_step=288096, episodic_return=0.0
global_step=288140, episodic_return=0.91
global_step=288164, episodic_return=0.0
global_step=288184, episodic_return=0.964
SPS: 3290
global_step=288272, episodic_return=0.118
global_step=288368, episodic_return=0.4959999999999999
global_step=288368, episodic_return=0.595
global_step=288440, episodic_return=0.0
global_step=288476, episodic_return=0.55
SPS: 3291
global_step=288772, episodic_return=0.0
global_step=288772, episodic_return=0.0
global_step=288844, episodic_return=0.0
global_step=288856, episodic_return=0.82
global_step=288880, episodic_return=0.0
global_step=289096, episodic_return=0.44199999999999995
global_step=289176, episodic_return=0.0
global_step=289260, episodic_return=0.0
SPS: 3291
global_step=289284, episodic_return=0.0
global_step=289400, episodic_return=0.748
global_step=289500, episodic_return=0.0
global_step=289580, episodic_return=0.0
global_step=289636, episodic_return=0.883
global_step=289664, episodic_return=0.0
SPS: 3292
global_step=289804, episodic_return=0.0
global_step=289904, episodic_return=0.0
global_step=290012, episodic_return=0.16299999999999992
global_step=290040, episodic_return=0.703
global_step=290068, episodic_return=0.0
global_step=290148, episodic_return=0.766
global_step=290208, episodic_return=0.0
SPS: 3292
global_step=290416, episodic_return=0.0
global_step=290472, episodic_return=0.0
global_step=290552, episodic_return=0.0
global_step=290612, episodic_return=0.0
SPS: 3293
global_step=290820, episodic_return=0.0
global_step=290828, episodic_return=0.5229999999999999
global_step=290876, episodic_return=0.0
global_step=290956, episodic_return=0.0
global_step=291068, episodic_return=0.469
global_step=291140, episodic_return=0.595
global_step=291224, episodic_return=0.0
global_step=291280, episodic_return=0.0
SPS: 3293
global_step=291332, episodic_return=0.766
global_step=291472, episodic_return=0.0
global_step=291544, episodic_return=0.0
global_step=291628, episodic_return=0.82
global_step=291640, episodic_return=0.31599999999999995
global_step=291684, episodic_return=0.0
global_step=291728, episodic_return=0.8109999999999999
global_step=291780, episodic_return=0.667
SPS: 3293
global_step=291876, episodic_return=0.0
global_step=291924, episodic_return=0.469
global_step=292132, episodic_return=0.0
global_step=292184, episodic_return=0.0
global_step=292216, episodic_return=0.244
global_step=292328, episodic_return=0.0
SPS: 3294
global_step=292376, episodic_return=0.901
global_step=292416, episodic_return=0.5589999999999999
global_step=292508, episodic_return=0.16299999999999992
global_step=292588, episodic_return=0.0
global_step=292708, episodic_return=0.739
global_step=292760, episodic_return=0.44199999999999995
global_step=292780, episodic_return=0.0
global_step=292784, episodic_return=0.838
global_step=292820, episodic_return=0.0
SPS: 3294
global_step=292944, episodic_return=0.649
global_step=292952, episodic_return=0.577
global_step=293184, episodic_return=0.0
global_step=293220, episodic_return=0.9279999999999999
global_step=293224, episodic_return=0.0
global_step=293232, episodic_return=0.361
global_step=293356, episodic_return=0.0
SPS: 3295
global_step=293424, episodic_return=0.856
global_step=293624, episodic_return=0.0
global_step=293628, episodic_return=0.0
global_step=293636, episodic_return=0.0
global_step=293684, episodic_return=0.874
global_step=293704, episodic_return=0.379
global_step=293776, episodic_return=0.802
SPS: 3295
global_step=293896, episodic_return=0.4059999999999999
global_step=293904, episodic_return=0.5589999999999999
global_step=294004, episodic_return=0.4959999999999999
global_step=294040, episodic_return=0.0
global_step=294200, episodic_return=0.649
global_step=294300, episodic_return=0.0
global_step=294308, episodic_return=0.0
SPS: 3295
global_step=294408, episodic_return=0.0
global_step=294532, episodic_return=0.5049999999999999
global_step=294604, episodic_return=0.0
global_step=294632, episodic_return=0.5049999999999999
global_step=294704, episodic_return=0.0
SPS: 3296
global_step=294936, episodic_return=0.0
global_step=295008, episodic_return=0.0
global_step=295036, episodic_return=0.0
global_step=295108, episodic_return=0.0
global_step=295148, episodic_return=0.532
global_step=295392, episodic_return=0.45999999999999996
global_step=295412, episodic_return=0.0
SPS: 3296
global_step=295440, episodic_return=0.0
global_step=295512, episodic_return=0.0
global_step=295724, episodic_return=0.30699999999999994
global_step=295796, episodic_return=0.0
global_step=295844, episodic_return=0.0
global_step=295856, episodic_return=0.874
global_step=295916, episodic_return=0.0
global_step=295916, episodic_return=0.847
SPS: 3297
global_step=295944, episodic_return=0.946
global_step=296084, episodic_return=0.631
global_step=296128, episodic_return=0.0
global_step=296184, episodic_return=0.2709999999999999
global_step=296220, episodic_return=0.9279999999999999
global_step=296244, episodic_return=0.33399999999999996
global_step=296300, episodic_return=0.829
global_step=296348, episodic_return=0.901
global_step=296408, episodic_return=0.874
SPS: 3297
global_step=296460, episodic_return=0.5229999999999999
global_step=296464, episodic_return=0.15400000000000003
global_step=296484, episodic_return=0.838
global_step=296532, episodic_return=0.0
global_step=296864, episodic_return=0.0
global_step=296868, episodic_return=0.0
global_step=296888, episodic_return=0.0
global_step=296936, episodic_return=0.0
SPS: 3298
global_step=297068, episodic_return=0.712
global_step=297084, episodic_return=0.5680000000000001
global_step=297100, episodic_return=0.9369999999999999
global_step=297160, episodic_return=0.838
global_step=297196, episodic_return=0.262
global_step=297272, episodic_return=0.0
global_step=297296, episodic_return=0.955
global_step=297296, episodic_return=0.5680000000000001
global_step=297344, episodic_return=0.901
SPS: 3298
global_step=297564, episodic_return=0.0
global_step=297600, episodic_return=0.0
global_step=297624, episodic_return=0.379
global_step=297632, episodic_return=0.856
global_step=297700, episodic_return=0.0
global_step=297764, episodic_return=0.694
global_step=297960, episodic_return=0.2709999999999999
SPS: 3298
global_step=298004, episodic_return=0.0
global_step=298004, episodic_return=0.32499999999999996
global_step=298104, episodic_return=0.784
global_step=298168, episodic_return=0.0
global_step=298292, episodic_return=0.262
global_step=298408, episodic_return=0.0
global_step=298496, episodic_return=0.55
SPS: 3299
global_step=298504, episodic_return=0.253
global_step=298508, episodic_return=0.0
global_step=298536, episodic_return=0.919
global_step=298684, episodic_return=0.613
global_step=298700, episodic_return=0.973
global_step=298756, episodic_return=0.514
global_step=298812, episodic_return=0.0
global_step=298908, episodic_return=0.0
SPS: 3299
global_step=299104, episodic_return=0.22599999999999998
global_step=299104, episodic_return=0.0
global_step=299216, episodic_return=0.0
global_step=299312, episodic_return=0.0
global_step=299452, episodic_return=0.22599999999999998
global_step=299456, episodic_return=0.469
global_step=299468, episodic_return=0.973
global_step=299476, episodic_return=0.6399999999999999
global_step=299508, episodic_return=0.0
SPS: 3299
global_step=299696, episodic_return=0.469
global_step=299812, episodic_return=0.235
global_step=299820, episodic_return=0.73
global_step=299880, episodic_return=0.0
global_step=299892, episodic_return=0.982
global_step=299912, episodic_return=0.0
global_step=299988, episodic_return=0.613
SPS: 3300
global_step=300072, episodic_return=0.604
global_step=300152, episodic_return=0.829
global_step=300196, episodic_return=0.91
global_step=300224, episodic_return=0.0
global_step=300316, episodic_return=0.0
global_step=300388, episodic_return=0.577
global_step=300392, episodic_return=0.0
SPS: 3300
global_step=300560, episodic_return=0.45999999999999996
global_step=300584, episodic_return=0.577
global_step=300628, episodic_return=0.0
global_step=300716, episodic_return=0.6579999999999999
global_step=300784, episodic_return=0.5589999999999999
global_step=300792, episodic_return=0.0
global_step=300832, episodic_return=0.901
global_step=301032, episodic_return=0.0
SPS: 3300
global_step=301120, episodic_return=0.0
global_step=301196, episodic_return=0.0
global_step=301212, episodic_return=0.973
global_step=301236, episodic_return=0.0
global_step=301280, episodic_return=0.45099999999999996
global_step=301376, episodic_return=0.6399999999999999
global_step=301524, episodic_return=0.0
SPS: 3301
global_step=301616, episodic_return=0.469
global_step=301640, episodic_return=0.0
global_step=301656, episodic_return=0.919
global_step=301660, episodic_return=0.15400000000000003
global_step=301700, episodic_return=0.874
global_step=301776, episodic_return=0.838
global_step=301892, episodic_return=0.478
global_step=301904, episodic_return=0.45999999999999996
global_step=301928, episodic_return=0.0
global_step=301940, episodic_return=0.6399999999999999
global_step=301968, episodic_return=0.865
global_step=302012, episodic_return=0.91
SPS: 3300
global_step=302104, episodic_return=0.532
global_step=302172, episodic_return=0.649
global_step=302332, episodic_return=0.0
global_step=302344, episodic_return=0.0
global_step=302404, episodic_return=0.874
global_step=302508, episodic_return=0.0
global_step=302576, episodic_return=0.0
SPS: 3300
global_step=302736, episodic_return=0.0
global_step=302808, episodic_return=0.0
global_step=302912, episodic_return=0.0
global_step=302980, episodic_return=0.0
global_step=303080, episodic_return=0.235
SPS: 3301
global_step=303212, episodic_return=0.487
global_step=303212, episodic_return=0.0
global_step=303316, episodic_return=0.0
global_step=303392, episodic_return=0.604
global_step=303484, episodic_return=0.0
global_step=303496, episodic_return=0.775
global_step=303568, episodic_return=0.82
global_step=303580, episodic_return=0.4149999999999999
global_step=303588, episodic_return=0.991
global_step=303616, episodic_return=0.0
SPS: 3301
global_step=303740, episodic_return=0.45999999999999996
global_step=303780, episodic_return=0.6399999999999999
global_step=303916, episodic_return=0.613
global_step=303944, episodic_return=0.946
global_step=303972, episodic_return=0.0
global_step=303992, episodic_return=0.0
SPS: 3301
global_step=304132, episodic_return=0.649
global_step=304136, episodic_return=0.685
global_step=304184, episodic_return=0.0
global_step=304200, episodic_return=0.973
global_step=304320, episodic_return=0.586
global_step=304348, episodic_return=0.0
global_step=304488, episodic_return=0.21699999999999997
global_step=304496, episodic_return=0.6759999999999999
global_step=304496, episodic_return=0.34299999999999997
global_step=304596, episodic_return=0.784
SPS: 3301
global_step=304684, episodic_return=0.586
global_step=304724, episodic_return=0.0
global_step=304760, episodic_return=0.9279999999999999
global_step=304796, episodic_return=0.31599999999999995
global_step=304824, episodic_return=0.4959999999999999
global_step=304916, episodic_return=0.802
global_step=304976, episodic_return=0.874
global_step=304992, episodic_return=0.31599999999999995
global_step=305100, episodic_return=0.73
SPS: 3302
global_step=305164, episodic_return=0.0
global_step=305200, episodic_return=0.0
global_step=305396, episodic_return=0.0
global_step=305452, episodic_return=0.361
global_step=305504, episodic_return=0.0
global_step=305604, episodic_return=0.0
global_step=305620, episodic_return=0.5049999999999999
SPS: 3302
global_step=305692, episodic_return=0.8109999999999999
global_step=305848, episodic_return=0.4959999999999999
global_step=305856, episodic_return=0.0
global_step=305908, episodic_return=0.0
global_step=306004, episodic_return=0.30699999999999994
global_step=306048, episodic_return=0.5589999999999999
global_step=306116, episodic_return=0.5409999999999999
global_step=306160, episodic_return=0.6579999999999999
SPS: 3302
global_step=306260, episodic_return=0.0
global_step=306452, episodic_return=0.0
global_step=306460, episodic_return=0.235
global_step=306564, episodic_return=0.0
global_step=306612, episodic_return=0.667
global_step=306664, episodic_return=0.0
SPS: 3303
global_step=306724, episodic_return=0.649
global_step=306772, episodic_return=0.649
global_step=306804, episodic_return=0.829
global_step=306856, episodic_return=0.0
global_step=307036, episodic_return=0.604
global_step=307068, episodic_return=0.0
global_step=307108, episodic_return=0.253
SPS: 3303
global_step=307208, episodic_return=0.0
global_step=307304, episodic_return=0.7929999999999999
global_step=307440, episodic_return=0.0
global_step=307472, episodic_return=0.0
global_step=307508, episodic_return=0.10899999999999999
global_step=307508, episodic_return=0.55
global_step=307568, episodic_return=0.7929999999999999
SPS: 3304
global_step=307760, episodic_return=0.2889999999999999
global_step=307824, episodic_return=0.865
global_step=307900, episodic_return=0.127
global_step=307912, episodic_return=0.0
global_step=307972, episodic_return=0.0
global_step=308092, episodic_return=0.4059999999999999
global_step=308132, episodic_return=0.649
global_step=308172, episodic_return=0.829
global_step=308192, episodic_return=0.379
SPS: 3304
global_step=308276, episodic_return=0.16299999999999992
global_step=308380, episodic_return=0.775
global_step=308484, episodic_return=0.21699999999999997
global_step=308576, episodic_return=0.0
global_step=308596, episodic_return=0.0
global_step=308660, episodic_return=0.82
global_step=308732, episodic_return=0.45099999999999996
SPS: 3304
global_step=308784, episodic_return=0.0
global_step=308796, episodic_return=0.5589999999999999
global_step=308960, episodic_return=0.613
global_step=308992, episodic_return=0.9369999999999999
global_step=309060, episodic_return=0.10899999999999999
global_step=309136, episodic_return=0.0
global_step=309200, episodic_return=0.0
SPS: 3305
global_step=309280, episodic_return=0.829
global_step=309328, episodic_return=0.4059999999999999
global_step=309396, episodic_return=0.0
global_step=309428, episodic_return=0.784
global_step=309496, episodic_return=0.856
global_step=309516, episodic_return=0.478
global_step=309540, episodic_return=0.0
global_step=309644, episodic_return=0.721
global_step=309712, episodic_return=0.29799999999999993
SPS: 3305
global_step=309780, episodic_return=0.469
global_step=309900, episodic_return=0.0
global_step=310048, episodic_return=0.0
global_step=310092, episodic_return=0.91
global_step=310104, episodic_return=0.2799999999999999
global_step=310116, episodic_return=0.0
global_step=310164, episodic_return=0.4149999999999999
global_step=310172, episodic_return=0.991
SPS: 3305
global_step=310304, episodic_return=0.586
global_step=310444, episodic_return=0.21699999999999997
global_step=310508, episodic_return=0.0
global_step=310516, episodic_return=0.847
global_step=310568, episodic_return=0.4149999999999999
global_step=310576, episodic_return=0.0
global_step=310660, episodic_return=0.667
global_step=310752, episodic_return=0.595
SPS: 3305
global_step=310816, episodic_return=0.33399999999999996
global_step=310828, episodic_return=0.631
global_step=310900, episodic_return=0.6759999999999999
global_step=310980, episodic_return=0.0
global_step=311004, episodic_return=0.955
global_step=311180, episodic_return=0.613
global_step=311220, episodic_return=0.0
global_step=311232, episodic_return=0.0
SPS: 3305
global_step=311304, episodic_return=0.0
global_step=311484, episodic_return=0.4149999999999999
global_step=311584, episodic_return=0.0
global_step=311636, episodic_return=0.0
global_step=311644, episodic_return=0.649
global_step=311692, episodic_return=0.883
global_step=311708, episodic_return=0.0
global_step=311776, episodic_return=0.856
SPS: 3306
global_step=311844, episodic_return=0.42399999999999993
global_step=311856, episodic_return=0.532
global_step=311872, episodic_return=0.973
global_step=311940, episodic_return=0.6399999999999999
global_step=312096, episodic_return=0.0
global_step=312180, episodic_return=0.82
global_step=312248, episodic_return=0.0
global_step=312276, episodic_return=0.0
SPS: 3306
global_step=312344, episodic_return=0.0
global_step=312384, episodic_return=0.919
global_step=312412, episodic_return=0.6399999999999999
global_step=312456, episodic_return=0.3879999999999999
global_step=312580, episodic_return=0.32499999999999996
global_step=312636, episodic_return=0.883
global_step=312656, episodic_return=0.964
global_step=312676, episodic_return=0.352
global_step=312704, episodic_return=0.352
global_step=312812, episodic_return=0.6579999999999999
SPS: 3306
global_step=312860, episodic_return=0.0
global_step=312984, episodic_return=0.73
global_step=313080, episodic_return=0.0
global_step=313108, episodic_return=0.0
global_step=313216, episodic_return=0.0
global_step=313232, episodic_return=0.667
global_step=313320, episodic_return=0.253
SPS: 3306
global_step=313408, episodic_return=0.8109999999999999
global_step=313456, episodic_return=0.5049999999999999
global_step=313512, episodic_return=0.0
global_step=313532, episodic_return=0.29799999999999993
global_step=313572, episodic_return=0.874
global_step=313640, episodic_return=0.766
global_step=313768, episodic_return=0.721
global_step=313812, episodic_return=0.0
SPS: 3307
global_step=313860, episodic_return=0.0
global_step=313872, episodic_return=0.775
global_step=313912, episodic_return=0.892
global_step=313976, episodic_return=0.0
global_step=314020, episodic_return=0.91
global_step=314080, episodic_return=0.5409999999999999
global_step=314164, episodic_return=0.82
global_step=314216, episodic_return=0.0
global_step=314316, episodic_return=0.0
SPS: 3307
global_step=314376, episodic_return=0.874
global_step=314424, episodic_return=0.0
global_step=314568, episodic_return=0.0
global_step=314620, episodic_return=0.0
global_step=314636, episodic_return=0.532
global_step=314688, episodic_return=0.856
global_step=314780, episodic_return=0.0
global_step=314872, episodic_return=0.32499999999999996
SPS: 3307
global_step=314968, episodic_return=0.379
global_step=315040, episodic_return=0.0
global_step=315084, episodic_return=0.748
global_step=315184, episodic_return=0.0
global_step=315192, episodic_return=0.667
global_step=315204, episodic_return=0.964
global_step=315268, episodic_return=0.865
global_step=315276, episodic_return=0.0
SPS: 3307
global_step=315420, episodic_return=0.667
global_step=315488, episodic_return=0.0
global_step=315596, episodic_return=0.0
global_step=315680, episodic_return=0.0
global_step=315784, episodic_return=0.586
global_step=315824, episodic_return=0.0
global_step=315864, episodic_return=0.16299999999999992
global_step=315884, episodic_return=0.55
SPS: 3308
global_step=316068, episodic_return=0.45999999999999996
global_step=316088, episodic_return=0.32499999999999996
global_step=316108, episodic_return=0.964
global_step=316132, episodic_return=0.4059999999999999
global_step=316280, episodic_return=0.118
global_step=316284, episodic_return=0.5229999999999999
SPS: 3308
global_step=316436, episodic_return=0.667
global_step=316504, episodic_return=0.5049999999999999
global_step=316512, episodic_return=0.0
global_step=316536, episodic_return=0.0
global_step=316600, episodic_return=0.6399999999999999
global_step=316608, episodic_return=0.775
global_step=316624, episodic_return=0.973
global_step=316636, episodic_return=0.9279999999999999
global_step=316676, episodic_return=0.694
global_step=316916, episodic_return=0.0
global_step=316928, episodic_return=0.32499999999999996
SPS: 3308
global_step=316984, episodic_return=0.883
global_step=317040, episodic_return=0.0
global_step=317080, episodic_return=0.0
global_step=317128, episodic_return=0.901
global_step=317288, episodic_return=0.32499999999999996
global_step=317320, episodic_return=0.0
global_step=317364, episodic_return=0.2799999999999999
global_step=317440, episodic_return=0.667
SPS: 3308
global_step=317492, episodic_return=0.622
global_step=317532, episodic_return=0.0
global_step=317564, episodic_return=0.5589999999999999
global_step=317756, episodic_return=0.4149999999999999
global_step=317844, episodic_return=0.0
global_step=317880, episodic_return=0.22599999999999998
SPS: 3309
global_step=317968, episodic_return=0.0
global_step=318008, episodic_return=0.6399999999999999
global_step=318160, episodic_return=0.0
global_step=318180, episodic_return=0.622
global_step=318284, episodic_return=0.0
global_step=318324, episodic_return=0.20799999999999996
global_step=318332, episodic_return=0.667
global_step=318344, episodic_return=0.595
global_step=318456, episodic_return=0.73
SPS: 3309
global_step=318604, episodic_return=0.379
global_step=318680, episodic_return=0.5049999999999999
global_step=318688, episodic_return=0.0
global_step=318712, episodic_return=0.18099999999999994
global_step=318748, episodic_return=0.856
global_step=318784, episodic_return=0.9279999999999999
global_step=318948, episodic_return=0.478
SPS: 3309
global_step=319008, episodic_return=0.0
global_step=319036, episodic_return=0.946
global_step=319092, episodic_return=0.0
global_step=319188, episodic_return=0.0
global_step=319196, episodic_return=0.649
global_step=319248, episodic_return=0.892
global_step=319280, episodic_return=0.586
global_step=319352, episodic_return=0.0
global_step=319396, episodic_return=0.5409999999999999
global_step=319456, episodic_return=0.5409999999999999
global_step=319476, episodic_return=0.964
SPS: 3308
global_step=319644, episodic_return=0.18999999999999995
global_step=319668, episodic_return=0.29799999999999993
global_step=319800, episodic_return=0.0
global_step=319880, episodic_return=0.0
global_step=320000, episodic_return=0.739
SPS: 3309
global_step=320048, episodic_return=0.0
global_step=320072, episodic_return=0.0
global_step=320104, episodic_return=0.775
global_step=320204, episodic_return=0.0
global_step=320224, episodic_return=0.667
global_step=320416, episodic_return=0.30699999999999994
global_step=320452, episodic_return=0.0
SPS: 3309
global_step=320532, episodic_return=0.829
global_step=320608, episodic_return=0.0
global_step=320628, episodic_return=0.0
global_step=320816, episodic_return=0.5409999999999999
global_step=320820, episodic_return=0.0
global_step=320844, episodic_return=0.946
global_step=320880, episodic_return=0.44199999999999995
global_step=320936, episodic_return=0.0
SPS: 3309
global_step=321068, episodic_return=0.5049999999999999
global_step=321224, episodic_return=0.0
global_step=321284, episodic_return=0.0
global_step=321312, episodic_return=0.946
global_step=321340, episodic_return=0.0
global_step=321352, episodic_return=0.721
global_step=321372, episodic_return=0.964
global_step=321472, episodic_return=0.0
SPS: 3309
global_step=321672, episodic_return=0.262
global_step=321716, episodic_return=0.0
global_step=321772, episodic_return=0.883
global_step=321776, episodic_return=0.0
global_step=321876, episodic_return=0.0
global_step=321924, episodic_return=0.667
global_step=322024, episodic_return=0.6759999999999999
global_step=322032, episodic_return=0.43299999999999994
SPS: 3310
global_step=322068, episodic_return=0.118
global_step=322084, episodic_return=0.874
global_step=322228, episodic_return=0.649
global_step=322328, episodic_return=0.0
global_step=322428, episodic_return=0.784
global_step=322436, episodic_return=0.0
global_step=322488, episodic_return=0.0
SPS: 3310
global_step=322572, episodic_return=0.235
global_step=322740, episodic_return=0.30699999999999994
global_step=322776, episodic_return=0.9279999999999999
global_step=322840, episodic_return=0.0
global_step=322892, episodic_return=0.0
global_step=322976, episodic_return=0.0
global_step=322992, episodic_return=0.784
global_step=323068, episodic_return=0.4959999999999999
SPS: 3310
global_step=323104, episodic_return=0.2709999999999999
global_step=323380, episodic_return=0.0
global_step=323392, episodic_return=0.10899999999999999
global_step=323472, episodic_return=0.0
global_step=323508, episodic_return=0.0
global_step=323528, episodic_return=0.703
SPS: 3311
global_step=323772, episodic_return=0.33399999999999996
global_step=323784, episodic_return=0.0
global_step=323912, episodic_return=0.0
global_step=323932, episodic_return=0.0
global_step=323956, episodic_return=0.955
SPS: 3311
global_step=324176, episodic_return=0.0
global_step=324188, episodic_return=0.0
global_step=324316, episodic_return=0.0
global_step=324360, episodic_return=0.0
global_step=324460, episodic_return=0.784
global_step=324480, episodic_return=0.32499999999999996
global_step=324592, episodic_return=0.0
SPS: 3312
global_step=324720, episodic_return=0.0
global_step=324864, episodic_return=0.0
global_step=324884, episodic_return=0.0
global_step=324996, episodic_return=0.0
SPS: 3312
global_step=325124, episodic_return=0.0
global_step=325156, episodic_return=0.9369999999999999
global_step=325212, episodic_return=0.22599999999999998
global_step=325264, episodic_return=0.4059999999999999
global_step=325288, episodic_return=0.0
global_step=325300, episodic_return=0.9279999999999999
global_step=325424, episodic_return=0.532
global_step=325468, episodic_return=0.604
global_step=325532, episodic_return=0.16299999999999992
global_step=325560, episodic_return=0.946
global_step=325612, episodic_return=0.685
SPS: 3312
global_step=325704, episodic_return=0.0
global_step=325756, episodic_return=0.5680000000000001
global_step=325828, episodic_return=0.0
global_step=325844, episodic_return=0.8109999999999999
global_step=325912, episodic_return=0.856
global_step=326016, episodic_return=0.0
global_step=326108, episodic_return=0.0
SPS: 3313
global_step=326172, episodic_return=0.6579999999999999
global_step=326232, episodic_return=0.0
global_step=326272, episodic_return=0.19899999999999995
global_step=326480, episodic_return=0.5409999999999999
global_step=326500, episodic_return=0.4059999999999999
global_step=326512, episodic_return=0.0
global_step=326540, episodic_return=0.874
global_step=326576, episodic_return=0.9279999999999999
global_step=326576, episodic_return=0.0
SPS: 3313
global_step=326732, episodic_return=0.514
global_step=326804, episodic_return=0.4959999999999999
global_step=326872, episodic_return=0.856
global_step=326904, episodic_return=0.0
global_step=326980, episodic_return=0.0
global_step=327012, episodic_return=0.9369999999999999
global_step=327016, episodic_return=0.757
global_step=327136, episodic_return=0.0
SPS: 3313
global_step=327244, episodic_return=0.4959999999999999
global_step=327276, episodic_return=0.0
global_step=327356, episodic_return=0.829
global_step=327416, episodic_return=0.0
global_step=327524, episodic_return=0.379
global_step=327540, episodic_return=0.0
global_step=327640, episodic_return=0.748
global_step=327640, episodic_return=0.784
SPS: 3313
global_step=327760, episodic_return=0.0
global_step=327820, episodic_return=0.0
global_step=328000, episodic_return=0.604
global_step=328008, episodic_return=0.45099999999999996
global_step=328044, episodic_return=0.0
global_step=328044, episodic_return=0.0
SPS: 3314
global_step=328208, episodic_return=0.6399999999999999
global_step=328384, episodic_return=0.613
global_step=328404, episodic_return=0.0
global_step=328412, episodic_return=0.0
global_step=328448, episodic_return=0.0
global_step=328592, episodic_return=0.5409999999999999
SPS: 3314
global_step=328804, episodic_return=0.127
global_step=328808, episodic_return=0.0
global_step=328852, episodic_return=0.0
global_step=328996, episodic_return=0.0
global_step=329208, episodic_return=0.0
global_step=329212, episodic_return=0.0
SPS: 3314
global_step=329256, episodic_return=0.0
global_step=329400, episodic_return=0.0
global_step=329528, episodic_return=0.3969999999999999
global_step=329612, episodic_return=0.0
global_step=329616, episodic_return=0.0
global_step=329628, episodic_return=0.973
global_step=329716, episodic_return=0.586
SPS: 3315
global_step=329804, episodic_return=0.0
global_step=329808, episodic_return=0.577
global_step=329928, episodic_return=0.739
global_step=330032, episodic_return=0.0
global_step=330084, episodic_return=0.379
global_step=330120, episodic_return=0.0
global_step=330204, episodic_return=0.82
global_step=330232, episodic_return=0.946
SPS: 3315
global_step=330272, episodic_return=0.919
global_step=330332, episodic_return=0.0
global_step=330372, episodic_return=0.919
global_step=330408, episodic_return=0.703
global_step=330436, episodic_return=0.0
global_step=330488, episodic_return=0.0
global_step=330588, episodic_return=0.784
global_step=330652, episodic_return=0.5229999999999999
global_step=330668, episodic_return=0.34299999999999997
SPS: 3315
global_step=330812, episodic_return=0.0
global_step=330828, episodic_return=0.613
global_step=330992, episodic_return=0.0
global_step=331008, episodic_return=0.604
global_step=331072, episodic_return=0.0
global_step=331136, episodic_return=0.721
global_step=331216, episodic_return=0.0
SPS: 3315
global_step=331396, episodic_return=0.0
global_step=331400, episodic_return=0.2709999999999999
global_step=331540, episodic_return=0.0
global_step=331620, episodic_return=0.0
SPS: 3316
global_step=331800, episodic_return=0.0
global_step=331804, episodic_return=0.0
global_step=331944, episodic_return=0.0
global_step=332024, episodic_return=0.0
global_step=332028, episodic_return=0.5049999999999999
global_step=332120, episodic_return=0.613
global_step=332200, episodic_return=0.622
global_step=332204, episodic_return=0.0
SPS: 3316
global_step=332372, episodic_return=0.44199999999999995
global_step=332412, episodic_return=0.136
global_step=332540, episodic_return=0.253
global_step=332604, episodic_return=0.0
global_step=332636, episodic_return=0.5049999999999999
global_step=332776, episodic_return=0.0
global_step=332792, episodic_return=0.973
SPS: 3316
global_step=332944, episodic_return=0.0
global_step=332960, episodic_return=0.2799999999999999
global_step=333008, episodic_return=0.0
global_step=333032, episodic_return=0.469
global_step=333052, episodic_return=0.964
global_step=333124, episodic_return=0.604
global_step=333208, episodic_return=0.45099999999999996
global_step=333256, episodic_return=0.712
global_step=333288, episodic_return=0.829
SPS: 3317
global_step=333412, episodic_return=0.0
global_step=333444, episodic_return=0.9369999999999999
global_step=333456, episodic_return=0.0
global_step=333532, episodic_return=0.838
global_step=333644, episodic_return=0.5589999999999999
global_step=333660, episodic_return=0.0
global_step=333668, episodic_return=0.703
global_step=333692, episodic_return=0.0
SPS: 3317
global_step=333860, episodic_return=0.5589999999999999
global_step=333896, episodic_return=0.44199999999999995
global_step=333920, episodic_return=0.874
global_step=334060, episodic_return=0.18099999999999994
global_step=334072, episodic_return=0.0
global_step=334184, episodic_return=0.4149999999999999
global_step=334300, episodic_return=0.0
SPS: 3317
global_step=334464, episodic_return=0.0
global_step=334476, episodic_return=0.0
global_step=334532, episodic_return=0.487
global_step=334588, episodic_return=0.0
global_step=334732, episodic_return=0.5589999999999999
global_step=334788, episodic_return=0.5589999999999999
SPS: 3317
global_step=334868, episodic_return=0.0
global_step=334880, episodic_return=0.0
global_step=334960, episodic_return=0.829
global_step=335008, episodic_return=0.3879999999999999
global_step=335112, episodic_return=0.2799999999999999
global_step=335160, episodic_return=0.667
global_step=335212, episodic_return=0.892
global_step=335220, episodic_return=0.42399999999999993
global_step=335264, episodic_return=0.892
global_step=335272, episodic_return=0.991
global_step=335272, episodic_return=0.0
SPS: 3317
global_step=335376, episodic_return=0.6579999999999999
global_step=335396, episodic_return=0.73
global_step=335516, episodic_return=0.0
global_step=335564, episodic_return=0.901
global_step=335676, episodic_return=0.0
global_step=335724, episodic_return=0.649
global_step=335780, episodic_return=0.0
global_step=335784, episodic_return=0.874
global_step=335800, episodic_return=0.0
global_step=335872, episodic_return=0.802
SPS: 3317
global_step=335940, episodic_return=0.6579999999999999
global_step=336080, episodic_return=0.0
global_step=336204, episodic_return=0.0
global_step=336276, episodic_return=0.0
global_step=336344, episodic_return=0.0
global_step=336352, episodic_return=0.6759999999999999
SPS: 3318
global_step=336404, episodic_return=0.892
global_step=336456, episodic_return=0.604
global_step=336484, episodic_return=0.0
global_step=336556, episodic_return=0.667
global_step=336748, episodic_return=0.0
global_step=336860, episodic_return=0.0
global_step=336888, episodic_return=0.0
SPS: 3317
global_step=336900, episodic_return=0.667
global_step=336960, episodic_return=0.0
global_step=336980, episodic_return=0.802
global_step=337068, episodic_return=0.766
global_step=337264, episodic_return=0.0
global_step=337304, episodic_return=0.0
global_step=337384, episodic_return=0.0
global_step=337392, episodic_return=0.8109999999999999
SPS: 3317
global_step=337472, episodic_return=0.0
global_step=337620, episodic_return=0.4959999999999999
global_step=337644, episodic_return=0.42399999999999993
global_step=337668, episodic_return=0.0
global_step=337700, episodic_return=0.829
global_step=337760, episodic_return=0.802
global_step=337812, episodic_return=0.631
global_step=337844, episodic_return=0.82
global_step=337876, episodic_return=0.0
global_step=337912, episodic_return=0.9279999999999999
global_step=337920, episodic_return=0.766
SPS: 3317
global_step=338104, episodic_return=0.0
global_step=338188, episodic_return=0.3879999999999999
global_step=338248, episodic_return=0.0
global_step=338296, episodic_return=0.577
global_step=338316, episodic_return=0.856
global_step=338324, episodic_return=0.0
SPS: 3318
global_step=338464, episodic_return=0.694
global_step=338524, episodic_return=0.5409999999999999
global_step=338592, episodic_return=0.0
global_step=338636, episodic_return=0.622
global_step=338700, episodic_return=0.0
global_step=338732, episodic_return=0.7929999999999999
global_step=338784, episodic_return=0.42399999999999993
global_step=338804, episodic_return=0.847
SPS: 3318
global_step=338972, episodic_return=0.586
global_step=338996, episodic_return=0.0
global_step=339012, episodic_return=0.5409999999999999
global_step=339044, episodic_return=0.235
global_step=339168, episodic_return=0.622
global_step=339280, episodic_return=0.31599999999999995
global_step=339408, episodic_return=0.469
global_step=339416, episodic_return=0.0
global_step=339428, episodic_return=0.6759999999999999
global_step=339440, episodic_return=0.955
global_step=339448, episodic_return=0.0
SPS: 3318
global_step=339524, episodic_return=0.82
global_step=339560, episodic_return=0.757
global_step=339680, episodic_return=0.6579999999999999
global_step=339736, episodic_return=0.2709999999999999
global_step=339824, episodic_return=0.685
global_step=339832, episodic_return=0.0
global_step=339904, episodic_return=0.631
global_step=339964, episodic_return=0.0
SPS: 3318
global_step=339988, episodic_return=0.955
global_step=340120, episodic_return=0.712
global_step=340228, episodic_return=0.0
global_step=340236, episodic_return=0.0
global_step=340308, episodic_return=0.0
global_step=340372, episodic_return=0.703
global_step=340400, episodic_return=0.379
global_step=340468, episodic_return=0.7929999999999999
SPS: 3318
global_step=340508, episodic_return=0.379
global_step=340596, episodic_return=0.8109999999999999
global_step=340712, episodic_return=0.0
global_step=340760, episodic_return=0.352
global_step=340768, episodic_return=0.622
global_step=340804, episodic_return=0.0
global_step=340820, episodic_return=0.892
global_step=340828, episodic_return=0.748
global_step=340924, episodic_return=0.7929999999999999
global_step=340992, episodic_return=0.586
SPS: 3319
global_step=341144, episodic_return=0.2799999999999999
global_step=341164, episodic_return=0.0
global_step=341192, episodic_return=0.901
global_step=341244, episodic_return=0.44199999999999995
global_step=341308, episodic_return=0.748
global_step=341324, episodic_return=0.649
global_step=341328, episodic_return=0.0
SPS: 3319
global_step=341516, episodic_return=0.3969999999999999
global_step=341588, episodic_return=0.42399999999999993
global_step=341648, episodic_return=0.2799999999999999
global_step=341712, episodic_return=0.0
global_step=341740, episodic_return=0.946
global_step=341920, episodic_return=0.0
global_step=341992, episodic_return=0.0
SPS: 3319
global_step=342052, episodic_return=0.0
global_step=342144, episodic_return=0.0
global_step=342324, episodic_return=0.0
global_step=342340, episodic_return=0.22599999999999998
global_step=342352, episodic_return=0.33399999999999996
global_step=342424, episodic_return=0.847
global_step=342436, episodic_return=0.352
global_step=342468, episodic_return=0.685
global_step=342484, episodic_return=0.874
SPS: 3319
global_step=342744, episodic_return=0.0
global_step=342840, episodic_return=0.0
global_step=342872, episodic_return=0.0
global_step=342888, episodic_return=0.0
global_step=342892, episodic_return=0.892
global_step=343032, episodic_return=0.649
SPS: 3320
global_step=343148, episodic_return=0.0
global_step=343164, episodic_return=0.973
global_step=343224, episodic_return=0.874
global_step=343292, episodic_return=0.0
global_step=343296, episodic_return=0.0
global_step=343316, episodic_return=0.802
global_step=343356, episodic_return=0.2799999999999999
global_step=343424, episodic_return=0.856
SPS: 3320
global_step=343664, episodic_return=0.469
global_step=343696, episodic_return=0.0
global_step=343700, episodic_return=0.0
global_step=343708, episodic_return=0.982
global_step=343720, episodic_return=0.0
global_step=343732, episodic_return=0.856
global_step=343748, episodic_return=0.919
global_step=343832, episodic_return=0.784
global_step=343968, episodic_return=0.45099999999999996
global_step=343980, episodic_return=0.6759999999999999
global_step=343992, episodic_return=0.352
global_step=344060, episodic_return=0.856
SPS: 3320
global_step=344152, episodic_return=0.0
global_step=344360, episodic_return=0.15400000000000003
global_step=344372, episodic_return=0.0
global_step=344380, episodic_return=0.2889999999999999
global_step=344556, episodic_return=0.0
global_step=344564, episodic_return=0.55
SPS: 3320
global_step=344652, episodic_return=0.379
global_step=344784, episodic_return=0.0
global_step=344800, episodic_return=0.6759999999999999
global_step=344960, episodic_return=0.0
global_step=344968, episodic_return=0.0
SPS: 3320
global_step=345188, episodic_return=0.0
global_step=345204, episodic_return=0.0
global_step=345216, episodic_return=0.946
global_step=345364, episodic_return=0.0
global_step=345368, episodic_return=0.667
global_step=345372, episodic_return=0.0
global_step=345452, episodic_return=0.45099999999999996
global_step=345596, episodic_return=0.4959999999999999
SPS: 3321
global_step=345636, episodic_return=0.595
global_step=345768, episodic_return=0.0
global_step=345776, episodic_return=0.0
global_step=345788, episodic_return=0.577
global_step=345800, episodic_return=0.9369999999999999
global_step=345840, episodic_return=0.55
global_step=345868, episodic_return=0.946
global_step=345904, episodic_return=0.721
global_step=345944, episodic_return=0.685
global_step=345976, episodic_return=0.9369999999999999
SPS: 3321
global_step=346192, episodic_return=0.0
global_step=346272, episodic_return=0.0
global_step=346308, episodic_return=0.0
global_step=346360, episodic_return=0.8109999999999999
global_step=346380, episodic_return=0.847
global_step=346380, episodic_return=0.0
global_step=346528, episodic_return=0.631
global_step=346596, episodic_return=0.0
SPS: 3321
global_step=346648, episodic_return=0.4059999999999999
global_step=346728, episodic_return=0.829
global_step=346760, episodic_return=0.15400000000000003
global_step=346932, episodic_return=0.0
global_step=347000, episodic_return=0.0
global_step=347096, episodic_return=0.18099999999999994
SPS: 3321
global_step=347164, episodic_return=0.0
global_step=347192, episodic_return=0.946
global_step=347276, episodic_return=0.3879999999999999
global_step=347336, episodic_return=0.0
global_step=347500, episodic_return=0.0
global_step=347576, episodic_return=0.469
global_step=347596, episodic_return=0.0
global_step=347616, episodic_return=0.919
SPS: 3321
global_step=347680, episodic_return=0.0
global_step=347812, episodic_return=0.5229999999999999
global_step=347876, episodic_return=0.865
global_step=347904, episodic_return=0.0
global_step=347932, episodic_return=0.44199999999999995
global_step=347948, episodic_return=0.973
global_step=348012, episodic_return=0.766
global_step=348020, episodic_return=0.0
global_step=348088, episodic_return=0.838
global_step=348104, episodic_return=0.4959999999999999
SPS: 3321
global_step=348164, episodic_return=0.5229999999999999
global_step=348184, episodic_return=0.7929999999999999
global_step=348216, episodic_return=0.9369999999999999
global_step=348316, episodic_return=0.784
global_step=348348, episodic_return=0.45999999999999996
global_step=348424, episodic_return=0.0
global_step=348508, episodic_return=0.577
global_step=348556, episodic_return=0.712
global_step=348568, episodic_return=0.0
SPS: 3322
global_step=348752, episodic_return=0.0
global_step=348860, episodic_return=0.766
global_step=348912, episodic_return=0.0
global_step=348960, episodic_return=0.0
global_step=348972, episodic_return=0.0
SPS: 3322
global_step=349264, episodic_return=0.0
global_step=349316, episodic_return=0.0
global_step=349364, episodic_return=0.0
global_step=349376, episodic_return=0.0
global_step=349484, episodic_return=0.631
global_step=349492, episodic_return=0.748
global_step=349608, episodic_return=0.73
global_step=349668, episodic_return=0.0
SPS: 3322
global_step=349712, episodic_return=0.22599999999999998
global_step=349712, episodic_return=0.775
global_step=349852, episodic_return=0.694
global_step=349896, episodic_return=0.0
global_step=349904, episodic_return=0.892
global_step=350072, episodic_return=0.0
global_step=350108, episodic_return=0.118
global_step=350124, episodic_return=0.892
global_step=350156, episodic_return=0.901
SPS: 3322
global_step=350300, episodic_return=0.0
global_step=350308, episodic_return=0.0
global_step=350336, episodic_return=0.532
global_step=350456, episodic_return=0.6579999999999999
global_step=350464, episodic_return=0.6579999999999999
global_step=350528, episodic_return=0.865
global_step=350560, episodic_return=0.0
global_step=350640, episodic_return=0.595
SPS: 3323
global_step=350740, episodic_return=0.0
global_step=350752, episodic_return=0.982
global_step=350904, episodic_return=0.235
global_step=350920, episodic_return=0.127
global_step=351016, episodic_return=0.7929999999999999
global_step=351032, episodic_return=0.973
global_step=351044, episodic_return=0.0
global_step=351088, episodic_return=0.253
global_step=351220, episodic_return=0.29799999999999993
SPS: 3323
global_step=351264, episodic_return=0.613
global_step=351292, episodic_return=0.42399999999999993
global_step=351448, episodic_return=0.0
global_step=351564, episodic_return=0.748
global_step=351624, episodic_return=0.0
global_step=351668, episodic_return=0.0
global_step=351692, episodic_return=0.721
global_step=351696, episodic_return=0.0
SPS: 3323
global_step=351800, episodic_return=0.613
global_step=352072, episodic_return=0.0
global_step=352096, episodic_return=0.0
global_step=352100, episodic_return=0.0
global_step=352204, episodic_return=0.0
SPS: 3323
global_step=352288, episodic_return=0.586
global_step=352392, episodic_return=0.2889999999999999
global_step=352500, episodic_return=0.0
global_step=352600, episodic_return=0.784
global_step=352608, episodic_return=0.0
global_step=352692, episodic_return=0.0
global_step=352740, episodic_return=0.22599999999999998
SPS: 3323
global_step=352876, episodic_return=0.4059999999999999
global_step=352888, episodic_return=0.5680000000000001
global_step=352916, episodic_return=0.919
global_step=352956, episodic_return=0.856
global_step=353004, episodic_return=0.0
global_step=353096, episodic_return=0.20799999999999996
global_step=353140, episodic_return=0.703
global_step=353168, episodic_return=0.946
SPS: 3324
global_step=353320, episodic_return=0.0
global_step=353356, episodic_return=0.586
global_step=353360, episodic_return=0.0
global_step=353420, episodic_return=0.784
global_step=353444, episodic_return=0.955
global_step=353468, episodic_return=0.757
global_step=353484, episodic_return=0.136
global_step=353624, episodic_return=0.6579999999999999
global_step=353644, episodic_return=0.649
global_step=353764, episodic_return=0.0
SPS: 3324
global_step=353848, episodic_return=0.0
global_step=353932, episodic_return=0.82
global_step=353968, episodic_return=0.55
global_step=353988, episodic_return=0.18999999999999995
global_step=354048, episodic_return=0.0
global_step=354048, episodic_return=0.874
global_step=354088, episodic_return=0.919
global_step=354196, episodic_return=0.766
global_step=354248, episodic_return=0.5589999999999999
global_step=354304, episodic_return=0.253
SPS: 3323
global_step=354336, episodic_return=0.0
global_step=354396, episodic_return=0.6759999999999999
global_step=354460, episodic_return=0.865
global_step=354468, episodic_return=0.3969999999999999
global_step=354496, episodic_return=0.649
global_step=354576, episodic_return=0.829
global_step=354576, episodic_return=0.3969999999999999
global_step=354624, episodic_return=0.901
global_step=354656, episodic_return=0.829
global_step=354724, episodic_return=0.784
global_step=354816, episodic_return=0.20799999999999996
SPS: 3323
global_step=354872, episodic_return=0.0
global_step=354956, episodic_return=0.694
global_step=354960, episodic_return=0.478
global_step=355036, episodic_return=0.838
global_step=355060, episodic_return=0.0
global_step=355204, episodic_return=0.631
global_step=355276, episodic_return=0.0
SPS: 3323
global_step=355360, episodic_return=0.0
global_step=355392, episodic_return=0.586
global_step=355464, episodic_return=0.0
global_step=355476, episodic_return=0.5589999999999999
global_step=355528, episodic_return=0.631
global_step=355572, episodic_return=0.7929999999999999
global_step=355624, episodic_return=0.487
global_step=355628, episodic_return=0.883
global_step=355648, episodic_return=0.595
global_step=355664, episodic_return=0.919
global_step=355708, episodic_return=0.91
global_step=355736, episodic_return=0.766
global_step=355772, episodic_return=0.865
SPS: 3323
global_step=355932, episodic_return=0.0
global_step=355940, episodic_return=0.55
global_step=355976, episodic_return=0.91
global_step=356052, episodic_return=0.0
global_step=356172, episodic_return=0.10899999999999999
global_step=356204, episodic_return=0.4959999999999999
global_step=356344, episodic_return=0.0
global_step=356348, episodic_return=0.613
SPS: 3324
global_step=356384, episodic_return=0.262
global_step=356460, episodic_return=0.43299999999999994
global_step=356516, episodic_return=0.712
global_step=356748, episodic_return=0.0
global_step=356752, episodic_return=0.0
global_step=356856, episodic_return=0.118
SPS: 3324
global_step=356920, episodic_return=0.0
global_step=356968, episodic_return=0.901
global_step=357056, episodic_return=0.32499999999999996
global_step=357068, episodic_return=0.2889999999999999
global_step=357260, episodic_return=0.0
global_step=357372, episodic_return=0.0
SPS: 3324
global_step=357460, episodic_return=0.0
global_step=357472, episodic_return=0.0
global_step=357664, episodic_return=0.0
global_step=357700, episodic_return=0.4959999999999999
global_step=357776, episodic_return=0.0
global_step=357848, episodic_return=0.847
global_step=357864, episodic_return=0.0
SPS: 3325
global_step=357900, episodic_return=0.892
global_step=358068, episodic_return=0.0
global_step=358084, episodic_return=0.514
global_step=358104, episodic_return=0.0
global_step=358176, episodic_return=0.802
global_step=358216, episodic_return=0.757
global_step=358236, episodic_return=0.253
global_step=358264, episodic_return=0.5680000000000001
global_step=358340, episodic_return=0.6399999999999999
SPS: 3325
global_step=358524, episodic_return=0.595
global_step=358528, episodic_return=0.4149999999999999
global_step=358552, episodic_return=0.253
global_step=358640, episodic_return=0.0
global_step=358668, episodic_return=0.748
global_step=358892, episodic_return=0.18099999999999994
SPS: 3325
global_step=358932, episodic_return=0.0
global_step=358968, episodic_return=0.9279999999999999
global_step=358988, episodic_return=0.2889999999999999
global_step=359028, episodic_return=0.703
global_step=359044, episodic_return=0.0
global_step=359288, episodic_return=0.42399999999999993
global_step=359288, episodic_return=0.33399999999999996
global_step=359316, episodic_return=0.946
global_step=359328, episodic_return=0.37
global_step=359372, episodic_return=0.0
SPS: 3325
global_step=359508, episodic_return=0.577
global_step=359568, episodic_return=0.379
global_step=359640, episodic_return=0.847
global_step=359668, episodic_return=0.244
global_step=359680, episodic_return=0.31599999999999995
global_step=359772, episodic_return=0.712
global_step=359836, episodic_return=0.2709999999999999
global_step=359840, episodic_return=0.856
SPS: 3326
global_step=359940, episodic_return=0.775
global_step=359972, episodic_return=0.712
global_step=360028, episodic_return=0.883
global_step=360072, episodic_return=0.0
global_step=360084, episodic_return=0.0
global_step=360088, episodic_return=0.6759999999999999
global_step=360164, episodic_return=0.802
global_step=360296, episodic_return=0.4059999999999999
global_step=360356, episodic_return=0.874
global_step=360388, episodic_return=0.33399999999999996
SPS: 3326
global_step=360488, episodic_return=0.0
global_step=360512, episodic_return=0.22599999999999998
global_step=360540, episodic_return=0.892
global_step=360544, episodic_return=0.6579999999999999
global_step=360684, episodic_return=0.685
global_step=360740, episodic_return=0.4959999999999999
global_step=360760, episodic_return=0.0
global_step=360948, episodic_return=0.0
SPS: 3326
global_step=361072, episodic_return=0.30699999999999994
global_step=361088, episodic_return=0.0
global_step=361140, episodic_return=0.577
global_step=361144, episodic_return=0.0
global_step=361428, episodic_return=0.244
global_step=361460, episodic_return=0.29799999999999993
global_step=361464, episodic_return=0.2799999999999999
SPS: 3327
global_step=361476, episodic_return=0.0
global_step=361520, episodic_return=0.802
global_step=361604, episodic_return=0.685
global_step=361620, episodic_return=0.685
global_step=361644, episodic_return=0.955
global_step=361680, episodic_return=0.649
global_step=361868, episodic_return=0.0
global_step=361888, episodic_return=0.37
global_step=361964, episodic_return=0.7929999999999999
global_step=361984, episodic_return=0.964
SPS: 3327
global_step=362048, episodic_return=0.0
global_step=362084, episodic_return=0.0
global_step=362176, episodic_return=0.721
global_step=362204, episodic_return=0.739
global_step=362292, episodic_return=0.0
global_step=362336, episodic_return=0.649
global_step=362376, episodic_return=0.622
global_step=362388, episodic_return=0.0
SPS: 3327
global_step=362516, episodic_return=0.721
global_step=362628, episodic_return=0.253
global_step=362740, episodic_return=0.0
global_step=362780, episodic_return=0.0
global_step=362920, episodic_return=0.0
global_step=362944, episodic_return=0.955
global_step=362984, episodic_return=0.45999999999999996
global_step=362984, episodic_return=0.20799999999999996
SPS: 3327
global_step=363020, episodic_return=0.9279999999999999
global_step=363080, episodic_return=0.7929999999999999
global_step=363148, episodic_return=0.55
global_step=363152, episodic_return=0.847
global_step=363184, episodic_return=0.0
global_step=363196, episodic_return=0.901
global_step=363264, episodic_return=0.829
global_step=363340, episodic_return=0.838
global_step=363344, episodic_return=0.2799999999999999
global_step=363376, episodic_return=0.5049999999999999
SPS: 3328
global_step=363600, episodic_return=0.0
global_step=363652, episodic_return=0.30699999999999994
global_step=363720, episodic_return=0.856
global_step=363748, episodic_return=0.0
global_step=363780, episodic_return=0.0
global_step=363908, episodic_return=0.586
global_step=364004, episodic_return=0.0
SPS: 3328
global_step=364140, episodic_return=0.703
global_step=364152, episodic_return=0.0
global_step=364184, episodic_return=0.0
global_step=364244, episodic_return=0.253
global_step=364400, episodic_return=0.42399999999999993
global_step=364472, episodic_return=0.4959999999999999
SPS: 3328
global_step=364556, episodic_return=0.0
global_step=364568, episodic_return=0.7929999999999999
global_step=364580, episodic_return=0.118
global_step=364612, episodic_return=0.532
global_step=364620, episodic_return=0.892
global_step=364692, episodic_return=0.847
global_step=364708, episodic_return=0.667
global_step=364712, episodic_return=0.712
global_step=364812, episodic_return=0.739
global_step=365016, episodic_return=0.0
global_step=365040, episodic_return=0.262
SPS: 3328
global_step=365060, episodic_return=0.964
global_step=365116, episodic_return=0.0
global_step=365216, episodic_return=0.0
global_step=365284, episodic_return=0.631
global_step=365420, episodic_return=0.0
global_step=365464, episodic_return=0.0
global_step=365488, episodic_return=0.955
global_step=365504, episodic_return=0.361
global_step=365564, episodic_return=0.838
SPS: 3329
global_step=365572, episodic_return=0.361
global_step=365656, episodic_return=0.667
global_step=365736, episodic_return=0.829
global_step=365804, episodic_return=0.469
global_step=365824, episodic_return=0.0
global_step=365976, episodic_return=0.0
global_step=366016, episodic_return=0.532
global_step=366016, episodic_return=0.919
SPS: 3329
global_step=366120, episodic_return=0.14500000000000002
global_step=366200, episodic_return=0.16299999999999992
global_step=366260, episodic_return=0.45999999999999996
global_step=366400, episodic_return=0.5589999999999999
global_step=366416, episodic_return=0.6579999999999999
global_step=366420, episodic_return=0.0
global_step=366480, episodic_return=0.19899999999999995
global_step=366576, episodic_return=0.613
SPS: 3329
global_step=366652, episodic_return=0.487
global_step=366672, episodic_return=0.7929999999999999
global_step=366744, episodic_return=0.847
global_step=366820, episodic_return=0.0
global_step=366856, episodic_return=0.9279999999999999
global_step=366884, episodic_return=0.0
global_step=367044, episodic_return=0.33399999999999996
global_step=367056, episodic_return=0.0
SPS: 3329
global_step=367212, episodic_return=0.2709999999999999
global_step=367252, episodic_return=0.5680000000000001
global_step=367260, episodic_return=0.0
global_step=367268, episodic_return=0.5049999999999999
global_step=367420, episodic_return=0.631
global_step=367516, episodic_return=0.45099999999999996
global_step=367552, episodic_return=0.352
global_step=367608, episodic_return=0.883
global_step=367616, episodic_return=0.0
SPS: 3329
global_step=367644, episodic_return=0.9279999999999999
global_step=367664, episodic_return=0.6759999999999999
global_step=367680, episodic_return=0.973
global_step=367708, episodic_return=0.946
global_step=367824, episodic_return=0.09999999999999998
global_step=367960, episodic_return=0.235
global_step=367976, episodic_return=0.973
global_step=368032, episodic_return=0.2799999999999999
global_step=368048, episodic_return=0.0
SPS: 3330
global_step=368228, episodic_return=0.0
global_step=368240, episodic_return=0.982
global_step=368368, episodic_return=0.721
global_step=368380, episodic_return=0.0
global_step=368436, episodic_return=0.0
global_step=368452, episodic_return=0.0
global_step=368508, episodic_return=0.847
SPS: 3330
global_step=368648, episodic_return=0.379
global_step=368784, episodic_return=0.0
global_step=368856, episodic_return=0.0
global_step=368912, episodic_return=0.0
global_step=368940, episodic_return=0.6579999999999999
global_step=368968, episodic_return=0.757
global_step=368996, episodic_return=0.82
global_step=369052, episodic_return=0.0
global_step=369052, episodic_return=0.82
SPS: 3330
global_step=369344, episodic_return=0.0
global_step=369360, episodic_return=0.31599999999999995
global_step=369376, episodic_return=0.9369999999999999
global_step=369400, episodic_return=0.0
global_step=369436, episodic_return=0.838
global_step=369444, episodic_return=0.91
global_step=369456, episodic_return=0.0
global_step=369536, episodic_return=0.649
global_step=369540, episodic_return=0.7929999999999999
global_step=369644, episodic_return=0.5409999999999999
global_step=369656, episodic_return=0.5589999999999999
SPS: 3330
global_step=369688, episodic_return=0.667
global_step=369704, episodic_return=0.6399999999999999
global_step=369796, episodic_return=0.766
global_step=369892, episodic_return=0.45099999999999996
global_step=370000, episodic_return=0.235
global_step=370108, episodic_return=0.0
global_step=370112, episodic_return=0.757
global_step=370148, episodic_return=0.21699999999999997
global_step=370164, episodic_return=0.883
SPS: 3330
global_step=370216, episodic_return=0.892
global_step=370248, episodic_return=0.784
global_step=370256, episodic_return=0.991
global_step=370296, episodic_return=0.0
global_step=370304, episodic_return=0.577
global_step=370316, episodic_return=0.874
global_step=370600, episodic_return=0.37
global_step=370620, episodic_return=0.0
global_step=370636, episodic_return=0.973
global_step=370684, episodic_return=0.136
SPS: 3330
global_step=370708, episodic_return=0.0
global_step=370740, episodic_return=0.775
global_step=370856, episodic_return=0.622
global_step=370864, episodic_return=0.6579999999999999
global_step=370864, episodic_return=0.4149999999999999
global_step=371144, episodic_return=0.0
SPS: 3331
global_step=371260, episodic_return=0.0
global_step=371268, episodic_return=0.0
global_step=371268, episodic_return=0.0
global_step=371308, episodic_return=0.6399999999999999
global_step=371336, episodic_return=0.838
global_step=371396, episodic_return=0.721
global_step=371396, episodic_return=0.874
global_step=371512, episodic_return=0.748
global_step=371520, episodic_return=0.532
global_step=371640, episodic_return=0.739
global_step=371660, episodic_return=0.4149999999999999
global_step=371672, episodic_return=0.0
SPS: 3329
global_step=371720, episodic_return=0.829
global_step=371772, episodic_return=0.757
global_step=371780, episodic_return=0.4059999999999999
global_step=371936, episodic_return=0.4149999999999999
global_step=372124, episodic_return=0.0
global_step=372176, episodic_return=0.0
global_step=372184, episodic_return=0.0
SPS: 3330
global_step=372292, episodic_return=0.20799999999999996
global_step=372344, episodic_return=0.514
global_step=372368, episodic_return=0.595
global_step=372480, episodic_return=0.757
global_step=372580, episodic_return=0.0
global_step=372696, episodic_return=0.0
SPS: 3330
global_step=372748, episodic_return=0.0
global_step=372804, episodic_return=0.766
global_step=372884, episodic_return=0.0
global_step=372984, episodic_return=0.0
global_step=373152, episodic_return=0.0
global_step=373208, episodic_return=0.0
global_step=373244, episodic_return=0.42399999999999993
SPS: 3330
global_step=373288, episodic_return=0.0
global_step=373428, episodic_return=0.514
global_step=373480, episodic_return=0.478
global_step=373556, episodic_return=0.0
global_step=373588, episodic_return=0.9369999999999999
global_step=373692, episodic_return=0.0
SPS: 3330
global_step=373816, episodic_return=0.253
global_step=373828, episodic_return=0.10899999999999999
global_step=373992, episodic_return=0.0
global_step=374092, episodic_return=0.3879999999999999
global_step=374096, episodic_return=0.0
global_step=374128, episodic_return=0.9369999999999999
global_step=374132, episodic_return=0.694
global_step=374192, episodic_return=0.784
global_step=374232, episodic_return=0.0
global_step=374232, episodic_return=0.919
SPS: 3330
global_step=374396, episodic_return=0.4059999999999999
global_step=374448, episodic_return=0.5229999999999999
global_step=374512, episodic_return=0.379
global_step=374536, episodic_return=0.0
global_step=374636, episodic_return=0.469
global_step=374688, episodic_return=0.667
SPS: 3331
global_step=374852, episodic_return=0.0
global_step=374916, episodic_return=0.0
global_step=375016, episodic_return=0.6399999999999999
global_step=375032, episodic_return=0.118
global_step=375092, episodic_return=0.0
global_step=375092, episodic_return=0.613
global_step=375152, episodic_return=0.874
SPS: 3331
global_step=375388, episodic_return=0.17199999999999993
global_step=375396, episodic_return=0.18999999999999995
global_step=375496, episodic_return=0.0
global_step=375556, episodic_return=0.0
global_step=375640, episodic_return=0.44199999999999995
global_step=375788, episodic_return=0.352
global_step=375800, episodic_return=0.0
SPS: 3331
global_step=375936, episodic_return=0.15400000000000003
global_step=376044, episodic_return=0.45999999999999996
global_step=376044, episodic_return=0.0
global_step=376060, episodic_return=0.973
global_step=376164, episodic_return=0.4959999999999999
global_step=376192, episodic_return=0.0
global_step=376200, episodic_return=0.9279999999999999
SPS: 3331
global_step=376324, episodic_return=0.379
global_step=376324, episodic_return=0.4149999999999999
global_step=376360, episodic_return=0.9279999999999999
global_step=376396, episodic_return=0.55
global_step=376556, episodic_return=0.487
global_step=376580, episodic_return=0.514
global_step=376604, episodic_return=0.0
global_step=376624, episodic_return=0.91
global_step=376628, episodic_return=0.487
global_step=376636, episodic_return=0.829
global_step=376712, episodic_return=0.82
SPS: 3331
global_step=376844, episodic_return=0.514
global_step=376968, episodic_return=0.43299999999999994
global_step=377008, episodic_return=0.0
global_step=377028, episodic_return=0.964
global_step=377040, episodic_return=0.0
global_step=377124, episodic_return=0.6579999999999999
global_step=377140, episodic_return=0.757
global_step=377144, episodic_return=0.775
global_step=377148, episodic_return=0.32499999999999996
global_step=377160, episodic_return=0.9279999999999999
global_step=377236, episodic_return=0.7929999999999999
SPS: 3331
global_step=377360, episodic_return=0.5229999999999999
global_step=377412, episodic_return=0.613
global_step=377524, episodic_return=0.757
global_step=377548, episodic_return=0.136
global_step=377552, episodic_return=0.0
global_step=377588, episodic_return=0.4959999999999999
global_step=377616, episodic_return=0.802
SPS: 3331
global_step=377932, episodic_return=0.29799999999999993
global_step=377952, episodic_return=0.0
global_step=377956, episodic_return=0.0
global_step=377992, episodic_return=0.0
global_step=378060, episodic_return=0.721
global_step=378108, episodic_return=0.6579999999999999
global_step=378120, episodic_return=0.6399999999999999
global_step=378136, episodic_return=0.685
global_step=378184, episodic_return=0.901
SPS: 3332
global_step=378376, episodic_return=0.4059999999999999
global_step=378444, episodic_return=0.42399999999999993
global_step=378456, episodic_return=0.829
global_step=378464, episodic_return=0.0
global_step=378464, episodic_return=0.964
global_step=378484, episodic_return=0.964
global_step=378524, episodic_return=0.0
global_step=378860, episodic_return=0.0
global_step=378868, episodic_return=0.0
SPS: 3332
global_step=378888, episodic_return=0.0
global_step=378928, episodic_return=0.0
global_step=378972, episodic_return=0.775
global_step=379024, episodic_return=0.7929999999999999
global_step=379056, episodic_return=0.631
global_step=379264, episodic_return=0.0
global_step=379300, episodic_return=0.45999999999999996
global_step=379364, episodic_return=0.865
global_step=379376, episodic_return=0.0
SPS: 3332
global_step=379428, episodic_return=0.0
global_step=379552, episodic_return=0.613
global_step=379668, episodic_return=0.0
global_step=379708, episodic_return=0.235
global_step=379736, episodic_return=0.856
global_step=379820, episodic_return=0.127
global_step=379820, episodic_return=0.757
global_step=379832, episodic_return=0.7929999999999999
global_step=379832, episodic_return=0.379
SPS: 3332
global_step=379972, episodic_return=0.694
global_step=380000, episodic_return=0.604
global_step=380188, episodic_return=0.5229999999999999
global_step=380224, episodic_return=0.0
global_step=380232, episodic_return=0.10899999999999999
global_step=380348, episodic_return=0.649
global_step=380404, episodic_return=0.0
SPS: 3332
global_step=380428, episodic_return=0.829
global_step=380448, episodic_return=0.5229999999999999
global_step=380512, episodic_return=0.865
global_step=380520, episodic_return=0.802
global_step=380524, episodic_return=0.33399999999999996
global_step=380564, episodic_return=0.649
global_step=380604, episodic_return=0.919
global_step=380620, episodic_return=0.766
global_step=380680, episodic_return=0.838
global_step=380688, episodic_return=0.631
global_step=380772, episodic_return=0.802
global_step=380780, episodic_return=0.802
global_step=380872, episodic_return=0.784
global_step=380928, episodic_return=0.0
SPS: 3332
global_step=381024, episodic_return=0.0
global_step=381032, episodic_return=0.649
global_step=381072, episodic_return=0.919
global_step=381136, episodic_return=0.5409999999999999
global_step=381136, episodic_return=0.865
global_step=381184, episodic_return=0.0
global_step=381248, episodic_return=0.757
global_step=381264, episodic_return=0.469
global_step=381280, episodic_return=0.7929999999999999
global_step=381364, episodic_return=0.4959999999999999
global_step=381428, episodic_return=0.604
global_step=381440, episodic_return=0.613
SPS: 3332
global_step=381668, episodic_return=0.469
global_step=381684, episodic_return=0.0
global_step=381728, episodic_return=0.361
global_step=381768, episodic_return=0.0
global_step=381780, episodic_return=0.757
global_step=381940, episodic_return=0.622
SPS: 3333
global_step=382024, episodic_return=0.82
global_step=382088, episodic_return=0.0
global_step=382088, episodic_return=0.865
global_step=382132, episodic_return=0.0
global_step=382184, episodic_return=0.0
global_step=382292, episodic_return=0.766
global_step=382304, episodic_return=0.622
global_step=382384, episodic_return=0.34299999999999997
global_step=382392, episodic_return=0.784
global_step=382408, episodic_return=0.775
global_step=382448, episodic_return=0.19899999999999995
SPS: 3333
global_step=382500, episodic_return=0.892
global_step=382592, episodic_return=0.5589999999999999
global_step=382788, episodic_return=0.0
global_step=382812, episodic_return=0.0
global_step=382904, episodic_return=0.0
global_step=382908, episodic_return=0.739
global_step=382940, episodic_return=0.721
global_step=382968, episodic_return=0.865
SPS: 3333
global_step=382996, episodic_return=0.0
global_step=383040, episodic_return=0.847
global_step=383168, episodic_return=0.622
global_step=383188, episodic_return=0.379
global_step=383224, episodic_return=0.9279999999999999
global_step=383344, episodic_return=0.0
global_step=383428, episodic_return=0.42399999999999993
global_step=383444, episodic_return=0.0
global_step=383468, episodic_return=0.45999999999999996
SPS: 3333
global_step=383520, episodic_return=0.892
global_step=383596, episodic_return=0.667
global_step=383616, episodic_return=0.3969999999999999
global_step=383680, episodic_return=0.649
global_step=383744, episodic_return=0.721
global_step=383784, episodic_return=0.775
global_step=383832, episodic_return=0.0
global_step=383964, episodic_return=0.514
global_step=383992, episodic_return=0.649
global_step=384000, episodic_return=0.0
SPS: 3333
global_step=384008, episodic_return=0.5049999999999999
global_step=384044, episodic_return=0.892
global_step=384148, episodic_return=0.775
global_step=384368, episodic_return=0.0
global_step=384404, episodic_return=0.0
global_step=384412, episodic_return=0.0
global_step=384488, episodic_return=0.244
SPS: 3333
global_step=384704, episodic_return=0.253
global_step=384712, episodic_return=0.5049999999999999
global_step=384720, episodic_return=0.31599999999999995
global_step=384736, episodic_return=0.9369999999999999
global_step=384740, episodic_return=0.946
global_step=384808, episodic_return=0.0
global_step=385000, episodic_return=0.42399999999999993
SPS: 3334
global_step=385124, episodic_return=0.0
global_step=385140, episodic_return=0.0
global_step=385212, episodic_return=0.0
global_step=385348, episodic_return=0.703
global_step=385404, episodic_return=0.0
global_step=385428, episodic_return=0.361
global_step=385452, episodic_return=0.775
global_step=385528, episodic_return=0.0
SPS: 3334
global_step=385660, episodic_return=0.487
global_step=385808, episodic_return=0.0
global_step=385856, episodic_return=0.0
global_step=385916, episodic_return=0.43299999999999994
global_step=385928, episodic_return=0.739
global_step=385932, episodic_return=0.0
global_step=386000, episodic_return=0.847
SPS: 3334
global_step=386144, episodic_return=0.532
global_step=386260, episodic_return=0.0
global_step=386296, episodic_return=0.667
global_step=386320, episodic_return=0.0
global_step=386328, episodic_return=0.9369999999999999
global_step=386340, episodic_return=0.244
global_step=386372, episodic_return=0.91
global_step=386560, episodic_return=0.586
SPS: 3334
global_step=386664, episodic_return=0.0
global_step=386724, episodic_return=0.0
global_step=386728, episodic_return=0.136
global_step=386964, episodic_return=0.0
global_step=387068, episodic_return=0.0
SPS: 3334
global_step=387128, episodic_return=0.0
global_step=387132, episodic_return=0.0
global_step=387140, episodic_return=0.847
global_step=387156, episodic_return=0.955
global_step=387328, episodic_return=0.18999999999999995
global_step=387432, episodic_return=0.775
global_step=387464, episodic_return=0.31599999999999995
global_step=387532, episodic_return=0.0
global_step=387540, episodic_return=0.766
global_step=387544, episodic_return=0.0
global_step=387556, episodic_return=0.955
global_step=387564, episodic_return=0.964
SPS: 3334
global_step=387756, episodic_return=0.352
global_step=387816, episodic_return=0.42399999999999993
global_step=387900, episodic_return=0.685
global_step=387944, episodic_return=0.0
global_step=387968, episodic_return=0.0
SPS: 3335
global_step=388128, episodic_return=0.595
global_step=388136, episodic_return=0.2889999999999999
global_step=388160, episodic_return=0.9369999999999999
global_step=388212, episodic_return=0.30699999999999994
global_step=388260, episodic_return=0.73
global_step=388332, episodic_return=0.622
global_step=388372, episodic_return=0.0
global_step=388392, episodic_return=0.964
global_step=388416, episodic_return=0.55
global_step=388488, episodic_return=0.6579999999999999
global_step=388608, episodic_return=0.5229999999999999
SPS: 3335
global_step=388664, episodic_return=0.0
global_step=388696, episodic_return=0.5409999999999999
global_step=388728, episodic_return=0.865
global_step=388772, episodic_return=0.838
global_step=388820, episodic_return=0.0
global_step=388856, episodic_return=0.9279999999999999
global_step=388900, episodic_return=0.91
global_step=388964, episodic_return=0.865
global_step=389012, episodic_return=0.0
SPS: 3334
global_step=389132, episodic_return=0.0
global_step=389176, episodic_return=0.0
global_step=389308, episodic_return=0.235
global_step=389416, episodic_return=0.0
global_step=389536, episodic_return=0.0
global_step=389580, episodic_return=0.0
global_step=389600, episodic_return=0.595
SPS: 3335
global_step=389676, episodic_return=0.838
global_step=389712, episodic_return=0.0
global_step=389728, episodic_return=0.973
global_step=389732, episodic_return=0.5680000000000001
global_step=389792, episodic_return=0.874
global_step=389944, episodic_return=0.18999999999999995
global_step=390052, episodic_return=0.766
global_step=390080, episodic_return=0.0
global_step=390132, episodic_return=0.0
SPS: 3335
global_step=390184, episodic_return=0.712
global_step=390196, episodic_return=0.0
global_step=390356, episodic_return=0.3879999999999999
global_step=390380, episodic_return=0.45099999999999996
global_step=390432, episodic_return=0.45099999999999996
global_step=390460, episodic_return=0.946
global_step=390460, episodic_return=0.829
global_step=390600, episodic_return=0.0
global_step=390624, episodic_return=0.4059999999999999
SPS: 3335
global_step=390752, episodic_return=0.667
global_step=390864, episodic_return=0.0
global_step=390864, episodic_return=0.0
global_step=390908, episodic_return=0.6579999999999999
global_step=390932, episodic_return=0.856
global_step=391028, episodic_return=0.0
global_step=391064, episodic_return=0.712
SPS: 3335
global_step=391268, episodic_return=0.0
global_step=391312, episodic_return=0.0
global_step=391360, episodic_return=0.901
global_step=391368, episodic_return=0.991
global_step=391376, episodic_return=0.30699999999999994
global_step=391432, episodic_return=0.0
global_step=391580, episodic_return=0.30699999999999994
global_step=391592, episodic_return=0.649
global_step=391648, episodic_return=0.379
SPS: 3336
global_step=391716, episodic_return=0.73
global_step=391732, episodic_return=0.82
global_step=391744, episodic_return=0.18099999999999994
global_step=391776, episodic_return=0.91
global_step=391868, episodic_return=0.667
global_step=391944, episodic_return=0.5589999999999999
global_step=391984, episodic_return=0.0
global_step=392008, episodic_return=0.865
global_step=392032, episodic_return=0.43299999999999994
global_step=392068, episodic_return=0.5589999999999999
global_step=392084, episodic_return=0.838
SPS: 3336
global_step=392208, episodic_return=0.694
global_step=392208, episodic_return=0.5049999999999999
global_step=392216, episodic_return=0.712
global_step=392232, episodic_return=0.955
global_step=392436, episodic_return=0.0
global_step=392444, episodic_return=0.4959999999999999
global_step=392556, episodic_return=0.757
global_step=392612, episodic_return=0.0
global_step=392636, episodic_return=0.0
SPS: 3336
global_step=392840, episodic_return=0.0
global_step=392856, episodic_return=0.45999999999999996
global_step=392868, episodic_return=0.946
global_step=392960, episodic_return=0.0
global_step=393020, episodic_return=0.667
global_step=393032, episodic_return=0.847
global_step=393040, episodic_return=0.0
global_step=393072, episodic_return=0.892
global_step=393192, episodic_return=0.739
SPS: 3336
global_step=393260, episodic_return=0.0
global_step=393380, episodic_return=0.586
global_step=393436, episodic_return=0.0
global_step=393444, episodic_return=0.0
global_step=393540, episodic_return=0.7929999999999999
global_step=393600, episodic_return=0.6399999999999999
global_step=393608, episodic_return=0.4959999999999999
global_step=393664, episodic_return=0.0
global_step=393688, episodic_return=0.955
SPS: 3336
global_step=393744, episodic_return=0.55
global_step=393940, episodic_return=0.44199999999999995
global_step=393992, episodic_return=0.892
global_step=394004, episodic_return=0.0
global_step=394012, episodic_return=0.0
global_step=394148, episodic_return=0.0
global_step=394164, episodic_return=0.649
global_step=394184, episodic_return=0.622
SPS: 3336
global_step=394360, episodic_return=0.5680000000000001
global_step=394396, episodic_return=0.0
global_step=394528, episodic_return=0.15400000000000003
global_step=394536, episodic_return=0.21699999999999997
global_step=394720, episodic_return=0.577
SPS: 3336
global_step=394760, episodic_return=0.919
global_step=394764, episodic_return=0.0
global_step=394800, episodic_return=0.0
global_step=394940, episodic_return=0.0
global_step=394940, episodic_return=0.694
global_step=395060, episodic_return=0.739
global_step=395152, episodic_return=0.802
global_step=395164, episodic_return=0.0
global_step=395168, episodic_return=0.0
SPS: 3337
global_step=395324, episodic_return=0.649
global_step=395344, episodic_return=0.0
global_step=395396, episodic_return=0.4959999999999999
global_step=395488, episodic_return=0.685
global_step=395500, episodic_return=0.613
global_step=395556, episodic_return=0.0
global_step=395588, episodic_return=0.577
global_step=395684, episodic_return=0.721
global_step=395692, episodic_return=0.55
global_step=395704, episodic_return=0.982
global_step=395776, episodic_return=0.847
SPS: 3337
global_step=395856, episodic_return=0.622
global_step=395904, episodic_return=0.0
global_step=395948, episodic_return=0.622
global_step=395992, episodic_return=0.0
global_step=396260, episodic_return=0.0
SPS: 3337
global_step=396308, episodic_return=0.0
global_step=396352, episodic_return=0.0
global_step=396368, episodic_return=0.16299999999999992
global_step=396432, episodic_return=0.73
global_step=396508, episodic_return=0.694
global_step=396540, episodic_return=0.9369999999999999
global_step=396572, episodic_return=0.9369999999999999
global_step=396660, episodic_return=0.4959999999999999
global_step=396664, episodic_return=0.0
global_step=396756, episodic_return=0.0
global_step=396776, episodic_return=0.964
global_step=396788, episodic_return=0.5229999999999999
SPS: 3337
global_step=396836, episodic_return=0.874
global_step=396904, episodic_return=0.856
global_step=396980, episodic_return=0.577
global_step=397004, episodic_return=0.955
global_step=397012, episodic_return=0.766
global_step=397064, episodic_return=0.0
global_step=397068, episodic_return=0.0
global_step=397280, episodic_return=0.532
SPS: 3337
global_step=397408, episodic_return=0.0
global_step=397416, episodic_return=0.0
global_step=397468, episodic_return=0.0
global_step=397684, episodic_return=0.0
global_step=397812, episodic_return=0.0
global_step=397820, episodic_return=0.0
SPS: 3338
global_step=397840, episodic_return=0.946
global_step=397872, episodic_return=0.0
global_step=397924, episodic_return=0.892
global_step=397952, episodic_return=0.946
global_step=398088, episodic_return=0.0
global_step=398116, episodic_return=0.3879999999999999
global_step=398148, episodic_return=0.5680000000000001
global_step=398204, episodic_return=0.883
global_step=398224, episodic_return=0.0
global_step=398280, episodic_return=0.883
global_step=398308, episodic_return=0.775
SPS: 3338
global_step=398448, episodic_return=0.19899999999999995
global_step=398520, episodic_return=0.0
global_step=398536, episodic_return=0.43299999999999994
global_step=398560, episodic_return=0.955
global_step=398648, episodic_return=0.5589999999999999
global_step=398656, episodic_return=0.7929999999999999
global_step=398668, episodic_return=0.964
global_step=398672, episodic_return=0.667
global_step=398712, episodic_return=0.0
global_step=398836, episodic_return=0.604
global_step=398844, episodic_return=0.712
SPS: 3338
global_step=399072, episodic_return=0.0
global_step=399076, episodic_return=0.469
global_step=399076, episodic_return=0.0
global_step=399104, episodic_return=0.9369999999999999
global_step=399152, episodic_return=0.901
global_step=399164, episodic_return=0.8109999999999999
global_step=399248, episodic_return=0.0
SPS: 3338
global_step=399368, episodic_return=0.55
global_step=399380, episodic_return=0.4959999999999999
global_step=399412, episodic_return=0.91
global_step=399480, episodic_return=0.0
global_step=399500, episodic_return=0.739
global_step=399572, episodic_return=0.802
global_step=399652, episodic_return=0.0
global_step=399752, episodic_return=0.784
global_step=399816, episodic_return=0.0
SPS: 3338
global_step=399904, episodic_return=0.0
global_step=399976, episodic_return=0.0
global_step=400040, episodic_return=0.703
global_step=400080, episodic_return=0.4149999999999999
global_step=400104, episodic_return=0.21699999999999997
global_step=400296, episodic_return=0.577
global_step=400376, episodic_return=0.829
global_step=400380, episodic_return=0.0
global_step=400384, episodic_return=0.32499999999999996
SPS: 3338
global_step=400428, episodic_return=0.136
global_step=400432, episodic_return=0.892
global_step=400472, episodic_return=0.919
global_step=400520, episodic_return=0.901
global_step=400540, episodic_return=0.6399999999999999
global_step=400608, episodic_return=0.856
global_step=400612, episodic_return=0.802
global_step=400628, episodic_return=0.45999999999999996
global_step=400652, episodic_return=0.5049999999999999
global_step=400668, episodic_return=0.874
global_step=400772, episodic_return=0.775
global_step=400776, episodic_return=0.6399999999999999
global_step=400876, episodic_return=0.775
global_step=400876, episodic_return=0.5049999999999999
global_step=400888, episodic_return=0.42399999999999993
global_step=400892, episodic_return=0.973
SPS: 3338
global_step=400932, episodic_return=0.91
global_step=401012, episodic_return=0.478
global_step=401112, episodic_return=0.604
global_step=401136, episodic_return=0.955
global_step=401200, episodic_return=0.586
global_step=401208, episodic_return=0.29799999999999993
global_step=401280, episodic_return=0.0
global_step=401388, episodic_return=0.766
SPS: 3338
global_step=401444, episodic_return=0.45999999999999996
global_step=401512, episodic_return=0.16299999999999992
global_step=401520, episodic_return=0.838
global_step=401592, episodic_return=0.55
global_step=401612, episodic_return=0.0
global_step=401700, episodic_return=0.604
global_step=401708, episodic_return=0.991
global_step=401764, episodic_return=0.44199999999999995
SPS: 3339
global_step=401996, episodic_return=0.0
global_step=402016, episodic_return=0.0
global_step=402024, episodic_return=0.946
global_step=402112, episodic_return=0.0
global_step=402168, episodic_return=0.0
global_step=402240, episodic_return=0.721
global_step=402420, episodic_return=0.0
global_step=402428, episodic_return=0.0
SPS: 3339
global_step=402492, episodic_return=0.847
global_step=402572, episodic_return=0.0
global_step=402640, episodic_return=0.532
global_step=402644, episodic_return=0.0
global_step=402896, episodic_return=0.0
global_step=402924, episodic_return=0.379
SPS: 3339
global_step=402976, episodic_return=0.0
global_step=402984, episodic_return=0.8109999999999999
global_step=403044, episodic_return=0.0
global_step=403132, episodic_return=0.6759999999999999
global_step=403216, episodic_return=0.82
global_step=403220, episodic_return=0.34299999999999997
global_step=403380, episodic_return=0.0
global_step=403396, episodic_return=0.973
global_step=403448, episodic_return=0.0
SPS: 3339
global_step=403580, episodic_return=0.18999999999999995
global_step=403624, episodic_return=0.0
global_step=403756, episodic_return=0.19899999999999995
global_step=403832, episodic_return=0.44199999999999995
global_step=403852, episodic_return=0.0
global_step=403864, episodic_return=0.9369999999999999
global_step=403900, episodic_return=0.901
global_step=403960, episodic_return=0.55
SPS: 3339
global_step=404028, episodic_return=0.0
global_step=404080, episodic_return=0.604
global_step=404128, episodic_return=0.901
global_step=404204, episodic_return=0.613
global_step=404224, episodic_return=0.4149999999999999
global_step=404268, episodic_return=0.0
global_step=404448, episodic_return=0.45999999999999996
global_step=404480, episodic_return=0.21699999999999997
SPS: 3339
global_step=404628, episodic_return=0.0
global_step=404652, episodic_return=0.955
global_step=404672, episodic_return=0.0
global_step=404676, episodic_return=0.4959999999999999
global_step=404748, episodic_return=0.7929999999999999
global_step=404884, episodic_return=0.0
global_step=404944, episodic_return=0.5680000000000001
SPS: 3340
global_step=405052, episodic_return=0.631
global_step=405076, episodic_return=0.0
global_step=405080, episodic_return=0.0
global_step=405180, episodic_return=0.784
global_step=405324, episodic_return=0.15400000000000003
global_step=405324, episodic_return=0.45099999999999996
global_step=405356, episodic_return=0.9369999999999999
global_step=405444, episodic_return=0.127
global_step=405464, episodic_return=0.694
global_step=405496, episodic_return=0.892
SPS: 3340
global_step=405536, episodic_return=0.847
global_step=405584, episodic_return=0.0
global_step=405652, episodic_return=0.6579999999999999
global_step=405652, episodic_return=0.748
global_step=405760, episodic_return=0.0
global_step=405828, episodic_return=0.856
global_step=405852, episodic_return=0.4059999999999999
global_step=405872, episodic_return=0.514
global_step=405988, episodic_return=0.703
SPS: 3340
global_step=406020, episodic_return=0.6759999999999999
global_step=406056, episodic_return=0.0
global_step=406064, episodic_return=0.478
global_step=406096, episodic_return=0.838
global_step=406272, episodic_return=0.5409999999999999
global_step=406304, episodic_return=0.5409999999999999
global_step=406392, episodic_return=0.0
global_step=406456, episodic_return=0.667
global_step=406460, episodic_return=0.0
SPS: 3339
global_step=406636, episodic_return=0.18999999999999995
global_step=406652, episodic_return=0.577
global_step=406796, episodic_return=0.0
global_step=406832, episodic_return=0.5680000000000001
global_step=406860, episodic_return=0.0
global_step=406892, episodic_return=0.9369999999999999
global_step=406924, episodic_return=0.802
global_step=406968, episodic_return=0.838
SPS: 3339
global_step=407056, episodic_return=0.0
global_step=407160, episodic_return=0.18999999999999995
global_step=407188, episodic_return=0.712
global_step=407328, episodic_return=0.0
global_step=407372, episodic_return=0.0
global_step=407380, episodic_return=0.892
global_step=407444, episodic_return=0.865
SPS: 3340
global_step=407564, episodic_return=0.0
global_step=407592, episodic_return=0.0
global_step=407676, episodic_return=0.487
global_step=407688, episodic_return=0.7929999999999999
global_step=407776, episodic_return=0.0
global_step=407968, episodic_return=0.0
SPS: 3340
global_step=408080, episodic_return=0.0
global_step=408092, episodic_return=0.0
global_step=408180, episodic_return=0.0
global_step=408272, episodic_return=0.604
global_step=408372, episodic_return=0.0
global_step=408484, episodic_return=0.0
SPS: 3340
global_step=408584, episodic_return=0.0
global_step=408676, episodic_return=0.0
global_step=408684, episodic_return=0.5589999999999999
global_step=408776, episodic_return=0.0
global_step=408776, episodic_return=0.577
global_step=408896, episodic_return=0.739
global_step=408992, episodic_return=0.29799999999999993
global_step=408992, episodic_return=0.31599999999999995
global_step=409052, episodic_return=0.6579999999999999
SPS: 3340
global_step=409152, episodic_return=0.649
global_step=409176, episodic_return=0.10899999999999999
global_step=409232, episodic_return=0.469
global_step=409244, episodic_return=0.802
global_step=409340, episodic_return=0.6399999999999999
global_step=409456, episodic_return=0.0
global_step=409496, episodic_return=0.919
SPS: 3341
global_step=409636, episodic_return=0.0
global_step=409648, episodic_return=0.0
global_step=409744, episodic_return=0.0
global_step=409776, episodic_return=0.721
global_step=409784, episodic_return=0.361
global_step=410040, episodic_return=0.0
SPS: 3341
global_step=410148, episodic_return=0.0
global_step=410180, episodic_return=0.0
global_step=410188, episodic_return=0.0
global_step=410252, episodic_return=0.775
global_step=410268, episodic_return=0.4959999999999999
global_step=410432, episodic_return=0.604
global_step=410436, episodic_return=0.631
global_step=410524, episodic_return=0.235
global_step=410592, episodic_return=0.0
SPS: 3341
global_step=410636, episodic_return=0.5589999999999999
global_step=410656, episodic_return=0.964
global_step=410772, episodic_return=0.244
global_step=410788, episodic_return=0.4149999999999999
global_step=410924, episodic_return=0.703
global_step=410992, episodic_return=0.514
global_step=410996, episodic_return=0.0
global_step=411032, episodic_return=0.9279999999999999
global_step=411060, episodic_return=0.0
SPS: 3341
global_step=411212, episodic_return=0.361
global_step=411300, episodic_return=0.8109999999999999
global_step=411372, episodic_return=0.15400000000000003
global_step=411436, episodic_return=0.0
global_step=411464, episodic_return=0.0
SPS: 3342
global_step=411660, episodic_return=0.5680000000000001
global_step=411672, episodic_return=0.17199999999999993
global_step=411696, episodic_return=0.955
global_step=411776, episodic_return=0.0
global_step=411840, episodic_return=0.0
global_step=411932, episodic_return=0.802
global_step=411940, episodic_return=0.45999999999999996
global_step=412064, episodic_return=0.0
global_step=412144, episodic_return=0.532
SPS: 3342
global_step=412180, episodic_return=0.0
global_step=412328, episodic_return=0.595
global_step=412344, episodic_return=0.0
global_step=412468, episodic_return=0.0
global_step=412520, episodic_return=0.244
SPS: 3342
global_step=412692, episodic_return=0.622
global_step=412712, episodic_return=0.18099999999999994
global_step=412732, episodic_return=0.0
global_step=412748, episodic_return=0.883
global_step=412820, episodic_return=0.847
global_step=412872, episodic_return=0.0
global_step=412908, episodic_return=0.9279999999999999
global_step=413052, episodic_return=0.685
global_step=413068, episodic_return=0.20799999999999996
global_step=413116, episodic_return=0.865
global_step=413136, episodic_return=0.0
global_step=413148, episodic_return=0.2709999999999999
SPS: 3342
global_step=413380, episodic_return=0.30699999999999994
global_step=413400, episodic_return=0.964
global_step=413404, episodic_return=0.361
global_step=413408, episodic_return=0.3969999999999999
global_step=413552, episodic_return=0.0
global_step=413624, episodic_return=0.847
SPS: 3342
global_step=413804, episodic_return=0.0
global_step=413808, episodic_return=0.0
global_step=413812, episodic_return=0.0
global_step=413848, episodic_return=0.919
global_step=413848, episodic_return=0.91
global_step=414016, episodic_return=0.127
global_step=414064, episodic_return=0.5229999999999999
global_step=414180, episodic_return=0.18099999999999994
SPS: 3342
global_step=414252, episodic_return=0.0
global_step=414268, episodic_return=0.973
global_step=414296, episodic_return=0.379
global_step=414468, episodic_return=0.0
global_step=414572, episodic_return=0.775
global_step=414584, episodic_return=0.0
global_step=414636, episodic_return=0.18099999999999994
global_step=414700, episodic_return=0.0
SPS: 3343
global_step=414824, episodic_return=0.73
global_step=414860, episodic_return=0.5049999999999999
global_step=414900, episodic_return=0.2709999999999999
global_step=414988, episodic_return=0.0
global_step=415044, episodic_return=0.595
global_step=415168, episodic_return=0.4059999999999999
global_step=415188, episodic_return=0.685
global_step=415228, episodic_return=0.0
SPS: 3343
global_step=415392, episodic_return=0.0
global_step=415428, episodic_return=0.5589999999999999
global_step=415572, episodic_return=0.0
global_step=415592, episodic_return=0.0
global_step=415608, episodic_return=0.5229999999999999
global_step=415612, episodic_return=0.919
global_step=415732, episodic_return=0.32499999999999996
SPS: 3343
global_step=415752, episodic_return=0.694
global_step=415760, episodic_return=0.667
global_step=415796, episodic_return=0.55
global_step=416088, episodic_return=0.20799999999999996
global_step=416124, episodic_return=0.18999999999999995
global_step=416156, episodic_return=0.0
global_step=416200, episodic_return=0.0
global_step=416208, episodic_return=0.82
global_step=416248, episodic_return=0.919
SPS: 3343
global_step=416288, episodic_return=0.5589999999999999
global_step=416292, episodic_return=0.91
global_step=416324, episodic_return=0.9369999999999999
global_step=416336, episodic_return=0.901
global_step=416364, episodic_return=0.6399999999999999
global_step=416496, episodic_return=0.244
global_step=416528, episodic_return=0.6399999999999999
global_step=416716, episodic_return=0.127
global_step=416740, episodic_return=0.0
global_step=416744, episodic_return=0.45099999999999996
global_step=416756, episodic_return=0.973
SPS: 3343
global_step=416856, episodic_return=0.757
global_step=416932, episodic_return=0.5229999999999999
global_step=416932, episodic_return=0.0
global_step=417160, episodic_return=0.0
global_step=417172, episodic_return=0.469
global_step=417236, episodic_return=0.865
global_step=417260, episodic_return=0.0
SPS: 3343
global_step=417336, episodic_return=0.0
global_step=417384, episodic_return=0.5049999999999999
global_step=417440, episodic_return=0.604
global_step=417484, episodic_return=0.6759999999999999
global_step=417516, episodic_return=0.712
global_step=417528, episodic_return=0.91
global_step=417564, episodic_return=0.2709999999999999
global_step=417644, episodic_return=0.829
SPS: 3343
global_step=417828, episodic_return=0.136
global_step=417868, episodic_return=0.919
global_step=417920, episodic_return=0.0
global_step=417932, episodic_return=0.0
global_step=418048, episodic_return=0.0
global_step=418060, episodic_return=0.982
global_step=418096, episodic_return=0.613
global_step=418172, episodic_return=0.757
global_step=418240, episodic_return=0.17199999999999993
SPS: 3343
global_step=418328, episodic_return=0.118
global_step=418364, episodic_return=0.577
global_step=418404, episodic_return=0.838
global_step=418460, episodic_return=0.883
global_step=418500, episodic_return=0.0
global_step=418616, episodic_return=0.6579999999999999
global_step=418644, episodic_return=0.0
global_step=418768, episodic_return=0.0
global_step=418796, episodic_return=0.667
SPS: 3343
global_step=418864, episodic_return=0.18999999999999995
global_step=419020, episodic_return=0.0
global_step=419040, episodic_return=0.3969999999999999
global_step=419044, episodic_return=0.604
global_step=419044, episodic_return=0.955
global_step=419060, episodic_return=0.973
global_step=419088, episodic_return=0.352
global_step=419184, episodic_return=0.73
SPS: 3344
global_step=419368, episodic_return=0.595
global_step=419380, episodic_return=0.352
global_step=419400, episodic_return=0.20799999999999996
global_step=419444, episodic_return=0.0
global_step=419632, episodic_return=0.44199999999999995
global_step=419672, episodic_return=0.3969999999999999
global_step=419716, episodic_return=0.22599999999999998
SPS: 3344
global_step=419848, episodic_return=0.0
global_step=419888, episodic_return=0.919
global_step=420036, episodic_return=0.0
global_step=420076, episodic_return=0.0
global_step=420120, episodic_return=0.0
global_step=420228, episodic_return=0.667
global_step=420248, episodic_return=0.964
global_step=420292, episodic_return=0.0
SPS: 3344
global_step=420376, episodic_return=0.721
global_step=420432, episodic_return=0.883
global_step=420440, episodic_return=0.0
global_step=420524, episodic_return=0.0
global_step=420572, episodic_return=0.379
global_step=420740, episodic_return=0.5229999999999999
global_step=420796, episodic_return=0.883
global_step=420804, episodic_return=0.18999999999999995
global_step=420836, episodic_return=0.0
SPS: 3344
global_step=420876, episodic_return=0.32499999999999996
global_step=420932, episodic_return=0.7929999999999999
global_step=420952, episodic_return=0.838
global_step=421032, episodic_return=0.4959999999999999
global_step=421040, episodic_return=0.8109999999999999
global_step=421180, episodic_return=0.694
global_step=421200, episodic_return=0.0
global_step=421240, episodic_return=0.919
global_step=421308, episodic_return=0.16299999999999992
global_step=421328, episodic_return=0.34299999999999997
global_step=421372, episodic_return=0.577
SPS: 3344
global_step=421384, episodic_return=0.838
global_step=421416, episodic_return=0.613
global_step=421512, episodic_return=0.595
global_step=421728, episodic_return=0.235
global_step=421776, episodic_return=0.0
global_step=421776, episodic_return=0.19899999999999995
SPS: 3344
global_step=421916, episodic_return=0.0
global_step=421916, episodic_return=0.586
global_step=422008, episodic_return=0.802
global_step=422040, episodic_return=0.73
global_step=422156, episodic_return=0.15400000000000003
global_step=422180, episodic_return=0.0
global_step=422184, episodic_return=0.613
global_step=422348, episodic_return=0.577
SPS: 3344
global_step=422428, episodic_return=0.829
global_step=422444, episodic_return=0.0
global_step=422504, episodic_return=0.838
global_step=422584, episodic_return=0.0
global_step=422588, episodic_return=0.0
global_step=422848, episodic_return=0.0
global_step=422908, episodic_return=0.0
SPS: 3344
global_step=422920, episodic_return=0.847
global_step=422988, episodic_return=0.0
global_step=422992, episodic_return=0.0
global_step=423024, episodic_return=0.748
global_step=423120, episodic_return=0.7929999999999999
global_step=423160, episodic_return=0.631
global_step=423208, episodic_return=0.514
global_step=423248, episodic_return=0.919
global_step=423284, episodic_return=0.73
global_step=423292, episodic_return=0.622
global_step=423308, episodic_return=0.874
global_step=423324, episodic_return=0.0
global_step=423336, episodic_return=0.91
global_step=423384, episodic_return=0.874
SPS: 3344
global_step=423460, episodic_return=0.73
global_step=423492, episodic_return=0.595
global_step=423540, episodic_return=0.829
global_step=423552, episodic_return=0.4059999999999999
global_step=423696, episodic_return=0.6579999999999999
global_step=423728, episodic_return=0.9369999999999999
global_step=423748, episodic_return=0.18999999999999995
global_step=423796, episodic_return=0.32499999999999996
global_step=423876, episodic_return=0.721
SPS: 3343
global_step=423956, episodic_return=0.0
global_step=424132, episodic_return=0.0
global_step=424200, episodic_return=0.0
global_step=424280, episodic_return=0.0
global_step=424360, episodic_return=0.0
global_step=424380, episodic_return=0.604
SPS: 3343
global_step=424536, episodic_return=0.0
global_step=424556, episodic_return=0.964
global_step=424584, episodic_return=0.55
global_step=424588, episodic_return=0.9369999999999999
global_step=424612, episodic_return=0.946
global_step=424636, episodic_return=0.955
global_step=424660, episodic_return=0.955
global_step=424684, episodic_return=0.0
global_step=424688, episodic_return=0.946
global_step=424708, episodic_return=0.739
global_step=424720, episodic_return=0.9279999999999999
global_step=424764, episodic_return=0.0
global_step=424768, episodic_return=0.901
global_step=424820, episodic_return=0.892
SPS: 3343
global_step=425088, episodic_return=0.2799999999999999
global_step=425092, episodic_return=0.0
global_step=425112, episodic_return=0.0
global_step=425160, episodic_return=0.901
global_step=425200, episodic_return=0.15400000000000003
global_step=425284, episodic_return=0.82
global_step=425288, episodic_return=0.5680000000000001
global_step=425296, episodic_return=0.703
global_step=425308, episodic_return=0.514
global_step=425372, episodic_return=0.838
global_step=425404, episodic_return=0.739
SPS: 3343
global_step=425496, episodic_return=0.5409999999999999
global_step=425712, episodic_return=0.0
global_step=425756, episodic_return=0.21699999999999997
global_step=425776, episodic_return=0.0
global_step=425900, episodic_return=0.0
global_step=425952, episodic_return=0.469
SPS: 3344
global_step=426060, episodic_return=0.32499999999999996
global_step=426084, episodic_return=0.955
global_step=426140, episodic_return=0.883
global_step=426160, episodic_return=0.14500000000000002
global_step=426228, episodic_return=0.8109999999999999
global_step=426248, episodic_return=0.34299999999999997
global_step=426304, episodic_return=0.0
SPS: 3344
global_step=426564, episodic_return=0.0
global_step=426632, episodic_return=0.0
global_step=426652, episodic_return=0.0
global_step=426708, episodic_return=0.0
global_step=426728, episodic_return=0.6399999999999999
global_step=426812, episodic_return=0.649
global_step=426836, episodic_return=0.955
global_step=426952, episodic_return=0.748
SPS: 3344
global_step=427036, episodic_return=0.0
global_step=427112, episodic_return=0.0
global_step=427128, episodic_return=0.802
global_step=427132, episodic_return=0.0
global_step=427164, episodic_return=0.532
global_step=427232, episodic_return=0.739
SPS: 3344
global_step=427532, episodic_return=0.0
global_step=427536, episodic_return=0.0
global_step=427560, episodic_return=0.118
global_step=427576, episodic_return=0.235
global_step=427592, episodic_return=0.9369999999999999
global_step=427644, episodic_return=0.766
global_step=427720, episodic_return=0.721
global_step=427764, episodic_return=0.487
global_step=427820, episodic_return=0.784
global_step=427832, episodic_return=0.43299999999999994
global_step=427912, episodic_return=0.6759999999999999
global_step=427960, episodic_return=0.29799999999999993
global_step=427992, episodic_return=0.9369999999999999
global_step=428000, episodic_return=0.604
SPS: 3344
global_step=428148, episodic_return=0.478
global_step=428236, episodic_return=0.0
global_step=428396, episodic_return=0.0
global_step=428404, episodic_return=0.0
global_step=428412, episodic_return=0.4149999999999999
SPS: 3345
global_step=428608, episodic_return=0.5680000000000001
global_step=428640, episodic_return=0.0
global_step=428800, episodic_return=0.0
global_step=428808, episodic_return=0.0
global_step=428952, episodic_return=0.685
global_step=429012, episodic_return=0.0
global_step=429044, episodic_return=0.0
global_step=429048, episodic_return=0.7929999999999999
SPS: 3345
global_step=429176, episodic_return=0.16299999999999992
global_step=429176, episodic_return=0.6399999999999999
global_step=429212, episodic_return=0.631
global_step=429236, episodic_return=0.955
global_step=429452, episodic_return=0.0
global_step=429504, episodic_return=0.2709999999999999
global_step=429540, episodic_return=0.8109999999999999
SPS: 3345
global_step=429580, episodic_return=0.0
global_step=429588, episodic_return=0.21699999999999997
global_step=429692, episodic_return=0.586
global_step=429760, episodic_return=0.622
global_step=429800, episodic_return=0.766
global_step=429808, episodic_return=0.4059999999999999
global_step=429872, episodic_return=0.847
global_step=429984, episodic_return=0.0
global_step=430060, episodic_return=0.44199999999999995
SPS: 3345
global_step=430096, episodic_return=0.757
global_step=430112, episodic_return=0.21699999999999997
global_step=430276, episodic_return=0.0
global_step=430348, episodic_return=0.478
global_step=430464, episodic_return=0.0
global_step=430496, episodic_return=0.514
global_step=430500, episodic_return=0.0
global_step=430556, episodic_return=0.883
global_step=430592, episodic_return=0.721
SPS: 3346
global_step=430648, episodic_return=0.802
global_step=430752, episodic_return=0.0
global_step=430900, episodic_return=0.0
global_step=430996, episodic_return=0.0
global_step=431040, episodic_return=0.91
global_step=431052, episodic_return=0.0
global_step=431072, episodic_return=0.2889999999999999
global_step=431084, episodic_return=0.91
SPS: 3346
global_step=431176, episodic_return=0.73
global_step=431196, episodic_return=0.73
global_step=431256, episodic_return=0.622
global_step=431304, episodic_return=0.0
global_step=431324, episodic_return=0.856
global_step=431424, episodic_return=0.739
global_step=431580, episodic_return=0.0
global_step=431600, episodic_return=0.0
SPS: 3346
global_step=431624, episodic_return=0.91
global_step=431644, episodic_return=0.514
global_step=431656, episodic_return=0.9369999999999999
global_step=431700, episodic_return=0.784
global_step=431728, episodic_return=0.0
global_step=431784, episodic_return=0.82
global_step=431828, episodic_return=0.784
global_step=431832, episodic_return=0.586
global_step=431860, episodic_return=0.55
global_step=432124, episodic_return=0.4149999999999999
SPS: 3346
global_step=432136, episodic_return=0.31599999999999995
global_step=432188, episodic_return=0.0
global_step=432236, episodic_return=0.0
global_step=432316, episodic_return=0.577
global_step=432332, episodic_return=0.685
global_step=432420, episodic_return=0.775
global_step=432540, episodic_return=0.0
global_step=432560, episodic_return=0.964
global_step=432640, episodic_return=0.0
SPS: 3346
global_step=432680, episodic_return=0.42399999999999993
global_step=432728, episodic_return=0.118
global_step=432784, episodic_return=0.775
global_step=432824, episodic_return=0.595
global_step=432828, episodic_return=0.91
global_step=432848, episodic_return=0.739
global_step=432932, episodic_return=0.775
global_step=432964, episodic_return=0.0
global_step=432984, episodic_return=0.964
global_step=433008, episodic_return=0.955
global_step=433028, episodic_return=0.604
global_step=433132, episodic_return=0.31599999999999995
global_step=433136, episodic_return=0.766
SPS: 3346
global_step=433180, episodic_return=0.622
global_step=433240, episodic_return=0.766
global_step=433280, episodic_return=0.22599999999999998
global_step=433332, episodic_return=0.802
global_step=433540, episodic_return=0.0
global_step=433584, episodic_return=0.0
SPS: 3347
global_step=433684, episodic_return=0.0
global_step=433736, episodic_return=0.0
global_step=433892, episodic_return=0.6579999999999999
global_step=433912, episodic_return=0.17199999999999993
global_step=433936, episodic_return=0.21699999999999997
global_step=433984, episodic_return=0.33399999999999996
global_step=433988, episodic_return=0.7929999999999999
global_step=434056, episodic_return=0.856
global_step=434112, episodic_return=0.5589999999999999
SPS: 3347
global_step=434312, episodic_return=0.16299999999999992
global_step=434388, episodic_return=0.0
global_step=434456, episodic_return=0.685
global_step=434460, episodic_return=0.0
global_step=434516, episodic_return=0.0
global_step=434564, episodic_return=0.766
global_step=434636, episodic_return=0.613
global_step=434688, episodic_return=0.622
SPS: 3347
global_step=434708, episodic_return=0.685
global_step=434760, episodic_return=0.892
global_step=434792, episodic_return=0.0
global_step=434812, episodic_return=0.613
global_step=434828, episodic_return=0.856
global_step=434856, episodic_return=0.946
global_step=434884, episodic_return=0.946
global_step=434904, episodic_return=0.964
global_step=434916, episodic_return=0.73
global_step=434984, episodic_return=0.34299999999999997
global_step=435152, episodic_return=0.45099999999999996
SPS: 3347
global_step=435216, episodic_return=0.0
global_step=435320, episodic_return=0.775
global_step=435320, episodic_return=0.0
global_step=435388, episodic_return=0.0
global_step=435460, episodic_return=0.694
global_step=435556, episodic_return=0.0
global_step=435560, episodic_return=0.784
global_step=435564, episodic_return=0.613
SPS: 3347
global_step=435724, episodic_return=0.0
global_step=435808, episodic_return=0.44199999999999995
global_step=435812, episodic_return=0.45099999999999996
global_step=435868, episodic_return=0.685
global_step=435964, episodic_return=0.0
global_step=436004, episodic_return=0.5680000000000001
global_step=436036, episodic_return=0.9369999999999999
global_step=436036, episodic_return=0.847
global_step=436064, episodic_return=0.946
global_step=436080, episodic_return=0.532
global_step=436104, episodic_return=0.955
global_step=436144, episodic_return=0.262
global_step=436184, episodic_return=0.6759999999999999
SPS: 3347
global_step=436260, episodic_return=0.748
global_step=436272, episodic_return=0.5409999999999999
global_step=436292, episodic_return=0.9369999999999999
global_step=436360, episodic_return=0.43299999999999994
global_step=436380, episodic_return=0.766
global_step=436452, episodic_return=0.847
global_step=436488, episodic_return=0.9279999999999999
global_step=436552, episodic_return=0.865
global_step=436588, episodic_return=0.0
global_step=436596, episodic_return=0.478
global_step=436620, episodic_return=0.2709999999999999
SPS: 3347
global_step=436768, episodic_return=0.622
global_step=436856, episodic_return=0.8109999999999999
global_step=436868, episodic_return=0.45099999999999996
global_step=436876, episodic_return=0.964
global_step=436932, episodic_return=0.883
global_step=436956, episodic_return=0.0
global_step=436992, episodic_return=0.0
global_step=436996, episodic_return=0.919
global_step=437040, episodic_return=0.91
global_step=437040, episodic_return=0.901
global_step=437164, episodic_return=0.34299999999999997
SPS: 3347
global_step=437332, episodic_return=0.352
global_step=437336, episodic_return=0.0
global_step=437396, episodic_return=0.874
global_step=437444, episodic_return=0.0
global_step=437488, episodic_return=0.6579999999999999
global_step=437524, episodic_return=0.9279999999999999
global_step=437568, episodic_return=0.0
global_step=437580, episodic_return=0.703
global_step=437588, episodic_return=0.577
global_step=437704, episodic_return=0.73
global_step=437736, episodic_return=0.6759999999999999
global_step=437740, episodic_return=0.622
SPS: 3347
global_step=437816, episodic_return=0.757
global_step=437848, episodic_return=0.766
global_step=437928, episodic_return=0.0
global_step=438004, episodic_return=0.6579999999999999
global_step=438020, episodic_return=0.973
global_step=438036, episodic_return=0.973
global_step=438044, episodic_return=0.31599999999999995
global_step=438092, episodic_return=0.901
global_step=438192, episodic_return=0.784
global_step=438220, episodic_return=0.0
SPS: 3347
global_step=438332, episodic_return=0.0
global_step=438440, episodic_return=0.0
global_step=438468, episodic_return=0.45099999999999996
global_step=438484, episodic_return=0.91
global_step=438492, episodic_return=0.649
global_step=438512, episodic_return=0.946
global_step=438596, episodic_return=0.0
global_step=438772, episodic_return=0.613
global_step=438780, episodic_return=0.991
SPS: 3348
global_step=438872, episodic_return=0.0
global_step=438896, episodic_return=0.0
global_step=438916, episodic_return=0.0
global_step=438956, episodic_return=0.82
global_step=439016, episodic_return=0.478
global_step=439032, episodic_return=0.703
global_step=439084, episodic_return=0.892
global_step=439120, episodic_return=0.9279999999999999
global_step=439132, episodic_return=0.5229999999999999
global_step=439168, episodic_return=0.667
SPS: 3348
global_step=439332, episodic_return=0.6399999999999999
global_step=439360, episodic_return=0.0
global_step=439480, episodic_return=0.6759999999999999
global_step=439524, episodic_return=0.0
global_step=439536, episodic_return=0.0
global_step=439544, episodic_return=0.964
global_step=439668, episodic_return=0.712
global_step=439692, episodic_return=0.262
global_step=439800, episodic_return=0.712
SPS: 3348
global_step=439820, episodic_return=0.964
global_step=439884, episodic_return=0.0
global_step=439948, episodic_return=0.0
global_step=439976, episodic_return=0.37
global_step=440080, episodic_return=0.5680000000000001
global_step=440136, episodic_return=0.649
global_step=440184, episodic_return=0.478
global_step=440204, episodic_return=0.73
global_step=440224, episodic_return=0.0
global_step=440224, episodic_return=0.964
global_step=440268, episodic_return=0.91
SPS: 3348
global_step=440324, episodic_return=0.883
global_step=440332, episodic_return=0.5680000000000001
global_step=440360, episodic_return=0.703
global_step=440488, episodic_return=0.6579999999999999
global_step=440520, episodic_return=0.5680000000000001
global_step=440576, episodic_return=0.5229999999999999
global_step=440588, episodic_return=0.0
global_step=440652, episodic_return=0.838
global_step=440656, episodic_return=0.703
global_step=440680, episodic_return=0.955
global_step=440704, episodic_return=0.5229999999999999
global_step=440820, episodic_return=0.487
SPS: 3348
global_step=441032, episodic_return=0.21699999999999997
global_step=441056, episodic_return=0.0
global_step=441108, episodic_return=0.0
global_step=441112, episodic_return=0.829
global_step=441112, episodic_return=0.883
global_step=441160, episodic_return=0.244
global_step=441204, episodic_return=0.802
global_step=441212, episodic_return=0.892
global_step=441240, episodic_return=0.946
global_step=441292, episodic_return=0.8109999999999999
SPS: 3347
global_step=441512, episodic_return=0.0
global_step=441516, episodic_return=0.0
global_step=441540, episodic_return=0.45099999999999996
global_step=441572, episodic_return=0.874
global_step=441584, episodic_return=0.982
global_step=441644, episodic_return=0.0
global_step=441748, episodic_return=0.6399999999999999
global_step=441800, episodic_return=0.892
SPS: 3347
global_step=441920, episodic_return=0.0
global_step=441924, episodic_return=0.73
global_step=441944, episodic_return=0.0
global_step=441968, episodic_return=0.2799999999999999
global_step=441968, episodic_return=0.955
global_step=441992, episodic_return=0.856
global_step=442020, episodic_return=0.892
global_step=442052, episodic_return=0.82
global_step=442116, episodic_return=0.73
global_step=442324, episodic_return=0.0
global_step=442324, episodic_return=0.3969999999999999
SPS: 3347
global_step=442424, episodic_return=0.0
global_step=442484, episodic_return=0.649
global_step=442520, episodic_return=0.0
global_step=442728, episodic_return=0.0
global_step=442744, episodic_return=0.2889999999999999
global_step=442772, episodic_return=0.44199999999999995
global_step=442800, episodic_return=0.847
global_step=442860, episodic_return=0.748
SPS: 3347
global_step=442888, episodic_return=0.0
global_step=442896, episodic_return=0.73
global_step=442900, episodic_return=0.784
global_step=442924, episodic_return=0.946
global_step=443040, episodic_return=0.694
global_step=443080, episodic_return=0.6579999999999999
global_step=443184, episodic_return=0.34299999999999997
global_step=443260, episodic_return=0.838
global_step=443264, episodic_return=0.0
SPS: 3347
global_step=443444, episodic_return=0.0
global_step=443484, episodic_return=0.0
global_step=443528, episodic_return=0.4059999999999999
global_step=443648, episodic_return=0.739
global_step=443664, episodic_return=0.10899999999999999
global_step=443664, episodic_return=0.514
global_step=443720, episodic_return=0.883
global_step=443852, episodic_return=0.55
global_step=443888, episodic_return=0.0
SPS: 3348
global_step=444040, episodic_return=0.586
global_step=444044, episodic_return=0.15400000000000003
global_step=444124, episodic_return=0.0
global_step=444292, episodic_return=0.0
global_step=444336, episodic_return=0.532
SPS: 3348
global_step=444444, episodic_return=0.0
global_step=444448, episodic_return=0.0
global_step=444492, episodic_return=0.91
global_step=444564, episodic_return=0.847
global_step=444616, episodic_return=0.2799999999999999
global_step=444664, episodic_return=0.2709999999999999
global_step=444676, episodic_return=0.874
global_step=444688, episodic_return=0.73
global_step=444688, episodic_return=0.955
global_step=444712, episodic_return=0.955
global_step=444832, episodic_return=0.136
global_step=444912, episodic_return=0.5589999999999999
SPS: 3348
global_step=444992, episodic_return=0.29799999999999993
global_step=445032, episodic_return=0.919
global_step=445040, episodic_return=0.5409999999999999
global_step=445092, episodic_return=0.0
global_step=445296, episodic_return=0.43299999999999994
global_step=445316, episodic_return=0.0
global_step=445320, episodic_return=0.361
global_step=445336, episodic_return=0.964
global_step=445360, episodic_return=0.865
global_step=445408, episodic_return=0.847
SPS: 3348
global_step=445496, episodic_return=0.0
global_step=445580, episodic_return=0.514
global_step=445608, episodic_return=0.5589999999999999
global_step=445688, episodic_return=0.766
global_step=445724, episodic_return=0.0
global_step=445804, episodic_return=0.31599999999999995
global_step=445888, episodic_return=0.6399999999999999
global_step=445932, episodic_return=0.721
global_step=445932, episodic_return=0.2799999999999999
SPS: 3348
global_step=445980, episodic_return=0.802
global_step=445988, episodic_return=0.33399999999999996
global_step=446120, episodic_return=0.586
global_step=446128, episodic_return=0.6759999999999999
global_step=446256, episodic_return=0.4059999999999999
global_step=446296, episodic_return=0.18999999999999995
global_step=446328, episodic_return=0.9369999999999999
global_step=446440, episodic_return=0.2889999999999999
global_step=446456, episodic_return=0.5589999999999999
SPS: 3348
global_step=446528, episodic_return=0.10899999999999999
global_step=446664, episodic_return=0.703
global_step=446732, episodic_return=0.0
global_step=446760, episodic_return=0.2889999999999999
global_step=446860, episodic_return=0.0
global_step=446864, episodic_return=0.5589999999999999
SPS: 3348
global_step=447136, episodic_return=0.0
global_step=447148, episodic_return=0.37
global_step=447164, episodic_return=0.0
global_step=447184, episodic_return=0.964
global_step=447196, episodic_return=0.901
global_step=447264, episodic_return=0.0
global_step=447324, episodic_return=0.874
SPS: 3349
global_step=447516, episodic_return=0.2889999999999999
global_step=447540, episodic_return=0.0
global_step=447548, episodic_return=0.18999999999999995
global_step=447560, episodic_return=0.964
global_step=447584, episodic_return=0.856
global_step=447628, episodic_return=0.91
global_step=447728, episodic_return=0.0
global_step=447876, episodic_return=0.29799999999999993
global_step=447952, episodic_return=0.0
SPS: 3349
global_step=448032, episodic_return=0.0
global_step=448076, episodic_return=0.22599999999999998
global_step=448216, episodic_return=0.694
global_step=448280, episodic_return=0.0
global_step=448308, episodic_return=0.802
global_step=448356, episodic_return=0.0
global_step=448436, episodic_return=0.0
SPS: 3349
global_step=448672, episodic_return=0.127
global_step=448712, episodic_return=0.0
global_step=448724, episodic_return=0.18099999999999994
global_step=448756, episodic_return=0.82
global_step=448784, episodic_return=0.874
global_step=448840, episodic_return=0.0
global_step=448928, episodic_return=0.8109999999999999
SPS: 3349
global_step=449116, episodic_return=0.0
global_step=449160, episodic_return=0.0
global_step=449188, episodic_return=0.0
global_step=449332, episodic_return=0.0
global_step=449384, episodic_return=0.5049999999999999
global_step=449436, episodic_return=0.45099999999999996
global_step=449480, episodic_return=0.6759999999999999
global_step=449500, episodic_return=0.865
global_step=449520, episodic_return=0.0
SPS: 3349
global_step=449636, episodic_return=0.6579999999999999
global_step=449680, episodic_return=0.34299999999999997
global_step=449748, episodic_return=0.4959999999999999
global_step=449768, episodic_return=0.964
global_step=449776, episodic_return=0.694
global_step=449820, episodic_return=0.892
global_step=449856, episodic_return=0.829
global_step=449904, episodic_return=0.0
SPS: 3349
global_step=450084, episodic_return=0.0
global_step=450084, episodic_return=0.604
global_step=450100, episodic_return=0.45999999999999996
global_step=450108, episodic_return=0.955
global_step=450156, episodic_return=0.847
global_step=450224, episodic_return=0.0
global_step=450224, episodic_return=0.73
global_step=450292, episodic_return=0.703
global_step=450424, episodic_return=0.5589999999999999
global_step=450468, episodic_return=0.613
global_step=450512, episodic_return=0.0
SPS: 3349
global_step=450604, episodic_return=0.604
global_step=450628, episodic_return=0.0
global_step=450640, episodic_return=0.982
global_step=450664, episodic_return=0.874
global_step=450760, episodic_return=0.7929999999999999
global_step=450824, episodic_return=0.20799999999999996
global_step=450916, episodic_return=0.0
global_step=450964, episodic_return=0.694
global_step=451024, episodic_return=0.14500000000000002
SPS: 3349
global_step=451100, episodic_return=0.838
global_step=451164, episodic_return=0.0
global_step=451320, episodic_return=0.0
global_step=451368, episodic_return=0.55
global_step=451368, episodic_return=0.0
global_step=451384, episodic_return=0.37
SPS: 3350
global_step=451616, episodic_return=0.487
global_step=451620, episodic_return=0.44199999999999995
global_step=451724, episodic_return=0.20799999999999996
global_step=451724, episodic_return=0.0
global_step=451836, episodic_return=0.757
global_step=451900, episodic_return=0.613
global_step=451976, episodic_return=0.694
global_step=452020, episodic_return=0.0
global_step=452024, episodic_return=0.0
SPS: 3350
global_step=452204, episodic_return=0.32499999999999996
global_step=452380, episodic_return=0.0
global_step=452388, episodic_return=0.18999999999999995
global_step=452412, episodic_return=0.9369999999999999
global_step=452424, episodic_return=0.0
global_step=452424, episodic_return=0.514
global_step=452584, episodic_return=0.649
global_step=452600, episodic_return=0.586
SPS: 3350
global_step=452660, episodic_return=0.838
global_step=452788, episodic_return=0.721
global_step=452792, episodic_return=0.0
global_step=452820, episodic_return=0.514
global_step=452828, episodic_return=0.0
global_step=452832, episodic_return=0.91
global_step=452928, episodic_return=0.784
global_step=452976, episodic_return=0.595
global_step=453056, episodic_return=0.829
global_step=453088, episodic_return=0.43299999999999994
global_step=453104, episodic_return=0.973
SPS: 3350
global_step=453152, episodic_return=0.901
global_step=453224, episodic_return=0.0
global_step=453332, episodic_return=0.0
global_step=453460, episodic_return=0.0
global_step=453500, episodic_return=0.3879999999999999
global_step=453556, episodic_return=0.0
global_step=453624, episodic_return=0.73
SPS: 3350
global_step=453696, episodic_return=0.478
global_step=453720, episodic_return=0.6399999999999999
global_step=453736, episodic_return=0.0
global_step=453764, episodic_return=0.856
global_step=453768, episodic_return=0.9369999999999999
global_step=453796, episodic_return=0.838
global_step=453844, episodic_return=0.829
global_step=453896, episodic_return=0.721
global_step=453912, episodic_return=0.973
global_step=453992, episodic_return=0.829
global_step=454028, episodic_return=0.0
global_step=454092, episodic_return=0.865
global_step=454120, episodic_return=0.946
SPS: 3350
global_step=454200, episodic_return=0.0
global_step=454248, episodic_return=0.0
global_step=454272, episodic_return=0.379
global_step=454320, episodic_return=0.847
global_step=454524, episodic_return=0.0
global_step=454548, episodic_return=0.3879999999999999
global_step=454552, episodic_return=0.487
global_step=454604, episodic_return=0.0
global_step=454656, episodic_return=0.892
SPS: 3350
global_step=454712, episodic_return=0.586
global_step=454788, episodic_return=0.838
global_step=454952, episodic_return=0.0
global_step=454956, episodic_return=0.0
global_step=454964, episodic_return=0.31599999999999995
global_step=455164, episodic_return=0.16299999999999992
SPS: 3350
global_step=455252, episodic_return=0.34299999999999997
global_step=455356, episodic_return=0.0
global_step=455368, episodic_return=0.0
global_step=455400, episodic_return=0.478
global_step=455560, episodic_return=0.577
global_step=455656, episodic_return=0.0
SPS: 3350
global_step=455688, episodic_return=0.262
global_step=455732, episodic_return=0.91
global_step=455752, episodic_return=0.7929999999999999
global_step=455780, episodic_return=0.901
global_step=455804, episodic_return=0.0
global_step=455860, episodic_return=0.883
global_step=455964, episodic_return=0.0
global_step=456048, episodic_return=0.586
global_step=456088, episodic_return=0.31599999999999995
global_step=456156, episodic_return=0.0
SPS: 3351
global_step=456264, episodic_return=0.613
global_step=456272, episodic_return=0.31599999999999995
global_step=456408, episodic_return=0.44199999999999995
global_step=456452, episodic_return=0.0
global_step=456460, episodic_return=0.586
global_step=456560, episodic_return=0.766
global_step=456608, episodic_return=0.235
global_step=456612, episodic_return=0.55
global_step=456620, episodic_return=0.649
global_step=456700, episodic_return=0.829
SPS: 3351
global_step=456740, episodic_return=0.919
global_step=456760, episodic_return=0.667
global_step=456792, episodic_return=0.487
global_step=456820, episodic_return=0.829
global_step=456844, episodic_return=0.82
global_step=456880, episodic_return=0.874
global_step=456892, episodic_return=0.784
global_step=457016, episodic_return=0.0
global_step=457044, episodic_return=0.946
global_step=457096, episodic_return=0.44199999999999995
global_step=457192, episodic_return=0.33399999999999996
SPS: 3351
global_step=457240, episodic_return=0.5680000000000001
global_step=457284, episodic_return=0.0
global_step=457368, episodic_return=0.721
global_step=457432, episodic_return=0.469
global_step=457476, episodic_return=0.766
global_step=457500, episodic_return=0.0
global_step=457580, episodic_return=0.775
global_step=457628, episodic_return=0.5680000000000001
global_step=457660, episodic_return=0.649
global_step=457688, episodic_return=0.0
SPS: 3351
global_step=457776, episodic_return=0.5680000000000001
global_step=457816, episodic_return=0.6579999999999999
global_step=457868, episodic_return=0.469
global_step=458036, episodic_return=0.42399999999999993
global_step=458064, episodic_return=0.16299999999999992
global_step=458100, episodic_return=0.487
global_step=458128, episodic_return=0.30699999999999994
global_step=458240, episodic_return=0.757
SPS: 3351
global_step=458252, episodic_return=0.586
global_step=458256, episodic_return=0.6579999999999999
global_step=458356, episodic_return=0.784
global_step=458440, episodic_return=0.0
global_step=458524, episodic_return=0.3969999999999999
global_step=458568, episodic_return=0.91
global_step=458568, episodic_return=0.532
global_step=458644, episodic_return=0.0
global_step=458668, episodic_return=0.955
global_step=458684, episodic_return=0.748
SPS: 3350
global_step=458800, episodic_return=0.748
global_step=458828, episodic_return=0.42399999999999993
global_step=458844, episodic_return=0.09999999999999998
global_step=458872, episodic_return=0.847
global_step=458992, episodic_return=0.6759999999999999
global_step=459072, episodic_return=0.0
global_step=459108, episodic_return=0.9279999999999999
global_step=459232, episodic_return=0.0
global_step=459252, episodic_return=0.15400000000000003
SPS: 3350
global_step=459320, episodic_return=0.532
global_step=459348, episodic_return=0.946
global_step=459360, episodic_return=0.18099999999999994
global_step=459368, episodic_return=0.748
global_step=459396, episodic_return=0.6399999999999999
global_step=459412, episodic_return=0.91
global_step=459504, episodic_return=0.802
global_step=459576, episodic_return=0.5229999999999999
global_step=459620, episodic_return=0.748
global_step=459660, episodic_return=0.30699999999999994
global_step=459716, episodic_return=0.694
SPS: 3350
global_step=459792, episodic_return=0.118
global_step=459792, episodic_return=0.712
global_step=459824, episodic_return=0.9369999999999999
global_step=459844, episodic_return=0.5049999999999999
global_step=460000, episodic_return=0.37
global_step=460036, episodic_return=0.577
global_step=460052, episodic_return=0.4959999999999999
global_step=460196, episodic_return=0.0
SPS: 3351
global_step=460404, episodic_return=0.0
global_step=460440, episodic_return=0.0
global_step=460456, episodic_return=0.0
global_step=460460, episodic_return=0.883
global_step=460496, episodic_return=0.919
global_step=460508, episodic_return=0.901
global_step=460600, episodic_return=0.0
global_step=460668, episodic_return=0.622
global_step=460752, episodic_return=0.82
SPS: 3351
global_step=460812, episodic_return=0.17199999999999993
global_step=460824, episodic_return=0.5049999999999999
global_step=460852, episodic_return=0.919
global_step=460868, episodic_return=0.19899999999999995
global_step=460876, episodic_return=0.73
global_step=460888, episodic_return=0.9279999999999999
global_step=460900, episodic_return=0.955
global_step=461032, episodic_return=0.6399999999999999
global_step=461108, episodic_return=0.5409999999999999
global_step=461228, episodic_return=0.0
global_step=461248, episodic_return=0.964
global_step=461268, episodic_return=0.15400000000000003
SPS: 3351
global_step=461324, episodic_return=0.5229999999999999
global_step=461352, episodic_return=0.82
global_step=461404, episodic_return=0.17199999999999993
global_step=461452, episodic_return=0.721
global_step=461548, episodic_return=0.685
global_step=461652, episodic_return=0.0
global_step=461672, episodic_return=0.514
global_step=461736, episodic_return=0.82
global_step=461756, episodic_return=0.0
global_step=461784, episodic_return=0.757
global_step=461792, episodic_return=0.9279999999999999
SPS: 3351
global_step=461836, episodic_return=0.784
global_step=461936, episodic_return=0.784
global_step=461940, episodic_return=0.6759999999999999
global_step=461952, episodic_return=0.0
global_step=461960, episodic_return=0.613
global_step=461996, episodic_return=0.883
global_step=462068, episodic_return=0.712
global_step=462088, episodic_return=0.703
global_step=462152, episodic_return=0.6579999999999999
global_step=462228, episodic_return=0.694
SPS: 3351
global_step=462364, episodic_return=0.0
global_step=462472, episodic_return=0.0
global_step=462556, episodic_return=0.0
global_step=462608, episodic_return=0.45999999999999996
global_step=462628, episodic_return=0.847
global_step=462632, episodic_return=0.0
global_step=462644, episodic_return=0.9279999999999999
global_step=462776, episodic_return=0.712
global_step=462828, episodic_return=0.5589999999999999
SPS: 3351
global_step=462864, episodic_return=0.127
global_step=463036, episodic_return=0.0
global_step=463052, episodic_return=0.5049999999999999
global_step=463116, episodic_return=0.829
global_step=463120, episodic_return=0.856
global_step=463156, episodic_return=0.9279999999999999
global_step=463180, episodic_return=0.0
global_step=463212, episodic_return=0.7929999999999999
global_step=463256, episodic_return=0.784
global_step=463268, episodic_return=0.0
global_step=463280, episodic_return=0.955
SPS: 3351
global_step=463404, episodic_return=0.73
global_step=463512, episodic_return=0.766
global_step=463520, episodic_return=0.44199999999999995
global_step=463584, episodic_return=0.0
global_step=463616, episodic_return=0.0
global_step=463684, episodic_return=0.856
global_step=463744, episodic_return=0.487
global_step=463760, episodic_return=0.838
SPS: 3351
global_step=463924, episodic_return=0.0
global_step=463988, episodic_return=0.0
global_step=464020, episodic_return=0.7929999999999999
global_step=464136, episodic_return=0.748
global_step=464148, episodic_return=0.0
global_step=464164, episodic_return=0.0
global_step=464188, episodic_return=0.5589999999999999
global_step=464376, episodic_return=0.4959999999999999
SPS: 3351
global_step=464540, episodic_return=0.0
global_step=464568, episodic_return=0.0
global_step=464592, episodic_return=0.0
global_step=464620, episodic_return=0.45999999999999996
global_step=464748, episodic_return=0.6579999999999999
global_step=464780, episodic_return=0.532
global_step=464832, episodic_return=0.82
SPS: 3351
global_step=464928, episodic_return=0.6759999999999999
global_step=464944, episodic_return=0.0
global_step=464960, episodic_return=0.244
global_step=465048, episodic_return=0.775
global_step=465236, episodic_return=0.0
global_step=465332, episodic_return=0.0
global_step=465364, episodic_return=0.0
SPS: 3352
global_step=465452, episodic_return=0.0
global_step=465640, episodic_return=0.0
global_step=465736, episodic_return=0.0
global_step=465764, episodic_return=0.73
global_step=465768, episodic_return=0.0
global_step=465780, episodic_return=0.2709999999999999
global_step=465836, episodic_return=0.856
global_step=465868, episodic_return=0.9369999999999999
global_step=465908, episodic_return=0.685
SPS: 3352
global_step=466008, episodic_return=0.784
global_step=466140, episodic_return=0.0
global_step=466184, episodic_return=0.0
global_step=466248, episodic_return=0.766
global_step=466272, episodic_return=0.0
global_step=466412, episodic_return=0.0
global_step=466416, episodic_return=0.685
SPS: 3352
global_step=466480, episodic_return=0.487
global_step=466588, episodic_return=0.0
global_step=466616, episodic_return=0.5589999999999999
global_step=466704, episodic_return=0.5049999999999999
global_step=466816, episodic_return=0.0
global_step=466852, episodic_return=0.478
SPS: 3352
global_step=466952, episodic_return=0.18999999999999995
global_step=467024, episodic_return=0.847
global_step=467068, episodic_return=0.5229999999999999
global_step=467076, episodic_return=0.892
global_step=467080, episodic_return=0.4149999999999999
global_step=467108, episodic_return=0.0
global_step=467252, episodic_return=0.622
global_step=467288, episodic_return=0.9279999999999999
global_step=467308, episodic_return=0.5589999999999999
global_step=467320, episodic_return=0.9369999999999999
global_step=467392, episodic_return=0.82
SPS: 3352
global_step=467460, episodic_return=0.14500000000000002
global_step=467472, episodic_return=0.0
global_step=467644, episodic_return=0.2799999999999999
global_step=467712, episodic_return=0.44199999999999995
global_step=467728, episodic_return=0.973
global_step=467796, episodic_return=0.0
global_step=467832, episodic_return=0.586
global_step=467852, episodic_return=0.73
global_step=467876, episodic_return=0.0
global_step=467888, episodic_return=0.802
global_step=467952, episodic_return=0.739
SPS: 3352
global_step=467988, episodic_return=0.784
global_step=468032, episodic_return=0.6579999999999999
global_step=468096, episodic_return=0.45999999999999996
global_step=468128, episodic_return=0.613
global_step=468200, episodic_return=0.631
global_step=468392, episodic_return=0.0
global_step=468408, episodic_return=0.30699999999999994
SPS: 3353
global_step=468532, episodic_return=0.0
global_step=468604, episodic_return=0.0
global_step=468796, episodic_return=0.0
global_step=468812, episodic_return=0.0
global_step=468868, episodic_return=0.4149999999999999
global_step=468896, episodic_return=0.18999999999999995
global_step=468928, episodic_return=0.748
SPS: 3353
global_step=469200, episodic_return=0.0
global_step=469272, episodic_return=0.0
global_step=469300, episodic_return=0.0
global_step=469332, episodic_return=0.0
global_step=469336, episodic_return=0.9279999999999999
global_step=469476, episodic_return=0.694
SPS: 3353
global_step=469588, episodic_return=0.136
global_step=469676, episodic_return=0.0
global_step=469736, episodic_return=0.42399999999999993
global_step=469736, episodic_return=0.0
global_step=469760, episodic_return=0.955
global_step=469820, episodic_return=0.874
global_step=469928, episodic_return=0.44199999999999995
global_step=469936, episodic_return=0.5589999999999999
global_step=469992, episodic_return=0.0
SPS: 3353
global_step=470124, episodic_return=0.5680000000000001
global_step=470224, episodic_return=0.0
global_step=470264, episodic_return=0.2709999999999999
global_step=470268, episodic_return=0.3879999999999999
global_step=470348, episodic_return=0.73
global_step=470360, episodic_return=0.7929999999999999
global_step=470480, episodic_return=0.20799999999999996
SPS: 3353
global_step=470596, episodic_return=0.45099999999999996
global_step=470636, episodic_return=0.6579999999999999
global_step=470672, episodic_return=0.0
global_step=470708, episodic_return=0.22599999999999998
global_step=470752, episodic_return=0.6579999999999999
global_step=471040, episodic_return=0.0
SPS: 3354
global_step=471076, episodic_return=0.0
global_step=471088, episodic_return=0.901
global_step=471112, episodic_return=0.0
global_step=471156, episodic_return=0.0
global_step=471188, episodic_return=0.784
global_step=471264, episodic_return=0.838
global_step=471340, episodic_return=0.4959999999999999
global_step=471372, episodic_return=0.766
global_step=471392, episodic_return=0.478
global_step=471480, episodic_return=0.0
SPS: 3354
global_step=471572, episodic_return=0.5589999999999999
global_step=471588, episodic_return=0.45099999999999996
global_step=471632, episodic_return=0.91
global_step=471632, episodic_return=0.469
global_step=471712, episodic_return=0.829
global_step=471776, episodic_return=0.685
global_step=471788, episodic_return=0.31599999999999995
global_step=471932, episodic_return=0.514
global_step=471944, episodic_return=0.631
global_step=471972, episodic_return=0.919
global_step=471976, episodic_return=0.0
global_step=472012, episodic_return=0.5049999999999999
SPS: 3354
global_step=472108, episodic_return=0.703
global_step=472116, episodic_return=0.622
global_step=472160, episodic_return=0.595
global_step=472208, episodic_return=0.784
global_step=472256, episodic_return=0.45999999999999996
global_step=472320, episodic_return=0.649
global_step=472340, episodic_return=0.5049999999999999
global_step=472400, episodic_return=0.829
global_step=472440, episodic_return=0.487
SPS: 3354
global_step=472660, episodic_return=0.0
global_step=472696, episodic_return=0.43299999999999994
global_step=472744, episodic_return=0.0
global_step=472804, episodic_return=0.0
global_step=472896, episodic_return=0.802
global_step=472956, episodic_return=0.532
global_step=473064, episodic_return=0.0
SPS: 3354
global_step=473100, episodic_return=0.0
global_step=473280, episodic_return=0.604
global_step=473284, episodic_return=0.2709999999999999
global_step=473300, episodic_return=0.0
global_step=473320, episodic_return=0.43299999999999994
global_step=473436, episodic_return=0.748
global_step=473460, episodic_return=0.613
global_step=473508, episodic_return=0.5409999999999999
global_step=473556, episodic_return=0.739
SPS: 3354
global_step=473616, episodic_return=0.874
global_step=473684, episodic_return=0.0
global_step=473692, episodic_return=0.595
global_step=473732, episodic_return=0.3969999999999999
global_step=473756, episodic_return=0.847
global_step=473984, episodic_return=0.4959999999999999
global_step=474020, episodic_return=0.0
global_step=474096, episodic_return=0.0
SPS: 3354
global_step=474136, episodic_return=0.0
global_step=474140, episodic_return=0.91
global_step=474152, episodic_return=0.712
global_step=474252, episodic_return=0.757
global_step=474308, episodic_return=0.883
global_step=474388, episodic_return=0.0
global_step=474424, episodic_return=0.9279999999999999
global_step=474460, episodic_return=0.667
global_step=474500, episodic_return=0.919
global_step=474540, episodic_return=0.0
global_step=474556, episodic_return=0.0
SPS: 3354
global_step=474828, episodic_return=0.0
global_step=474832, episodic_return=0.262
global_step=474944, episodic_return=0.0
global_step=474960, episodic_return=0.0
global_step=474984, episodic_return=0.6579999999999999
SPS: 3354
global_step=475156, episodic_return=0.532
global_step=475220, episodic_return=0.865
global_step=475236, episodic_return=0.0
global_step=475364, episodic_return=0.0
global_step=475388, episodic_return=0.09999999999999998
global_step=475456, episodic_return=0.478
global_step=475604, episodic_return=0.18099999999999994
SPS: 3354
global_step=475768, episodic_return=0.0
global_step=475792, episodic_return=0.0
global_step=475808, episodic_return=0.21699999999999997
global_step=476008, episodic_return=0.0
global_step=476012, episodic_return=0.45999999999999996
global_step=476028, episodic_return=0.514
global_step=476080, episodic_return=0.892
global_step=476108, episodic_return=0.946
global_step=476124, episodic_return=0.748
SPS: 3353
global_step=476196, episodic_return=0.0
global_step=476224, episodic_return=0.748
global_step=476244, episodic_return=0.487
global_step=476296, episodic_return=0.622
global_step=476360, episodic_return=0.748
global_step=476404, episodic_return=0.766
global_step=476520, episodic_return=0.2799999999999999
global_step=476624, episodic_return=0.775
global_step=476628, episodic_return=0.0
SPS: 3353
global_step=476764, episodic_return=0.0
global_step=476808, episodic_return=0.0
global_step=476860, episodic_return=0.487
global_step=476876, episodic_return=0.973
global_step=476896, episodic_return=0.712
global_step=476988, episodic_return=0.604
global_step=477028, episodic_return=0.0
global_step=477084, episodic_return=0.7929999999999999
global_step=477116, episodic_return=0.8109999999999999
SPS: 3353
global_step=477192, episodic_return=0.29799999999999993
global_step=477236, episodic_return=0.91
global_step=477300, episodic_return=0.0
global_step=477420, episodic_return=0.32499999999999996
global_step=477488, episodic_return=0.0
global_step=477488, episodic_return=0.586
global_step=477636, episodic_return=0.5229999999999999
global_step=477640, episodic_return=0.0
SPS: 3354
global_step=477828, episodic_return=0.577
global_step=477892, episodic_return=0.0
global_step=477892, episodic_return=0.0
global_step=477960, episodic_return=0.2889999999999999
global_step=478060, episodic_return=0.631
global_step=478092, episodic_return=0.5589999999999999
SPS: 3354
global_step=478232, episodic_return=0.0
global_step=478236, episodic_return=0.613
global_step=478300, episodic_return=0.5409999999999999
global_step=478344, episodic_return=0.766
global_step=478364, episodic_return=0.0
global_step=478440, episodic_return=0.7929999999999999
global_step=478460, episodic_return=0.7929999999999999
global_step=478488, episodic_return=0.43299999999999994
global_step=478704, episodic_return=0.0
SPS: 3354
global_step=478760, episodic_return=0.3969999999999999
global_step=478844, episodic_return=0.0
global_step=478864, episodic_return=0.0
global_step=478968, episodic_return=0.5409999999999999
global_step=479076, episodic_return=0.766
global_step=479076, episodic_return=0.532
global_step=479108, episodic_return=0.0
SPS: 3354
global_step=479248, episodic_return=0.0
global_step=479256, episodic_return=0.604
global_step=479324, episodic_return=0.45099999999999996
global_step=479460, episodic_return=0.532
global_step=479512, episodic_return=0.0
global_step=479660, episodic_return=0.0
global_step=479688, episodic_return=0.18999999999999995
global_step=479716, episodic_return=0.946
global_step=479736, episodic_return=0.838
SPS: 3354
global_step=479864, episodic_return=0.0
global_step=479916, episodic_return=0.0
global_step=480044, episodic_return=0.2709999999999999
global_step=480124, episodic_return=0.42399999999999993
global_step=480140, episodic_return=0.0
global_step=480168, episodic_return=0.91
global_step=480228, episodic_return=0.8109999999999999
SPS: 3354
global_step=480320, episodic_return=0.0
global_step=480448, episodic_return=0.0
global_step=480476, episodic_return=0.45099999999999996
global_step=480512, episodic_return=0.9279999999999999
global_step=480572, episodic_return=0.0
global_step=480636, episodic_return=0.29799999999999993
global_step=480652, episodic_return=0.973
SPS: 3354
global_step=480852, episodic_return=0.0
global_step=480912, episodic_return=0.42399999999999993
global_step=480916, episodic_return=0.0
global_step=480968, episodic_return=0.892
global_step=480976, episodic_return=0.0
global_step=481072, episodic_return=0.514
global_step=481092, episodic_return=0.964
global_step=481228, episodic_return=0.42399999999999993
SPS: 3354
global_step=481316, episodic_return=0.0
global_step=481332, episodic_return=0.973
global_step=481380, episodic_return=0.0
global_step=481396, episodic_return=0.32499999999999996
global_step=481428, episodic_return=0.7929999999999999
global_step=481444, episodic_return=0.901
global_step=481632, episodic_return=0.0
global_step=481660, episodic_return=0.379
global_step=481716, episodic_return=0.361
global_step=481780, episodic_return=0.6759999999999999
SPS: 3354
global_step=481840, episodic_return=0.604
global_step=481848, episodic_return=0.0
global_step=481936, episodic_return=0.7929999999999999
global_step=482008, episodic_return=0.847
global_step=482120, episodic_return=0.0
global_step=482148, episodic_return=0.946
global_step=482176, episodic_return=0.118
global_step=482252, episodic_return=0.0
SPS: 3354
global_step=482412, episodic_return=0.0
global_step=482424, episodic_return=0.982
global_step=482480, episodic_return=0.262
global_step=482516, episodic_return=0.9279999999999999
global_step=482580, episodic_return=0.0
global_step=482596, episodic_return=0.622
global_step=482656, episodic_return=0.0
global_step=482664, episodic_return=0.82
global_step=482724, episodic_return=0.856
SPS: 3354
global_step=482860, episodic_return=0.4149999999999999
global_step=482920, episodic_return=0.0
global_step=482952, episodic_return=0.9369999999999999
global_step=483044, episodic_return=0.2889999999999999
global_step=483068, episodic_return=0.0
global_step=483084, episodic_return=0.712
global_step=483156, episodic_return=0.8109999999999999
global_step=483264, episodic_return=0.0
SPS: 3354
global_step=483432, episodic_return=0.631
global_step=483448, episodic_return=0.0
global_step=483488, episodic_return=0.0
global_step=483528, episodic_return=0.919
global_step=483560, episodic_return=0.0
global_step=483632, episodic_return=0.775
global_step=483812, episodic_return=0.604
global_step=483836, episodic_return=0.0
global_step=483840, episodic_return=0.946
SPS: 3355
global_step=483852, episodic_return=0.0
global_step=483864, episodic_return=0.32499999999999996
global_step=483876, episodic_return=0.919
global_step=483928, episodic_return=0.8109999999999999
global_step=483980, episodic_return=0.748
global_step=484088, episodic_return=0.532
global_step=484100, episodic_return=0.622
global_step=484244, episodic_return=0.4149999999999999
global_step=484256, episodic_return=0.0
global_step=484328, episodic_return=0.4959999999999999
SPS: 3354
global_step=484420, episodic_return=0.262
global_step=484444, episodic_return=0.5589999999999999
global_step=484660, episodic_return=0.0
global_step=484732, episodic_return=0.0
global_step=484824, episodic_return=0.0
global_step=484836, episodic_return=0.613
global_step=484848, episodic_return=0.0
SPS: 3355
global_step=485004, episodic_return=0.6579999999999999
global_step=485020, episodic_return=0.5680000000000001
global_step=485120, episodic_return=0.748
global_step=485136, episodic_return=0.0
global_step=485148, episodic_return=0.982
global_step=485152, episodic_return=0.29799999999999993
global_step=485212, episodic_return=0.865
global_step=485232, episodic_return=0.757
global_step=485244, episodic_return=0.5049999999999999
global_step=485364, episodic_return=0.532
SPS: 3355
global_step=485384, episodic_return=0.622
global_step=485480, episodic_return=0.45099999999999996
global_step=485648, episodic_return=0.0
global_step=485728, episodic_return=0.235
global_step=485756, episodic_return=0.946
global_step=485768, episodic_return=0.0
global_step=485884, episodic_return=0.0
SPS: 3355
global_step=485960, episodic_return=0.577
global_step=485972, episodic_return=0.2799999999999999
global_step=485996, episodic_return=0.955
global_step=486024, episodic_return=0.4059999999999999
global_step=486084, episodic_return=0.874
global_step=486128, episodic_return=0.712
global_step=486160, episodic_return=0.9369999999999999
global_step=486184, episodic_return=0.5049999999999999
global_step=486212, episodic_return=0.946
global_step=486236, episodic_return=0.21699999999999997
global_step=486276, episodic_return=0.919
SPS: 3355
global_step=486488, episodic_return=0.0
global_step=486564, episodic_return=0.0
global_step=486568, episodic_return=0.20799999999999996
global_step=486620, episodic_return=0.883
global_step=486620, episodic_return=0.892
global_step=486624, episodic_return=0.703
global_step=486652, episodic_return=0.9369999999999999
global_step=486656, episodic_return=0.15400000000000003
global_step=486752, episodic_return=0.784
global_step=486800, episodic_return=0.901
global_step=486844, episodic_return=0.586
SPS: 3355
global_step=486928, episodic_return=0.82
global_step=487024, episodic_return=0.0
global_step=487028, episodic_return=0.0
global_step=487124, episodic_return=0.5680000000000001
global_step=487172, episodic_return=0.17199999999999993
global_step=487284, episodic_return=0.43299999999999994
global_step=487304, episodic_return=0.964
SPS: 3355
global_step=487428, episodic_return=0.0
global_step=487528, episodic_return=0.0
global_step=487540, episodic_return=0.18099999999999994
global_step=487708, episodic_return=0.0
global_step=487744, episodic_return=0.55
global_step=487784, episodic_return=0.43299999999999994
global_step=487832, episodic_return=0.0
global_step=487912, episodic_return=0.829
SPS: 3355
global_step=488048, episodic_return=0.32499999999999996
global_step=488112, episodic_return=0.865
global_step=488112, episodic_return=0.0
global_step=488152, episodic_return=0.18099999999999994
global_step=488240, episodic_return=0.8109999999999999
global_step=488280, episodic_return=0.919
global_step=488316, episodic_return=0.0
global_step=488344, episodic_return=0.487
global_step=488376, episodic_return=0.7929999999999999
SPS: 3355
global_step=488480, episodic_return=0.775
global_step=488508, episodic_return=0.946
global_step=488516, episodic_return=0.0
global_step=488692, episodic_return=0.595
global_step=488712, episodic_return=0.5680000000000001
global_step=488720, episodic_return=0.0
global_step=488728, episodic_return=0.14500000000000002
global_step=488836, episodic_return=0.766
global_step=488836, episodic_return=0.685
global_step=488892, episodic_return=0.883
SPS: 3355
global_step=488984, episodic_return=0.3969999999999999
global_step=489124, episodic_return=0.0
global_step=489132, episodic_return=0.469
global_step=489160, episodic_return=0.2799999999999999
global_step=489192, episodic_return=0.5409999999999999
global_step=489372, episodic_return=0.532
global_step=489376, episodic_return=0.45999999999999996
global_step=489408, episodic_return=0.5229999999999999
SPS: 3355
global_step=489516, episodic_return=0.685
global_step=489528, episodic_return=0.0
global_step=489552, episodic_return=0.613
global_step=489640, episodic_return=0.8109999999999999
global_step=489772, episodic_return=0.43299999999999994
global_step=489812, episodic_return=0.0
global_step=489840, episodic_return=0.856
global_step=489932, episodic_return=0.0
SPS: 3355
global_step=489996, episodic_return=0.20799999999999996
global_step=490060, episodic_return=0.514
global_step=490088, episodic_return=0.6579999999999999
global_step=490132, episodic_return=0.703
global_step=490184, episodic_return=0.73
global_step=490216, episodic_return=0.0
global_step=490308, episodic_return=0.802
global_step=490444, episodic_return=0.30699999999999994
global_step=490492, episodic_return=0.0
SPS: 3355
global_step=490588, episodic_return=0.0
global_step=490608, episodic_return=0.6399999999999999
global_step=490692, episodic_return=0.5589999999999999
global_step=490712, episodic_return=0.0
global_step=490864, episodic_return=0.622
global_step=490884, episodic_return=0.3879999999999999
global_step=490964, episodic_return=0.44199999999999995
global_step=490992, episodic_return=0.0
global_step=491008, episodic_return=0.73
SPS: 3355
global_step=491016, episodic_return=0.667
global_step=491056, episodic_return=0.901
global_step=491064, episodic_return=0.847
global_step=491368, episodic_return=0.0
global_step=491420, episodic_return=0.0
global_step=491460, episodic_return=0.0
global_step=491468, episodic_return=0.0
SPS: 3356
global_step=491600, episodic_return=0.487
global_step=491676, episodic_return=0.838
global_step=491780, episodic_return=0.30699999999999994
global_step=491824, episodic_return=0.0
global_step=491860, episodic_return=0.829
global_step=491864, episodic_return=0.0
global_step=492004, episodic_return=0.694
global_step=492016, episodic_return=0.6579999999999999
SPS: 3356
global_step=492040, episodic_return=0.18999999999999995
global_step=492172, episodic_return=0.631
global_step=492220, episodic_return=0.604
global_step=492228, episodic_return=0.0
global_step=492340, episodic_return=0.2799999999999999
SPS: 3356
global_step=492576, episodic_return=0.0
global_step=492624, episodic_return=0.0
global_step=492632, episodic_return=0.0
global_step=492668, episodic_return=0.2709999999999999
global_step=492888, episodic_return=0.4149999999999999
global_step=492944, episodic_return=0.883
global_step=492976, episodic_return=0.31599999999999995
global_step=492980, episodic_return=0.0
global_step=493036, episodic_return=0.0
global_step=493044, episodic_return=0.784
SPS: 3356
global_step=493092, episodic_return=0.883
global_step=493244, episodic_return=0.667
global_step=493356, episodic_return=0.15400000000000003
global_step=493372, episodic_return=0.721
global_step=493384, episodic_return=0.0
global_step=493448, episodic_return=0.0
global_step=493532, episodic_return=0.82
SPS: 3356
global_step=493684, episodic_return=0.30699999999999994
global_step=493700, episodic_return=0.631
global_step=493756, episodic_return=0.17199999999999993
global_step=493760, episodic_return=0.0
global_step=493860, episodic_return=0.649
global_step=494056, episodic_return=0.34299999999999997
SPS: 3356
global_step=494088, episodic_return=0.0
global_step=494160, episodic_return=0.0
global_step=494264, episodic_return=0.0
global_step=494264, episodic_return=0.775
global_step=494292, episodic_return=0.478
global_step=494344, episodic_return=0.43299999999999994
global_step=494400, episodic_return=0.766
global_step=494436, episodic_return=0.802
global_step=494548, episodic_return=0.6759999999999999
SPS: 3356
global_step=494668, episodic_return=0.0
global_step=494668, episodic_return=0.0
global_step=494708, episodic_return=0.919
global_step=494840, episodic_return=0.0
global_step=494844, episodic_return=0.613
global_step=494900, episodic_return=0.577
global_step=494908, episodic_return=0.865
global_step=494952, episodic_return=0.0
global_step=494972, episodic_return=0.964
global_step=494992, episodic_return=0.667
global_step=494992, episodic_return=0.964
global_step=495064, episodic_return=0.847
global_step=495096, episodic_return=0.775
SPS: 3356
global_step=495152, episodic_return=0.44199999999999995
global_step=495228, episodic_return=0.712
global_step=495312, episodic_return=0.0
global_step=495336, episodic_return=0.3969999999999999
global_step=495356, episodic_return=0.964
global_step=495396, episodic_return=0.45999999999999996
global_step=495412, episodic_return=0.883
SPS: 3356
global_step=495632, episodic_return=0.0
global_step=495680, episodic_return=0.4059999999999999
global_step=495712, episodic_return=0.829
global_step=495716, episodic_return=0.0
global_step=495800, episodic_return=0.0
global_step=496036, episodic_return=0.20799999999999996
global_step=496036, episodic_return=0.2799999999999999
global_step=496060, episodic_return=0.235
SPS: 3357
global_step=496204, episodic_return=0.0
global_step=496328, episodic_return=0.4059999999999999
global_step=496404, episodic_return=0.18099999999999994
global_step=496440, episodic_return=0.0
global_step=496600, episodic_return=0.3969999999999999
global_step=496608, episodic_return=0.0
SPS: 3357
global_step=496808, episodic_return=0.0
global_step=496808, episodic_return=0.5589999999999999
global_step=496816, episodic_return=0.5229999999999999
global_step=496844, episodic_return=0.0
global_step=496896, episodic_return=0.829
global_step=496924, episodic_return=0.829
global_step=497028, episodic_return=0.514
global_step=497032, episodic_return=0.703
global_step=497060, episodic_return=0.703
global_step=497088, episodic_return=0.946
global_step=497096, episodic_return=0.865
SPS: 3357
global_step=497200, episodic_return=0.775
global_step=497212, episodic_return=0.0
global_step=497244, episodic_return=0.9369999999999999
global_step=497332, episodic_return=0.712
global_step=497408, episodic_return=0.6399999999999999
global_step=497420, episodic_return=0.262
global_step=497432, episodic_return=0.0
global_step=497644, episodic_return=0.478
SPS: 3358
global_step=497704, episodic_return=0.37
global_step=497736, episodic_return=0.0
global_step=497836, episodic_return=0.577
global_step=497836, episodic_return=0.09999999999999998
global_step=497888, episodic_return=0.892
global_step=497920, episodic_return=0.9369999999999999
global_step=498108, episodic_return=0.0
global_step=498108, episodic_return=0.3969999999999999
global_step=498140, episodic_return=0.0
global_step=498156, episodic_return=0.901
global_step=498168, episodic_return=0.874
SPS: 3358
global_step=498212, episodic_return=0.91
global_step=498304, episodic_return=0.14500000000000002
global_step=498460, episodic_return=0.2889999999999999
global_step=498540, episodic_return=0.2709999999999999
global_step=498560, episodic_return=0.0
SPS: 3358
global_step=498708, episodic_return=0.0
global_step=498756, episodic_return=0.5680000000000001
global_step=498864, episodic_return=0.0
global_step=498932, episodic_return=0.5049999999999999
global_step=498944, episodic_return=0.0
global_step=498960, episodic_return=0.7929999999999999
global_step=498988, episodic_return=0.883
global_step=499020, episodic_return=0.4149999999999999
global_step=499164, episodic_return=0.613
SPS: 3358
global_step=499300, episodic_return=0.703
global_step=499348, episodic_return=0.0
global_step=499364, episodic_return=0.0
global_step=499424, episodic_return=0.0
global_step=499476, episodic_return=0.721
global_step=499684, episodic_return=0.2889999999999999
global_step=499704, episodic_return=0.0
SPS: 3359
Saved agent to runs/g1_yfollow__cond_A__1__1779559961/agent.pt
[1;34mwandb[0m: 
[1;34mwandb[0m: 🚀 View run [33mg1_yfollow__cond_A__1__1779559961[0m at: [34mhttps://wandb.ai/animeconqueror108-university-of-southern-mississippi/ppo-spurious/runs/u080fn3y[0m
[1;34mwandb[0m: Find logs at: [1;35mwandb/run-20260523_131242-u080fn3y/logs[0m
[done] Sat May 23 01:15:48 PM CDT 2026  name=cond_A
