Unloading shared
  WARNING: Did not unuse /cm/shared/modulefiles
[start] Sat May 23 01:37:44 PM CDT 2026  host=node048  task=2  name=cond_A
name
NVIDIA L40S
global_step=400, episodic_return=0.0
global_step=400, episodic_return=0.0
global_step=400, episodic_return=0.0
global_step=400, episodic_return=0.0
SPS: 1007
global_step=804, episodic_return=0.0
global_step=804, episodic_return=0.0
global_step=804, episodic_return=0.0
global_step=804, episodic_return=0.0
SPS: 1498
global_step=1208, episodic_return=0.0
global_step=1208, episodic_return=0.0
global_step=1208, episodic_return=0.0
global_step=1208, episodic_return=0.0
SPS: 1794
global_step=1612, episodic_return=0.0
global_step=1612, episodic_return=0.0
global_step=1612, episodic_return=0.0
global_step=1612, episodic_return=0.0
global_step=2016, episodic_return=0.0
global_step=2016, episodic_return=0.0
global_step=2016, episodic_return=0.0
global_step=2016, episodic_return=0.0
SPS: 1989
global_step=2420, episodic_return=0.0
global_step=2420, episodic_return=0.0
global_step=2420, episodic_return=0.0
global_step=2420, episodic_return=0.0
SPS: 2132
global_step=2824, episodic_return=0.0
global_step=2824, episodic_return=0.0
global_step=2824, episodic_return=0.0
global_step=2824, episodic_return=0.0
SPS: 2236
global_step=3228, episodic_return=0.0
global_step=3228, episodic_return=0.0
global_step=3228, episodic_return=0.0
global_step=3228, episodic_return=0.0
global_step=3384, episodic_return=0.6579999999999999
SPS: 2314
global_step=3632, episodic_return=0.0
global_step=3632, episodic_return=0.0
global_step=3632, episodic_return=0.0
global_step=3788, episodic_return=0.0
global_step=3856, episodic_return=0.5049999999999999
global_step=4036, episodic_return=0.0
global_step=4036, episodic_return=0.0
SPS: 2375
global_step=4192, episodic_return=0.0
global_step=4260, episodic_return=0.0
global_step=4440, episodic_return=0.0
global_step=4440, episodic_return=0.0
global_step=4596, episodic_return=0.0
SPS: 2425
global_step=4664, episodic_return=0.0
global_step=4844, episodic_return=0.0
global_step=4844, episodic_return=0.0
global_step=4932, episodic_return=0.8109999999999999
global_step=5000, episodic_return=0.0
global_step=5068, episodic_return=0.0
SPS: 2467
global_step=5248, episodic_return=0.0
global_step=5336, episodic_return=0.0
global_step=5404, episodic_return=0.0
global_step=5472, episodic_return=0.0
SPS: 2505
global_step=5652, episodic_return=0.0
global_step=5740, episodic_return=0.0
global_step=5808, episodic_return=0.0
global_step=5876, episodic_return=0.0
global_step=6056, episodic_return=0.0
global_step=6144, episodic_return=0.0
SPS: 2536
global_step=6212, episodic_return=0.0
global_step=6280, episodic_return=0.0
global_step=6460, episodic_return=0.0
global_step=6548, episodic_return=0.0
global_step=6616, episodic_return=0.0
SPS: 2563
global_step=6684, episodic_return=0.0
global_step=6864, episodic_return=0.0
global_step=6952, episodic_return=0.0
global_step=7020, episodic_return=0.0
global_step=7088, episodic_return=0.0
SPS: 2586
global_step=7268, episodic_return=0.0
global_step=7340, episodic_return=0.847
global_step=7356, episodic_return=0.0
global_step=7424, episodic_return=0.0
global_step=7492, episodic_return=0.0
SPS: 2605
global_step=7744, episodic_return=0.0
global_step=7760, episodic_return=0.0
global_step=7828, episodic_return=0.0
global_step=7896, episodic_return=0.0
global_step=8148, episodic_return=0.0
global_step=8164, episodic_return=0.0
SPS: 2622
global_step=8232, episodic_return=0.0
global_step=8300, episodic_return=0.0
global_step=8552, episodic_return=0.0
global_step=8568, episodic_return=0.0
global_step=8636, episodic_return=0.0
global_step=8704, episodic_return=0.0
SPS: 2637
global_step=8956, episodic_return=0.0
global_step=8972, episodic_return=0.0
global_step=9040, episodic_return=0.0
global_step=9108, episodic_return=0.0
SPS: 2652
global_step=9360, episodic_return=0.0
global_step=9376, episodic_return=0.0
global_step=9444, episodic_return=0.0
global_step=9512, episodic_return=0.0
SPS: 2666
global_step=9764, episodic_return=0.0
global_step=9780, episodic_return=0.0
global_step=9848, episodic_return=0.0
global_step=9916, episodic_return=0.0
global_step=10168, episodic_return=0.0
global_step=10184, episodic_return=0.0
SPS: 2678
global_step=10252, episodic_return=0.0
global_step=10320, episodic_return=0.0
global_step=10572, episodic_return=0.0
global_step=10588, episodic_return=0.0
global_step=10656, episodic_return=0.0
global_step=10724, episodic_return=0.0
SPS: 2687
global_step=10976, episodic_return=0.0
global_step=10988, episodic_return=0.10899999999999999
global_step=11060, episodic_return=0.0
global_step=11128, episodic_return=0.0
SPS: 2697
global_step=11380, episodic_return=0.0
global_step=11392, episodic_return=0.0
global_step=11464, episodic_return=0.0
global_step=11532, episodic_return=0.0
SPS: 2707
global_step=11784, episodic_return=0.0
global_step=11796, episodic_return=0.0
global_step=11868, episodic_return=0.0
global_step=11936, episodic_return=0.0
global_step=12188, episodic_return=0.0
global_step=12200, episodic_return=0.0
global_step=12272, episodic_return=0.0
SPS: 2715
global_step=12340, episodic_return=0.0
global_step=12592, episodic_return=0.0
global_step=12604, episodic_return=0.0
global_step=12676, episodic_return=0.0
global_step=12744, episodic_return=0.0
SPS: 2723
global_step=12996, episodic_return=0.0
global_step=13008, episodic_return=0.0
global_step=13080, episodic_return=0.0
global_step=13148, episodic_return=0.0
SPS: 2731
global_step=13400, episodic_return=0.0
global_step=13412, episodic_return=0.0
global_step=13484, episodic_return=0.0
global_step=13552, episodic_return=0.0
global_step=13804, episodic_return=0.0
global_step=13816, episodic_return=0.0
SPS: 2736
global_step=13888, episodic_return=0.0
global_step=13956, episodic_return=0.0
global_step=13976, episodic_return=0.8109999999999999
global_step=14208, episodic_return=0.0
global_step=14220, episodic_return=0.0
SPS: 2743
global_step=14360, episodic_return=0.0
global_step=14380, episodic_return=0.0
global_step=14612, episodic_return=0.0
global_step=14624, episodic_return=0.0
global_step=14764, episodic_return=0.0
global_step=14784, episodic_return=0.0
SPS: 2749
global_step=15016, episodic_return=0.0
global_step=15028, episodic_return=0.0
global_step=15168, episodic_return=0.0
global_step=15188, episodic_return=0.0
SPS: 2755
global_step=15420, episodic_return=0.0
global_step=15432, episodic_return=0.0
global_step=15572, episodic_return=0.0
global_step=15592, episodic_return=0.0
global_step=15824, episodic_return=0.0
global_step=15836, episodic_return=0.0
SPS: 2761
global_step=15976, episodic_return=0.0
global_step=15996, episodic_return=0.0
global_step=16228, episodic_return=0.0
global_step=16240, episodic_return=0.0
global_step=16380, episodic_return=0.0
SPS: 2766
global_step=16388, episodic_return=0.991
global_step=16400, episodic_return=0.0
global_step=16632, episodic_return=0.0
global_step=16644, episodic_return=0.0
global_step=16792, episodic_return=0.0
global_step=16804, episodic_return=0.0
SPS: 2772
global_step=17036, episodic_return=0.0
global_step=17048, episodic_return=0.0
global_step=17196, episodic_return=0.0
global_step=17208, episodic_return=0.0
SPS: 2778
global_step=17440, episodic_return=0.0
global_step=17452, episodic_return=0.0
global_step=17600, episodic_return=0.0
global_step=17612, episodic_return=0.0
global_step=17844, episodic_return=0.0
global_step=17856, episodic_return=0.0
SPS: 2782
global_step=17972, episodic_return=0.748
global_step=18004, episodic_return=0.0
global_step=18016, episodic_return=0.0
global_step=18248, episodic_return=0.0
global_step=18376, episodic_return=0.0
global_step=18408, episodic_return=0.0
global_step=18420, episodic_return=0.0
SPS: 2785
global_step=18632, episodic_return=0.5049999999999999
global_step=18652, episodic_return=0.0
global_step=18780, episodic_return=0.0
global_step=18824, episodic_return=0.0
SPS: 2789
global_step=19036, episodic_return=0.0
global_step=19052, episodic_return=0.10899999999999999
global_step=19120, episodic_return=0.244
global_step=19228, episodic_return=0.0
global_step=19440, episodic_return=0.0
global_step=19456, episodic_return=0.0
SPS: 2793
global_step=19524, episodic_return=0.0
global_step=19632, episodic_return=0.0
global_step=19844, episodic_return=0.0
global_step=19860, episodic_return=0.0
global_step=19928, episodic_return=0.0
SPS: 2795
global_step=20036, episodic_return=0.0
global_step=20248, episodic_return=0.0
global_step=20264, episodic_return=0.0
global_step=20332, episodic_return=0.0
global_step=20440, episodic_return=0.0
SPS: 2798
global_step=20652, episodic_return=0.0
global_step=20668, episodic_return=0.0
global_step=20736, episodic_return=0.0
global_step=20844, episodic_return=0.0
SPS: 2801
global_step=21056, episodic_return=0.0
global_step=21072, episodic_return=0.0
global_step=21140, episodic_return=0.0
global_step=21248, episodic_return=0.0
global_step=21388, episodic_return=0.262
global_step=21432, episodic_return=0.91
global_step=21476, episodic_return=0.0
SPS: 2803
global_step=21544, episodic_return=0.0
global_step=21652, episodic_return=0.0
global_step=21836, episodic_return=0.0
global_step=21880, episodic_return=0.0
global_step=21948, episodic_return=0.0
SPS: 2806
global_step=22056, episodic_return=0.0
global_step=22240, episodic_return=0.0
global_step=22284, episodic_return=0.0
global_step=22352, episodic_return=0.0
global_step=22400, episodic_return=0.748
global_step=22460, episodic_return=0.0
SPS: 2808
global_step=22644, episodic_return=0.0
global_step=22756, episodic_return=0.0
global_step=22804, episodic_return=0.0
global_step=22864, episodic_return=0.0
SPS: 2811
global_step=23048, episodic_return=0.0
global_step=23160, episodic_return=0.0
global_step=23208, episodic_return=0.0
global_step=23268, episodic_return=0.0
global_step=23452, episodic_return=0.0
global_step=23516, episodic_return=0.45099999999999996
SPS: 2813
global_step=23564, episodic_return=0.0
global_step=23612, episodic_return=0.0
global_step=23856, episodic_return=0.0
global_step=23912, episodic_return=0.118
global_step=23968, episodic_return=0.0
global_step=24016, episodic_return=0.0
SPS: 2815
global_step=24260, episodic_return=0.0
global_step=24316, episodic_return=0.0
global_step=24372, episodic_return=0.0
global_step=24420, episodic_return=0.0
SPS: 2817
global_step=24580, episodic_return=0.4149999999999999
global_step=24664, episodic_return=0.0
global_step=24776, episodic_return=0.0
global_step=24824, episodic_return=0.0
global_step=24984, episodic_return=0.0
global_step=25068, episodic_return=0.0
SPS: 2818
global_step=25180, episodic_return=0.0
global_step=25228, episodic_return=0.0
global_step=25388, episodic_return=0.0
global_step=25472, episodic_return=0.0
global_step=25584, episodic_return=0.0
SPS: 2821
global_step=25632, episodic_return=0.0
global_step=25792, episodic_return=0.0
global_step=25876, episodic_return=0.0
global_step=25988, episodic_return=0.0
global_step=26032, episodic_return=0.10899999999999999
SPS: 2822
global_step=26196, episodic_return=0.0
global_step=26280, episodic_return=0.0
global_step=26392, episodic_return=0.0
global_step=26436, episodic_return=0.0
global_step=26600, episodic_return=0.0
SPS: 2823
global_step=26684, episodic_return=0.0
global_step=26796, episodic_return=0.0
global_step=26840, episodic_return=0.0
global_step=27004, episodic_return=0.0
global_step=27088, episodic_return=0.0
SPS: 2825
global_step=27200, episodic_return=0.0
global_step=27244, episodic_return=0.0
global_step=27408, episodic_return=0.0
global_step=27492, episodic_return=0.0
global_step=27604, episodic_return=0.0
global_step=27648, episodic_return=0.0
SPS: 2827
global_step=27812, episodic_return=0.0
global_step=27896, episodic_return=0.0
global_step=28008, episodic_return=0.0
global_step=28052, episodic_return=0.0
SPS: 2828
global_step=28216, episodic_return=0.0
global_step=28300, episodic_return=0.0
global_step=28412, episodic_return=0.0
global_step=28456, episodic_return=0.0
global_step=28620, episodic_return=0.0
SPS: 2830
global_step=28704, episodic_return=0.0
global_step=28816, episodic_return=0.0
global_step=28860, episodic_return=0.0
global_step=29024, episodic_return=0.0
global_step=29108, episodic_return=0.0
SPS: 2831
global_step=29216, episodic_return=0.577
global_step=29220, episodic_return=0.0
global_step=29264, episodic_return=0.0
global_step=29512, episodic_return=0.0
global_step=29620, episodic_return=0.0
global_step=29624, episodic_return=0.0
global_step=29668, episodic_return=0.0
SPS: 2832
global_step=29916, episodic_return=0.0
global_step=30024, episodic_return=0.0
global_step=30028, episodic_return=0.0
global_step=30072, episodic_return=0.0
SPS: 2834
global_step=30320, episodic_return=0.0
global_step=30428, episodic_return=0.0
global_step=30432, episodic_return=0.0
global_step=30476, episodic_return=0.0
SPS: 2836
global_step=30724, episodic_return=0.0
global_step=30832, episodic_return=0.0
global_step=30836, episodic_return=0.0
global_step=30880, episodic_return=0.0
global_step=31128, episodic_return=0.0
SPS: 2837
global_step=31236, episodic_return=0.0
global_step=31240, episodic_return=0.0
global_step=31284, episodic_return=0.0
global_step=31532, episodic_return=0.0
global_step=31640, episodic_return=0.0
global_step=31644, episodic_return=0.0
global_step=31688, episodic_return=0.0
SPS: 2838
global_step=31936, episodic_return=0.0
global_step=32044, episodic_return=0.0
global_step=32048, episodic_return=0.0
global_step=32092, episodic_return=0.0
global_step=32156, episodic_return=0.766
SPS: 2838
global_step=32340, episodic_return=0.0
global_step=32448, episodic_return=0.0
global_step=32496, episodic_return=0.0
global_step=32560, episodic_return=0.0
global_step=32744, episodic_return=0.0
SPS: 2840
global_step=32852, episodic_return=0.0
global_step=32900, episodic_return=0.0
global_step=32964, episodic_return=0.0
global_step=33148, episodic_return=0.0
global_step=33256, episodic_return=0.0
SPS: 2841
global_step=33304, episodic_return=0.0
global_step=33368, episodic_return=0.0
global_step=33552, episodic_return=0.0
global_step=33660, episodic_return=0.0
global_step=33708, episodic_return=0.0
global_step=33772, episodic_return=0.0
SPS: 2842
global_step=33956, episodic_return=0.0
global_step=34064, episodic_return=0.0
global_step=34112, episodic_return=0.0
global_step=34176, episodic_return=0.0
SPS: 2843
global_step=34360, episodic_return=0.0
global_step=34468, episodic_return=0.0
global_step=34516, episodic_return=0.0
global_step=34580, episodic_return=0.0
global_step=34764, episodic_return=0.0
SPS: 2845
global_step=34872, episodic_return=0.0
global_step=34920, episodic_return=0.0
global_step=34984, episodic_return=0.0
global_step=35168, episodic_return=0.0
global_step=35276, episodic_return=0.0
global_step=35324, episodic_return=0.0
SPS: 2846
global_step=35388, episodic_return=0.0
global_step=35572, episodic_return=0.0
global_step=35680, episodic_return=0.0
global_step=35728, episodic_return=0.0
global_step=35792, episodic_return=0.0
SPS: 2847
global_step=35872, episodic_return=0.685
global_step=35976, episodic_return=0.0
global_step=36084, episodic_return=0.0
global_step=36196, episodic_return=0.0
global_step=36276, episodic_return=0.0
SPS: 2847
global_step=36380, episodic_return=0.0
global_step=36488, episodic_return=0.0
global_step=36600, episodic_return=0.0
global_step=36680, episodic_return=0.0
global_step=36712, episodic_return=0.5049999999999999
global_step=36784, episodic_return=0.0
SPS: 2848
global_step=37004, episodic_return=0.0
global_step=37084, episodic_return=0.0
global_step=37116, episodic_return=0.0
global_step=37188, episodic_return=0.0
SPS: 2850
global_step=37408, episodic_return=0.0
global_step=37488, episodic_return=0.0
global_step=37520, episodic_return=0.0
global_step=37592, episodic_return=0.0
global_step=37752, episodic_return=0.235
global_step=37808, episodic_return=0.883
SPS: 2850
global_step=37892, episodic_return=0.0
global_step=37924, episodic_return=0.0
global_step=37996, episodic_return=0.0
global_step=38212, episodic_return=0.0
global_step=38296, episodic_return=0.0
global_step=38328, episodic_return=0.0
global_step=38400, episodic_return=0.0
SPS: 2850
global_step=38616, episodic_return=0.0
global_step=38700, episodic_return=0.0
global_step=38732, episodic_return=0.0
global_step=38804, episodic_return=0.0
SPS: 2851
global_step=39020, episodic_return=0.0
global_step=39104, episodic_return=0.0
global_step=39136, episodic_return=0.0
global_step=39208, episodic_return=0.0
global_step=39424, episodic_return=0.0
SPS: 2852
global_step=39508, episodic_return=0.0
global_step=39540, episodic_return=0.0
global_step=39612, episodic_return=0.0
global_step=39828, episodic_return=0.0
global_step=39912, episodic_return=0.0
SPS: 2853
global_step=39944, episodic_return=0.0
global_step=40016, episodic_return=0.0
global_step=40232, episodic_return=0.0
global_step=40316, episodic_return=0.0
global_step=40348, episodic_return=0.0
global_step=40420, episodic_return=0.0
SPS: 2853
global_step=40636, episodic_return=0.0
global_step=40716, episodic_return=0.10899999999999999
global_step=40752, episodic_return=0.0
global_step=40824, episodic_return=0.0
global_step=40828, episodic_return=0.577
SPS: 2854
global_step=41120, episodic_return=0.0
global_step=41156, episodic_return=0.0
global_step=41228, episodic_return=0.0
global_step=41232, episodic_return=0.0
SPS: 2855
global_step=41524, episodic_return=0.0
global_step=41560, episodic_return=0.0
global_step=41632, episodic_return=0.0
global_step=41636, episodic_return=0.0
global_step=41668, episodic_return=0.9369999999999999
global_step=41928, episodic_return=0.0
global_step=41964, episodic_return=0.0
SPS: 2856
global_step=42036, episodic_return=0.0
global_step=42072, episodic_return=0.0
global_step=42332, episodic_return=0.0
global_step=42368, episodic_return=0.0
global_step=42440, episodic_return=0.0
global_step=42476, episodic_return=0.0
SPS: 2856
global_step=42736, episodic_return=0.0
global_step=42772, episodic_return=0.0
global_step=42844, episodic_return=0.0
global_step=42880, episodic_return=0.0
SPS: 2857
global_step=43140, episodic_return=0.0
global_step=43176, episodic_return=0.0
global_step=43248, episodic_return=0.0
global_step=43284, episodic_return=0.0
SPS: 2857
global_step=43544, episodic_return=0.0
global_step=43580, episodic_return=0.0
global_step=43652, episodic_return=0.0
global_step=43688, episodic_return=0.0
global_step=43756, episodic_return=0.613
global_step=43948, episodic_return=0.0
SPS: 2858
global_step=44056, episodic_return=0.0
global_step=44092, episodic_return=0.0
global_step=44160, episodic_return=0.0
global_step=44328, episodic_return=0.15400000000000003
global_step=44460, episodic_return=0.0
global_step=44496, episodic_return=0.0
SPS: 2858
global_step=44564, episodic_return=0.0
global_step=44732, episodic_return=0.0
global_step=44864, episodic_return=0.0
global_step=44900, episodic_return=0.0
global_step=44968, episodic_return=0.0
SPS: 2858
global_step=45136, episodic_return=0.0
global_step=45268, episodic_return=0.0
global_step=45304, episodic_return=0.0
global_step=45372, episodic_return=0.0
global_step=45540, episodic_return=0.0
SPS: 2859
global_step=45672, episodic_return=0.0
global_step=45708, episodic_return=0.0
global_step=45776, episodic_return=0.0
global_step=45944, episodic_return=0.0
global_step=46076, episodic_return=0.0
SPS: 2859
global_step=46112, episodic_return=0.0
global_step=46180, episodic_return=0.0
global_step=46348, episodic_return=0.0
global_step=46480, episodic_return=0.0
global_step=46516, episodic_return=0.0
global_step=46584, episodic_return=0.0
SPS: 2860
global_step=46752, episodic_return=0.0
global_step=46884, episodic_return=0.0
global_step=46920, episodic_return=0.0
global_step=46984, episodic_return=0.10899999999999999
SPS: 2861
global_step=47156, episodic_return=0.0
global_step=47288, episodic_return=0.0
global_step=47324, episodic_return=0.0
global_step=47388, episodic_return=0.0
global_step=47560, episodic_return=0.0
SPS: 2861
global_step=47692, episodic_return=0.0
global_step=47728, episodic_return=0.0
global_step=47792, episodic_return=0.0
global_step=47964, episodic_return=0.0
global_step=48064, episodic_return=0.253
global_step=48096, episodic_return=0.0
SPS: 2862
global_step=48196, episodic_return=0.0
global_step=48368, episodic_return=0.0
global_step=48468, episodic_return=0.0
global_step=48500, episodic_return=0.0
global_step=48600, episodic_return=0.0
SPS: 2862
global_step=48772, episodic_return=0.0
global_step=48872, episodic_return=0.0
global_step=48904, episodic_return=0.0
global_step=49004, episodic_return=0.0
SPS: 2863
global_step=49176, episodic_return=0.0
global_step=49276, episodic_return=0.0
global_step=49308, episodic_return=0.0
global_step=49408, episodic_return=0.0
global_step=49580, episodic_return=0.0
SPS: 2864
global_step=49680, episodic_return=0.0
global_step=49712, episodic_return=0.0
global_step=49812, episodic_return=0.0
global_step=49984, episodic_return=0.0
global_step=50084, episodic_return=0.0
global_step=50116, episodic_return=0.0
SPS: 2865
global_step=50216, episodic_return=0.0
global_step=50388, episodic_return=0.0
global_step=50488, episodic_return=0.0
global_step=50520, episodic_return=0.0
global_step=50620, episodic_return=0.0
SPS: 2865
global_step=50792, episodic_return=0.0
global_step=50892, episodic_return=0.0
global_step=50924, episodic_return=0.0
global_step=50968, episodic_return=0.613
global_step=51024, episodic_return=0.0
global_step=51196, episodic_return=0.4959999999999999
SPS: 2865
global_step=51296, episodic_return=0.0
global_step=51328, episodic_return=0.0
global_step=51428, episodic_return=0.0
global_step=51600, episodic_return=0.0
global_step=51700, episodic_return=0.0
SPS: 2866
global_step=51732, episodic_return=0.0
global_step=51760, episodic_return=0.946
global_step=51832, episodic_return=0.0
global_step=52004, episodic_return=0.0
global_step=52104, episodic_return=0.0
global_step=52164, episodic_return=0.0
SPS: 2867
global_step=52236, episodic_return=0.0
global_step=52408, episodic_return=0.0
global_step=52492, episodic_return=0.2709999999999999
global_step=52508, episodic_return=0.0
global_step=52640, episodic_return=0.0
SPS: 2868
global_step=52812, episodic_return=0.0
global_step=52896, episodic_return=0.0
global_step=52912, episodic_return=0.0
global_step=53044, episodic_return=0.0
global_step=53216, episodic_return=0.0
SPS: 2868
global_step=53300, episodic_return=0.0
global_step=53316, episodic_return=0.0
global_step=53440, episodic_return=0.694
global_step=53448, episodic_return=0.0
global_step=53620, episodic_return=0.0
global_step=53720, episodic_return=0.0
SPS: 2868
global_step=53844, episodic_return=0.0
global_step=53852, episodic_return=0.0
global_step=54024, episodic_return=0.0
global_step=54124, episodic_return=0.0
global_step=54248, episodic_return=0.0
global_step=54256, episodic_return=0.0
SPS: 2869
global_step=54428, episodic_return=0.0
global_step=54528, episodic_return=0.0
global_step=54584, episodic_return=0.883
global_step=54652, episodic_return=0.0
global_step=54660, episodic_return=0.0
SPS: 2869
global_step=54832, episodic_return=0.0
global_step=54988, episodic_return=0.0
global_step=55056, episodic_return=0.0
global_step=55064, episodic_return=0.0
global_step=55080, episodic_return=0.973
global_step=55236, episodic_return=0.0
SPS: 2869
global_step=55392, episodic_return=0.0
global_step=55460, episodic_return=0.0
global_step=55484, episodic_return=0.0
global_step=55588, episodic_return=0.775
global_step=55640, episodic_return=0.0
global_step=55796, episodic_return=0.0
SPS: 2869
global_step=55864, episodic_return=0.0
global_step=55992, episodic_return=0.0
global_step=56044, episodic_return=0.0
global_step=56200, episodic_return=0.0
global_step=56268, episodic_return=0.0
SPS: 2870
global_step=56396, episodic_return=0.0
global_step=56448, episodic_return=0.0
global_step=56604, episodic_return=0.0
global_step=56672, episodic_return=0.0
global_step=56800, episodic_return=0.0
SPS: 2870
global_step=56852, episodic_return=0.0
global_step=57008, episodic_return=0.0
global_step=57076, episodic_return=0.0
global_step=57204, episodic_return=0.0
global_step=57256, episodic_return=0.0
SPS: 2870
global_step=57412, episodic_return=0.0
global_step=57480, episodic_return=0.0
global_step=57608, episodic_return=0.0
global_step=57660, episodic_return=0.0
global_step=57816, episodic_return=0.0
SPS: 2870
global_step=57884, episodic_return=0.0
global_step=58012, episodic_return=0.0
global_step=58064, episodic_return=0.0
global_step=58220, episodic_return=0.0
global_step=58288, episodic_return=0.0
SPS: 2871
global_step=58416, episodic_return=0.0
global_step=58468, episodic_return=0.0
global_step=58624, episodic_return=0.0
global_step=58692, episodic_return=0.0
global_step=58820, episodic_return=0.0
global_step=58872, episodic_return=0.0
SPS: 2871
global_step=59028, episodic_return=0.0
global_step=59096, episodic_return=0.0
global_step=59224, episodic_return=0.0
global_step=59276, episodic_return=0.0
SPS: 2872
global_step=59432, episodic_return=0.0
global_step=59500, episodic_return=0.0
global_step=59628, episodic_return=0.0
global_step=59680, episodic_return=0.0
global_step=59768, episodic_return=0.4059999999999999
global_step=59836, episodic_return=0.0
SPS: 2872
global_step=60032, episodic_return=0.0
global_step=60084, episodic_return=0.0
global_step=60172, episodic_return=0.0
global_step=60240, episodic_return=0.0
SPS: 2873
global_step=60436, episodic_return=0.0
global_step=60488, episodic_return=0.0
global_step=60576, episodic_return=0.0
global_step=60644, episodic_return=0.0
global_step=60840, episodic_return=0.0
global_step=60892, episodic_return=0.0
SPS: 2873
global_step=60980, episodic_return=0.0
global_step=61048, episodic_return=0.0
global_step=61244, episodic_return=0.0
global_step=61296, episodic_return=0.0
global_step=61384, episodic_return=0.0
SPS: 2873
global_step=61452, episodic_return=0.0
global_step=61648, episodic_return=0.0
global_step=61700, episodic_return=0.0
global_step=61788, episodic_return=0.0
global_step=61856, episodic_return=0.0
SPS: 2874
global_step=62004, episodic_return=0.20799999999999996
global_step=62104, episodic_return=0.0
global_step=62192, episodic_return=0.0
global_step=62260, episodic_return=0.0
global_step=62408, episodic_return=0.0
SPS: 2874
global_step=62508, episodic_return=0.0
global_step=62596, episodic_return=0.0
global_step=62664, episodic_return=0.0
global_step=62812, episodic_return=0.0
global_step=62912, episodic_return=0.0
SPS: 2874
global_step=62980, episodic_return=0.14500000000000002
global_step=63068, episodic_return=0.0
global_step=63216, episodic_return=0.0
global_step=63316, episodic_return=0.0
global_step=63384, episodic_return=0.0
global_step=63472, episodic_return=0.0
SPS: 2874
global_step=63620, episodic_return=0.0
global_step=63720, episodic_return=0.0
global_step=63788, episodic_return=0.0
global_step=63876, episodic_return=0.0
SPS: 2875
global_step=64024, episodic_return=0.0
global_step=64124, episodic_return=0.0
global_step=64192, episodic_return=0.0
global_step=64280, episodic_return=0.0
global_step=64428, episodic_return=0.0
SPS: 2875
global_step=64528, episodic_return=0.0
global_step=64596, episodic_return=0.0
global_step=64684, episodic_return=0.0
global_step=64832, episodic_return=0.0
global_step=64932, episodic_return=0.0
global_step=65000, episodic_return=0.0
SPS: 2875
global_step=65088, episodic_return=0.0
global_step=65236, episodic_return=0.0
global_step=65332, episodic_return=0.45999999999999996
global_step=65336, episodic_return=0.0
global_step=65404, episodic_return=0.0
SPS: 2875
global_step=65640, episodic_return=0.0
global_step=65736, episodic_return=0.0
global_step=65740, episodic_return=0.0
global_step=65808, episodic_return=0.0
global_step=66044, episodic_return=0.0
SPS: 2875
global_step=66072, episodic_return=0.4149999999999999
global_step=66140, episodic_return=0.0
global_step=66144, episodic_return=0.0
global_step=66316, episodic_return=0.613
global_step=66448, episodic_return=0.0
global_step=66476, episodic_return=0.0
global_step=66548, episodic_return=0.0
SPS: 2875
global_step=66720, episodic_return=0.0
global_step=66852, episodic_return=0.0
global_step=66880, episodic_return=0.0
global_step=66952, episodic_return=0.0
global_step=67020, episodic_return=0.694
SPS: 2875
global_step=67124, episodic_return=0.0
global_step=67256, episodic_return=0.0
global_step=67356, episodic_return=0.0
global_step=67424, episodic_return=0.0
global_step=67480, episodic_return=0.20799999999999996
SPS: 2875
global_step=67660, episodic_return=0.0
global_step=67760, episodic_return=0.0
global_step=67828, episodic_return=0.0
global_step=67884, episodic_return=0.0
global_step=68064, episodic_return=0.0
SPS: 2875
global_step=68164, episodic_return=0.0
global_step=68232, episodic_return=0.0
global_step=68288, episodic_return=0.0
global_step=68388, episodic_return=0.2799999999999999
global_step=68568, episodic_return=0.0
SPS: 2875
global_step=68636, episodic_return=0.0
global_step=68692, episodic_return=0.0
global_step=68792, episodic_return=0.0
global_step=68972, episodic_return=0.0
global_step=69040, episodic_return=0.0
global_step=69096, episodic_return=0.0
SPS: 2875
global_step=69180, episodic_return=0.5409999999999999
global_step=69196, episodic_return=0.0
global_step=69444, episodic_return=0.0
global_step=69500, episodic_return=0.0
global_step=69584, episodic_return=0.0
global_step=69600, episodic_return=0.0
SPS: 2876
global_step=69848, episodic_return=0.0
global_step=69904, episodic_return=0.0
global_step=69988, episodic_return=0.0
global_step=70004, episodic_return=0.0
SPS: 2876
global_step=70252, episodic_return=0.0
global_step=70308, episodic_return=0.0
global_step=70392, episodic_return=0.0
global_step=70408, episodic_return=0.0
global_step=70448, episodic_return=0.5680000000000001
SPS: 2876
global_step=70712, episodic_return=0.0
global_step=70796, episodic_return=0.0
global_step=70812, episodic_return=0.0
global_step=70852, episodic_return=0.0
global_step=70924, episodic_return=0.532
SPS: 2877
global_step=71200, episodic_return=0.0
global_step=71216, episodic_return=0.0
global_step=71256, episodic_return=0.0
global_step=71328, episodic_return=0.0
global_step=71604, episodic_return=0.0
global_step=71620, episodic_return=0.0
global_step=71660, episodic_return=0.0
SPS: 2877
global_step=71732, episodic_return=0.0
global_step=72008, episodic_return=0.0
global_step=72024, episodic_return=0.0
global_step=72064, episodic_return=0.0
global_step=72136, episodic_return=0.0
SPS: 2877
global_step=72308, episodic_return=0.33399999999999996
global_step=72428, episodic_return=0.0
global_step=72468, episodic_return=0.0
global_step=72540, episodic_return=0.0
SPS: 2877
global_step=72712, episodic_return=0.0
global_step=72832, episodic_return=0.0
global_step=72872, episodic_return=0.0
global_step=72944, episodic_return=0.0
global_step=73116, episodic_return=0.0
SPS: 2878
global_step=73236, episodic_return=0.0
global_step=73276, episodic_return=0.0
global_step=73348, episodic_return=0.0
global_step=73520, episodic_return=0.0
global_step=73640, episodic_return=0.0
global_step=73680, episodic_return=0.0
global_step=73724, episodic_return=0.91
SPS: 2878
global_step=73752, episodic_return=0.0
global_step=73924, episodic_return=0.0
global_step=73988, episodic_return=0.4149999999999999
global_step=74044, episodic_return=0.09999999999999998
global_step=74156, episodic_return=0.0
SPS: 2878
global_step=74328, episodic_return=0.0
global_step=74392, episodic_return=0.0
global_step=74448, episodic_return=0.0
global_step=74560, episodic_return=0.0
global_step=74732, episodic_return=0.0
SPS: 2879
global_step=74796, episodic_return=0.0
global_step=74852, episodic_return=0.0
global_step=74908, episodic_return=0.757
global_step=74964, episodic_return=0.0
global_step=75136, episodic_return=0.0
global_step=75256, episodic_return=0.0
SPS: 2879
global_step=75312, episodic_return=0.0
global_step=75368, episodic_return=0.0
global_step=75540, episodic_return=0.0
global_step=75660, episodic_return=0.0
global_step=75716, episodic_return=0.0
global_step=75768, episodic_return=0.766
global_step=75772, episodic_return=0.0
SPS: 2879
global_step=75944, episodic_return=0.0
global_step=76120, episodic_return=0.0
global_step=76172, episodic_return=0.0
global_step=76176, episodic_return=0.0
SPS: 2880
global_step=76348, episodic_return=0.0
global_step=76524, episodic_return=0.0
global_step=76576, episodic_return=0.0
global_step=76580, episodic_return=0.0
global_step=76752, episodic_return=0.0
SPS: 2880
global_step=76928, episodic_return=0.0
global_step=76980, episodic_return=0.0
global_step=76984, episodic_return=0.0
global_step=77156, episodic_return=0.0
SPS: 2881
global_step=77332, episodic_return=0.0
global_step=77384, episodic_return=0.0
global_step=77388, episodic_return=0.0
global_step=77560, episodic_return=0.0
global_step=77736, episodic_return=0.0
global_step=77788, episodic_return=0.0
global_step=77792, episodic_return=0.0
SPS: 2881
global_step=77964, episodic_return=0.0
global_step=78140, episodic_return=0.0
global_step=78192, episodic_return=0.0
global_step=78196, episodic_return=0.0
SPS: 2881
global_step=78368, episodic_return=0.0
global_step=78544, episodic_return=0.0
global_step=78596, episodic_return=0.0
global_step=78600, episodic_return=0.0
global_step=78772, episodic_return=0.0
SPS: 2882
global_step=78948, episodic_return=0.0
global_step=79000, episodic_return=0.0
global_step=79004, episodic_return=0.0
global_step=79176, episodic_return=0.0
global_step=79252, episodic_return=0.44199999999999995
global_step=79352, episodic_return=0.0
SPS: 2882
global_step=79408, episodic_return=0.0
global_step=79580, episodic_return=0.0
global_step=79648, episodic_return=0.34299999999999997
global_step=79656, episodic_return=0.0
global_step=79812, episodic_return=0.0
SPS: 2882
global_step=79984, episodic_return=0.0
global_step=80052, episodic_return=0.0
global_step=80060, episodic_return=0.0
global_step=80216, episodic_return=0.0
SPS: 2883
global_step=80388, episodic_return=0.0
global_step=80456, episodic_return=0.0
global_step=80464, episodic_return=0.0
global_step=80620, episodic_return=0.0
global_step=80660, episodic_return=0.5680000000000001
global_step=80792, episodic_return=0.0
global_step=80860, episodic_return=0.0
SPS: 2882
global_step=81024, episodic_return=0.0
global_step=81064, episodic_return=0.0
global_step=81196, episodic_return=0.0
global_step=81264, episodic_return=0.0
SPS: 2883
global_step=81428, episodic_return=0.0
global_step=81468, episodic_return=0.0
global_step=81600, episodic_return=0.0
global_step=81668, episodic_return=0.0
global_step=81832, episodic_return=0.0
global_step=81872, episodic_return=0.0
SPS: 2883
global_step=82004, episodic_return=0.0
global_step=82072, episodic_return=0.0
global_step=82236, episodic_return=0.0
global_step=82276, episodic_return=0.0
global_step=82288, episodic_return=0.5229999999999999
global_step=82408, episodic_return=0.0
SPS: 2883
global_step=82640, episodic_return=0.0
global_step=82680, episodic_return=0.0
global_step=82692, episodic_return=0.0
global_step=82792, episodic_return=0.757
global_step=82812, episodic_return=0.0
SPS: 2883
global_step=83044, episodic_return=0.0
global_step=83096, episodic_return=0.0
global_step=83196, episodic_return=0.0
global_step=83216, episodic_return=0.0
global_step=83448, episodic_return=0.0
SPS: 2883
global_step=83500, episodic_return=0.0
global_step=83600, episodic_return=0.0
global_step=83620, episodic_return=0.0
global_step=83852, episodic_return=0.0
global_step=83904, episodic_return=0.0
SPS: 2883
global_step=84004, episodic_return=0.0
global_step=84024, episodic_return=0.0
global_step=84184, episodic_return=0.262
global_step=84308, episodic_return=0.0
global_step=84408, episodic_return=0.0
global_step=84428, episodic_return=0.0
SPS: 2883
global_step=84588, episodic_return=0.0
global_step=84712, episodic_return=0.0
global_step=84812, episodic_return=0.0
global_step=84832, episodic_return=0.0
global_step=84856, episodic_return=0.4059999999999999
SPS: 2883
global_step=85116, episodic_return=0.0
global_step=85216, episodic_return=0.0
global_step=85236, episodic_return=0.0
global_step=85260, episodic_return=0.0
SPS: 2884
global_step=85520, episodic_return=0.0
global_step=85620, episodic_return=0.0
global_step=85640, episodic_return=0.0
global_step=85664, episodic_return=0.0
global_step=85924, episodic_return=0.0
SPS: 2884
global_step=86024, episodic_return=0.0
global_step=86044, episodic_return=0.0
global_step=86068, episodic_return=0.0
global_step=86328, episodic_return=0.0
global_step=86428, episodic_return=0.0
global_step=86448, episodic_return=0.0
global_step=86472, episodic_return=0.0
SPS: 2885
global_step=86732, episodic_return=0.0
global_step=86832, episodic_return=0.0
global_step=86848, episodic_return=0.16299999999999992
global_step=86852, episodic_return=0.0
global_step=86884, episodic_return=0.892
global_step=87012, episodic_return=0.649
SPS: 2885
global_step=87136, episodic_return=0.0
global_step=87252, episodic_return=0.0
global_step=87288, episodic_return=0.0
global_step=87416, episodic_return=0.0
global_step=87540, episodic_return=0.0
SPS: 2885
global_step=87656, episodic_return=0.0
global_step=87692, episodic_return=0.0
global_step=87820, episodic_return=0.0
global_step=87944, episodic_return=0.0
global_step=88060, episodic_return=0.0
SPS: 2885
global_step=88096, episodic_return=0.0
global_step=88224, episodic_return=0.0
global_step=88348, episodic_return=0.0
global_step=88464, episodic_return=0.0
global_step=88500, episodic_return=0.0
SPS: 2885
global_step=88628, episodic_return=0.0
global_step=88752, episodic_return=0.0
global_step=88868, episodic_return=0.0
global_step=88904, episodic_return=0.0
global_step=89032, episodic_return=0.0
SPS: 2885
global_step=89156, episodic_return=0.0
global_step=89272, episodic_return=0.0
global_step=89308, episodic_return=0.0
global_step=89436, episodic_return=0.0
global_step=89560, episodic_return=0.0
SPS: 2886
global_step=89676, episodic_return=0.0
global_step=89712, episodic_return=0.0
global_step=89840, episodic_return=0.0
global_step=89964, episodic_return=0.0
global_step=90080, episodic_return=0.0
SPS: 2886
global_step=90116, episodic_return=0.0
global_step=90244, episodic_return=0.0
global_step=90368, episodic_return=0.0
global_step=90484, episodic_return=0.0
global_step=90520, episodic_return=0.0
SPS: 2886
global_step=90648, episodic_return=0.0
global_step=90772, episodic_return=0.0
global_step=90888, episodic_return=0.0
global_step=90924, episodic_return=0.0
global_step=91052, episodic_return=0.0
SPS: 2886
global_step=91176, episodic_return=0.0
global_step=91292, episodic_return=0.0
global_step=91328, episodic_return=0.0
global_step=91456, episodic_return=0.0
global_step=91580, episodic_return=0.0
global_step=91596, episodic_return=0.4059999999999999
SPS: 2886
global_step=91696, episodic_return=0.0
global_step=91860, episodic_return=0.0
global_step=91984, episodic_return=0.0
global_step=92000, episodic_return=0.0
global_step=92100, episodic_return=0.0
SPS: 2887
global_step=92264, episodic_return=0.0
global_step=92388, episodic_return=0.0
global_step=92404, episodic_return=0.0
global_step=92504, episodic_return=0.0
global_step=92668, episodic_return=0.0
SPS: 2887
global_step=92792, episodic_return=0.0
global_step=92808, episodic_return=0.0
global_step=92908, episodic_return=0.0
global_step=93072, episodic_return=0.0
SPS: 2887
global_step=93196, episodic_return=0.0
global_step=93212, episodic_return=0.0
global_step=93312, episodic_return=0.0
global_step=93476, episodic_return=0.0
global_step=93600, episodic_return=0.0
global_step=93616, episodic_return=0.0
SPS: 2887
global_step=93716, episodic_return=0.0
global_step=93880, episodic_return=0.0
global_step=94004, episodic_return=0.0
global_step=94020, episodic_return=0.0
global_step=94120, episodic_return=0.0
SPS: 2888
global_step=94284, episodic_return=0.0
global_step=94408, episodic_return=0.0
global_step=94424, episodic_return=0.0
global_step=94524, episodic_return=0.0
global_step=94688, episodic_return=0.0
SPS: 2888
global_step=94812, episodic_return=0.0
global_step=94828, episodic_return=0.0
global_step=94928, episodic_return=0.0
global_step=95092, episodic_return=0.0
global_step=95216, episodic_return=0.0
global_step=95232, episodic_return=0.0
SPS: 2889
global_step=95332, episodic_return=0.0
global_step=95496, episodic_return=0.0
global_step=95620, episodic_return=0.0
global_step=95636, episodic_return=0.0
global_step=95736, episodic_return=0.0
SPS: 2889
global_step=95900, episodic_return=0.0
global_step=96024, episodic_return=0.0
global_step=96040, episodic_return=0.0
global_step=96140, episodic_return=0.0
SPS: 2889
global_step=96304, episodic_return=0.0
global_step=96428, episodic_return=0.0
global_step=96444, episodic_return=0.0
global_step=96544, episodic_return=0.0
global_step=96708, episodic_return=0.0
SPS: 2889
global_step=96832, episodic_return=0.0
global_step=96848, episodic_return=0.0
global_step=96948, episodic_return=0.0
global_step=97112, episodic_return=0.0
global_step=97236, episodic_return=0.0
global_step=97252, episodic_return=0.0
SPS: 2889
global_step=97352, episodic_return=0.0
global_step=97516, episodic_return=0.0
global_step=97640, episodic_return=0.0
global_step=97656, episodic_return=0.0
global_step=97756, episodic_return=0.0
SPS: 2890
global_step=97920, episodic_return=0.0
global_step=98044, episodic_return=0.0
global_step=98060, episodic_return=0.0
global_step=98084, episodic_return=0.6399999999999999
global_step=98160, episodic_return=0.0
SPS: 2890
global_step=98316, episodic_return=0.43299999999999994
global_step=98448, episodic_return=0.0
global_step=98480, episodic_return=0.2889999999999999
global_step=98488, episodic_return=0.0
global_step=98720, episodic_return=0.0
SPS: 2890
global_step=98852, episodic_return=0.0
global_step=98884, episodic_return=0.0
global_step=98892, episodic_return=0.0
global_step=99124, episodic_return=0.0
global_step=99256, episodic_return=0.0
global_step=99288, episodic_return=0.0
global_step=99296, episodic_return=0.0
SPS: 2890
global_step=99528, episodic_return=0.0
global_step=99660, episodic_return=0.0
global_step=99692, episodic_return=0.0
global_step=99700, episodic_return=0.0
SPS: 2890
global_step=99932, episodic_return=0.0
global_step=100064, episodic_return=0.0
global_step=100096, episodic_return=0.0
global_step=100104, episodic_return=0.0
global_step=100336, episodic_return=0.0
SPS: 2890
global_step=100468, episodic_return=0.0
global_step=100500, episodic_return=0.0
global_step=100508, episodic_return=0.0
global_step=100740, episodic_return=0.0
SPS: 2891
global_step=100872, episodic_return=0.0
global_step=100904, episodic_return=0.0
global_step=100912, episodic_return=0.0
global_step=101068, episodic_return=0.6579999999999999
global_step=101144, episodic_return=0.0
global_step=101276, episodic_return=0.0
global_step=101308, episodic_return=0.0
SPS: 2891
global_step=101472, episodic_return=0.0
global_step=101548, episodic_return=0.0
global_step=101680, episodic_return=0.0
global_step=101712, episodic_return=0.0
global_step=101876, episodic_return=0.0
SPS: 2891
global_step=101952, episodic_return=0.0
global_step=102084, episodic_return=0.0
global_step=102116, episodic_return=0.0
global_step=102280, episodic_return=0.0
global_step=102356, episodic_return=0.0
SPS: 2891
global_step=102488, episodic_return=0.0
global_step=102520, episodic_return=0.0
global_step=102684, episodic_return=0.0
global_step=102760, episodic_return=0.0
global_step=102892, episodic_return=0.0
SPS: 2891
global_step=102924, episodic_return=0.0
global_step=103088, episodic_return=0.0
global_step=103164, episodic_return=0.0
global_step=103296, episodic_return=0.0
global_step=103328, episodic_return=0.0
SPS: 2891
global_step=103492, episodic_return=0.0
global_step=103568, episodic_return=0.0
global_step=103700, episodic_return=0.0
global_step=103732, episodic_return=0.0
global_step=103896, episodic_return=0.0
SPS: 2891
global_step=103972, episodic_return=0.0
global_step=104104, episodic_return=0.0
global_step=104136, episodic_return=0.0
global_step=104300, episodic_return=0.0
global_step=104376, episodic_return=0.0
SPS: 2892
global_step=104508, episodic_return=0.0
global_step=104540, episodic_return=0.0
global_step=104704, episodic_return=0.0
global_step=104780, episodic_return=0.0
global_step=104912, episodic_return=0.0
global_step=104944, episodic_return=0.0
SPS: 2892
global_step=105108, episodic_return=0.0
global_step=105184, episodic_return=0.0
global_step=105316, episodic_return=0.0
global_step=105348, episodic_return=0.0
SPS: 2892
global_step=105512, episodic_return=0.0
global_step=105588, episodic_return=0.0
global_step=105660, episodic_return=0.30699999999999994
global_step=105720, episodic_return=0.0
global_step=105916, episodic_return=0.0
SPS: 2892
global_step=105992, episodic_return=0.0
global_step=106064, episodic_return=0.0
global_step=106124, episodic_return=0.0
global_step=106320, episodic_return=0.0
global_step=106396, episodic_return=0.0
global_step=106468, episodic_return=0.0
SPS: 2892
global_step=106528, episodic_return=0.0
global_step=106724, episodic_return=0.0
global_step=106800, episodic_return=0.0
global_step=106872, episodic_return=0.0
global_step=106932, episodic_return=0.0
SPS: 2892
global_step=107128, episodic_return=0.0
global_step=107204, episodic_return=0.0
global_step=107276, episodic_return=0.0
global_step=107336, episodic_return=0.0
SPS: 2893
global_step=107532, episodic_return=0.0
global_step=107608, episodic_return=0.0
global_step=107680, episodic_return=0.0
global_step=107740, episodic_return=0.0
global_step=107936, episodic_return=0.0
global_step=108012, episodic_return=0.0
SPS: 2893
global_step=108084, episodic_return=0.0
global_step=108144, episodic_return=0.0
global_step=108340, episodic_return=0.0
global_step=108416, episodic_return=0.0
global_step=108480, episodic_return=0.118
SPS: 2893
global_step=108548, episodic_return=0.0
global_step=108744, episodic_return=0.0
global_step=108820, episodic_return=0.0
global_step=108884, episodic_return=0.0
global_step=108952, episodic_return=0.0
SPS: 2893
global_step=109124, episodic_return=0.15400000000000003
global_step=109224, episodic_return=0.0
global_step=109288, episodic_return=0.0
global_step=109356, episodic_return=0.0
global_step=109528, episodic_return=0.0
SPS: 2893
global_step=109580, episodic_return=0.892
global_step=109628, episodic_return=0.0
global_step=109692, episodic_return=0.0
global_step=109760, episodic_return=0.0
global_step=109984, episodic_return=0.0
global_step=110032, episodic_return=0.0
SPS: 2893
global_step=110096, episodic_return=0.0
global_step=110164, episodic_return=0.0
global_step=110388, episodic_return=0.0
global_step=110436, episodic_return=0.0
global_step=110500, episodic_return=0.0
global_step=110568, episodic_return=0.0
SPS: 2893
global_step=110792, episodic_return=0.0
global_step=110840, episodic_return=0.0
global_step=110904, episodic_return=0.0
global_step=110972, episodic_return=0.0
SPS: 2894
global_step=111196, episodic_return=0.0
global_step=111244, episodic_return=0.0
global_step=111308, episodic_return=0.0
global_step=111376, episodic_return=0.0
global_step=111600, episodic_return=0.0
SPS: 2894
global_step=111648, episodic_return=0.0
global_step=111712, episodic_return=0.0
global_step=111780, episodic_return=0.0
global_step=112004, episodic_return=0.0
global_step=112052, episodic_return=0.0
global_step=112116, episodic_return=0.0
SPS: 2894
global_step=112184, episodic_return=0.0
global_step=112408, episodic_return=0.0
global_step=112456, episodic_return=0.0
global_step=112520, episodic_return=0.0
global_step=112588, episodic_return=0.0
SPS: 2894
global_step=112812, episodic_return=0.0
global_step=112860, episodic_return=0.0
global_step=112924, episodic_return=0.0
global_step=112992, episodic_return=0.0
SPS: 2894
global_step=113216, episodic_return=0.0
global_step=113264, episodic_return=0.0
global_step=113328, episodic_return=0.0
global_step=113396, episodic_return=0.0
global_step=113616, episodic_return=0.361
global_step=113620, episodic_return=0.0
SPS: 2894
global_step=113668, episodic_return=0.0
global_step=113800, episodic_return=0.0
global_step=114020, episodic_return=0.0
global_step=114024, episodic_return=0.0
global_step=114072, episodic_return=0.0
global_step=114148, episodic_return=0.721
SPS: 2894
global_step=114204, episodic_return=0.0
global_step=114428, episodic_return=0.0
global_step=114476, episodic_return=0.0
global_step=114552, episodic_return=0.0
global_step=114608, episodic_return=0.0
SPS: 2894
global_step=114832, episodic_return=0.0
global_step=114880, episodic_return=0.0
global_step=114956, episodic_return=0.0
global_step=115012, episodic_return=0.0
SPS: 2894
global_step=115236, episodic_return=0.0
global_step=115284, episodic_return=0.0
global_step=115360, episodic_return=0.0
global_step=115416, episodic_return=0.0
global_step=115640, episodic_return=0.0
global_step=115688, episodic_return=0.0
SPS: 2894
global_step=115764, episodic_return=0.0
global_step=115820, episodic_return=0.0
global_step=115876, episodic_return=0.883
global_step=116044, episodic_return=0.0
global_step=116092, episodic_return=0.0
global_step=116168, episodic_return=0.0
SPS: 2894
global_step=116280, episodic_return=0.0
global_step=116448, episodic_return=0.0
global_step=116496, episodic_return=0.0
global_step=116572, episodic_return=0.0
global_step=116684, episodic_return=0.0
SPS: 2895
global_step=116852, episodic_return=0.0
global_step=116876, episodic_return=0.955
global_step=116900, episodic_return=0.0
global_step=116976, episodic_return=0.0
global_step=117032, episodic_return=0.22599999999999998
SPS: 2895
global_step=117280, episodic_return=0.0
global_step=117304, episodic_return=0.0
global_step=117380, episodic_return=0.0
global_step=117436, episodic_return=0.0
global_step=117684, episodic_return=0.0
global_step=117708, episodic_return=0.0
SPS: 2895
global_step=117784, episodic_return=0.0
global_step=117840, episodic_return=0.0
global_step=118016, episodic_return=0.613
global_step=118088, episodic_return=0.0
global_step=118112, episodic_return=0.0
global_step=118188, episodic_return=0.0
SPS: 2895
global_step=118420, episodic_return=0.0
global_step=118492, episodic_return=0.0
global_step=118516, episodic_return=0.0
global_step=118592, episodic_return=0.0
SPS: 2895
global_step=118824, episodic_return=0.0
global_step=118896, episodic_return=0.0
global_step=118920, episodic_return=0.0
global_step=118996, episodic_return=0.0
global_step=119228, episodic_return=0.0
SPS: 2895
global_step=119300, episodic_return=0.0
global_step=119324, episodic_return=0.0
global_step=119400, episodic_return=0.0
global_step=119448, episodic_return=0.73
global_step=119632, episodic_return=0.0
global_step=119704, episodic_return=0.0
global_step=119804, episodic_return=0.0
SPS: 2895
global_step=119852, episodic_return=0.0
global_step=120036, episodic_return=0.0
global_step=120108, episodic_return=0.0
global_step=120208, episodic_return=0.0
global_step=120256, episodic_return=0.0
SPS: 2895
global_step=120440, episodic_return=0.0
global_step=120476, episodic_return=0.514
global_step=120512, episodic_return=0.0
global_step=120612, episodic_return=0.0
SPS: 2895
global_step=120844, episodic_return=0.0
global_step=120856, episodic_return=0.982
global_step=120880, episodic_return=0.0
global_step=120916, episodic_return=0.0
global_step=121016, episodic_return=0.0
global_step=121260, episodic_return=0.0
global_step=121284, episodic_return=0.0
global_step=121320, episodic_return=0.0
SPS: 2895
global_step=121420, episodic_return=0.0
global_step=121664, episodic_return=0.0
global_step=121688, episodic_return=0.0
global_step=121724, episodic_return=0.0
global_step=121824, episodic_return=0.0
SPS: 2895
global_step=122068, episodic_return=0.0
global_step=122092, episodic_return=0.0
global_step=122128, episodic_return=0.0
global_step=122228, episodic_return=0.0
global_step=122296, episodic_return=0.856
SPS: 2895
global_step=122472, episodic_return=0.0
global_step=122496, episodic_return=0.0
global_step=122532, episodic_return=0.0
global_step=122644, episodic_return=0.622
global_step=122700, episodic_return=0.0
SPS: 2896
global_step=122900, episodic_return=0.0
global_step=122936, episodic_return=0.0
global_step=123048, episodic_return=0.0
global_step=123104, episodic_return=0.0
global_step=123132, episodic_return=0.82
global_step=123304, episodic_return=0.0
global_step=123340, episodic_return=0.0
global_step=123356, episodic_return=0.5049999999999999
SPS: 2895
global_step=123508, episodic_return=0.0
global_step=123708, episodic_return=0.0
global_step=123744, episodic_return=0.0
global_step=123760, episodic_return=0.0
SPS: 2896
global_step=123912, episodic_return=0.0
global_step=124112, episodic_return=0.0
global_step=124148, episodic_return=0.0
global_step=124164, episodic_return=0.0
global_step=124316, episodic_return=0.0
SPS: 2896
global_step=124480, episodic_return=0.262
global_step=124516, episodic_return=0.0
global_step=124568, episodic_return=0.0
global_step=124720, episodic_return=0.0
global_step=124764, episodic_return=0.91
global_step=124884, episodic_return=0.0
global_step=124920, episodic_return=0.0
SPS: 2895
global_step=124972, episodic_return=0.0
global_step=125168, episodic_return=0.0
global_step=125288, episodic_return=0.0
global_step=125324, episodic_return=0.0
global_step=125376, episodic_return=0.0
global_step=125380, episodic_return=0.532
SPS: 2895
global_step=125692, episodic_return=0.0
global_step=125728, episodic_return=0.0
global_step=125780, episodic_return=0.0
global_step=125784, episodic_return=0.0
SPS: 2896
global_step=126096, episodic_return=0.0
global_step=126132, episodic_return=0.0
global_step=126184, episodic_return=0.0
global_step=126188, episodic_return=0.0
global_step=126336, episodic_return=0.667
SPS: 2896
global_step=126500, episodic_return=0.0
global_step=126536, episodic_return=0.0
global_step=126548, episodic_return=0.532
global_step=126572, episodic_return=0.847
global_step=126592, episodic_return=0.0
global_step=126940, episodic_return=0.0
global_step=126952, episodic_return=0.0
global_step=126976, episodic_return=0.0
SPS: 2896
global_step=126996, episodic_return=0.0
global_step=127260, episodic_return=0.2889999999999999
global_step=127356, episodic_return=0.0
global_step=127380, episodic_return=0.0
global_step=127400, episodic_return=0.0
SPS: 2896
global_step=127496, episodic_return=0.478
global_step=127760, episodic_return=0.0
global_step=127784, episodic_return=0.0
global_step=127804, episodic_return=0.0
global_step=127900, episodic_return=0.0
SPS: 2896
global_step=128164, episodic_return=0.0
global_step=128188, episodic_return=0.0
global_step=128208, episodic_return=0.0
global_step=128304, episodic_return=0.0
global_step=128380, episodic_return=0.577
SPS: 2896
global_step=128568, episodic_return=0.0
global_step=128612, episodic_return=0.0
global_step=128660, episodic_return=0.901
global_step=128708, episodic_return=0.0
global_step=128784, episodic_return=0.0
global_step=128972, episodic_return=0.0
SPS: 2896
global_step=129064, episodic_return=0.0
global_step=129112, episodic_return=0.0
global_step=129188, episodic_return=0.0
global_step=129376, episodic_return=0.0
global_step=129468, episodic_return=0.0
global_step=129516, episodic_return=0.0
SPS: 2896
global_step=129592, episodic_return=0.0
global_step=129780, episodic_return=0.0
global_step=129872, episodic_return=0.0
global_step=129920, episodic_return=0.0
global_step=129996, episodic_return=0.0
SPS: 2896
global_step=130184, episodic_return=0.0
global_step=130276, episodic_return=0.0
global_step=130324, episodic_return=0.0
global_step=130400, episodic_return=0.0
global_step=130468, episodic_return=0.856
SPS: 2896
global_step=130588, episodic_return=0.0
global_step=130680, episodic_return=0.0
global_step=130684, episodic_return=0.5229999999999999
global_step=130728, episodic_return=0.0
global_step=130992, episodic_return=0.0
SPS: 2896
global_step=131084, episodic_return=0.0
global_step=131088, episodic_return=0.0
global_step=131132, episodic_return=0.0
global_step=131396, episodic_return=0.0
global_step=131488, episodic_return=0.0
global_step=131492, episodic_return=0.0
global_step=131536, episodic_return=0.0
SPS: 2896
global_step=131652, episodic_return=0.649
global_step=131800, episodic_return=0.0
global_step=131892, episodic_return=0.0
global_step=131940, episodic_return=0.0
global_step=132056, episodic_return=0.0
SPS: 2896
global_step=132204, episodic_return=0.0
global_step=132292, episodic_return=0.10899999999999999
global_step=132332, episodic_return=0.919
global_step=132344, episodic_return=0.0
global_step=132460, episodic_return=0.0
global_step=132576, episodic_return=0.487
global_step=132608, episodic_return=0.0
SPS: 2896
global_step=132736, episodic_return=0.0
global_step=132864, episodic_return=0.0
global_step=132980, episodic_return=0.0
global_step=133012, episodic_return=0.0
SPS: 2896
global_step=133140, episodic_return=0.0
global_step=133268, episodic_return=0.0
global_step=133384, episodic_return=0.0
global_step=133416, episodic_return=0.0
global_step=133544, episodic_return=0.0
SPS: 2896
global_step=133672, episodic_return=0.0
global_step=133788, episodic_return=0.0
global_step=133820, episodic_return=0.0
global_step=133872, episodic_return=0.82
global_step=133948, episodic_return=0.0
global_step=134076, episodic_return=0.0
SPS: 2896
global_step=134224, episodic_return=0.0
global_step=134276, episodic_return=0.0
global_step=134352, episodic_return=0.0
global_step=134480, episodic_return=0.0
global_step=134628, episodic_return=0.0
SPS: 2896
global_step=134680, episodic_return=0.0
global_step=134756, episodic_return=0.0
global_step=134796, episodic_return=0.29799999999999993
global_step=135032, episodic_return=0.0
global_step=135084, episodic_return=0.0
global_step=135160, episodic_return=0.0
SPS: 2897
global_step=135200, episodic_return=0.0
global_step=135436, episodic_return=0.0
global_step=135488, episodic_return=0.0
global_step=135564, episodic_return=0.0
global_step=135604, episodic_return=0.0
SPS: 2897
global_step=135840, episodic_return=0.0
global_step=135892, episodic_return=0.0
global_step=135968, episodic_return=0.0
global_step=136008, episodic_return=0.0
SPS: 2897
global_step=136244, episodic_return=0.0
global_step=136296, episodic_return=0.0
global_step=136372, episodic_return=0.0
global_step=136412, episodic_return=0.0
global_step=136648, episodic_return=0.0
global_step=136700, episodic_return=0.0
SPS: 2897
global_step=136776, episodic_return=0.0
global_step=136816, episodic_return=0.0
global_step=136900, episodic_return=0.5589999999999999
global_step=137052, episodic_return=0.0
global_step=137180, episodic_return=0.0
SPS: 2897
global_step=137220, episodic_return=0.0
global_step=137304, episodic_return=0.0
global_step=137456, episodic_return=0.0
global_step=137584, episodic_return=0.0
global_step=137624, episodic_return=0.0
global_step=137708, episodic_return=0.0
SPS: 2897
global_step=137860, episodic_return=0.0
global_step=137988, episodic_return=0.0
global_step=138028, episodic_return=0.0
global_step=138112, episodic_return=0.0
SPS: 2897
global_step=138264, episodic_return=0.0
global_step=138392, episodic_return=0.0
global_step=138432, episodic_return=0.0
global_step=138516, episodic_return=0.0
global_step=138620, episodic_return=0.586
global_step=138668, episodic_return=0.0
global_step=138740, episodic_return=0.22599999999999998
SPS: 2897
global_step=138920, episodic_return=0.0
global_step=139024, episodic_return=0.0
global_step=139072, episodic_return=0.0
global_step=139144, episodic_return=0.0
SPS: 2897
global_step=139324, episodic_return=0.0
global_step=139428, episodic_return=0.0
global_step=139476, episodic_return=0.0
global_step=139548, episodic_return=0.0
global_step=139728, episodic_return=0.0
SPS: 2897
global_step=139832, episodic_return=0.0
global_step=139880, episodic_return=0.0
global_step=139952, episodic_return=0.0
global_step=140132, episodic_return=0.0
global_step=140236, episodic_return=0.0
global_step=140284, episodic_return=0.0
SPS: 2897
global_step=140356, episodic_return=0.0
global_step=140448, episodic_return=0.29799999999999993
global_step=140640, episodic_return=0.0
global_step=140688, episodic_return=0.0
global_step=140760, episodic_return=0.0
SPS: 2897
global_step=140852, episodic_return=0.0
global_step=141044, episodic_return=0.0
global_step=141092, episodic_return=0.0
global_step=141104, episodic_return=0.874
global_step=141164, episodic_return=0.0
global_step=141256, episodic_return=0.0
SPS: 2897
global_step=141380, episodic_return=0.73
global_step=141496, episodic_return=0.0
global_step=141508, episodic_return=0.235
global_step=141508, episodic_return=0.0
global_step=141784, episodic_return=0.0
SPS: 2897
global_step=141900, episodic_return=0.0
global_step=141912, episodic_return=0.0
global_step=141912, episodic_return=0.0
global_step=142188, episodic_return=0.0
global_step=142304, episodic_return=0.0
global_step=142316, episodic_return=0.0
global_step=142316, episodic_return=0.0
SPS: 2897
global_step=142592, episodic_return=0.0
global_step=142708, episodic_return=0.0
global_step=142720, episodic_return=0.0
global_step=142720, episodic_return=0.0
SPS: 2897
global_step=142996, episodic_return=0.0
global_step=143112, episodic_return=0.0
global_step=143124, episodic_return=0.0
global_step=143124, episodic_return=0.0
SPS: 2897
global_step=143400, episodic_return=0.0
global_step=143516, episodic_return=0.0
global_step=143528, episodic_return=0.0
global_step=143528, episodic_return=0.0
global_step=143588, episodic_return=0.874
global_step=143656, episodic_return=0.43299999999999994
global_step=143708, episodic_return=0.604
SPS: 2897
global_step=143920, episodic_return=0.0
global_step=143992, episodic_return=0.0
global_step=144060, episodic_return=0.0
global_step=144112, episodic_return=0.0
global_step=144324, episodic_return=0.262
global_step=144324, episodic_return=0.0
SPS: 2897
global_step=144464, episodic_return=0.0
global_step=144516, episodic_return=0.0
global_step=144728, episodic_return=0.0
global_step=144728, episodic_return=0.0
global_step=144868, episodic_return=0.0
SPS: 2897
global_step=144920, episodic_return=0.0
global_step=145132, episodic_return=0.0
global_step=145132, episodic_return=0.0
global_step=145272, episodic_return=0.0
global_step=145324, episodic_return=0.0
global_step=145384, episodic_return=0.44199999999999995
SPS: 2898
global_step=145536, episodic_return=0.0
global_step=145676, episodic_return=0.0
global_step=145728, episodic_return=0.0
global_step=145788, episodic_return=0.0
SPS: 2898
global_step=145940, episodic_return=0.0
global_step=146080, episodic_return=0.0
global_step=146132, episodic_return=0.0
global_step=146192, episodic_return=0.0
global_step=146344, episodic_return=0.0
SPS: 2898
global_step=146484, episodic_return=0.0
global_step=146536, episodic_return=0.0
global_step=146596, episodic_return=0.0
global_step=146652, episodic_return=0.748
global_step=146748, episodic_return=0.0
global_step=146888, episodic_return=0.0
SPS: 2898
global_step=147000, episodic_return=0.0
global_step=147056, episodic_return=0.0
global_step=147112, episodic_return=0.18999999999999995
global_step=147292, episodic_return=0.0
global_step=147404, episodic_return=0.0
SPS: 2897
global_step=147460, episodic_return=0.0
global_step=147516, episodic_return=0.0
global_step=147696, episodic_return=0.0
global_step=147808, episodic_return=0.0
global_step=147864, episodic_return=0.0
global_step=147920, episodic_return=0.0
SPS: 2898
global_step=148040, episodic_return=0.613
global_step=148100, episodic_return=0.0
global_step=148148, episodic_return=0.244
global_step=148180, episodic_return=0.694
global_step=148324, episodic_return=0.0
SPS: 2898
global_step=148504, episodic_return=0.0
global_step=148552, episodic_return=0.0
global_step=148584, episodic_return=0.0
global_step=148728, episodic_return=0.0
global_step=148908, episodic_return=0.0
global_step=148956, episodic_return=0.0
global_step=148988, episodic_return=0.0
SPS: 2898
global_step=149116, episodic_return=0.5409999999999999
global_step=149132, episodic_return=0.0
global_step=149264, episodic_return=0.31599999999999995
global_step=149392, episodic_return=0.0
SPS: 2898
global_step=149520, episodic_return=0.0
global_step=149536, episodic_return=0.0
global_step=149668, episodic_return=0.0
global_step=149796, episodic_return=0.0
global_step=149924, episodic_return=0.0
global_step=149940, episodic_return=0.0
SPS: 2898
global_step=150072, episodic_return=0.0
global_step=150100, episodic_return=0.32499999999999996
global_step=150328, episodic_return=0.0
global_step=150344, episodic_return=0.0
global_step=150428, episodic_return=0.2709999999999999
global_step=150476, episodic_return=0.0
SPS: 2898
global_step=150732, episodic_return=0.0
global_step=150748, episodic_return=0.0
global_step=150832, episodic_return=0.0
global_step=150880, episodic_return=0.0
SPS: 2898
global_step=151136, episodic_return=0.0
global_step=151152, episodic_return=0.0
global_step=151236, episodic_return=0.0
global_step=151284, episodic_return=0.0
global_step=151540, episodic_return=0.0
SPS: 2899
global_step=151556, episodic_return=0.0
global_step=151640, episodic_return=0.0
global_step=151688, episodic_return=0.0
global_step=151744, episodic_return=0.586
global_step=151944, episodic_return=0.0
global_step=152044, episodic_return=0.0
global_step=152060, episodic_return=0.29799999999999993
SPS: 2898
global_step=152092, episodic_return=0.09999999999999998
global_step=152316, episodic_return=0.17199999999999993
global_step=152448, episodic_return=0.0
global_step=152464, episodic_return=0.0
global_step=152496, episodic_return=0.0
global_step=152552, episodic_return=0.8109999999999999
SPS: 2899
global_step=152616, episodic_return=0.865
global_step=152720, episodic_return=0.0
global_step=152852, episodic_return=0.0
global_step=152900, episodic_return=0.0
global_step=153020, episodic_return=0.0
SPS: 2899
global_step=153124, episodic_return=0.0
global_step=153256, episodic_return=0.0
global_step=153304, episodic_return=0.0
global_step=153332, episodic_return=0.946
global_step=153424, episodic_return=0.0
global_step=153528, episodic_return=0.0
SPS: 2899
global_step=153620, episodic_return=0.802
global_step=153660, episodic_return=0.0
global_step=153736, episodic_return=0.0
global_step=153768, episodic_return=0.6759999999999999
global_step=153828, episodic_return=0.0
global_step=153952, episodic_return=0.5229999999999999
global_step=153972, episodic_return=0.685
global_step=154064, episodic_return=0.0
SPS: 2899
global_step=154172, episodic_return=0.0
global_step=154356, episodic_return=0.0
global_step=154376, episodic_return=0.0
global_step=154468, episodic_return=0.0
global_step=154576, episodic_return=0.0
SPS: 2899
global_step=154760, episodic_return=0.0
global_step=154776, episodic_return=0.973
global_step=154780, episodic_return=0.0
global_step=154872, episodic_return=0.0
global_step=154980, episodic_return=0.0
global_step=155048, episodic_return=0.856
SPS: 2899
global_step=155180, episodic_return=0.0
global_step=155184, episodic_return=0.0
global_step=155276, episodic_return=0.0
global_step=155452, episodic_return=0.0
global_step=155584, episodic_return=0.0
global_step=155588, episodic_return=0.0
SPS: 2899
global_step=155664, episodic_return=0.838
global_step=155680, episodic_return=0.0
global_step=155856, episodic_return=0.0
global_step=155988, episodic_return=0.0
global_step=156068, episodic_return=0.0
global_step=156084, episodic_return=0.0
SPS: 2899
global_step=156260, episodic_return=0.0
global_step=156392, episodic_return=0.0
global_step=156472, episodic_return=0.0
global_step=156488, episodic_return=0.0
global_step=156664, episodic_return=0.0
SPS: 2899
global_step=156752, episodic_return=0.379
global_step=156796, episodic_return=0.0
global_step=156892, episodic_return=0.0
global_step=157068, episodic_return=0.0
global_step=157156, episodic_return=0.0
SPS: 2899
global_step=157200, episodic_return=0.0
global_step=157296, episodic_return=0.0
global_step=157440, episodic_return=0.469
global_step=157448, episodic_return=0.15400000000000003
global_step=157544, episodic_return=0.775
global_step=157560, episodic_return=0.0
global_step=157584, episodic_return=0.703
SPS: 2899
global_step=157700, episodic_return=0.0
global_step=157948, episodic_return=0.0
global_step=157964, episodic_return=0.0
global_step=157988, episodic_return=0.0
global_step=158104, episodic_return=0.0
global_step=158208, episodic_return=0.42399999999999993
SPS: 2899
global_step=158368, episodic_return=0.0
global_step=158392, episodic_return=0.0
global_step=158508, episodic_return=0.0
global_step=158612, episodic_return=0.0
SPS: 2899
global_step=158772, episodic_return=0.0
global_step=158796, episodic_return=0.0
global_step=158912, episodic_return=0.0
global_step=159016, episodic_return=0.0
global_step=159176, episodic_return=0.0
global_step=159192, episodic_return=0.613
global_step=159200, episodic_return=0.0
SPS: 2899
global_step=159316, episodic_return=0.0
global_step=159580, episodic_return=0.0
global_step=159596, episodic_return=0.0
global_step=159604, episodic_return=0.0
global_step=159720, episodic_return=0.0
SPS: 2900
global_step=159916, episodic_return=0.30699999999999994
global_step=159984, episodic_return=0.0
global_step=160000, episodic_return=0.0
global_step=160124, episodic_return=0.0
global_step=160156, episodic_return=0.469
global_step=160160, episodic_return=0.613
global_step=160180, episodic_return=0.604
global_step=160236, episodic_return=0.757
SPS: 2899
global_step=160560, episodic_return=0.0
global_step=160564, episodic_return=0.0
global_step=160584, episodic_return=0.0
global_step=160640, episodic_return=0.0
global_step=160728, episodic_return=0.8109999999999999
SPS: 2899
global_step=160864, episodic_return=0.379
global_step=160964, episodic_return=0.0
global_step=160968, episodic_return=0.0
global_step=161052, episodic_return=0.2799999999999999
global_step=161268, episodic_return=0.0
SPS: 2899
global_step=161368, episodic_return=0.0
global_step=161372, episodic_return=0.0
global_step=161456, episodic_return=0.0
global_step=161672, episodic_return=0.0
global_step=161772, episodic_return=0.0
global_step=161776, episodic_return=0.0
SPS: 2899
global_step=161860, episodic_return=0.0
global_step=162076, episodic_return=0.0
global_step=162176, episodic_return=0.0
global_step=162180, episodic_return=0.0
global_step=162264, episodic_return=0.0
SPS: 2899
global_step=162480, episodic_return=0.0
global_step=162580, episodic_return=0.0
global_step=162584, episodic_return=0.0
global_step=162668, episodic_return=0.0
global_step=162752, episodic_return=0.631
SPS: 2899
global_step=162876, episodic_return=0.5409999999999999
global_step=162884, episodic_return=0.0
global_step=162984, episodic_return=0.0
global_step=163156, episodic_return=0.0
global_step=163280, episodic_return=0.0
global_step=163288, episodic_return=0.0
SPS: 2899
global_step=163388, episodic_return=0.0
global_step=163560, episodic_return=0.0
global_step=163588, episodic_return=0.5589999999999999
global_step=163684, episodic_return=0.0
global_step=163692, episodic_return=0.0
global_step=163708, episodic_return=0.973
SPS: 2899
global_step=163964, episodic_return=0.0
global_step=163992, episodic_return=0.0
global_step=164088, episodic_return=0.0
global_step=164112, episodic_return=0.0
SPS: 2900
global_step=164368, episodic_return=0.0
global_step=164396, episodic_return=0.0
global_step=164492, episodic_return=0.0
global_step=164516, episodic_return=0.0
global_step=164748, episodic_return=0.43299999999999994
global_step=164772, episodic_return=0.0
global_step=164800, episodic_return=0.0
SPS: 2899
global_step=164920, episodic_return=0.0
global_step=165152, episodic_return=0.0
global_step=165176, episodic_return=0.0
global_step=165204, episodic_return=0.0
global_step=165248, episodic_return=0.2709999999999999
global_step=165344, episodic_return=0.694
SPS: 2899
global_step=165496, episodic_return=0.2889999999999999
global_step=165556, episodic_return=0.0
global_step=165652, episodic_return=0.0
global_step=165748, episodic_return=0.0
SPS: 2899
global_step=165900, episodic_return=0.0
global_step=165952, episodic_return=0.33399999999999996
global_step=165960, episodic_return=0.0
global_step=166096, episodic_return=0.22599999999999998
global_step=166304, episodic_return=0.0
global_step=166356, episodic_return=0.0
global_step=166364, episodic_return=0.0
SPS: 2899
global_step=166500, episodic_return=0.0
global_step=166708, episodic_return=0.0
global_step=166760, episodic_return=0.0
global_step=166768, episodic_return=0.0
global_step=166904, episodic_return=0.0
SPS: 2899
global_step=167112, episodic_return=0.0
global_step=167164, episodic_return=0.0
global_step=167172, episodic_return=0.0
global_step=167228, episodic_return=0.883
global_step=167308, episodic_return=0.0
SPS: 2899
global_step=167516, episodic_return=0.0
global_step=167568, episodic_return=0.0
global_step=167632, episodic_return=0.0
global_step=167708, episodic_return=0.838
global_step=167712, episodic_return=0.0
global_step=167920, episodic_return=0.0
SPS: 2899
global_step=167972, episodic_return=0.0
global_step=168028, episodic_return=0.883
global_step=168112, episodic_return=0.0
global_step=168116, episodic_return=0.0
global_step=168324, episodic_return=0.0
global_step=168432, episodic_return=0.0
SPS: 2899
global_step=168488, episodic_return=0.16299999999999992
global_step=168520, episodic_return=0.0
global_step=168616, episodic_return=0.7929999999999999
global_step=168684, episodic_return=0.44199999999999995
global_step=168728, episodic_return=0.0
global_step=168792, episodic_return=0.766
global_step=168892, episodic_return=0.0
SPS: 2899
global_step=169020, episodic_return=0.0
global_step=169132, episodic_return=0.0
global_step=169196, episodic_return=0.0
global_step=169296, episodic_return=0.0
global_step=169424, episodic_return=0.0
global_step=169448, episodic_return=0.955
SPS: 2900
global_step=169512, episodic_return=0.5229999999999999
global_step=169536, episodic_return=0.0
global_step=169600, episodic_return=0.0
global_step=169852, episodic_return=0.0
global_step=169916, episodic_return=0.0
global_step=169940, episodic_return=0.0
SPS: 2900
global_step=170004, episodic_return=0.0
global_step=170256, episodic_return=0.0
global_step=170320, episodic_return=0.0
global_step=170344, episodic_return=0.0
global_step=170408, episodic_return=0.0
SPS: 2900
global_step=170656, episodic_return=0.253
global_step=170660, episodic_return=0.0
global_step=170716, episodic_return=0.874
global_step=170748, episodic_return=0.0
global_step=170812, episodic_return=0.0
SPS: 2900
global_step=171064, episodic_return=0.0
global_step=171120, episodic_return=0.0
global_step=171152, episodic_return=0.0
global_step=171216, episodic_return=0.0
global_step=171468, episodic_return=0.0
SPS: 2900
global_step=171524, episodic_return=0.0
global_step=171556, episodic_return=0.0
global_step=171608, episodic_return=0.892
global_step=171620, episodic_return=0.0
global_step=171872, episodic_return=0.0
global_step=171928, episodic_return=0.0
global_step=172012, episodic_return=0.0
global_step=172024, episodic_return=0.0
SPS: 2900
global_step=172136, episodic_return=0.757
global_step=172276, episodic_return=0.0
global_step=172332, episodic_return=0.0
global_step=172416, episodic_return=0.0
global_step=172540, episodic_return=0.0
SPS: 2900
global_step=172680, episodic_return=0.0
global_step=172736, episodic_return=0.0
global_step=172820, episodic_return=0.0
global_step=172944, episodic_return=0.0
SPS: 2900
global_step=173084, episodic_return=0.0
global_step=173140, episodic_return=0.0
global_step=173224, episodic_return=0.0
global_step=173348, episodic_return=0.0
global_step=173488, episodic_return=0.0
global_step=173496, episodic_return=0.20799999999999996
SPS: 2900
global_step=173628, episodic_return=0.0
global_step=173752, episodic_return=0.0
global_step=173824, episodic_return=0.847
global_step=173892, episodic_return=0.0
global_step=173900, episodic_return=0.0
global_step=174032, episodic_return=0.0
SPS: 2900
global_step=174228, episodic_return=0.0
global_step=174296, episodic_return=0.0
global_step=174304, episodic_return=0.0
global_step=174436, episodic_return=0.712
global_step=174436, episodic_return=0.0
SPS: 2900
global_step=174632, episodic_return=0.0
global_step=174700, episodic_return=0.0
global_step=174840, episodic_return=0.0
global_step=174840, episodic_return=0.0
global_step=175036, episodic_return=0.0
global_step=175052, episodic_return=0.973
global_step=175104, episodic_return=0.0
SPS: 2900
global_step=175244, episodic_return=0.0
global_step=175244, episodic_return=0.0
global_step=175296, episodic_return=0.892
global_step=175324, episodic_return=0.829
global_step=175440, episodic_return=0.685
global_step=175456, episodic_return=0.0
global_step=175508, episodic_return=0.0
SPS: 2900
global_step=175728, episodic_return=0.0
global_step=175844, episodic_return=0.0
global_step=175860, episodic_return=0.0
global_step=175912, episodic_return=0.0
SPS: 2900
global_step=176132, episodic_return=0.0
global_step=176248, episodic_return=0.0
global_step=176264, episodic_return=0.0
global_step=176316, episodic_return=0.0
global_step=176536, episodic_return=0.0
SPS: 2900
global_step=176652, episodic_return=0.0
global_step=176668, episodic_return=0.0
global_step=176720, episodic_return=0.0
global_step=176940, episodic_return=0.0
global_step=177056, episodic_return=0.0
global_step=177072, episodic_return=0.0
global_step=177124, episodic_return=0.0
SPS: 2900
global_step=177208, episodic_return=0.667
global_step=177344, episodic_return=0.0
global_step=177476, episodic_return=0.0
global_step=177528, episodic_return=0.0
global_step=177612, episodic_return=0.0
SPS: 2900
global_step=177748, episodic_return=0.0
global_step=177880, episodic_return=0.0
global_step=177932, episodic_return=0.0
global_step=178016, episodic_return=0.0
global_step=178152, episodic_return=0.0
SPS: 2900
global_step=178284, episodic_return=0.0
global_step=178336, episodic_return=0.0
global_step=178420, episodic_return=0.0
global_step=178556, episodic_return=0.0
global_step=178688, episodic_return=0.0
SPS: 2900
global_step=178740, episodic_return=0.0
global_step=178824, episodic_return=0.0
global_step=178960, episodic_return=0.0
global_step=179064, episodic_return=0.2799999999999999
global_step=179092, episodic_return=0.0
SPS: 2900
global_step=179228, episodic_return=0.0
global_step=179364, episodic_return=0.0
global_step=179468, episodic_return=0.0
global_step=179496, episodic_return=0.0
global_step=179632, episodic_return=0.0
SPS: 2900
global_step=179768, episodic_return=0.0
global_step=179872, episodic_return=0.0
global_step=179900, episodic_return=0.0
global_step=180036, episodic_return=0.0
global_step=180172, episodic_return=0.0
SPS: 2900
global_step=180276, episodic_return=0.0
global_step=180304, episodic_return=0.0
global_step=180440, episodic_return=0.0
global_step=180464, episodic_return=0.649
global_step=180576, episodic_return=0.0
global_step=180680, episodic_return=0.0
SPS: 2900
global_step=180844, episodic_return=0.0
global_step=180868, episodic_return=0.0
global_step=180980, episodic_return=0.0
global_step=181004, episodic_return=0.2799999999999999
global_step=181136, episodic_return=0.712
global_step=181248, episodic_return=0.0
SPS: 2900
global_step=181272, episodic_return=0.0
global_step=181304, episodic_return=0.2799999999999999
global_step=181540, episodic_return=0.0
global_step=181652, episodic_return=0.0
global_step=181676, episodic_return=0.0
global_step=181708, episodic_return=0.0
SPS: 2900
global_step=181864, episodic_return=0.6579999999999999
global_step=181944, episodic_return=0.0
global_step=182056, episodic_return=0.0
global_step=182080, episodic_return=0.0
global_step=182124, episodic_return=0.91
global_step=182268, episodic_return=0.0
SPS: 2900
global_step=182348, episodic_return=0.0
global_step=182460, episodic_return=0.0
global_step=182528, episodic_return=0.0
global_step=182672, episodic_return=0.0
global_step=182752, episodic_return=0.0
SPS: 2900
global_step=182864, episodic_return=0.0
global_step=182932, episodic_return=0.0
global_step=183020, episodic_return=0.8109999999999999
global_step=183076, episodic_return=0.0
global_step=183156, episodic_return=0.0
global_step=183268, episodic_return=0.0
SPS: 2900
global_step=183424, episodic_return=0.0
global_step=183480, episodic_return=0.0
global_step=183560, episodic_return=0.0
global_step=183672, episodic_return=0.0
SPS: 2900
global_step=183828, episodic_return=0.0
global_step=183884, episodic_return=0.0
global_step=183964, episodic_return=0.0
global_step=184044, episodic_return=0.829
global_step=184076, episodic_return=0.0
global_step=184184, episodic_return=0.766
global_step=184232, episodic_return=0.0
global_step=184276, episodic_return=0.487
global_step=184288, episodic_return=0.0
SPS: 2900
global_step=184588, episodic_return=0.0
global_step=184636, episodic_return=0.0
global_step=184680, episodic_return=0.0
global_step=184692, episodic_return=0.0
SPS: 2900
global_step=184992, episodic_return=0.0
global_step=185040, episodic_return=0.0
global_step=185084, episodic_return=0.0
global_step=185096, episodic_return=0.0
global_step=185124, episodic_return=0.919
global_step=185252, episodic_return=0.532
SPS: 2900
global_step=185396, episodic_return=0.0
global_step=185500, episodic_return=0.0
global_step=185528, episodic_return=0.0
global_step=185656, episodic_return=0.0
global_step=185800, episodic_return=0.0
SPS: 2900
global_step=185904, episodic_return=0.0
global_step=185932, episodic_return=0.0
global_step=186060, episodic_return=0.0
global_step=186204, episodic_return=0.0
global_step=186308, episodic_return=0.0
global_step=186336, episodic_return=0.0
SPS: 2900
global_step=186464, episodic_return=0.0
global_step=186568, episodic_return=0.18999999999999995
global_step=186712, episodic_return=0.0
global_step=186740, episodic_return=0.0
global_step=186868, episodic_return=0.0
SPS: 2900
global_step=186948, episodic_return=0.478
global_step=186972, episodic_return=0.0
global_step=187144, episodic_return=0.0
global_step=187272, episodic_return=0.0
global_step=187352, episodic_return=0.0
global_step=187376, episodic_return=0.0
SPS: 2900
global_step=187548, episodic_return=0.0
global_step=187676, episodic_return=0.0
global_step=187756, episodic_return=0.0
global_step=187760, episodic_return=0.532
global_step=187780, episodic_return=0.0
global_step=187784, episodic_return=0.955
SPS: 2900
global_step=187924, episodic_return=0.631
global_step=187960, episodic_return=0.37
global_step=188184, episodic_return=0.0
global_step=188188, episodic_return=0.0
global_step=188328, episodic_return=0.0
global_step=188364, episodic_return=0.0
SPS: 2900
global_step=188588, episodic_return=0.0
global_step=188592, episodic_return=0.0
global_step=188732, episodic_return=0.0
global_step=188768, episodic_return=0.0
SPS: 2900
global_step=188992, episodic_return=0.0
global_step=188996, episodic_return=0.4149999999999999
global_step=188996, episodic_return=0.0
global_step=189108, episodic_return=0.757
global_step=189152, episodic_return=0.91
global_step=189172, episodic_return=0.0
global_step=189396, episodic_return=0.0
global_step=189400, episodic_return=0.0
SPS: 2900
global_step=189556, episodic_return=0.0
global_step=189576, episodic_return=0.0
global_step=189800, episodic_return=0.0
global_step=189804, episodic_return=0.0
SPS: 2900
global_step=189960, episodic_return=0.0
global_step=189980, episodic_return=0.0
global_step=190204, episodic_return=0.0
global_step=190208, episodic_return=0.0
global_step=190364, episodic_return=0.0
global_step=190384, episodic_return=0.0
SPS: 2900
global_step=190608, episodic_return=0.0
global_step=190612, episodic_return=0.0
global_step=190768, episodic_return=0.0
global_step=190788, episodic_return=0.0
SPS: 2900
global_step=191012, episodic_return=0.0
global_step=191016, episodic_return=0.0
global_step=191076, episodic_return=0.361
global_step=191164, episodic_return=0.118
global_step=191416, episodic_return=0.0
global_step=191420, episodic_return=0.0
global_step=191480, episodic_return=0.0
SPS: 2900
global_step=191568, episodic_return=0.0
global_step=191820, episodic_return=0.0
global_step=191824, episodic_return=0.0
global_step=191884, episodic_return=0.0
global_step=191972, episodic_return=0.0
SPS: 2900
global_step=192224, episodic_return=0.0
global_step=192228, episodic_return=0.0
global_step=192288, episodic_return=0.0
global_step=192376, episodic_return=0.0
global_step=192476, episodic_return=0.45099999999999996
global_step=192504, episodic_return=0.5229999999999999
SPS: 2900
global_step=192628, episodic_return=0.0
global_step=192780, episodic_return=0.0
global_step=192880, episodic_return=0.0
global_step=192908, episodic_return=0.0
SPS: 2900
global_step=193032, episodic_return=0.0
global_step=193184, episodic_return=0.0
global_step=193284, episodic_return=0.0
global_step=193312, episodic_return=0.0
global_step=193436, episodic_return=0.0
SPS: 2900
global_step=193588, episodic_return=0.0
global_step=193688, episodic_return=0.784
global_step=193688, episodic_return=0.0
global_step=193716, episodic_return=0.0
global_step=193800, episodic_return=0.757
global_step=193840, episodic_return=0.0
SPS: 2900
global_step=194092, episodic_return=0.0
global_step=194120, episodic_return=0.0
global_step=194204, episodic_return=0.0
global_step=194244, episodic_return=0.0
global_step=194496, episodic_return=0.0
global_step=194524, episodic_return=0.0
SPS: 2900
global_step=194608, episodic_return=0.0
global_step=194648, episodic_return=0.0
global_step=194900, episodic_return=0.0
global_step=194928, episodic_return=0.0
global_step=195012, episodic_return=0.0
global_step=195052, episodic_return=0.0
SPS: 2900
global_step=195276, episodic_return=0.22599999999999998
global_step=195304, episodic_return=0.0
global_step=195416, episodic_return=0.0
global_step=195456, episodic_return=0.0
SPS: 2900
global_step=195680, episodic_return=0.0
global_step=195708, episodic_return=0.0
global_step=195820, episodic_return=0.0
global_step=195860, episodic_return=0.0
global_step=196084, episodic_return=0.0
SPS: 2900
global_step=196112, episodic_return=0.0
global_step=196224, episodic_return=0.0
global_step=196248, episodic_return=0.136
global_step=196488, episodic_return=0.0
global_step=196516, episodic_return=0.0
SPS: 2900
global_step=196628, episodic_return=0.0
global_step=196652, episodic_return=0.0
global_step=196892, episodic_return=0.0
global_step=196920, episodic_return=0.0
global_step=196996, episodic_return=0.838
global_step=197032, episodic_return=0.0
global_step=197056, episodic_return=0.0
SPS: 2900
global_step=197296, episodic_return=0.0
global_step=197400, episodic_return=0.0
global_step=197436, episodic_return=0.0
global_step=197460, episodic_return=0.0
global_step=197500, episodic_return=0.919
SPS: 2900
global_step=197700, episodic_return=0.0
global_step=197804, episodic_return=0.0
global_step=197840, episodic_return=0.0
global_step=197904, episodic_return=0.0
global_step=198104, episodic_return=0.0
SPS: 2900
global_step=198208, episodic_return=0.0
global_step=198244, episodic_return=0.0
global_step=198308, episodic_return=0.0
global_step=198508, episodic_return=0.0
global_step=198612, episodic_return=0.0
global_step=198648, episodic_return=0.0
SPS: 2900
global_step=198712, episodic_return=0.0
global_step=198912, episodic_return=0.0
global_step=199016, episodic_return=0.0
global_step=199052, episodic_return=0.0
global_step=199116, episodic_return=0.0
SPS: 2900
global_step=199316, episodic_return=0.0
global_step=199420, episodic_return=0.0
global_step=199456, episodic_return=0.0
global_step=199512, episodic_return=0.118
SPS: 2900
global_step=199720, episodic_return=0.0
global_step=199824, episodic_return=0.0
global_step=199860, episodic_return=0.0
global_step=199916, episodic_return=0.0
global_step=200124, episodic_return=0.0
SPS: 2900
global_step=200228, episodic_return=0.0
global_step=200264, episodic_return=0.0
global_step=200320, episodic_return=0.0
global_step=200400, episodic_return=0.829
global_step=200528, episodic_return=0.0
global_step=200632, episodic_return=0.0
global_step=200668, episodic_return=0.0
SPS: 2900
global_step=200804, episodic_return=0.0
global_step=200932, episodic_return=0.0
global_step=201036, episodic_return=0.0
global_step=201072, episodic_return=0.0
global_step=201116, episodic_return=0.829
global_step=201208, episodic_return=0.0
SPS: 2900
global_step=201308, episodic_return=0.16299999999999992
global_step=201476, episodic_return=0.0
global_step=201520, episodic_return=0.0
global_step=201612, episodic_return=0.0
global_step=201712, episodic_return=0.0
SPS: 2900
global_step=201832, episodic_return=0.30699999999999994
global_step=201880, episodic_return=0.0
global_step=202016, episodic_return=0.0
global_step=202116, episodic_return=0.0
global_step=202132, episodic_return=0.748
global_step=202236, episodic_return=0.0
SPS: 2900
global_step=202284, episodic_return=0.0
global_step=202360, episodic_return=0.45999999999999996
global_step=202536, episodic_return=0.0
global_step=202640, episodic_return=0.0
global_step=202688, episodic_return=0.0
SPS: 2900
global_step=202764, episodic_return=0.0
global_step=202940, episodic_return=0.0
global_step=203044, episodic_return=0.0
global_step=203092, episodic_return=0.0
global_step=203096, episodic_return=0.6579999999999999
global_step=203168, episodic_return=0.0
SPS: 2900
global_step=203448, episodic_return=0.0
global_step=203496, episodic_return=0.0
global_step=203500, episodic_return=0.0
global_step=203572, episodic_return=0.0
SPS: 2900
global_step=203852, episodic_return=0.0
global_step=203900, episodic_return=0.0
global_step=203904, episodic_return=0.0
global_step=203920, episodic_return=0.22599999999999998
global_step=204256, episodic_return=0.0
SPS: 2900
global_step=204304, episodic_return=0.0
global_step=204308, episodic_return=0.0
global_step=204324, episodic_return=0.0
global_step=204468, episodic_return=0.685
global_step=204660, episodic_return=0.0
global_step=204688, episodic_return=0.514
global_step=204708, episodic_return=0.0
global_step=204712, episodic_return=0.0
SPS: 2900
global_step=205064, episodic_return=0.0
global_step=205092, episodic_return=0.0
global_step=205112, episodic_return=0.0
global_step=205116, episodic_return=0.0
SPS: 2900
global_step=205332, episodic_return=0.469
global_step=205468, episodic_return=0.0
global_step=205516, episodic_return=0.0
global_step=205520, episodic_return=0.0
global_step=205568, episodic_return=0.892
global_step=205632, episodic_return=0.865
global_step=205736, episodic_return=0.0
SPS: 2900
global_step=205872, episodic_return=0.0
global_step=205924, episodic_return=0.0
global_step=206020, episodic_return=0.6759999999999999
global_step=206036, episodic_return=0.0
global_step=206140, episodic_return=0.0
global_step=206188, episodic_return=0.631
global_step=206212, episodic_return=0.955
global_step=206328, episodic_return=0.0
global_step=206336, episodic_return=0.73
SPS: 2900
global_step=206440, episodic_return=0.0
global_step=206544, episodic_return=0.0
global_step=206572, episodic_return=0.946
global_step=206696, episodic_return=0.73
global_step=206732, episodic_return=0.0
global_step=206740, episodic_return=0.0
global_step=206844, episodic_return=0.0
SPS: 2900
global_step=207100, episodic_return=0.0
global_step=207136, episodic_return=0.0
global_step=207144, episodic_return=0.0
global_step=207248, episodic_return=0.0
SPS: 2900
global_step=207504, episodic_return=0.0
global_step=207540, episodic_return=0.0
global_step=207548, episodic_return=0.0
global_step=207600, episodic_return=0.874
global_step=207652, episodic_return=0.0
SPS: 2900
global_step=207908, episodic_return=0.0
global_step=207952, episodic_return=0.0
global_step=208004, episodic_return=0.0
global_step=208056, episodic_return=0.0
global_step=208312, episodic_return=0.0
global_step=208332, episodic_return=0.2709999999999999
global_step=208356, episodic_return=0.0
SPS: 2900
global_step=208460, episodic_return=0.0
global_step=208544, episodic_return=0.532
global_step=208716, episodic_return=0.0
global_step=208760, episodic_return=0.0
global_step=208864, episodic_return=0.0
SPS: 2900
global_step=208948, episodic_return=0.0
global_step=209068, episodic_return=0.55
global_step=209120, episodic_return=0.0
global_step=209156, episodic_return=0.9279999999999999
global_step=209164, episodic_return=0.0
global_step=209284, episodic_return=0.721
global_step=209352, episodic_return=0.0
SPS: 2900
global_step=209472, episodic_return=0.0
global_step=209568, episodic_return=0.0
global_step=209592, episodic_return=0.955
global_step=209676, episodic_return=0.82
global_step=209688, episodic_return=0.0
global_step=209756, episodic_return=0.0
global_step=209876, episodic_return=0.0
SPS: 2900
global_step=210072, episodic_return=0.29799999999999993
global_step=210080, episodic_return=0.0
global_step=210092, episodic_return=0.0
global_step=210280, episodic_return=0.0
SPS: 2900
global_step=210476, episodic_return=0.0
global_step=210484, episodic_return=0.0
global_step=210496, episodic_return=0.0
global_step=210684, episodic_return=0.0
global_step=210880, episodic_return=0.0
global_step=210888, episodic_return=0.0
global_step=210900, episodic_return=0.0
SPS: 2900
global_step=211088, episodic_return=0.0
global_step=211284, episodic_return=0.0
global_step=211292, episodic_return=0.0
global_step=211304, episodic_return=0.0
SPS: 2900
global_step=211492, episodic_return=0.0
global_step=211688, episodic_return=0.0
global_step=211696, episodic_return=0.0
global_step=211708, episodic_return=0.0
global_step=211816, episodic_return=0.766
global_step=211896, episodic_return=0.0
SPS: 2900
global_step=212092, episodic_return=0.0
global_step=212100, episodic_return=0.0
global_step=212220, episodic_return=0.0
global_step=212300, episodic_return=0.0
SPS: 2900
global_step=212496, episodic_return=0.0
global_step=212504, episodic_return=0.0
global_step=212624, episodic_return=0.0
global_step=212704, episodic_return=0.0
global_step=212736, episodic_return=0.9369999999999999
global_step=212900, episodic_return=0.0
global_step=212908, episodic_return=0.0
SPS: 2900
global_step=213028, episodic_return=0.0
global_step=213140, episodic_return=0.0
global_step=213304, episodic_return=0.0
global_step=213312, episodic_return=0.0
global_step=213432, episodic_return=0.0
SPS: 2900
global_step=213544, episodic_return=0.0
global_step=213708, episodic_return=0.0
global_step=213716, episodic_return=0.0
global_step=213836, episodic_return=0.0
global_step=213948, episodic_return=0.0
global_step=213952, episodic_return=0.748
SPS: 2900
global_step=214112, episodic_return=0.0
global_step=214120, episodic_return=0.0
global_step=214288, episodic_return=0.244
global_step=214356, episodic_return=0.0
global_step=214444, episodic_return=0.8109999999999999
global_step=214516, episodic_return=0.0
global_step=214524, episodic_return=0.0
SPS: 2900
global_step=214664, episodic_return=0.6759999999999999
global_step=214692, episodic_return=0.0
global_step=214848, episodic_return=0.0
global_step=214860, episodic_return=0.982
global_step=214928, episodic_return=0.0
SPS: 2900
global_step=215068, episodic_return=0.0
global_step=215096, episodic_return=0.0
global_step=215264, episodic_return=0.0
global_step=215332, episodic_return=0.0
global_step=215472, episodic_return=0.0
global_step=215500, episodic_return=0.0
SPS: 2900
global_step=215668, episodic_return=0.0
global_step=215736, episodic_return=0.0
global_step=215876, episodic_return=0.0
global_step=215880, episodic_return=0.532
global_step=215904, episodic_return=0.0
SPS: 2900
global_step=216140, episodic_return=0.0
global_step=216240, episodic_return=0.784
global_step=216280, episodic_return=0.0
global_step=216284, episodic_return=0.0
global_step=216308, episodic_return=0.0
SPS: 2900
global_step=216644, episodic_return=0.0
global_step=216684, episodic_return=0.0
global_step=216688, episodic_return=0.0
global_step=216712, episodic_return=0.0
global_step=216796, episodic_return=0.667
global_step=217088, episodic_return=0.0
SPS: 2900
global_step=217092, episodic_return=0.0
global_step=217116, episodic_return=0.0
global_step=217172, episodic_return=0.82
global_step=217200, episodic_return=0.0
global_step=217496, episodic_return=0.0
global_step=217520, episodic_return=0.0
global_step=217576, episodic_return=0.0
SPS: 2900
global_step=217604, episodic_return=0.0
global_step=217888, episodic_return=0.18099999999999994
global_step=217900, episodic_return=0.0
global_step=217980, episodic_return=0.0
global_step=218008, episodic_return=0.0
SPS: 2900
global_step=218200, episodic_return=0.514
global_step=218208, episodic_return=0.5589999999999999
global_step=218292, episodic_return=0.0
global_step=218304, episodic_return=0.0
global_step=218412, episodic_return=0.532
global_step=218612, episodic_return=0.0
SPS: 2900
global_step=218696, episodic_return=0.0
global_step=218708, episodic_return=0.0
global_step=218760, episodic_return=0.865
global_step=218808, episodic_return=0.784
global_step=218816, episodic_return=0.0
global_step=219016, episodic_return=0.0
SPS: 2900
global_step=219164, episodic_return=0.0
global_step=219212, episodic_return=0.0
global_step=219220, episodic_return=0.0
global_step=219420, episodic_return=0.0
global_step=219568, episodic_return=0.0
global_step=219616, episodic_return=0.0
global_step=219624, episodic_return=0.0
SPS: 2900
global_step=219824, episodic_return=0.0
global_step=219916, episodic_return=0.22599999999999998
global_step=219968, episodic_return=0.685
global_step=220020, episodic_return=0.0
global_step=220028, episodic_return=0.0
SPS: 2900
global_step=220176, episodic_return=0.6759999999999999
global_step=220320, episodic_return=0.0
global_step=220372, episodic_return=0.0
global_step=220424, episodic_return=0.0
global_step=220580, episodic_return=0.0
SPS: 2900
global_step=220724, episodic_return=0.0
global_step=220776, episodic_return=0.0
global_step=220828, episodic_return=0.0
global_step=220984, episodic_return=0.0
global_step=221128, episodic_return=0.0
global_step=221180, episodic_return=0.0
SPS: 2900
global_step=221232, episodic_return=0.0
global_step=221388, episodic_return=0.0
global_step=221532, episodic_return=0.0
global_step=221584, episodic_return=0.0
global_step=221616, episodic_return=0.82
global_step=221636, episodic_return=0.0
SPS: 2900
global_step=221792, episodic_return=0.0
global_step=221988, episodic_return=0.0
global_step=222020, episodic_return=0.0
global_step=222040, episodic_return=0.0
global_step=222064, episodic_return=0.838
global_step=222180, episodic_return=0.649
global_step=222196, episodic_return=0.0
SPS: 2899
global_step=222396, episodic_return=0.5589999999999999
global_step=222444, episodic_return=0.0
global_step=222468, episodic_return=0.0
global_step=222584, episodic_return=0.0
SPS: 2899
global_step=222800, episodic_return=0.0
global_step=222848, episodic_return=0.0
global_step=222872, episodic_return=0.0
global_step=222988, episodic_return=0.0
global_step=223204, episodic_return=0.0
SPS: 2900
global_step=223252, episodic_return=0.0
global_step=223276, episodic_return=0.0
global_step=223392, episodic_return=0.0
global_step=223436, episodic_return=0.91
global_step=223608, episodic_return=0.0
global_step=223656, episodic_return=0.0
global_step=223680, episodic_return=0.0
SPS: 2899
global_step=223840, episodic_return=0.0
global_step=224012, episodic_return=0.0
global_step=224060, episodic_return=0.0
global_step=224084, episodic_return=0.0
global_step=224244, episodic_return=0.0
SPS: 2899
global_step=224416, episodic_return=0.0
global_step=224464, episodic_return=0.0
global_step=224488, episodic_return=0.0
global_step=224632, episodic_return=0.685
global_step=224648, episodic_return=0.0
SPS: 2899
global_step=224820, episodic_return=0.0
global_step=224868, episodic_return=0.0
global_step=225036, episodic_return=0.0
global_step=225052, episodic_return=0.0
global_step=225128, episodic_return=0.838
global_step=225224, episodic_return=0.0
global_step=225272, episodic_return=0.0
SPS: 2899
global_step=225440, episodic_return=0.0
global_step=225532, episodic_return=0.0
global_step=225612, episodic_return=0.829
global_step=225628, episodic_return=0.0
global_step=225676, episodic_return=0.0
global_step=225772, episodic_return=0.649
SPS: 2899
global_step=225844, episodic_return=0.0
global_step=226000, episodic_return=0.17199999999999993
global_step=226080, episodic_return=0.0
global_step=226176, episodic_return=0.0
global_step=226192, episodic_return=0.973
global_step=226248, episodic_return=0.0
SPS: 2899
global_step=226404, episodic_return=0.0
global_step=226484, episodic_return=0.0
global_step=226596, episodic_return=0.0
global_step=226652, episodic_return=0.0
global_step=226808, episodic_return=0.0
SPS: 2899
global_step=226824, episodic_return=0.4959999999999999
global_step=226888, episodic_return=0.0
global_step=226948, episodic_return=0.694
global_step=227056, episodic_return=0.0
global_step=227228, episodic_return=0.0
global_step=227292, episodic_return=0.0
SPS: 2899
global_step=227352, episodic_return=0.0
global_step=227460, episodic_return=0.0
global_step=227548, episodic_return=0.2889999999999999
global_step=227696, episodic_return=0.0
global_step=227756, episodic_return=0.0
SPS: 2899
global_step=227864, episodic_return=0.0
global_step=227908, episodic_return=0.667
global_step=227952, episodic_return=0.0
global_step=227956, episodic_return=0.802
global_step=228100, episodic_return=0.0
global_step=228312, episodic_return=0.0
SPS: 2899
global_step=228356, episodic_return=0.0
global_step=228360, episodic_return=0.0
global_step=228504, episodic_return=0.0
global_step=228716, episodic_return=0.0
global_step=228732, episodic_return=0.973
global_step=228760, episodic_return=0.10899999999999999
global_step=228760, episodic_return=0.0
global_step=228788, episodic_return=0.946
global_step=228816, episodic_return=0.82
SPS: 2899
global_step=228908, episodic_return=0.0
global_step=229164, episodic_return=0.0
global_step=229192, episodic_return=0.0
global_step=229220, episodic_return=0.0
global_step=229312, episodic_return=0.0
SPS: 2899
global_step=229568, episodic_return=0.0
global_step=229596, episodic_return=0.0
global_step=229624, episodic_return=0.0
global_step=229716, episodic_return=0.0
SPS: 2899
global_step=229972, episodic_return=0.0
global_step=230000, episodic_return=0.0
global_step=230028, episodic_return=0.0
global_step=230120, episodic_return=0.0
global_step=230376, episodic_return=0.0
SPS: 2899
global_step=230404, episodic_return=0.0
global_step=230432, episodic_return=0.0
global_step=230524, episodic_return=0.0
global_step=230580, episodic_return=0.613
global_step=230780, episodic_return=0.0
global_step=230808, episodic_return=0.946
global_step=230836, episodic_return=0.0
SPS: 2899
global_step=230928, episodic_return=0.0
global_step=230984, episodic_return=0.0
global_step=231212, episodic_return=0.0
global_step=231240, episodic_return=0.0
global_step=231316, episodic_return=0.775
global_step=231332, episodic_return=0.0
global_step=231388, episodic_return=0.0
SPS: 2899
global_step=231488, episodic_return=0.784
global_step=231500, episodic_return=0.982
global_step=231644, episodic_return=0.0
global_step=231720, episodic_return=0.0
global_step=231736, episodic_return=0.0
global_step=231804, episodic_return=0.32499999999999996
SPS: 2899
global_step=232048, episodic_return=0.0
global_step=232124, episodic_return=0.0
global_step=232140, episodic_return=0.0
global_step=232140, episodic_return=0.253
SPS: 2899
global_step=232452, episodic_return=0.0
global_step=232528, episodic_return=0.0
global_step=232544, episodic_return=0.0
global_step=232544, episodic_return=0.0
global_step=232856, episodic_return=0.0
global_step=232932, episodic_return=0.0
global_step=232948, episodic_return=0.0
global_step=232948, episodic_return=0.0
SPS: 2898
global_step=233260, episodic_return=0.0
global_step=233336, episodic_return=0.0
global_step=233352, episodic_return=0.0
global_step=233352, episodic_return=0.0
global_step=233420, episodic_return=0.856
SPS: 2898
global_step=233544, episodic_return=0.5409999999999999
global_step=233664, episodic_return=0.0
global_step=233720, episodic_return=0.33399999999999996
global_step=233756, episodic_return=0.0
global_step=233912, episodic_return=0.6579999999999999
global_step=233948, episodic_return=0.0
global_step=233972, episodic_return=0.955
SPS: 2898
global_step=234068, episodic_return=0.0
global_step=234124, episodic_return=0.0
global_step=234156, episodic_return=0.45999999999999996
global_step=234376, episodic_return=0.0
global_step=234472, episodic_return=0.0
global_step=234476, episodic_return=0.784
SPS: 2898
global_step=234528, episodic_return=0.0
global_step=234560, episodic_return=0.0
global_step=234876, episodic_return=0.0
global_step=234880, episodic_return=0.0
global_step=234932, episodic_return=0.0
global_step=234964, episodic_return=0.0
global_step=234984, episodic_return=0.766
global_step=234988, episodic_return=0.766
SPS: 2898
global_step=235148, episodic_return=0.595
global_step=235248, episodic_return=0.784
global_step=235336, episodic_return=0.0
global_step=235388, episodic_return=0.0
global_step=235392, episodic_return=0.0
SPS: 2898
global_step=235652, episodic_return=0.0
global_step=235740, episodic_return=0.0
global_step=235792, episodic_return=0.0
global_step=235796, episodic_return=0.0
global_step=235968, episodic_return=0.622
SPS: 2898
global_step=236056, episodic_return=0.0
global_step=236104, episodic_return=0.703
global_step=236144, episodic_return=0.0
global_step=236196, episodic_return=0.0
global_step=236456, episodic_return=0.30699999999999994
global_step=236460, episodic_return=0.0
global_step=236508, episodic_return=0.0
SPS: 2898
global_step=236600, episodic_return=0.0
global_step=236732, episodic_return=0.5049999999999999
global_step=236860, episodic_return=0.0
global_step=236864, episodic_return=0.0
global_step=237004, episodic_return=0.0
SPS: 2898
global_step=237092, episodic_return=0.487
global_step=237136, episodic_return=0.0
global_step=237168, episodic_return=0.838
global_step=237176, episodic_return=0.622
global_step=237184, episodic_return=0.901
global_step=237268, episodic_return=0.0
global_step=237408, episodic_return=0.694
SPS: 2898
global_step=237572, episodic_return=0.0
global_step=237580, episodic_return=0.0
global_step=237588, episodic_return=0.0
global_step=237620, episodic_return=0.9369999999999999
global_step=237812, episodic_return=0.0
global_step=237936, episodic_return=0.18999999999999995
global_step=237984, episodic_return=0.0
global_step=237988, episodic_return=0.892
global_step=238024, episodic_return=0.0
SPS: 2898
global_step=238216, episodic_return=0.0
global_step=238368, episodic_return=0.15400000000000003
global_step=238388, episodic_return=0.0
global_step=238428, episodic_return=0.0
global_step=238428, episodic_return=0.532
global_step=238452, episodic_return=0.955
SPS: 2898
global_step=238772, episodic_return=0.0
global_step=238792, episodic_return=0.0
global_step=238824, episodic_return=0.17199999999999993
global_step=238832, episodic_return=0.0
global_step=238852, episodic_return=0.946
SPS: 2898
global_step=239176, episodic_return=0.0
global_step=239196, episodic_return=0.0
global_step=239236, episodic_return=0.0
global_step=239256, episodic_return=0.0
global_step=239496, episodic_return=0.42399999999999993
global_step=239580, episodic_return=0.0
global_step=239600, episodic_return=0.0
SPS: 2898
global_step=239660, episodic_return=0.0
global_step=239900, episodic_return=0.0
global_step=239984, episodic_return=0.0
global_step=240004, episodic_return=0.0
global_step=240064, episodic_return=0.0
SPS: 2898
global_step=240304, episodic_return=0.0
global_step=240388, episodic_return=0.0
global_step=240408, episodic_return=0.0
global_step=240468, episodic_return=0.0
SPS: 2898
global_step=240708, episodic_return=0.0
global_step=240792, episodic_return=0.0
global_step=240812, episodic_return=0.0
global_step=240872, episodic_return=0.0
global_step=240952, episodic_return=0.45999999999999996
SPS: 2898
global_step=241196, episodic_return=0.0
global_step=241216, episodic_return=0.0
global_step=241276, episodic_return=0.0
global_step=241356, episodic_return=0.0
global_step=241500, episodic_return=0.37
global_step=241600, episodic_return=0.0
SPS: 2898
global_step=241680, episodic_return=0.0
global_step=241760, episodic_return=0.0
global_step=241904, episodic_return=0.0
global_step=242004, episodic_return=0.0
global_step=242084, episodic_return=0.0
global_step=242164, episodic_return=0.0
SPS: 2898
global_step=242308, episodic_return=0.0
global_step=242328, episodic_return=0.964
global_step=242408, episodic_return=0.0
global_step=242488, episodic_return=0.0
global_step=242568, episodic_return=0.0
SPS: 2898
global_step=242732, episodic_return=0.0
global_step=242812, episodic_return=0.0
global_step=242836, episodic_return=0.955
global_step=242892, episodic_return=0.0
global_step=242972, episodic_return=0.0
global_step=243020, episodic_return=0.361
SPS: 2897
global_step=243232, episodic_return=0.42399999999999993
global_step=243240, episodic_return=0.0
global_step=243252, episodic_return=0.964
global_step=243296, episodic_return=0.0
global_step=243424, episodic_return=0.0
global_step=243644, episodic_return=0.0
global_step=243656, episodic_return=0.0
global_step=243656, episodic_return=0.487
global_step=243700, episodic_return=0.0
SPS: 2897
global_step=244048, episodic_return=0.0
global_step=244060, episodic_return=0.0
global_step=244060, episodic_return=0.0
global_step=244104, episodic_return=0.0
SPS: 2897
global_step=244452, episodic_return=0.0
global_step=244464, episodic_return=0.0
global_step=244464, episodic_return=0.0
global_step=244508, episodic_return=0.0
SPS: 2897
global_step=244856, episodic_return=0.0
global_step=244868, episodic_return=0.0
global_step=244868, episodic_return=0.0
global_step=244912, episodic_return=0.0
SPS: 2898
global_step=245260, episodic_return=0.0
global_step=245272, episodic_return=0.0
global_step=245272, episodic_return=0.0
global_step=245316, episodic_return=0.0
global_step=245664, episodic_return=0.0
global_step=245676, episodic_return=0.0
global_step=245676, episodic_return=0.0
global_step=245720, episodic_return=0.0
SPS: 2898
global_step=245840, episodic_return=0.6399999999999999
global_step=246068, episodic_return=0.0
global_step=246080, episodic_return=0.0
global_step=246124, episodic_return=0.0
global_step=246240, episodic_return=0.649
global_step=246244, episodic_return=0.0
SPS: 2898
global_step=246472, episodic_return=0.0
global_step=246528, episodic_return=0.0
global_step=246644, episodic_return=0.0
global_step=246648, episodic_return=0.0
global_step=246684, episodic_return=0.532
SPS: 2898
global_step=246932, episodic_return=0.0
global_step=247048, episodic_return=0.0
global_step=247052, episodic_return=0.0
global_step=247088, episodic_return=0.0
SPS: 2898
global_step=247336, episodic_return=0.0
global_step=247452, episodic_return=0.0
global_step=247456, episodic_return=0.0
global_step=247492, episodic_return=0.0
global_step=247524, episodic_return=0.856
global_step=247740, episodic_return=0.0
SPS: 2898
global_step=247856, episodic_return=0.0
global_step=247896, episodic_return=0.0
global_step=247928, episodic_return=0.0
global_step=248032, episodic_return=0.703
global_step=248144, episodic_return=0.0
global_step=248260, episodic_return=0.0
SPS: 2898
global_step=248332, episodic_return=0.0
global_step=248332, episodic_return=0.847
global_step=248436, episodic_return=0.0
global_step=248548, episodic_return=0.0
global_step=248736, episodic_return=0.0
global_step=248736, episodic_return=0.0
global_step=248776, episodic_return=0.919
global_step=248784, episodic_return=0.901
SPS: 2898
global_step=248840, episodic_return=0.0
global_step=248892, episodic_return=0.748
global_step=248952, episodic_return=0.0
global_step=249188, episodic_return=0.0
global_step=249244, episodic_return=0.0
global_step=249296, episodic_return=0.0
SPS: 2897
global_step=249356, episodic_return=0.0
global_step=249568, episodic_return=0.15400000000000003
global_step=249648, episodic_return=0.0
global_step=249700, episodic_return=0.0
global_step=249760, episodic_return=0.0
SPS: 2897
global_step=249972, episodic_return=0.0
global_step=250052, episodic_return=0.0
global_step=250104, episodic_return=0.0
global_step=250128, episodic_return=0.18099999999999994
global_step=250144, episodic_return=0.919
global_step=250356, episodic_return=0.4959999999999999
SPS: 2897
global_step=250376, episodic_return=0.0
global_step=250456, episodic_return=0.0
global_step=250548, episodic_return=0.0
global_step=250760, episodic_return=0.0
global_step=250780, episodic_return=0.0
global_step=250860, episodic_return=0.0
SPS: 2897
global_step=250916, episodic_return=0.883
global_step=250952, episodic_return=0.0
global_step=251164, episodic_return=0.0
global_step=251184, episodic_return=0.0
global_step=251248, episodic_return=0.82
global_step=251320, episodic_return=0.0
global_step=251356, episodic_return=0.622
global_step=251356, episodic_return=0.0
SPS: 2897
global_step=251420, episodic_return=0.865
global_step=251472, episodic_return=0.748
global_step=251652, episodic_return=0.0
global_step=251708, episodic_return=0.883
global_step=251724, episodic_return=0.0
global_step=251824, episodic_return=0.0
global_step=251876, episodic_return=0.0
SPS: 2897
global_step=252112, episodic_return=0.0
global_step=252128, episodic_return=0.0
global_step=252208, episodic_return=0.829
global_step=252228, episodic_return=0.0
global_step=252280, episodic_return=0.0
SPS: 2897
global_step=252516, episodic_return=0.0
global_step=252612, episodic_return=0.0
global_step=252632, episodic_return=0.0
global_step=252684, episodic_return=0.0
global_step=252920, episodic_return=0.0
SPS: 2897
global_step=253016, episodic_return=0.0
global_step=253036, episodic_return=0.0
global_step=253088, episodic_return=0.0
global_step=253116, episodic_return=0.829
global_step=253324, episodic_return=0.0
global_step=253420, episodic_return=0.0
SPS: 2897
global_step=253492, episodic_return=0.0
global_step=253520, episodic_return=0.0
global_step=253728, episodic_return=0.0
global_step=253732, episodic_return=0.469
global_step=253824, episodic_return=0.0
global_step=253924, episodic_return=0.0
SPS: 2897
global_step=254132, episodic_return=0.0
global_step=254136, episodic_return=0.0
global_step=254144, episodic_return=0.514
global_step=254228, episodic_return=0.0
global_step=254236, episodic_return=0.775
SPS: 2897
global_step=254540, episodic_return=0.0
global_step=254548, episodic_return=0.0
global_step=254632, episodic_return=0.0
global_step=254640, episodic_return=0.0
global_step=254880, episodic_return=0.244
global_step=254952, episodic_return=0.0
SPS: 2897
global_step=255036, episodic_return=0.0
global_step=255044, episodic_return=0.0
global_step=255284, episodic_return=0.0
global_step=255332, episodic_return=0.901
global_step=255356, episodic_return=0.0
global_step=255440, episodic_return=0.0
global_step=255448, episodic_return=0.0
SPS: 2897
global_step=255736, episodic_return=0.0
global_step=255760, episodic_return=0.0
global_step=255844, episodic_return=0.0
global_step=255852, episodic_return=0.0
global_step=255860, episodic_return=0.73
SPS: 2897
global_step=256164, episodic_return=0.0
global_step=256248, episodic_return=0.0
global_step=256256, episodic_return=0.0
global_step=256264, episodic_return=0.0
SPS: 2897
global_step=256568, episodic_return=0.0
global_step=256644, episodic_return=0.118
global_step=256660, episodic_return=0.0
global_step=256668, episodic_return=0.0
global_step=256972, episodic_return=0.0
SPS: 2897
global_step=257048, episodic_return=0.0
global_step=257064, episodic_return=0.0
global_step=257072, episodic_return=0.0
global_step=257160, episodic_return=0.8109999999999999
global_step=257376, episodic_return=0.0
global_step=257452, episodic_return=0.0
global_step=257468, episodic_return=0.0
SPS: 2897
global_step=257564, episodic_return=0.0
global_step=257780, episodic_return=0.0
global_step=257856, episodic_return=0.0
global_step=257872, episodic_return=0.0
global_step=257968, episodic_return=0.0
SPS: 2897
global_step=258184, episodic_return=0.0
global_step=258260, episodic_return=0.0
global_step=258276, episodic_return=0.0
global_step=258276, episodic_return=0.973
global_step=258372, episodic_return=0.0
global_step=258528, episodic_return=0.235
SPS: 2897
global_step=258680, episodic_return=0.0
global_step=258680, episodic_return=0.0
global_step=258776, episodic_return=0.0
global_step=258932, episodic_return=0.0
global_step=258948, episodic_return=0.4059999999999999
SPS: 2897
global_step=259084, episodic_return=0.0
global_step=259180, episodic_return=0.0
global_step=259336, episodic_return=0.0
global_step=259352, episodic_return=0.0
global_step=259488, episodic_return=0.0
global_step=259584, episodic_return=0.0
SPS: 2897
global_step=259740, episodic_return=0.0
global_step=259756, episodic_return=0.0
global_step=259760, episodic_return=0.613
global_step=259892, episodic_return=0.0
SPS: 2897
global_step=260144, episodic_return=0.0
global_step=260160, episodic_return=0.0
global_step=260164, episodic_return=0.0
global_step=260296, episodic_return=0.0
global_step=260548, episodic_return=0.0
global_step=260564, episodic_return=0.0
global_step=260568, episodic_return=0.0
SPS: 2897
global_step=260700, episodic_return=0.0
global_step=260856, episodic_return=0.352
global_step=260952, episodic_return=0.0
global_step=260972, episodic_return=0.0
global_step=261104, episodic_return=0.0
SPS: 2897
global_step=261144, episodic_return=0.919
global_step=261260, episodic_return=0.0
global_step=261312, episodic_return=0.892
global_step=261356, episodic_return=0.0
global_step=261376, episodic_return=0.0
global_step=261428, episodic_return=0.847
global_step=261456, episodic_return=0.829
global_step=261468, episodic_return=0.982
global_step=261548, episodic_return=0.0
SPS: 2897
global_step=261716, episodic_return=0.0
global_step=261832, episodic_return=0.0
global_step=261844, episodic_return=0.34299999999999997
global_step=261864, episodic_return=0.9369999999999999
global_step=261872, episodic_return=0.0
global_step=261872, episodic_return=0.946
global_step=262008, episodic_return=0.703
global_step=262036, episodic_return=0.946
global_step=262120, episodic_return=0.0
SPS: 2897
global_step=262268, episodic_return=0.0
global_step=262276, episodic_return=0.0
global_step=262440, episodic_return=0.0
global_step=262524, episodic_return=0.0
SPS: 2897
global_step=262672, episodic_return=0.0
global_step=262680, episodic_return=0.0
global_step=262824, episodic_return=0.685
global_step=262844, episodic_return=0.0
global_step=262928, episodic_return=0.0
global_step=263008, episodic_return=0.253
SPS: 2897
global_step=263200, episodic_return=0.3969999999999999
global_step=263228, episodic_return=0.0
global_step=263248, episodic_return=0.0
global_step=263412, episodic_return=0.0
global_step=263604, episodic_return=0.0
global_step=263632, episodic_return=0.0
global_step=263652, episodic_return=0.0
SPS: 2897
global_step=263816, episodic_return=0.0
global_step=263980, episodic_return=0.6399999999999999
global_step=264008, episodic_return=0.0
global_step=264036, episodic_return=0.0
global_step=264056, episodic_return=0.0
SPS: 2897
global_step=264384, episodic_return=0.0
global_step=264412, episodic_return=0.0
global_step=264440, episodic_return=0.0
global_step=264460, episodic_return=0.0
SPS: 2897
global_step=264740, episodic_return=0.33399999999999996
global_step=264788, episodic_return=0.0
global_step=264816, episodic_return=0.0
global_step=264864, episodic_return=0.0
global_step=264896, episodic_return=0.9369999999999999
global_step=264944, episodic_return=0.6579999999999999
global_step=265144, episodic_return=0.0
global_step=265184, episodic_return=0.18099999999999994
SPS: 2897
global_step=265300, episodic_return=0.0
global_step=265348, episodic_return=0.0
global_step=265468, episodic_return=0.631
global_step=265548, episodic_return=0.0
global_step=265588, episodic_return=0.0
SPS: 2897
global_step=265752, episodic_return=0.0
global_step=265776, episodic_return=0.955
global_step=265872, episodic_return=0.0
global_step=265952, episodic_return=0.0
global_step=265992, episodic_return=0.0
global_step=266144, episodic_return=0.667
global_step=266180, episodic_return=0.0
global_step=266184, episodic_return=0.487
SPS: 2897
global_step=266276, episodic_return=0.0
global_step=266548, episodic_return=0.0
global_step=266584, episodic_return=0.0
global_step=266588, episodic_return=0.0
global_step=266680, episodic_return=0.0
SPS: 2897
global_step=266952, episodic_return=0.0
global_step=266976, episodic_return=0.136
global_step=266988, episodic_return=0.0
global_step=267084, episodic_return=0.0
SPS: 2897
global_step=267356, episodic_return=0.0
global_step=267380, episodic_return=0.0
global_step=267392, episodic_return=0.0
global_step=267488, episodic_return=0.0
global_step=267760, episodic_return=0.0
SPS: 2897
global_step=267784, episodic_return=0.0
global_step=267796, episodic_return=0.0
global_step=267892, episodic_return=0.0
global_step=268164, episodic_return=0.0
global_step=268188, episodic_return=0.0
global_step=268196, episodic_return=0.10899999999999999
global_step=268224, episodic_return=0.874
SPS: 2897
global_step=268296, episodic_return=0.0
global_step=268592, episodic_return=0.0
global_step=268600, episodic_return=0.0
global_step=268628, episodic_return=0.0
global_step=268700, episodic_return=0.0
SPS: 2897
global_step=268844, episodic_return=0.44199999999999995
global_step=268876, episodic_return=0.613
global_step=268888, episodic_return=0.982
global_step=269004, episodic_return=0.0
global_step=269032, episodic_return=0.0
global_step=269248, episodic_return=0.0
global_step=269256, episodic_return=0.5049999999999999
global_step=269292, episodic_return=0.0
SPS: 2897
global_step=269408, episodic_return=0.0
global_step=269592, episodic_return=0.253
global_step=269652, episodic_return=0.0
global_step=269696, episodic_return=0.0
global_step=269812, episodic_return=0.0
SPS: 2897
global_step=269996, episodic_return=0.0
global_step=270056, episodic_return=0.0
global_step=270100, episodic_return=0.0
global_step=270216, episodic_return=0.0
SPS: 2897
global_step=270400, episodic_return=0.0
global_step=270460, episodic_return=0.0
global_step=270504, episodic_return=0.0
global_step=270620, episodic_return=0.0
global_step=270804, episodic_return=0.0
SPS: 2897
global_step=270864, episodic_return=0.0
global_step=270908, episodic_return=0.0
global_step=271024, episodic_return=0.0
global_step=271208, episodic_return=0.0
global_step=271256, episodic_return=0.127
global_step=271312, episodic_return=0.0
SPS: 2897
global_step=271428, episodic_return=0.0
global_step=271612, episodic_return=0.0
global_step=271660, episodic_return=0.0
global_step=271716, episodic_return=0.0
global_step=271832, episodic_return=0.0
SPS: 2897
global_step=272016, episodic_return=0.0
global_step=272064, episodic_return=0.0
global_step=272120, episodic_return=0.0
global_step=272236, episodic_return=0.0
SPS: 2897
global_step=272420, episodic_return=0.0
global_step=272468, episodic_return=0.0
global_step=272524, episodic_return=0.0
global_step=272640, episodic_return=0.0
global_step=272824, episodic_return=0.0
global_step=272872, episodic_return=0.0
SPS: 2897
global_step=272928, episodic_return=0.0
global_step=273044, episodic_return=0.0
global_step=273228, episodic_return=0.0
global_step=273276, episodic_return=0.0
global_step=273332, episodic_return=0.0
SPS: 2897
global_step=273448, episodic_return=0.0
global_step=273632, episodic_return=0.0
global_step=273680, episodic_return=0.0
global_step=273736, episodic_return=0.0
global_step=273852, episodic_return=0.0
global_step=273876, episodic_return=0.694
SPS: 2897
global_step=274036, episodic_return=0.0
global_step=274084, episodic_return=0.0
global_step=274132, episodic_return=0.901
global_step=274256, episodic_return=0.0
global_step=274280, episodic_return=0.0
SPS: 2897
global_step=274440, episodic_return=0.0
global_step=274536, episodic_return=0.0
global_step=274640, episodic_return=0.19899999999999995
global_step=274660, episodic_return=0.0
global_step=274768, episodic_return=0.766
global_step=274844, episodic_return=0.0
global_step=274940, episodic_return=0.0
SPS: 2897
global_step=275044, episodic_return=0.0
global_step=275172, episodic_return=0.0
global_step=275248, episodic_return=0.0
global_step=275344, episodic_return=0.0
global_step=275448, episodic_return=0.0
SPS: 2897
global_step=275576, episodic_return=0.0
global_step=275652, episodic_return=0.0
global_step=275748, episodic_return=0.0
global_step=275852, episodic_return=0.0
global_step=275896, episodic_return=0.2889999999999999
SPS: 2897
global_step=276056, episodic_return=0.0
global_step=276152, episodic_return=0.0
global_step=276188, episodic_return=0.253
global_step=276300, episodic_return=0.0
global_step=276460, episodic_return=0.0
SPS: 2897
global_step=276556, episodic_return=0.0
global_step=276592, episodic_return=0.0
global_step=276620, episodic_return=0.946
global_step=276704, episodic_return=0.0
global_step=276864, episodic_return=0.0
global_step=276960, episodic_return=0.0
SPS: 2897
global_step=277024, episodic_return=0.0
global_step=277044, episodic_return=0.244
global_step=277268, episodic_return=0.0
global_step=277364, episodic_return=0.0
global_step=277428, episodic_return=0.0
global_step=277448, episodic_return=0.0
SPS: 2897
global_step=277532, episodic_return=0.82
global_step=277672, episodic_return=0.0
global_step=277736, episodic_return=0.17199999999999993
global_step=277832, episodic_return=0.0
global_step=277936, episodic_return=0.0
SPS: 2897
global_step=278076, episodic_return=0.0
global_step=278140, episodic_return=0.0
global_step=278236, episodic_return=0.0
global_step=278340, episodic_return=0.0
global_step=278480, episodic_return=0.0
SPS: 2897
global_step=278544, episodic_return=0.0
global_step=278640, episodic_return=0.0
global_step=278744, episodic_return=0.0
global_step=278768, episodic_return=0.955
global_step=278884, episodic_return=0.0
global_step=278948, episodic_return=0.0
global_step=279020, episodic_return=0.703
SPS: 2897
global_step=279044, episodic_return=0.0
global_step=279172, episodic_return=0.0
global_step=279352, episodic_return=0.0
global_step=279424, episodic_return=0.0
global_step=279448, episodic_return=0.0
global_step=279524, episodic_return=0.838
SPS: 2897
global_step=279576, episodic_return=0.0
global_step=279756, episodic_return=0.0
global_step=279828, episodic_return=0.0
global_step=279928, episodic_return=0.0
global_step=279980, episodic_return=0.0
SPS: 2897
global_step=280160, episodic_return=0.0
global_step=280232, episodic_return=0.0
global_step=280320, episodic_return=0.8109999999999999
global_step=280332, episodic_return=0.0
global_step=280384, episodic_return=0.892
global_step=280384, episodic_return=0.0
global_step=280564, episodic_return=0.0
SPS: 2897
global_step=280724, episodic_return=0.0
global_step=280788, episodic_return=0.0
global_step=280788, episodic_return=0.0
global_step=280968, episodic_return=0.0
SPS: 2897
global_step=281128, episodic_return=0.0
global_step=281192, episodic_return=0.0
global_step=281192, episodic_return=0.0
global_step=281372, episodic_return=0.0
global_step=281384, episodic_return=0.982
global_step=281532, episodic_return=0.0
global_step=281596, episodic_return=0.0
global_step=281596, episodic_return=0.0
SPS: 2897
global_step=281788, episodic_return=0.0
global_step=281936, episodic_return=0.0
global_step=282000, episodic_return=0.0
global_step=282000, episodic_return=0.0
global_step=282104, episodic_return=0.775
SPS: 2897
global_step=282128, episodic_return=0.721
global_step=282192, episodic_return=0.0
global_step=282340, episodic_return=0.0
global_step=282508, episodic_return=0.0
global_step=282532, episodic_return=0.0
global_step=282596, episodic_return=0.0
SPS: 2897
global_step=282744, episodic_return=0.0
global_step=282912, episodic_return=0.0
global_step=282936, episodic_return=0.0
global_step=283000, episodic_return=0.0
SPS: 2897
global_step=283148, episodic_return=0.0
global_step=283316, episodic_return=0.0
global_step=283340, episodic_return=0.0
global_step=283404, episodic_return=0.0
global_step=283552, episodic_return=0.0
SPS: 2897
global_step=283720, episodic_return=0.0
global_step=283744, episodic_return=0.955
global_step=283744, episodic_return=0.0
global_step=283808, episodic_return=0.0
global_step=283868, episodic_return=0.73
global_step=283904, episodic_return=0.649
global_step=283956, episodic_return=0.0
global_step=284016, episodic_return=0.757
SPS: 2897
global_step=284212, episodic_return=0.0
global_step=284272, episodic_return=0.0
global_step=284360, episodic_return=0.0
global_step=284420, episodic_return=0.0
global_step=284604, episodic_return=0.595
global_step=284616, episodic_return=0.0
SPS: 2897
global_step=284676, episodic_return=0.0
global_step=284764, episodic_return=0.0
global_step=285008, episodic_return=0.0
global_step=285020, episodic_return=0.0
global_step=285080, episodic_return=0.0
global_step=285168, episodic_return=0.0
SPS: 2897
global_step=285384, episodic_return=0.18999999999999995
global_step=285412, episodic_return=0.0
global_step=285484, episodic_return=0.0
global_step=285572, episodic_return=0.0
global_step=285660, episodic_return=0.613
SPS: 2897
global_step=285788, episodic_return=0.0
global_step=285816, episodic_return=0.0
global_step=285912, episodic_return=0.73
global_step=285976, episodic_return=0.0
global_step=286064, episodic_return=0.0
SPS: 2897
global_step=286220, episodic_return=0.0
global_step=286316, episodic_return=0.0
global_step=286380, episodic_return=0.0
global_step=286468, episodic_return=0.0
global_step=286468, episodic_return=0.45099999999999996
global_step=286480, episodic_return=0.6399999999999999
global_step=286484, episodic_return=0.973
global_step=286520, episodic_return=0.919
SPS: 2897
global_step=286784, episodic_return=0.0
global_step=286872, episodic_return=0.0
global_step=286888, episodic_return=0.0
global_step=286924, episodic_return=0.0
global_step=287188, episodic_return=0.0
SPS: 2897
global_step=287276, episodic_return=0.0
global_step=287292, episodic_return=0.0
global_step=287328, episodic_return=0.0
global_step=287404, episodic_return=0.5229999999999999
global_step=287608, episodic_return=0.262
global_step=287696, episodic_return=0.0
global_step=287732, episodic_return=0.0
SPS: 2897
global_step=287808, episodic_return=0.0
global_step=288012, episodic_return=0.0
global_step=288100, episodic_return=0.0
global_step=288136, episodic_return=0.0
global_step=288212, episodic_return=0.0
SPS: 2897
global_step=288416, episodic_return=0.0
global_step=288504, episodic_return=0.0
global_step=288540, episodic_return=0.0
global_step=288616, episodic_return=0.0
SPS: 2897
global_step=288820, episodic_return=0.0
global_step=288908, episodic_return=0.0
global_step=288944, episodic_return=0.0
global_step=289020, episodic_return=0.0
global_step=289224, episodic_return=0.0
SPS: 2897
global_step=289312, episodic_return=0.0
global_step=289332, episodic_return=0.766
global_step=289348, episodic_return=0.0
global_step=289424, episodic_return=0.0
global_step=289660, episodic_return=0.478
global_step=289716, episodic_return=0.0
global_step=289736, episodic_return=0.0
global_step=289752, episodic_return=0.0
SPS: 2897
global_step=290064, episodic_return=0.0
global_step=290120, episodic_return=0.0
global_step=290140, episodic_return=0.0
global_step=290156, episodic_return=0.0
SPS: 2897
global_step=290468, episodic_return=0.0
global_step=290508, episodic_return=0.919
global_step=290524, episodic_return=0.0
global_step=290544, episodic_return=0.0
global_step=290560, episodic_return=0.0
SPS: 2897
global_step=290820, episodic_return=0.30699999999999994
global_step=290928, episodic_return=0.0
global_step=290948, episodic_return=0.0
global_step=290964, episodic_return=0.0
global_step=291224, episodic_return=0.0
SPS: 2897
global_step=291332, episodic_return=0.0
global_step=291352, episodic_return=0.0
global_step=291368, episodic_return=0.0
global_step=291432, episodic_return=0.829
global_step=291628, episodic_return=0.0
global_step=291736, episodic_return=0.0
global_step=291772, episodic_return=0.0
global_step=291836, episodic_return=0.0
SPS: 2897
global_step=291984, episodic_return=0.532
global_step=292032, episodic_return=0.0
global_step=292092, episodic_return=0.43299999999999994
global_step=292140, episodic_return=0.0
SPS: 2897
global_step=292388, episodic_return=0.0
global_step=292436, episodic_return=0.0
global_step=292496, episodic_return=0.0
global_step=292544, episodic_return=0.0
global_step=292636, episodic_return=0.802
global_step=292792, episodic_return=0.0
global_step=292840, episodic_return=0.0
SPS: 2897
global_step=292900, episodic_return=0.0
global_step=293020, episodic_return=0.14500000000000002
global_step=293196, episodic_return=0.0
global_step=293244, episodic_return=0.0
global_step=293304, episodic_return=0.0
SPS: 2897
global_step=293424, episodic_return=0.0
global_step=293464, episodic_return=0.919
global_step=293540, episodic_return=0.838
global_step=293576, episodic_return=0.9279999999999999
global_step=293592, episodic_return=0.973
global_step=293600, episodic_return=0.0
global_step=293648, episodic_return=0.0
global_step=293708, episodic_return=0.0
SPS: 2897
global_step=293996, episodic_return=0.0
global_step=294004, episodic_return=0.0
global_step=294052, episodic_return=0.0
global_step=294112, episodic_return=0.0
global_step=294136, episodic_return=0.955
global_step=294208, episodic_return=0.6579999999999999
global_step=294248, episodic_return=0.919
global_step=294284, episodic_return=0.9279999999999999
global_step=294400, episodic_return=0.0
SPS: 2897
global_step=294408, episodic_return=0.0
global_step=294540, episodic_return=0.0
global_step=294688, episodic_return=0.0
global_step=294704, episodic_return=0.34299999999999997
global_step=294804, episodic_return=0.0
SPS: 2897
global_step=294944, episodic_return=0.0
global_step=295092, episodic_return=0.0
global_step=295108, episodic_return=0.0
global_step=295208, episodic_return=0.0
global_step=295348, episodic_return=0.0
SPS: 2897
global_step=295496, episodic_return=0.0
global_step=295512, episodic_return=0.0
global_step=295612, episodic_return=0.0
global_step=295752, episodic_return=0.0
global_step=295900, episodic_return=0.0
global_step=295916, episodic_return=0.0
SPS: 2897
global_step=296016, episodic_return=0.0
global_step=296044, episodic_return=0.685
global_step=296156, episodic_return=0.0
global_step=296320, episodic_return=0.0
global_step=296420, episodic_return=0.0
global_step=296448, episodic_return=0.0
SPS: 2897
global_step=296560, episodic_return=0.0
global_step=296724, episodic_return=0.0
global_step=296824, episodic_return=0.0
global_step=296852, episodic_return=0.0
SPS: 2897
global_step=296964, episodic_return=0.0
global_step=297000, episodic_return=0.3879999999999999
global_step=297228, episodic_return=0.0
global_step=297256, episodic_return=0.0
global_step=297368, episodic_return=0.0
global_step=297404, episodic_return=0.0
SPS: 2897
global_step=297632, episodic_return=0.0
global_step=297660, episodic_return=0.0
global_step=297772, episodic_return=0.0
global_step=297808, episodic_return=0.0
global_step=297932, episodic_return=0.3969999999999999
SPS: 2897
global_step=298036, episodic_return=0.0
global_step=298136, episodic_return=0.2709999999999999
global_step=298176, episodic_return=0.0
global_step=298336, episodic_return=0.0
global_step=298432, episodic_return=0.7929999999999999
global_step=298440, episodic_return=0.0
SPS: 2897
global_step=298540, episodic_return=0.0
global_step=298580, episodic_return=0.0
global_step=298660, episodic_return=0.829
global_step=298708, episodic_return=0.4059999999999999
global_step=298836, episodic_return=0.0
global_step=298944, episodic_return=0.0
SPS: 2897
global_step=299064, episodic_return=0.0
global_step=299112, episodic_return=0.0
global_step=299200, episodic_return=0.43299999999999994
global_step=299240, episodic_return=0.0
global_step=299468, episodic_return=0.0
global_step=299492, episodic_return=0.44199999999999995
global_step=299516, episodic_return=0.0
SPS: 2897
global_step=299604, episodic_return=0.0
global_step=299872, episodic_return=0.0
global_step=299896, episodic_return=0.0
global_step=299920, episodic_return=0.0
global_step=300008, episodic_return=0.0
SPS: 2897
global_step=300276, episodic_return=0.0
global_step=300300, episodic_return=0.0
global_step=300324, episodic_return=0.0
global_step=300396, episodic_return=0.136
global_step=300460, episodic_return=0.865
SPS: 2897
global_step=300680, episodic_return=0.0
global_step=300704, episodic_return=0.0
global_step=300728, episodic_return=0.0
global_step=300860, episodic_return=0.604
global_step=300864, episodic_return=0.0
SPS: 2897
global_step=301084, episodic_return=0.20799999999999996
global_step=301108, episodic_return=0.0
global_step=301232, episodic_return=0.18099999999999994
global_step=301264, episodic_return=0.0
global_step=301324, episodic_return=0.874
global_step=301488, episodic_return=0.0
global_step=301512, episodic_return=0.0
SPS: 2897
global_step=301636, episodic_return=0.0
global_step=301708, episodic_return=0.514
global_step=301728, episodic_return=0.0
global_step=301916, episodic_return=0.0
global_step=301964, episodic_return=0.43299999999999994
global_step=302040, episodic_return=0.0
SPS: 2897
global_step=302132, episodic_return=0.0
global_step=302320, episodic_return=0.0
global_step=302368, episodic_return=0.0
global_step=302444, episodic_return=0.0
global_step=302536, episodic_return=0.0
SPS: 2897
global_step=302724, episodic_return=0.0
global_step=302740, episodic_return=0.973
global_step=302772, episodic_return=0.0
global_step=302848, episodic_return=0.0
global_step=302940, episodic_return=0.0
SPS: 2897
global_step=303144, episodic_return=0.0
global_step=303176, episodic_return=0.0
global_step=303176, episodic_return=0.2709999999999999
global_step=303344, episodic_return=0.0
global_step=303504, episodic_return=0.2709999999999999
global_step=303548, episodic_return=0.0
global_step=303556, episodic_return=0.892
global_step=303580, episodic_return=0.0
global_step=303588, episodic_return=0.991
SPS: 2897
global_step=303676, episodic_return=0.721
global_step=303748, episodic_return=0.0
global_step=303960, episodic_return=0.0
global_step=303992, episodic_return=0.0
global_step=304028, episodic_return=0.856
global_step=304080, episodic_return=0.0
SPS: 2897
global_step=304152, episodic_return=0.0
global_step=304396, episodic_return=0.0
global_step=304432, episodic_return=0.0
global_step=304484, episodic_return=0.0
global_step=304556, episodic_return=0.0
global_step=304572, episodic_return=0.694
global_step=304572, episodic_return=0.973
SPS: 2897
global_step=304780, episodic_return=0.14500000000000002
global_step=304876, episodic_return=0.32499999999999996
global_step=304888, episodic_return=0.0
global_step=304976, episodic_return=0.0
SPS: 2897
global_step=305184, episodic_return=0.0
global_step=305280, episodic_return=0.0
global_step=305292, episodic_return=0.0
global_step=305320, episodic_return=0.703
global_step=305372, episodic_return=0.802
global_step=305380, episodic_return=0.0
global_step=305528, episodic_return=0.6759999999999999
SPS: 2897
global_step=305696, episodic_return=0.0
global_step=305724, episodic_return=0.0
global_step=305776, episodic_return=0.0
global_step=305788, episodic_return=0.802
global_step=305788, episodic_return=0.865
global_step=305932, episodic_return=0.0
global_step=305996, episodic_return=0.865
global_step=306128, episodic_return=0.712
global_step=306152, episodic_return=0.18999999999999995
SPS: 2897
global_step=306180, episodic_return=0.0
global_step=306192, episodic_return=0.0
global_step=306532, episodic_return=0.0
global_step=306556, episodic_return=0.0
global_step=306584, episodic_return=0.0
global_step=306596, episodic_return=0.0
SPS: 2897
global_step=306936, episodic_return=0.0
global_step=306960, episodic_return=0.0
global_step=306988, episodic_return=0.0
global_step=307000, episodic_return=0.0
global_step=307156, episodic_return=0.6579999999999999
SPS: 2897
global_step=307340, episodic_return=0.0
global_step=307364, episodic_return=0.0
global_step=307392, episodic_return=0.0
global_step=307560, episodic_return=0.0
SPS: 2897
global_step=307744, episodic_return=0.0
global_step=307768, episodic_return=0.0
global_step=307796, episodic_return=0.0
global_step=307964, episodic_return=0.0
global_step=308104, episodic_return=0.19899999999999995
global_step=308172, episodic_return=0.0
global_step=308200, episodic_return=0.0
SPS: 2896
global_step=308244, episodic_return=0.91
global_step=308368, episodic_return=0.0
global_step=308508, episodic_return=0.0
global_step=308576, episodic_return=0.0
global_step=308648, episodic_return=0.0
SPS: 2896
global_step=308772, episodic_return=0.0
global_step=308912, episodic_return=0.0
global_step=308940, episodic_return=0.18999999999999995
global_step=309052, episodic_return=0.0
global_step=309076, episodic_return=0.955
global_step=309176, episodic_return=0.0
SPS: 2896
global_step=309304, episodic_return=0.721
global_step=309316, episodic_return=0.0
global_step=309344, episodic_return=0.0
global_step=309480, episodic_return=0.0
global_step=309708, episodic_return=0.0
global_step=309720, episodic_return=0.0
global_step=309748, episodic_return=0.0
SPS: 2896
global_step=309828, episodic_return=0.829
global_step=309884, episodic_return=0.0
global_step=310112, episodic_return=0.0
global_step=310124, episodic_return=0.0
global_step=310232, episodic_return=0.0
SPS: 2896
global_step=310288, episodic_return=0.0
global_step=310516, episodic_return=0.0
global_step=310528, episodic_return=0.0
global_step=310532, episodic_return=0.973
global_step=310612, episodic_return=0.15400000000000003
global_step=310692, episodic_return=0.0
SPS: 2896
global_step=310932, episodic_return=0.0
global_step=310936, episodic_return=0.0
global_step=311016, episodic_return=0.0
global_step=311096, episodic_return=0.0
SPS: 2896
global_step=311308, episodic_return=0.532
global_step=311336, episodic_return=0.0
global_step=311340, episodic_return=0.0
global_step=311420, episodic_return=0.0
global_step=311712, episodic_return=0.0
global_step=311740, episodic_return=0.0
global_step=311744, episodic_return=0.0
SPS: 2896
global_step=311824, episodic_return=0.0
global_step=311856, episodic_return=0.9369999999999999
global_step=312116, episodic_return=0.0
global_step=312144, episodic_return=0.0
global_step=312148, episodic_return=0.0
global_step=312260, episodic_return=0.0
SPS: 2896
global_step=312520, episodic_return=0.0
global_step=312548, episodic_return=0.0
global_step=312552, episodic_return=0.0
global_step=312652, episodic_return=0.784
global_step=312664, episodic_return=0.0
SPS: 2896
global_step=312924, episodic_return=0.0
global_step=312952, episodic_return=0.0
global_step=313056, episodic_return=0.0
global_step=313068, episodic_return=0.0
global_step=313124, episodic_return=0.622
global_step=313328, episodic_return=0.0
SPS: 2896
global_step=313460, episodic_return=0.0
global_step=313472, episodic_return=0.0
global_step=313528, episodic_return=0.0
global_step=313732, episodic_return=0.0
SPS: 2896
global_step=313864, episodic_return=0.0
global_step=313876, episodic_return=0.0
global_step=313932, episodic_return=0.0
global_step=314100, episodic_return=0.478
global_step=314136, episodic_return=0.0
global_step=314268, episodic_return=0.631
global_step=314280, episodic_return=0.0
global_step=314288, episodic_return=0.991
global_step=314292, episodic_return=0.955
global_step=314336, episodic_return=0.0
global_step=314368, episodic_return=0.487
SPS: 2896
global_step=314596, episodic_return=0.32499999999999996
global_step=314692, episodic_return=0.0
global_step=314740, episodic_return=0.0
global_step=314772, episodic_return=0.0
SPS: 2896
global_step=315000, episodic_return=0.0
global_step=315096, episodic_return=0.0
global_step=315144, episodic_return=0.0
global_step=315176, episodic_return=0.0
global_step=315176, episodic_return=0.613
global_step=315208, episodic_return=0.865
global_step=315232, episodic_return=0.703
SPS: 2896
global_step=315544, episodic_return=0.18099999999999994
global_step=315580, episodic_return=0.0
global_step=315612, episodic_return=0.0
global_step=315636, episodic_return=0.0
SPS: 2896
global_step=315948, episodic_return=0.0
global_step=315984, episodic_return=0.0
global_step=316016, episodic_return=0.0
global_step=316040, episodic_return=0.0
global_step=316068, episodic_return=0.946
global_step=316352, episodic_return=0.0
global_step=316388, episodic_return=0.0
SPS: 2896
global_step=316420, episodic_return=0.0
global_step=316472, episodic_return=0.0
global_step=316680, episodic_return=0.2709999999999999
global_step=316792, episodic_return=0.0
global_step=316816, episodic_return=0.235
global_step=316824, episodic_return=0.0
SPS: 2896
global_step=317084, episodic_return=0.0
global_step=317120, episodic_return=0.34299999999999997
global_step=317136, episodic_return=0.892
global_step=317196, episodic_return=0.0
global_step=317212, episodic_return=0.118
global_step=317364, episodic_return=0.45999999999999996
SPS: 2896
global_step=317448, episodic_return=0.478
global_step=317540, episodic_return=0.0
global_step=317600, episodic_return=0.0
global_step=317768, episodic_return=0.0
global_step=317852, episodic_return=0.0
global_step=317944, episodic_return=0.0
SPS: 2896
global_step=318004, episodic_return=0.0
global_step=318172, episodic_return=0.0
global_step=318256, episodic_return=0.0
global_step=318344, episodic_return=0.8109999999999999
global_step=318348, episodic_return=0.0
global_step=318408, episodic_return=0.0
SPS: 2896
global_step=318560, episodic_return=0.532
global_step=318576, episodic_return=0.0
global_step=318748, episodic_return=0.0
global_step=318812, episodic_return=0.0
global_step=318956, episodic_return=0.685
global_step=318964, episodic_return=0.0
SPS: 2896
global_step=318980, episodic_return=0.0
global_step=319152, episodic_return=0.0
global_step=319360, episodic_return=0.0
global_step=319368, episodic_return=0.0
global_step=319384, episodic_return=0.0
SPS: 2896
global_step=319556, episodic_return=0.0
global_step=319652, episodic_return=0.7929999999999999
global_step=319764, episodic_return=0.0
global_step=319772, episodic_return=0.0
global_step=319788, episodic_return=0.0
global_step=319828, episodic_return=0.919
global_step=319844, episodic_return=0.829
SPS: 2896
global_step=320056, episodic_return=0.0
global_step=320176, episodic_return=0.0
global_step=320232, episodic_return=0.0
global_step=320248, episodic_return=0.0
global_step=320344, episodic_return=0.7929999999999999
global_step=320396, episodic_return=0.892
global_step=320460, episodic_return=0.0
SPS: 2896
global_step=320580, episodic_return=0.0
global_step=320636, episodic_return=0.0
global_step=320768, episodic_return=0.586
global_step=320800, episodic_return=0.0
global_step=320864, episodic_return=0.0
SPS: 2896
global_step=321040, episodic_return=0.0
global_step=321148, episodic_return=0.766
global_step=321172, episodic_return=0.0
global_step=321204, episodic_return=0.0
global_step=321268, episodic_return=0.0
SPS: 2896
global_step=321552, episodic_return=0.0
global_step=321576, episodic_return=0.0
global_step=321608, episodic_return=0.883
global_step=321608, episodic_return=0.0
global_step=321672, episodic_return=0.0
global_step=321820, episodic_return=0.532
global_step=321980, episodic_return=0.0
global_step=322012, episodic_return=0.0
SPS: 2896
global_step=322076, episodic_return=0.0
global_step=322080, episodic_return=0.784
global_step=322224, episodic_return=0.0
global_step=322340, episodic_return=0.748
global_step=322416, episodic_return=0.0
global_step=322480, episodic_return=0.0
global_step=322484, episodic_return=0.0
SPS: 2896
global_step=322568, episodic_return=0.8109999999999999
global_step=322744, episodic_return=0.0
global_step=322780, episodic_return=0.9279999999999999
global_step=322820, episodic_return=0.0
global_step=322840, episodic_return=0.874
global_step=322856, episodic_return=0.973
global_step=322888, episodic_return=0.0
global_step=322972, episodic_return=0.0
global_step=323068, episodic_return=0.45099999999999996
SPS: 2896
global_step=323188, episodic_return=0.5229999999999999
global_step=323252, episodic_return=0.595
global_step=323260, episodic_return=0.0
global_step=323292, episodic_return=0.0
global_step=323328, episodic_return=0.856
global_step=323432, episodic_return=0.45999999999999996
global_step=323576, episodic_return=0.37
SPS: 2896
global_step=323656, episodic_return=0.0
global_step=323732, episodic_return=0.0
global_step=323820, episodic_return=0.8109999999999999
global_step=323836, episodic_return=0.0
global_step=323936, episodic_return=0.748
global_step=323980, episodic_return=0.0
global_step=324060, episodic_return=0.0
SPS: 2896
global_step=324240, episodic_return=0.0
global_step=324340, episodic_return=0.0
global_step=324384, episodic_return=0.0
global_step=324400, episodic_return=0.874
global_step=324420, episodic_return=0.19899999999999995
global_step=324548, episodic_return=0.31599999999999995
SPS: 2896
global_step=324756, episodic_return=0.5409999999999999
global_step=324788, episodic_return=0.0
global_step=324804, episodic_return=0.0
global_step=324824, episodic_return=0.0
SPS: 2896
global_step=325160, episodic_return=0.0
global_step=325192, episodic_return=0.0
global_step=325208, episodic_return=0.0
global_step=325228, episodic_return=0.0
global_step=325364, episodic_return=0.6579999999999999
global_step=325564, episodic_return=0.0
global_step=325596, episodic_return=0.0
global_step=325632, episodic_return=0.0
SPS: 2896
global_step=325720, episodic_return=0.73
global_step=325768, episodic_return=0.09999999999999998
global_step=325968, episodic_return=0.0
global_step=326036, episodic_return=0.0
global_step=326124, episodic_return=0.0
SPS: 2896
global_step=326172, episodic_return=0.0
global_step=326356, episodic_return=0.487
global_step=326372, episodic_return=0.0
global_step=326440, episodic_return=0.0
global_step=326468, episodic_return=0.7929999999999999
global_step=326576, episodic_return=0.0
SPS: 2896
global_step=326760, episodic_return=0.0
global_step=326844, episodic_return=0.0
global_step=326860, episodic_return=0.973
global_step=326872, episodic_return=0.0
global_step=326908, episodic_return=0.262
global_step=326928, episodic_return=0.964
global_step=327164, episodic_return=0.0
SPS: 2896
global_step=327264, episodic_return=0.0
global_step=327276, episodic_return=0.0
global_step=327332, episodic_return=0.0
global_step=327568, episodic_return=0.0
global_step=327568, episodic_return=0.352
global_step=327668, episodic_return=0.0
SPS: 2896
global_step=327700, episodic_return=0.712
global_step=327736, episodic_return=0.0
global_step=327972, episodic_return=0.0
global_step=328072, episodic_return=0.0
global_step=328104, episodic_return=0.0
global_step=328128, episodic_return=0.955
global_step=328140, episodic_return=0.0
SPS: 2896
global_step=328200, episodic_return=0.874
global_step=328376, episodic_return=0.0
global_step=328476, episodic_return=0.0
global_step=328532, episodic_return=0.0
global_step=328596, episodic_return=0.739
global_step=328604, episodic_return=0.0
SPS: 2896
global_step=328736, episodic_return=0.694
global_step=328780, episodic_return=0.0
global_step=328936, episodic_return=0.0
global_step=328984, episodic_return=0.15400000000000003
global_step=329140, episodic_return=0.0
global_step=329184, episodic_return=0.0
SPS: 2896
global_step=329340, episodic_return=0.0
global_step=329388, episodic_return=0.0
global_step=329544, episodic_return=0.0
global_step=329560, episodic_return=0.514
global_step=329588, episodic_return=0.0
SPS: 2896
global_step=329792, episodic_return=0.0
global_step=329948, episodic_return=0.0
global_step=329964, episodic_return=0.0
global_step=329992, episodic_return=0.0
global_step=330148, episodic_return=0.20799999999999996
SPS: 2896
global_step=330352, episodic_return=0.0
global_step=330368, episodic_return=0.0
global_step=330396, episodic_return=0.0
global_step=330552, episodic_return=0.0
SPS: 2896
global_step=330756, episodic_return=0.0
global_step=330772, episodic_return=0.0
global_step=330800, episodic_return=0.0
global_step=330884, episodic_return=0.262
global_step=331156, episodic_return=0.10899999999999999
global_step=331176, episodic_return=0.0
global_step=331188, episodic_return=0.982
global_step=331204, episodic_return=0.0
SPS: 2896
global_step=331288, episodic_return=0.0
global_step=331560, episodic_return=0.0
global_step=331592, episodic_return=0.0
global_step=331608, episodic_return=0.0
global_step=331692, episodic_return=0.0
global_step=331700, episodic_return=0.766
global_step=331744, episodic_return=0.91
SPS: 2896
global_step=331964, episodic_return=0.0
global_step=332012, episodic_return=0.0
global_step=332096, episodic_return=0.0
global_step=332148, episodic_return=0.0
SPS: 2896
global_step=332368, episodic_return=0.0
global_step=332416, episodic_return=0.0
global_step=332500, episodic_return=0.0
global_step=332552, episodic_return=0.0
global_step=332640, episodic_return=0.3969999999999999
SPS: 2896
global_step=332820, episodic_return=0.0
global_step=332904, episodic_return=0.0
global_step=332952, episodic_return=0.901
global_step=332956, episodic_return=0.0
global_step=332984, episodic_return=0.946
global_step=333044, episodic_return=0.0
global_step=333224, episodic_return=0.0
SPS: 2896
global_step=333356, episodic_return=0.0
global_step=333388, episodic_return=0.0
global_step=333448, episodic_return=0.0
global_step=333628, episodic_return=0.0
global_step=333680, episodic_return=0.487
global_step=333760, episodic_return=0.0
global_step=333792, episodic_return=0.0
SPS: 2896
global_step=333904, episodic_return=0.757
global_step=334032, episodic_return=0.0
global_step=334084, episodic_return=0.2799999999999999
global_step=334084, episodic_return=0.0
global_step=334308, episodic_return=0.0
SPS: 2896
global_step=334436, episodic_return=0.0
global_step=334484, episodic_return=0.10899999999999999
global_step=334488, episodic_return=0.0
global_step=334712, episodic_return=0.0
global_step=334840, episodic_return=0.0
SPS: 2896
global_step=334888, episodic_return=0.0
global_step=334892, episodic_return=0.0
global_step=335116, episodic_return=0.0
global_step=335244, episodic_return=0.0
global_step=335292, episodic_return=0.0
global_step=335296, episodic_return=0.0
global_step=335308, episodic_return=0.865
SPS: 2896
global_step=335384, episodic_return=0.4059999999999999
global_step=335420, episodic_return=0.721
global_step=335700, episodic_return=0.0
global_step=335712, episodic_return=0.0
global_step=335788, episodic_return=0.0
global_step=335824, episodic_return=0.0
SPS: 2896
global_step=335876, episodic_return=0.6399999999999999
global_step=336104, episodic_return=0.0
global_step=336192, episodic_return=0.0
global_step=336200, episodic_return=0.991
global_step=336228, episodic_return=0.0
global_step=336280, episodic_return=0.0
global_step=336340, episodic_return=0.874
SPS: 2896
global_step=336508, episodic_return=0.0
global_step=336604, episodic_return=0.0
global_step=336632, episodic_return=0.0
global_step=336744, episodic_return=0.0
SPS: 2896
global_step=336904, episodic_return=0.3969999999999999
global_step=336912, episodic_return=0.0
global_step=337008, episodic_return=0.775
global_step=337008, episodic_return=0.0
global_step=337148, episodic_return=0.0
global_step=337316, episodic_return=0.0
global_step=337320, episodic_return=0.622
global_step=337400, episodic_return=0.829
SPS: 2896
global_step=337412, episodic_return=0.0
global_step=337412, episodic_return=0.0
global_step=337420, episodic_return=0.775
global_step=337576, episodic_return=0.6399999999999999
global_step=337736, episodic_return=0.649
global_step=337804, episodic_return=0.0
global_step=337816, episodic_return=0.09999999999999998
global_step=337824, episodic_return=0.0
SPS: 2896
global_step=338140, episodic_return=0.0
global_step=338208, episodic_return=0.0
global_step=338216, episodic_return=0.991
global_step=338220, episodic_return=0.0
global_step=338228, episodic_return=0.0
SPS: 2896
global_step=338544, episodic_return=0.0
global_step=338620, episodic_return=0.0
global_step=338624, episodic_return=0.0
global_step=338632, episodic_return=0.0
global_step=338684, episodic_return=0.874
SPS: 2897
global_step=338948, episodic_return=0.0
global_step=339024, episodic_return=0.0
global_step=339036, episodic_return=0.0
global_step=339056, episodic_return=0.17199999999999993
global_step=339104, episodic_return=0.829
global_step=339308, episodic_return=0.3969999999999999
global_step=339352, episodic_return=0.0
SPS: 2897
global_step=339460, episodic_return=0.0
global_step=339508, episodic_return=0.0
global_step=339712, episodic_return=0.0
global_step=339756, episodic_return=0.0
global_step=339864, episodic_return=0.0
global_step=339912, episodic_return=0.0
SPS: 2896
global_step=340116, episodic_return=0.0
global_step=340160, episodic_return=0.0
global_step=340228, episodic_return=0.18999999999999995
global_step=340248, episodic_return=0.8109999999999999
global_step=340280, episodic_return=0.892
global_step=340316, episodic_return=0.0
SPS: 2896
global_step=340520, episodic_return=0.0
global_step=340596, episodic_return=0.838
global_step=340600, episodic_return=0.21699999999999997
global_step=340684, episodic_return=0.0
global_step=340720, episodic_return=0.0
SPS: 2896
global_step=341000, episodic_return=0.0
global_step=341004, episodic_return=0.0
global_step=341088, episodic_return=0.0
global_step=341124, episodic_return=0.0
global_step=341404, episodic_return=0.0
global_step=341408, episodic_return=0.0
global_step=341460, episodic_return=0.883
global_step=341492, episodic_return=0.0
SPS: 2896
global_step=341528, episodic_return=0.0
global_step=341560, episodic_return=0.667
global_step=341768, episodic_return=0.5409999999999999
global_step=341864, episodic_return=0.0
global_step=341880, episodic_return=0.973
global_step=341896, episodic_return=0.0
global_step=341932, episodic_return=0.0
global_step=341932, episodic_return=0.6399999999999999
global_step=342000, episodic_return=0.739
SPS: 2896
global_step=342300, episodic_return=0.0
global_step=342336, episodic_return=0.0
global_step=342336, episodic_return=0.0
global_step=342404, episodic_return=0.0
SPS: 2896
global_step=342544, episodic_return=0.5409999999999999
global_step=342704, episodic_return=0.0
global_step=342740, episodic_return=0.0
global_step=342804, episodic_return=0.10899999999999999
global_step=342948, episodic_return=0.0
SPS: 2896
global_step=343108, episodic_return=0.0
global_step=343144, episodic_return=0.0
global_step=343208, episodic_return=0.0
global_step=343236, episodic_return=0.361
global_step=343308, episodic_return=0.6399999999999999
global_step=343504, episodic_return=0.34299999999999997
global_step=343512, episodic_return=0.0
SPS: 2896
global_step=343640, episodic_return=0.0
global_step=343684, episodic_return=0.622
global_step=343712, episodic_return=0.0
global_step=343908, episodic_return=0.0
global_step=343952, episodic_return=0.469
global_step=344044, episodic_return=0.0
SPS: 2896
global_step=344088, episodic_return=0.0
global_step=344312, episodic_return=0.0
global_step=344356, episodic_return=0.0
global_step=344448, episodic_return=0.0
global_step=344492, episodic_return=0.0
SPS: 2896
global_step=344668, episodic_return=0.514
global_step=344716, episodic_return=0.0
global_step=344760, episodic_return=0.0
global_step=344820, episodic_return=0.874
global_step=344896, episodic_return=0.0
global_step=345012, episodic_return=0.577
global_step=345072, episodic_return=0.0
SPS: 2896
global_step=345120, episodic_return=0.0
global_step=345300, episodic_return=0.0
global_step=345416, episodic_return=0.0
global_step=345476, episodic_return=0.0
global_step=345524, episodic_return=0.0
SPS: 2896
global_step=345704, episodic_return=0.0
global_step=345740, episodic_return=0.5229999999999999
global_step=345820, episodic_return=0.0
global_step=345880, episodic_return=0.0
global_step=346056, episodic_return=0.613
global_step=346108, episodic_return=0.0
SPS: 2896
global_step=346124, episodic_return=0.32499999999999996
global_step=346144, episodic_return=0.0
global_step=346192, episodic_return=0.856
global_step=346440, episodic_return=0.262
global_step=346460, episodic_return=0.0
global_step=346548, episodic_return=0.0
global_step=346596, episodic_return=0.0
SPS: 2896
global_step=346844, episodic_return=0.0
global_step=346864, episodic_return=0.0
global_step=346952, episodic_return=0.0
global_step=347000, episodic_return=0.0
SPS: 2896
global_step=347248, episodic_return=0.0
global_step=347268, episodic_return=0.0
global_step=347268, episodic_return=0.964
global_step=347356, episodic_return=0.0
global_step=347404, episodic_return=0.0
global_step=347436, episodic_return=0.829
global_step=347468, episodic_return=0.865
global_step=347544, episodic_return=0.3879999999999999
SPS: 2896
global_step=347672, episodic_return=0.0
global_step=347840, episodic_return=0.0
global_step=347872, episodic_return=0.0
global_step=347948, episodic_return=0.0
global_step=348076, episodic_return=0.0
global_step=348096, episodic_return=0.5049999999999999
global_step=348156, episodic_return=0.29799999999999993
SPS: 2896
global_step=348340, episodic_return=0.595
global_step=348352, episodic_return=0.0
global_step=348480, episodic_return=0.0
global_step=348500, episodic_return=0.0
SPS: 2896
global_step=348744, episodic_return=0.0
global_step=348756, episodic_return=0.0
global_step=348884, episodic_return=0.0
global_step=348904, episodic_return=0.0
global_step=349012, episodic_return=0.721
global_step=349148, episodic_return=0.0
global_step=349160, episodic_return=0.0
SPS: 2896
global_step=349272, episodic_return=0.757
global_step=349308, episodic_return=0.0
global_step=349416, episodic_return=0.0
global_step=349440, episodic_return=0.631
global_step=349552, episodic_return=0.0
SPS: 2896
global_step=349712, episodic_return=0.0
global_step=349820, episodic_return=0.0
global_step=349844, episodic_return=0.0
global_step=349956, episodic_return=0.0
global_step=349972, episodic_return=0.667
global_step=350008, episodic_return=0.6399999999999999
global_step=350116, episodic_return=0.0
SPS: 2896
global_step=350360, episodic_return=0.0
global_step=350376, episodic_return=0.0
global_step=350412, episodic_return=0.0
global_step=350424, episodic_return=0.865
global_step=350460, episodic_return=0.901
global_step=350520, episodic_return=0.0
global_step=350544, episodic_return=0.955
global_step=350656, episodic_return=0.757
SPS: 2896
global_step=350732, episodic_return=0.838
global_step=350780, episodic_return=0.0
global_step=350828, episodic_return=0.0
global_step=350864, episodic_return=0.0
global_step=351036, episodic_return=0.5409999999999999
global_step=351100, episodic_return=0.865
global_step=351136, episodic_return=0.0
global_step=351184, episodic_return=0.0
SPS: 2896
global_step=351268, episodic_return=0.0
global_step=351296, episodic_return=0.946
global_step=351504, episodic_return=0.0
global_step=351540, episodic_return=0.0
global_step=351588, episodic_return=0.0
global_step=351700, episodic_return=0.0
SPS: 2897
global_step=351904, episodic_return=0.55
global_step=351908, episodic_return=0.0
global_step=351944, episodic_return=0.0
global_step=351992, episodic_return=0.0
global_step=352004, episodic_return=0.982
SPS: 2897
global_step=352308, episodic_return=0.0
global_step=352312, episodic_return=0.0
global_step=352348, episodic_return=0.0
global_step=352408, episodic_return=0.0
global_step=352552, episodic_return=0.469
global_step=352624, episodic_return=0.5229999999999999
global_step=352712, episodic_return=0.0
global_step=352752, episodic_return=0.0
SPS: 2897
global_step=352824, episodic_return=0.847
global_step=352912, episodic_return=0.361
global_step=352956, episodic_return=0.0
global_step=353076, episodic_return=0.18999999999999995
global_step=353112, episodic_return=0.9279999999999999
global_step=353188, episodic_return=0.18999999999999995
SPS: 2897
global_step=353292, episodic_return=0.15400000000000003
global_step=353360, episodic_return=0.0
global_step=353428, episodic_return=0.703
global_step=353516, episodic_return=0.0
global_step=353592, episodic_return=0.0
global_step=353720, episodic_return=0.55
global_step=353764, episodic_return=0.0
SPS: 2897
global_step=353832, episodic_return=0.0
global_step=353928, episodic_return=0.7929999999999999
global_step=353996, episodic_return=0.0
global_step=354084, episodic_return=0.8109999999999999
global_step=354124, episodic_return=0.0
global_step=354144, episodic_return=0.964
global_step=354168, episodic_return=0.0
global_step=354292, episodic_return=0.18999999999999995
SPS: 2897
global_step=354488, episodic_return=0.0
global_step=354524, episodic_return=0.15400000000000003
global_step=354572, episodic_return=0.379
global_step=354572, episodic_return=0.0
SPS: 2897
global_step=354892, episodic_return=0.0
global_step=354928, episodic_return=0.0
global_step=354976, episodic_return=0.0
global_step=354976, episodic_return=0.0
global_step=355028, episodic_return=0.784
global_step=355296, episodic_return=0.0
SPS: 2897
global_step=355380, episodic_return=0.0
global_step=355380, episodic_return=0.0
global_step=355432, episodic_return=0.0
global_step=355700, episodic_return=0.0
global_step=355784, episodic_return=0.0
global_step=355784, episodic_return=0.0
global_step=355836, episodic_return=0.0
SPS: 2897
global_step=355904, episodic_return=0.856
global_step=356104, episodic_return=0.0
global_step=356184, episodic_return=0.379
global_step=356188, episodic_return=0.0
global_step=356188, episodic_return=0.0
global_step=356212, episodic_return=0.955
global_step=356268, episodic_return=0.82
SPS: 2897
global_step=356432, episodic_return=0.45999999999999996
global_step=356508, episodic_return=0.0
global_step=356596, episodic_return=0.8109999999999999
global_step=356616, episodic_return=0.0
global_step=356672, episodic_return=0.0
global_step=356784, episodic_return=0.631
global_step=356816, episodic_return=0.514
global_step=356836, episodic_return=0.0
global_step=356836, episodic_return=0.6399999999999999
SPS: 2897
global_step=357188, episodic_return=0.0
global_step=357220, episodic_return=0.0
global_step=357240, episodic_return=0.0
global_step=357240, episodic_return=0.0
global_step=357296, episodic_return=0.883
global_step=357308, episodic_return=0.8109999999999999
SPS: 2897
global_step=357592, episodic_return=0.0
global_step=357616, episodic_return=0.955
global_step=357644, episodic_return=0.0
global_step=357652, episodic_return=0.235
global_step=357684, episodic_return=0.856
global_step=357700, episodic_return=0.0
global_step=357772, episodic_return=0.8109999999999999
global_step=357820, episodic_return=0.631
SPS: 2897
global_step=357956, episodic_return=0.595
global_step=358048, episodic_return=0.0
global_step=358104, episodic_return=0.0
global_step=358224, episodic_return=0.0
global_step=358360, episodic_return=0.0
SPS: 2897
global_step=358452, episodic_return=0.0
global_step=358508, episodic_return=0.0
global_step=358628, episodic_return=0.0
global_step=358764, episodic_return=0.0
global_step=358856, episodic_return=0.0
global_step=358912, episodic_return=0.0
SPS: 2897
global_step=358972, episodic_return=0.235
global_step=359016, episodic_return=0.775
global_step=359084, episodic_return=0.2889999999999999
global_step=359164, episodic_return=0.6759999999999999
global_step=359260, episodic_return=0.0
global_step=359376, episodic_return=0.0
SPS: 2897
global_step=359488, episodic_return=0.0
global_step=359544, episodic_return=0.883
global_step=359568, episodic_return=0.0
global_step=359664, episodic_return=0.0
global_step=359780, episodic_return=0.0
global_step=359796, episodic_return=0.44199999999999995
SPS: 2897
global_step=359972, episodic_return=0.0
global_step=360068, episodic_return=0.0
global_step=360184, episodic_return=0.0
global_step=360200, episodic_return=0.0
global_step=360268, episodic_return=0.82
global_step=360376, episodic_return=0.0
SPS: 2897
global_step=360472, episodic_return=0.0
global_step=360604, episodic_return=0.0
global_step=360672, episodic_return=0.0
global_step=360780, episodic_return=0.0
global_step=360876, episodic_return=0.0
SPS: 2897
global_step=361008, episodic_return=0.0
global_step=361076, episodic_return=0.0
global_step=361184, episodic_return=0.0
global_step=361280, episodic_return=0.0
global_step=361412, episodic_return=0.0
SPS: 2897
global_step=361480, episodic_return=0.0
global_step=361588, episodic_return=0.0
global_step=361684, episodic_return=0.0
global_step=361816, episodic_return=0.0
global_step=361884, episodic_return=0.0
SPS: 2897
global_step=361988, episodic_return=0.32499999999999996
global_step=361992, episodic_return=0.0
global_step=362140, episodic_return=0.667
global_step=362220, episodic_return=0.0
global_step=362288, episodic_return=0.0
global_step=362396, episodic_return=0.0
global_step=362412, episodic_return=0.3969999999999999
SPS: 2897
global_step=362624, episodic_return=0.0
global_step=362652, episodic_return=0.946
global_step=362692, episodic_return=0.0
global_step=362800, episodic_return=0.0
global_step=362816, episodic_return=0.0
SPS: 2897
global_step=363056, episodic_return=0.0
global_step=363096, episodic_return=0.0
global_step=363204, episodic_return=0.0
global_step=363220, episodic_return=0.0
global_step=363432, episodic_return=0.532
global_step=363460, episodic_return=0.09999999999999998
global_step=363500, episodic_return=0.0
SPS: 2897
global_step=363524, episodic_return=0.2889999999999999
global_step=363836, episodic_return=0.0
global_step=363864, episodic_return=0.0
global_step=363880, episodic_return=0.20799999999999996
global_step=363904, episodic_return=0.0
SPS: 2897
global_step=364240, episodic_return=0.0
global_step=364268, episodic_return=0.0
global_step=364284, episodic_return=0.0
global_step=364308, episodic_return=0.0
global_step=364380, episodic_return=0.757
SPS: 2897
global_step=364644, episodic_return=0.0
global_step=364688, episodic_return=0.0
global_step=364712, episodic_return=0.0
global_step=364768, episodic_return=0.883
global_step=364784, episodic_return=0.0
global_step=364816, episodic_return=0.9369999999999999
global_step=365048, episodic_return=0.0
SPS: 2897
global_step=365092, episodic_return=0.0
global_step=365172, episodic_return=0.0
global_step=365220, episodic_return=0.0
global_step=365452, episodic_return=0.0
global_step=365496, episodic_return=0.0
SPS: 2897
global_step=365576, episodic_return=0.0
global_step=365624, episodic_return=0.0
global_step=365652, episodic_return=0.946
global_step=365856, episodic_return=0.0
global_step=365900, episodic_return=0.0
global_step=365968, episodic_return=0.856
global_step=365980, episodic_return=0.0
global_step=366056, episodic_return=0.0
SPS: 2897
global_step=366260, episodic_return=0.0
global_step=366340, episodic_return=0.829
global_step=366348, episodic_return=0.18099999999999994
global_step=366372, episodic_return=0.0
global_step=366460, episodic_return=0.0
SPS: 2897
global_step=366744, episodic_return=0.0
global_step=366752, episodic_return=0.0
global_step=366776, episodic_return=0.0
global_step=366864, episodic_return=0.0
global_step=367008, episodic_return=0.4149999999999999
SPS: 2897
global_step=367156, episodic_return=0.0
global_step=367180, episodic_return=0.0
global_step=367268, episodic_return=0.0
global_step=367412, episodic_return=0.0
global_step=367436, episodic_return=0.43299999999999994
global_step=367560, episodic_return=0.0
SPS: 2897
global_step=367672, episodic_return=0.0
global_step=367816, episodic_return=0.0
global_step=367840, episodic_return=0.0
global_step=367964, episodic_return=0.0
global_step=368076, episodic_return=0.0
SPS: 2897
global_step=368220, episodic_return=0.0
global_step=368244, episodic_return=0.0
global_step=368368, episodic_return=0.0
global_step=368480, episodic_return=0.0
global_step=368624, episodic_return=0.43299999999999994
global_step=368624, episodic_return=0.0
SPS: 2897
global_step=368648, episodic_return=0.0
global_step=368696, episodic_return=0.847
global_step=368884, episodic_return=0.0
global_step=369028, episodic_return=0.0
global_step=369052, episodic_return=0.0
global_step=369100, episodic_return=0.0
global_step=369144, episodic_return=0.802
SPS: 2897
global_step=369288, episodic_return=0.0
global_step=369296, episodic_return=0.991
global_step=369432, episodic_return=0.0
global_step=369504, episodic_return=0.0
global_step=369548, episodic_return=0.0
SPS: 2897
global_step=369700, episodic_return=0.0
global_step=369836, episodic_return=0.0
global_step=369888, episodic_return=0.892
global_step=369908, episodic_return=0.0
global_step=369952, episodic_return=0.0
global_step=370104, episodic_return=0.0
SPS: 2897
global_step=370292, episodic_return=0.0
global_step=370312, episodic_return=0.0
global_step=370356, episodic_return=0.0
global_step=370408, episodic_return=0.892
global_step=370508, episodic_return=0.0
SPS: 2897
global_step=370696, episodic_return=0.0
global_step=370716, episodic_return=0.0
global_step=370756, episodic_return=0.22599999999999998
global_step=370912, episodic_return=0.0
global_step=370948, episodic_return=0.9279999999999999
global_step=371060, episodic_return=0.757
global_step=371100, episodic_return=0.0
global_step=371120, episodic_return=0.0
global_step=371160, episodic_return=0.0
SPS: 2897
global_step=371228, episodic_return=0.721
global_step=371464, episodic_return=0.0
global_step=371524, episodic_return=0.0
global_step=371564, episodic_return=0.0
global_step=371604, episodic_return=0.694
global_step=371632, episodic_return=0.0
SPS: 2897
global_step=371928, episodic_return=0.0
global_step=371968, episodic_return=0.0
global_step=372008, episodic_return=0.0
global_step=372036, episodic_return=0.0
SPS: 2897
global_step=372332, episodic_return=0.0
global_step=372372, episodic_return=0.0
global_step=372412, episodic_return=0.0
global_step=372440, episodic_return=0.0
global_step=372648, episodic_return=0.478
global_step=372736, episodic_return=0.0
SPS: 2897
global_step=372776, episodic_return=0.0
global_step=372844, episodic_return=0.0
global_step=372860, episodic_return=0.82
global_step=372908, episodic_return=0.865
global_step=372932, episodic_return=0.5680000000000001
global_step=372956, episodic_return=0.7929999999999999
global_step=373052, episodic_return=0.0
SPS: 2897
global_step=373312, episodic_return=0.0
global_step=373336, episodic_return=0.0
global_step=373360, episodic_return=0.0
global_step=373380, episodic_return=0.964
global_step=373456, episodic_return=0.0
global_step=373716, episodic_return=0.0
global_step=373740, episodic_return=0.0
SPS: 2897
global_step=373784, episodic_return=0.0
global_step=373860, episodic_return=0.0
global_step=374120, episodic_return=0.0
global_step=374144, episodic_return=0.0
global_step=374188, episodic_return=0.0
global_step=374264, episodic_return=0.0
SPS: 2897
global_step=374524, episodic_return=0.0
global_step=374548, episodic_return=0.0
global_step=374592, episodic_return=0.0
global_step=374668, episodic_return=0.0
SPS: 2897
global_step=374856, episodic_return=0.262
global_step=374952, episodic_return=0.0
global_step=374996, episodic_return=0.0
global_step=375000, episodic_return=0.685
global_step=375012, episodic_return=0.874
global_step=375016, episodic_return=0.22599999999999998
global_step=375108, episodic_return=0.802
global_step=375156, episodic_return=0.685
SPS: 2897
global_step=375400, episodic_return=0.0
global_step=375404, episodic_return=0.0
global_step=375512, episodic_return=0.0
global_step=375560, episodic_return=0.0
global_step=375568, episodic_return=0.6399999999999999
global_step=375604, episodic_return=0.9279999999999999
global_step=375804, episodic_return=0.0
SPS: 2897
global_step=375848, episodic_return=0.91
global_step=375916, episodic_return=0.0
global_step=375940, episodic_return=0.253
global_step=375964, episodic_return=0.0
global_step=376244, episodic_return=0.32499999999999996
global_step=376252, episodic_return=0.0
global_step=376320, episodic_return=0.0
SPS: 2897
global_step=376368, episodic_return=0.0
global_step=376440, episodic_return=0.739
global_step=376648, episodic_return=0.0
global_step=376656, episodic_return=0.0
global_step=376772, episodic_return=0.0
global_step=376784, episodic_return=0.703
SPS: 2897
global_step=376844, episodic_return=0.0
global_step=377060, episodic_return=0.0
global_step=377176, episodic_return=0.0
global_step=377188, episodic_return=0.0
global_step=377248, episodic_return=0.0
SPS: 2897
global_step=377464, episodic_return=0.0
global_step=377580, episodic_return=0.0
global_step=377592, episodic_return=0.0
global_step=377652, episodic_return=0.0
global_step=377716, episodic_return=0.703
SPS: 2897
global_step=377868, episodic_return=0.0
global_step=377996, episodic_return=0.0
global_step=378056, episodic_return=0.0
global_step=378120, episodic_return=0.0
global_step=378272, episodic_return=0.0
SPS: 2897
global_step=378400, episodic_return=0.0
global_step=378460, episodic_return=0.0
global_step=378524, episodic_return=0.0
global_step=378676, episodic_return=0.0
global_step=378684, episodic_return=0.37
global_step=378864, episodic_return=0.0
global_step=378880, episodic_return=0.973
SPS: 2897
global_step=378928, episodic_return=0.0
global_step=378932, episodic_return=0.892
global_step=378996, episodic_return=0.865
global_step=379080, episodic_return=0.0
global_step=379088, episodic_return=0.0
global_step=379120, episodic_return=0.9369999999999999
global_step=379332, episodic_return=0.0
SPS: 2897
global_step=379400, episodic_return=0.0
global_step=379484, episodic_return=0.0
global_step=379524, episodic_return=0.0
global_step=379692, episodic_return=0.352
global_step=379736, episodic_return=0.0
global_step=379888, episodic_return=0.0
SPS: 2897
global_step=379928, episodic_return=0.0
global_step=380096, episodic_return=0.0
global_step=380140, episodic_return=0.0
global_step=380292, episodic_return=0.0
global_step=380332, episodic_return=0.0
SPS: 2897
global_step=380500, episodic_return=0.0
global_step=380544, episodic_return=0.0
global_step=380552, episodic_return=0.42399999999999993
global_step=380656, episodic_return=0.2799999999999999
global_step=380904, episodic_return=0.0
SPS: 2897
global_step=380932, episodic_return=0.15400000000000003
global_step=380948, episodic_return=0.0
global_step=381060, episodic_return=0.0
global_step=381308, episodic_return=0.0
global_step=381336, episodic_return=0.0
global_step=381352, episodic_return=0.0
global_step=381440, episodic_return=0.8109999999999999
SPS: 2897
global_step=381464, episodic_return=0.0
global_step=381712, episodic_return=0.0
global_step=381740, episodic_return=0.0
global_step=381844, episodic_return=0.0
global_step=381868, episodic_return=0.0
global_step=381948, episodic_return=0.829
SPS: 2897
global_step=382116, episodic_return=0.0
global_step=382144, episodic_return=0.0
global_step=382248, episodic_return=0.0
global_step=382352, episodic_return=0.0
SPS: 2897
global_step=382520, episodic_return=0.0
global_step=382548, episodic_return=0.0
global_step=382644, episodic_return=0.73
global_step=382652, episodic_return=0.0
global_step=382756, episodic_return=0.0
global_step=382952, episodic_return=0.0
SPS: 2897
global_step=383048, episodic_return=0.0
global_step=383056, episodic_return=0.0
global_step=383108, episodic_return=0.874
global_step=383160, episodic_return=0.0
global_step=383356, episodic_return=0.0
global_step=383460, episodic_return=0.0
SPS: 2897
global_step=383512, episodic_return=0.0
global_step=383564, episodic_return=0.0
global_step=383612, episodic_return=0.784
global_step=383760, episodic_return=0.0
global_step=383864, episodic_return=0.0
global_step=383968, episodic_return=0.0
SPS: 2897
global_step=384016, episodic_return=0.0
global_step=384032, episodic_return=0.3969999999999999
global_step=384268, episodic_return=0.0
global_step=384288, episodic_return=0.43299999999999994
global_step=384372, episodic_return=0.0
global_step=384420, episodic_return=0.0
SPS: 2897
global_step=384664, episodic_return=0.118
global_step=384672, episodic_return=0.44199999999999995
global_step=384692, episodic_return=0.0
global_step=384776, episodic_return=0.0
global_step=384916, episodic_return=0.44199999999999995
SPS: 2897
global_step=385076, episodic_return=0.0
global_step=385096, episodic_return=0.0
global_step=385180, episodic_return=0.0
global_step=385320, episodic_return=0.0
global_step=385336, episodic_return=0.469
global_step=385480, episodic_return=0.0
SPS: 2897
global_step=385584, episodic_return=0.0
global_step=385604, episodic_return=0.964
global_step=385724, episodic_return=0.0
global_step=385740, episodic_return=0.0
global_step=385884, episodic_return=0.0
global_step=386008, episodic_return=0.0
SPS: 2897
global_step=386128, episodic_return=0.0
global_step=386144, episodic_return=0.0
global_step=386288, episodic_return=0.0
global_step=386412, episodic_return=0.0
global_step=386532, episodic_return=0.0
global_step=386548, episodic_return=0.0
SPS: 2897
global_step=386692, episodic_return=0.0
global_step=386752, episodic_return=0.55
global_step=386796, episodic_return=0.91
global_step=386816, episodic_return=0.0
global_step=386896, episodic_return=0.55
global_step=386936, episodic_return=0.09999999999999998
SPS: 2897
global_step=387200, episodic_return=0.0
global_step=387220, episodic_return=0.0
global_step=387300, episodic_return=0.0
global_step=387332, episodic_return=0.757
global_step=387340, episodic_return=0.0
global_step=387372, episodic_return=0.847
global_step=387540, episodic_return=0.5409999999999999
SPS: 2897
global_step=387604, episodic_return=0.0
global_step=387744, episodic_return=0.0
global_step=387776, episodic_return=0.0
global_step=387928, episodic_return=0.136
global_step=388008, episodic_return=0.0
SPS: 2897
global_step=388148, episodic_return=0.0
global_step=388148, episodic_return=0.694
global_step=388180, episodic_return=0.0
global_step=388204, episodic_return=0.883
global_step=388256, episodic_return=0.892
global_step=388308, episodic_return=0.721
global_step=388332, episodic_return=0.0
global_step=388552, episodic_return=0.0
SPS: 2897
global_step=388660, episodic_return=0.0
global_step=388708, episodic_return=0.16299999999999992
global_step=388712, episodic_return=0.0
global_step=388764, episodic_return=0.892
global_step=388956, episodic_return=0.0
global_step=389044, episodic_return=0.253
global_step=389064, episodic_return=0.0
SPS: 2897
global_step=389168, episodic_return=0.0
global_step=389360, episodic_return=0.0
global_step=389448, episodic_return=0.0
global_step=389468, episodic_return=0.0
global_step=389572, episodic_return=0.0
SPS: 2897
global_step=389764, episodic_return=0.0
global_step=389852, episodic_return=0.0
global_step=389872, episodic_return=0.0
global_step=389960, episodic_return=0.8109999999999999
global_step=389976, episodic_return=0.0
global_step=390000, episodic_return=0.6759999999999999
global_step=390052, episodic_return=0.802
global_step=390136, episodic_return=0.82
SPS: 2897
global_step=390168, episodic_return=0.0
global_step=390228, episodic_return=0.874
global_step=390380, episodic_return=0.0
global_step=390404, episodic_return=0.0
global_step=390540, episodic_return=0.0
global_step=390632, episodic_return=0.0
SPS: 2897
global_step=390756, episodic_return=0.16299999999999992
global_step=390808, episodic_return=0.0
global_step=390912, episodic_return=0.379
global_step=390944, episodic_return=0.703
global_step=390944, episodic_return=0.0
global_step=390996, episodic_return=0.892
global_step=391160, episodic_return=0.0
SPS: 2897
global_step=391228, episodic_return=0.856
global_step=391316, episodic_return=0.0
global_step=391348, episodic_return=0.0
global_step=391400, episodic_return=0.0
global_step=391536, episodic_return=0.586
global_step=391632, episodic_return=0.0
global_step=391672, episodic_return=0.919
SPS: 2897
global_step=391720, episodic_return=0.0
global_step=391740, episodic_return=0.964
global_step=391804, episodic_return=0.0
global_step=391940, episodic_return=0.0
global_step=392076, episodic_return=0.0
global_step=392144, episodic_return=0.0
SPS: 2897
global_step=392208, episodic_return=0.0
global_step=392344, episodic_return=0.0
global_step=392360, episodic_return=0.37
global_step=392404, episodic_return=0.874
global_step=392428, episodic_return=0.514
global_step=392488, episodic_return=0.235
global_step=392508, episodic_return=0.829
global_step=392596, episodic_return=0.766
SPS: 2897
global_step=392764, episodic_return=0.0
global_step=392808, episodic_return=0.0
global_step=392880, episodic_return=0.748
global_step=392912, episodic_return=0.0
global_step=392960, episodic_return=0.829
global_step=392960, episodic_return=0.901
global_step=393000, episodic_return=0.0
global_step=393212, episodic_return=0.0
SPS: 2897
global_step=393228, episodic_return=0.4059999999999999
global_step=393252, episodic_return=0.919
global_step=393300, episodic_return=0.33399999999999996
global_step=393328, episodic_return=0.784
global_step=393364, episodic_return=0.0
global_step=393432, episodic_return=0.856
global_step=393656, episodic_return=0.0
global_step=393704, episodic_return=0.0
SPS: 2897
global_step=393732, episodic_return=0.0
global_step=393796, episodic_return=0.18999999999999995
global_step=393828, episodic_return=0.73
global_step=394000, episodic_return=0.55
global_step=394060, episodic_return=0.0
global_step=394136, episodic_return=0.0
global_step=394220, episodic_return=0.649
global_step=394232, episodic_return=0.0
SPS: 2897
global_step=394284, episodic_return=0.37
global_step=394388, episodic_return=0.775
global_step=394504, episodic_return=0.748
global_step=394540, episodic_return=0.0
global_step=394620, episodic_return=0.829
global_step=394624, episodic_return=0.0
global_step=394636, episodic_return=0.0
global_step=394716, episodic_return=0.7929999999999999
SPS: 2897
global_step=394768, episodic_return=0.892
global_step=394904, episodic_return=0.4059999999999999
global_step=394908, episodic_return=0.0
global_step=395004, episodic_return=0.784
global_step=395004, episodic_return=0.478
global_step=395028, episodic_return=0.0
SPS: 2897
global_step=395268, episodic_return=0.4149999999999999
global_step=395312, episodic_return=0.0
global_step=395408, episodic_return=0.0
global_step=395432, episodic_return=0.0
global_step=395524, episodic_return=0.802
global_step=395672, episodic_return=0.0
global_step=395688, episodic_return=0.973
global_step=395716, episodic_return=0.0
SPS: 2897
global_step=395812, episodic_return=0.0
global_step=395928, episodic_return=0.0
global_step=395944, episodic_return=0.973
global_step=396076, episodic_return=0.4149999999999999
global_step=396092, episodic_return=0.0
global_step=396120, episodic_return=0.0
SPS: 2897
global_step=396348, episodic_return=0.0
global_step=396460, episodic_return=0.18099999999999994
global_step=396480, episodic_return=0.0
global_step=396524, episodic_return=0.0
global_step=396552, episodic_return=0.847
global_step=396652, episodic_return=0.784
global_step=396752, episodic_return=0.0
SPS: 2897
global_step=396864, episodic_return=0.0
global_step=396928, episodic_return=0.0
global_step=396980, episodic_return=0.2709999999999999
global_step=397156, episodic_return=0.0
global_step=397268, episodic_return=0.0
SPS: 2897
global_step=397332, episodic_return=0.0
global_step=397384, episodic_return=0.0
global_step=397532, episodic_return=0.16299999999999992
global_step=397552, episodic_return=0.631
global_step=397672, episodic_return=0.0
global_step=397736, episodic_return=0.0
SPS: 2897
global_step=397936, episodic_return=0.0
global_step=397956, episodic_return=0.0
global_step=398012, episodic_return=0.3879999999999999
global_step=398044, episodic_return=0.9369999999999999
global_step=398076, episodic_return=0.0
SPS: 2897
global_step=398340, episodic_return=0.0
global_step=398360, episodic_return=0.0
global_step=398448, episodic_return=0.0
global_step=398480, episodic_return=0.0
global_step=398744, episodic_return=0.0
global_step=398764, episodic_return=0.0
global_step=398776, episodic_return=0.2709999999999999
SPS: 2897
global_step=398884, episodic_return=0.0
global_step=399016, episodic_return=0.712
global_step=399148, episodic_return=0.0
global_step=399168, episodic_return=0.0
global_step=399180, episodic_return=0.0
SPS: 2897
global_step=399420, episodic_return=0.0
global_step=399448, episodic_return=0.946
global_step=399500, episodic_return=0.892
global_step=399552, episodic_return=0.0
global_step=399564, episodic_return=0.982
global_step=399572, episodic_return=0.0
global_step=399584, episodic_return=0.0
global_step=399652, episodic_return=0.856
SPS: 2897
global_step=399904, episodic_return=0.0
global_step=399968, episodic_return=0.0
global_step=399976, episodic_return=0.0
global_step=400036, episodic_return=0.856
global_step=400056, episodic_return=0.0
global_step=400308, episodic_return=0.0
global_step=400380, episodic_return=0.0
SPS: 2897
global_step=400440, episodic_return=0.0
global_step=400460, episodic_return=0.0
global_step=400584, episodic_return=0.55
global_step=400640, episodic_return=0.604
global_step=400644, episodic_return=0.874
global_step=400712, episodic_return=0.0
global_step=400776, episodic_return=0.712
global_step=400844, episodic_return=0.0
SPS: 2897
global_step=400940, episodic_return=0.7929999999999999
global_step=401044, episodic_return=0.0
global_step=401116, episodic_return=0.0
global_step=401152, episodic_return=0.16299999999999992
global_step=401248, episodic_return=0.712
global_step=401344, episodic_return=0.0
global_step=401372, episodic_return=0.2709999999999999
SPS: 2897
global_step=401520, episodic_return=0.3969999999999999
global_step=401556, episodic_return=0.0
global_step=401616, episodic_return=0.7929999999999999
global_step=401748, episodic_return=0.0
global_step=401776, episodic_return=0.0
global_step=401856, episodic_return=0.33399999999999996
SPS: 2897
global_step=402004, episodic_return=0.136
global_step=402152, episodic_return=0.0
global_step=402180, episodic_return=0.0
global_step=402188, episodic_return=0.9279999999999999
global_step=402260, episodic_return=0.0
global_step=402272, episodic_return=0.802
global_step=402400, episodic_return=0.694
global_step=402408, episodic_return=0.0
global_step=402424, episodic_return=0.478
SPS: 2897
global_step=402676, episodic_return=0.0
global_step=402804, episodic_return=0.0
global_step=402812, episodic_return=0.0
global_step=402828, episodic_return=0.0
SPS: 2897
global_step=403024, episodic_return=0.514
global_step=403080, episodic_return=0.0
global_step=403104, episodic_return=0.829
global_step=403216, episodic_return=0.0
global_step=403232, episodic_return=0.0
SPS: 2897
global_step=403484, episodic_return=0.0
global_step=403508, episodic_return=0.0
global_step=403620, episodic_return=0.0
global_step=403636, episodic_return=0.0
global_step=403692, episodic_return=0.5409999999999999
global_step=403912, episodic_return=0.0
global_step=403960, episodic_return=0.901
SPS: 2897
global_step=404000, episodic_return=0.919
global_step=404024, episodic_return=0.0
global_step=404040, episodic_return=0.0
global_step=404096, episodic_return=0.0
global_step=404284, episodic_return=0.45999999999999996
global_step=404368, episodic_return=0.3969999999999999
global_step=404404, episodic_return=0.0
global_step=404428, episodic_return=0.0
SPS: 2897
global_step=404680, episodic_return=0.44199999999999995
global_step=404688, episodic_return=0.0
global_step=404772, episodic_return=0.0
global_step=404808, episodic_return=0.0
global_step=404832, episodic_return=0.874
global_step=404896, episodic_return=0.5409999999999999
SPS: 2897
global_step=405084, episodic_return=0.0
global_step=405212, episodic_return=0.0
global_step=405236, episodic_return=0.0
global_step=405252, episodic_return=0.919
global_step=405296, episodic_return=0.874
global_step=405300, episodic_return=0.0
global_step=405360, episodic_return=0.874
global_step=405488, episodic_return=0.0
SPS: 2897
global_step=405656, episodic_return=0.0
global_step=405700, episodic_return=0.0
global_step=405764, episodic_return=0.0
global_step=405892, episodic_return=0.09999999999999998
SPS: 2897
global_step=406060, episodic_return=0.0
global_step=406104, episodic_return=0.0
global_step=406168, episodic_return=0.0
global_step=406296, episodic_return=0.0
global_step=406304, episodic_return=0.5589999999999999
global_step=406416, episodic_return=0.20799999999999996
SPS: 2897
global_step=406572, episodic_return=0.0
global_step=406700, episodic_return=0.0
global_step=406708, episodic_return=0.0
global_step=406820, episodic_return=0.0
global_step=406976, episodic_return=0.0
SPS: 2897
global_step=407048, episodic_return=0.4959999999999999
global_step=407104, episodic_return=0.0
global_step=407112, episodic_return=0.0
global_step=407292, episodic_return=0.586
global_step=407300, episodic_return=0.2799999999999999
global_step=407452, episodic_return=0.0
global_step=407516, episodic_return=0.0
SPS: 2897
global_step=407696, episodic_return=0.0
global_step=407704, episodic_return=0.0
global_step=407856, episodic_return=0.0
global_step=407920, episodic_return=0.0
global_step=407924, episodic_return=0.856
SPS: 2897
global_step=408100, episodic_return=0.0
global_step=408108, episodic_return=0.0
global_step=408252, episodic_return=0.667
global_step=408324, episodic_return=0.0
global_step=408328, episodic_return=0.0
global_step=408512, episodic_return=0.0
SPS: 2897
global_step=408596, episodic_return=0.82
global_step=408656, episodic_return=0.0
global_step=408728, episodic_return=0.0
global_step=408732, episodic_return=0.0
global_step=408996, episodic_return=0.244
global_step=409000, episodic_return=0.0
SPS: 2897
global_step=409132, episodic_return=0.0
global_step=409136, episodic_return=0.0
global_step=409400, episodic_return=0.0
global_step=409404, episodic_return=0.0
global_step=409536, episodic_return=0.0
global_step=409540, episodic_return=0.0
SPS: 2897
global_step=409800, episodic_return=0.42399999999999993
global_step=409804, episodic_return=0.0
global_step=409808, episodic_return=0.0
global_step=409828, episodic_return=0.352
global_step=409968, episodic_return=0.694
SPS: 2897
global_step=410204, episodic_return=0.0
global_step=410208, episodic_return=0.0
global_step=410212, episodic_return=0.0
global_step=410296, episodic_return=0.8109999999999999
global_step=410372, episodic_return=0.0
global_step=410608, episodic_return=0.0
global_step=410616, episodic_return=0.0
SPS: 2897
global_step=410656, episodic_return=0.19899999999999995
global_step=410776, episodic_return=0.0
global_step=411012, episodic_return=0.0
global_step=411020, episodic_return=0.0
global_step=411060, episodic_return=0.0
global_step=411080, episodic_return=0.32499999999999996
SPS: 2897
global_step=411168, episodic_return=0.8109999999999999
global_step=411184, episodic_return=0.973
global_step=411320, episodic_return=0.703
global_step=411416, episodic_return=0.0
global_step=411424, episodic_return=0.0
global_step=411428, episodic_return=0.18099999999999994
SPS: 2897
global_step=411724, episodic_return=0.0
global_step=411820, episodic_return=0.0
global_step=411828, episodic_return=0.0
global_step=411832, episodic_return=0.0
global_step=411848, episodic_return=0.964
global_step=412128, episodic_return=0.0
SPS: 2897
global_step=412224, episodic_return=0.0
global_step=412236, episodic_return=0.0
global_step=412252, episodic_return=0.0
global_step=412356, episodic_return=0.4959999999999999
global_step=412628, episodic_return=0.0
global_step=412640, episodic_return=0.0
global_step=412656, episodic_return=0.0
SPS: 2897
global_step=412760, episodic_return=0.0
global_step=412828, episodic_return=0.856
global_step=412872, episodic_return=0.487
global_step=413032, episodic_return=0.0
global_step=413060, episodic_return=0.0
global_step=413120, episodic_return=0.8109999999999999
SPS: 2897
global_step=413232, episodic_return=0.0
global_step=413268, episodic_return=0.6759999999999999
global_step=413276, episodic_return=0.0
global_step=413292, episodic_return=0.874
global_step=413368, episodic_return=0.838
global_step=413404, episodic_return=0.703
global_step=413452, episodic_return=0.901
global_step=413464, episodic_return=0.0
global_step=413680, episodic_return=0.0
SPS: 2897
global_step=413772, episodic_return=0.0
global_step=413856, episodic_return=0.0
global_step=413868, episodic_return=0.0
global_step=414084, episodic_return=0.0
global_step=414176, episodic_return=0.0
SPS: 2897
global_step=414260, episodic_return=0.0
global_step=414272, episodic_return=0.0
global_step=414368, episodic_return=0.766
global_step=414488, episodic_return=0.0
global_step=414540, episodic_return=0.18999999999999995
global_step=414676, episodic_return=0.0
global_step=414692, episodic_return=0.667
SPS: 2897
global_step=414772, episodic_return=0.0
global_step=414892, episodic_return=0.0
global_step=415020, episodic_return=0.235
global_step=415096, episodic_return=0.0
global_step=415116, episodic_return=0.964
global_step=415176, episodic_return=0.0
global_step=415212, episodic_return=0.2889999999999999
SPS: 2897
global_step=415256, episodic_return=0.829
global_step=415276, episodic_return=0.865
global_step=415420, episodic_return=0.6399999999999999
global_step=415424, episodic_return=0.0
global_step=415520, episodic_return=0.0
global_step=415680, episodic_return=0.0
global_step=415744, episodic_return=0.2889999999999999
SPS: 2897
global_step=415752, episodic_return=0.991
global_step=415796, episodic_return=0.748
global_step=415824, episodic_return=0.0
global_step=415924, episodic_return=0.0
global_step=416012, episodic_return=0.5229999999999999
global_step=416156, episodic_return=0.0
global_step=416192, episodic_return=0.604
global_step=416228, episodic_return=0.0
SPS: 2897
global_step=416328, episodic_return=0.0
global_step=416560, episodic_return=0.0
global_step=416596, episodic_return=0.0
global_step=416632, episodic_return=0.0
global_step=416732, episodic_return=0.0
global_step=416736, episodic_return=0.613
SPS: 2897
global_step=416900, episodic_return=0.631
global_step=417000, episodic_return=0.0
global_step=417036, episodic_return=0.0
global_step=417068, episodic_return=0.631
global_step=417140, episodic_return=0.0
global_step=417248, episodic_return=0.532
SPS: 2897
global_step=417404, episodic_return=0.0
global_step=417472, episodic_return=0.0
global_step=417544, episodic_return=0.0
global_step=417652, episodic_return=0.0
global_step=417752, episodic_return=0.784
SPS: 2897
global_step=417808, episodic_return=0.0
global_step=417876, episodic_return=0.0
global_step=417948, episodic_return=0.0
global_step=418156, episodic_return=0.0
global_step=418212, episodic_return=0.0
global_step=418280, episodic_return=0.0
SPS: 2897
global_step=418352, episodic_return=0.0
global_step=418452, episodic_return=0.34299999999999997
global_step=418616, episodic_return=0.0
global_step=418684, episodic_return=0.0
global_step=418756, episodic_return=0.0
SPS: 2897
global_step=418856, episodic_return=0.0
global_step=419016, episodic_return=0.10899999999999999
global_step=419088, episodic_return=0.0
global_step=419104, episodic_return=0.973
global_step=419160, episodic_return=0.0
global_step=419260, episodic_return=0.0
SPS: 2897
global_step=419332, episodic_return=0.622
global_step=419420, episodic_return=0.0
global_step=419432, episodic_return=0.982
global_step=419508, episodic_return=0.0
global_step=419624, episodic_return=0.577
global_step=419632, episodic_return=0.73
global_step=419664, episodic_return=0.0
global_step=419736, episodic_return=0.0
SPS: 2897
global_step=420028, episodic_return=0.0
global_step=420036, episodic_return=0.0
global_step=420068, episodic_return=0.0
global_step=420140, episodic_return=0.0
SPS: 2897
global_step=420372, episodic_return=0.32499999999999996
global_step=420432, episodic_return=0.0
global_step=420440, episodic_return=0.0
global_step=420544, episodic_return=0.0
global_step=420720, episodic_return=0.22599999999999998
global_step=420836, episodic_return=0.0
global_step=420844, episodic_return=0.0
SPS: 2897
global_step=420948, episodic_return=0.0
global_step=421124, episodic_return=0.0
global_step=421152, episodic_return=0.29799999999999993
global_step=421248, episodic_return=0.0
global_step=421336, episodic_return=0.595
global_step=421352, episodic_return=0.0
SPS: 2897
global_step=421528, episodic_return=0.0
global_step=421652, episodic_return=0.0
global_step=421668, episodic_return=0.262
global_step=421756, episodic_return=0.0
global_step=421808, episodic_return=0.892
SPS: 2897
global_step=421932, episodic_return=0.0
global_step=422056, episodic_return=0.0
global_step=422072, episodic_return=0.0
global_step=422212, episodic_return=0.0
global_step=422336, episodic_return=0.0
SPS: 2897
global_step=422460, episodic_return=0.0
global_step=422476, episodic_return=0.0
global_step=422616, episodic_return=0.0
global_step=422740, episodic_return=0.0
global_step=422808, episodic_return=0.262
global_step=422832, episodic_return=0.17199999999999993
global_step=422852, episodic_return=0.964
SPS: 2897
global_step=422944, episodic_return=0.802
global_step=422980, episodic_return=0.9279999999999999
global_step=423020, episodic_return=0.919
global_step=423020, episodic_return=0.0
global_step=423144, episodic_return=0.0
global_step=423212, episodic_return=0.0
global_step=423424, episodic_return=0.0
global_step=423424, episodic_return=0.0
SPS: 2897
global_step=423548, episodic_return=0.0
global_step=423616, episodic_return=0.0
global_step=423736, episodic_return=0.30699999999999994
global_step=423792, episodic_return=0.883
global_step=423828, episodic_return=0.0
global_step=423892, episodic_return=0.865
SPS: 2897
global_step=423952, episodic_return=0.0
global_step=424020, episodic_return=0.0
global_step=424196, episodic_return=0.0
global_step=424260, episodic_return=0.31599999999999995
global_step=424296, episodic_return=0.0
global_step=424360, episodic_return=0.865
global_step=424376, episodic_return=0.604
global_step=424424, episodic_return=0.0
SPS: 2897
global_step=424552, episodic_return=0.577
global_step=424664, episodic_return=0.0
global_step=424744, episodic_return=0.829
global_step=424780, episodic_return=0.0
global_step=424828, episodic_return=0.0
global_step=424856, episodic_return=0.32499999999999996
SPS: 2897
global_step=425148, episodic_return=0.0
global_step=425184, episodic_return=0.0
global_step=425232, episodic_return=0.0
global_step=425260, episodic_return=0.0
SPS: 2897
global_step=425552, episodic_return=0.0
global_step=425588, episodic_return=0.0
global_step=425636, episodic_return=0.0
global_step=425664, episodic_return=0.0
global_step=425956, episodic_return=0.0
SPS: 2897
global_step=425992, episodic_return=0.0
global_step=426036, episodic_return=0.10899999999999999
global_step=426068, episodic_return=0.0
global_step=426168, episodic_return=0.613
global_step=426360, episodic_return=0.0
global_step=426440, episodic_return=0.0
global_step=426472, episodic_return=0.0
SPS: 2897
global_step=426572, episodic_return=0.0
global_step=426764, episodic_return=0.0
global_step=426796, episodic_return=0.2799999999999999
global_step=426844, episodic_return=0.0
global_step=426888, episodic_return=0.802
global_step=426976, episodic_return=0.0
SPS: 2897
global_step=427136, episodic_return=0.649
global_step=427168, episodic_return=0.0
global_step=427208, episodic_return=0.919
global_step=427248, episodic_return=0.0
global_step=427292, episodic_return=0.0
SPS: 2897
global_step=427540, episodic_return=0.0
global_step=427612, episodic_return=0.0
global_step=427652, episodic_return=0.0
global_step=427696, episodic_return=0.0
global_step=427944, episodic_return=0.0
global_step=428016, episodic_return=0.0
SPS: 2897
global_step=428056, episodic_return=0.0
global_step=428076, episodic_return=0.874
global_step=428100, episodic_return=0.0
global_step=428192, episodic_return=0.45099999999999996
global_step=428232, episodic_return=0.919
global_step=428460, episodic_return=0.0
global_step=428480, episodic_return=0.0
global_step=428500, episodic_return=0.10899999999999999
SPS: 2897
global_step=428636, episodic_return=0.0
global_step=428864, episodic_return=0.0
global_step=428884, episodic_return=0.0
global_step=428904, episodic_return=0.4059999999999999
global_step=428904, episodic_return=0.0
global_step=429020, episodic_return=0.6579999999999999
SPS: 2897
global_step=429288, episodic_return=0.0
global_step=429308, episodic_return=0.0
global_step=429308, episodic_return=0.0
global_step=429424, episodic_return=0.0
global_step=429448, episodic_return=0.694
global_step=429524, episodic_return=0.784
SPS: 2897
global_step=429684, episodic_return=0.16299999999999992
global_step=429692, episodic_return=0.0
global_step=429852, episodic_return=0.0
global_step=429928, episodic_return=0.0
SPS: 2897
global_step=430088, episodic_return=0.0
global_step=430096, episodic_return=0.0
global_step=430112, episodic_return=0.955
global_step=430256, episodic_return=0.0
global_step=430332, episodic_return=0.0
global_step=430500, episodic_return=0.0
global_step=430516, episodic_return=0.0
SPS: 2897
global_step=430660, episodic_return=0.0
global_step=430676, episodic_return=0.613
global_step=430688, episodic_return=0.20799999999999996
global_step=430856, episodic_return=0.604
global_step=430920, episodic_return=0.0
global_step=430952, episodic_return=0.7929999999999999
global_step=430992, episodic_return=0.32499999999999996
global_step=431064, episodic_return=0.0
SPS: 2897
global_step=431108, episodic_return=0.6579999999999999
global_step=431172, episodic_return=0.766
global_step=431236, episodic_return=0.865
global_step=431324, episodic_return=0.0
global_step=431396, episodic_return=0.0
global_step=431468, episodic_return=0.847
global_step=431512, episodic_return=0.0
SPS: 2897
global_step=431640, episodic_return=0.0
global_step=431672, episodic_return=0.55
global_step=431728, episodic_return=0.0
global_step=431840, episodic_return=0.757
global_step=431916, episodic_return=0.0
global_step=432044, episodic_return=0.0
global_step=432076, episodic_return=0.0
SPS: 2896
global_step=432144, episodic_return=0.784
global_step=432184, episodic_return=0.4059999999999999
global_step=432244, episodic_return=0.0
global_step=432324, episodic_return=0.694
global_step=432452, episodic_return=0.5409999999999999
global_step=432480, episodic_return=0.0
global_step=432548, episodic_return=0.0
SPS: 2896
global_step=432656, episodic_return=0.613
global_step=432728, episodic_return=0.0
global_step=432812, episodic_return=0.4149999999999999
global_step=432856, episodic_return=0.0
global_step=432956, episodic_return=0.784
global_step=432988, episodic_return=0.42399999999999993
global_step=433060, episodic_return=0.0
global_step=433080, episodic_return=0.4059999999999999
SPS: 2896
global_step=433360, episodic_return=0.0
global_step=433392, episodic_return=0.0
global_step=433464, episodic_return=0.0
global_step=433484, episodic_return=0.0
SPS: 2896
global_step=433764, episodic_return=0.0
global_step=433796, episodic_return=0.0
global_step=433864, episodic_return=0.10899999999999999
global_step=433888, episodic_return=0.0
global_step=433892, episodic_return=0.721
global_step=434084, episodic_return=0.577
SPS: 2896
global_step=434200, episodic_return=0.09999999999999998
global_step=434228, episodic_return=0.946
global_step=434268, episodic_return=0.0
global_step=434292, episodic_return=0.0
global_step=434296, episodic_return=0.856
global_step=434436, episodic_return=0.21699999999999997
global_step=434452, episodic_return=0.595
global_step=434552, episodic_return=0.43299999999999994
SPS: 2896
global_step=434696, episodic_return=0.0
global_step=434808, episodic_return=0.20799999999999996
global_step=434840, episodic_return=0.0
global_step=434864, episodic_return=0.30699999999999994
global_step=435004, episodic_return=0.5680000000000001
global_step=435100, episodic_return=0.0
SPS: 2896
global_step=435244, episodic_return=0.0
global_step=435244, episodic_return=0.15400000000000003
global_step=435276, episodic_return=0.613
global_step=435308, episodic_return=0.865
global_step=435408, episodic_return=0.0
global_step=435488, episodic_return=0.604
global_step=435648, episodic_return=0.0
global_step=435680, episodic_return=0.0
SPS: 2896
global_step=435812, episodic_return=0.0
global_step=435892, episodic_return=0.0
global_step=436052, episodic_return=0.0
global_step=436084, episodic_return=0.0
global_step=436124, episodic_return=0.919
global_step=436188, episodic_return=0.16299999999999992
SPS: 2896
global_step=436296, episodic_return=0.0
global_step=436456, episodic_return=0.0
global_step=436512, episodic_return=0.2799999999999999
global_step=436528, episodic_return=0.0
global_step=436560, episodic_return=0.775
global_step=436580, episodic_return=0.892
global_step=436596, episodic_return=0.9279999999999999
global_step=436700, episodic_return=0.0
SPS: 2896
global_step=436880, episodic_return=0.604
global_step=436916, episodic_return=0.0
global_step=436936, episodic_return=0.964
global_step=436984, episodic_return=0.0
global_step=436984, episodic_return=0.136
global_step=437128, episodic_return=0.45099999999999996
SPS: 2896
global_step=437340, episodic_return=0.0
global_step=437388, episodic_return=0.0
global_step=437388, episodic_return=0.0
global_step=437532, episodic_return=0.0
global_step=437536, episodic_return=0.5680000000000001
global_step=437576, episodic_return=0.91
SPS: 2896
global_step=437792, episodic_return=0.0
global_step=437792, episodic_return=0.0
global_step=437940, episodic_return=0.0
global_step=437980, episodic_return=0.0
global_step=438056, episodic_return=0.748
global_step=438184, episodic_return=0.127
global_step=438196, episodic_return=0.0
global_step=438224, episodic_return=0.919
global_step=438264, episodic_return=0.37
SPS: 2896
global_step=438460, episodic_return=0.0
global_step=438524, episodic_return=0.865
global_step=438600, episodic_return=0.0
global_step=438628, episodic_return=0.0
global_step=438668, episodic_return=0.0
SPS: 2896
global_step=438928, episodic_return=0.0
global_step=439004, episodic_return=0.0
global_step=439008, episodic_return=0.244
global_step=439032, episodic_return=0.0
global_step=439160, episodic_return=0.487
global_step=439176, episodic_return=0.685
global_step=439224, episodic_return=0.865
SPS: 2896
global_step=439408, episodic_return=0.0
global_step=439412, episodic_return=0.0
global_step=439456, episodic_return=0.901
global_step=439580, episodic_return=0.0
global_step=439628, episodic_return=0.0
global_step=439664, episodic_return=0.82
global_step=439672, episodic_return=0.991
SPS: 2896
global_step=439816, episodic_return=0.0
global_step=439860, episodic_return=0.586
global_step=439860, episodic_return=0.0
global_step=439876, episodic_return=0.874
global_step=439952, episodic_return=0.802
global_step=440004, episodic_return=0.16299999999999992
global_step=440016, episodic_return=0.865
global_step=440072, episodic_return=0.883
global_step=440264, episodic_return=0.0
global_step=440280, episodic_return=0.0
SPS: 2896
global_step=440408, episodic_return=0.0
global_step=440476, episodic_return=0.0
global_step=440492, episodic_return=0.532
global_step=440564, episodic_return=0.847
global_step=440628, episodic_return=0.865
global_step=440668, episodic_return=0.0
global_step=440788, episodic_return=0.649
global_step=440812, episodic_return=0.0
SPS: 2896
global_step=440880, episodic_return=0.0
global_step=440936, episodic_return=0.4059999999999999
global_step=441016, episodic_return=0.703
global_step=441192, episodic_return=0.0
global_step=441216, episodic_return=0.0
global_step=441324, episodic_return=0.31599999999999995
global_step=441340, episodic_return=0.0
SPS: 2896
global_step=441392, episodic_return=0.856
global_step=441584, episodic_return=0.45999999999999996
global_step=441596, episodic_return=0.0
global_step=441620, episodic_return=0.0
global_step=441796, episodic_return=0.0
SPS: 2896
global_step=441988, episodic_return=0.0
global_step=442000, episodic_return=0.0
global_step=442024, episodic_return=0.0
global_step=442184, episodic_return=0.595
global_step=442200, episodic_return=0.0
global_step=442320, episodic_return=0.34299999999999997
SPS: 2896
global_step=442392, episodic_return=0.0
global_step=442412, episodic_return=0.4959999999999999
global_step=442604, episodic_return=0.0
global_step=442688, episodic_return=0.82
global_step=442724, episodic_return=0.0
global_step=442776, episodic_return=0.18999999999999995
global_step=442796, episodic_return=0.0
SPS: 2896
global_step=443080, episodic_return=0.127
global_step=443128, episodic_return=0.0
global_step=443180, episodic_return=0.0
global_step=443200, episodic_return=0.0
global_step=443304, episodic_return=0.73
SPS: 2896
global_step=443484, episodic_return=0.0
global_step=443532, episodic_return=0.0
global_step=443604, episodic_return=0.0
global_step=443708, episodic_return=0.0
global_step=443888, episodic_return=0.0
SPS: 2896
global_step=443936, episodic_return=0.0
global_step=444008, episodic_return=0.0
global_step=444112, episodic_return=0.0
global_step=444272, episodic_return=0.14500000000000002
global_step=444340, episodic_return=0.0
global_step=444412, episodic_return=0.0
SPS: 2896
global_step=444516, episodic_return=0.0
global_step=444676, episodic_return=0.0
global_step=444744, episodic_return=0.0
global_step=444756, episodic_return=0.982
global_step=444816, episodic_return=0.0
global_step=444920, episodic_return=0.0
SPS: 2896
global_step=445080, episodic_return=0.0
global_step=445092, episodic_return=0.982
global_step=445160, episodic_return=0.0
global_step=445220, episodic_return=0.0
global_step=445324, episodic_return=0.0
SPS: 2896
global_step=445496, episodic_return=0.0
global_step=445564, episodic_return=0.0
global_step=445624, episodic_return=0.0
global_step=445728, episodic_return=0.0
global_step=445900, episodic_return=0.0
SPS: 2896
global_step=445968, episodic_return=0.0
global_step=445992, episodic_return=0.4149999999999999
global_step=446028, episodic_return=0.0
global_step=446064, episodic_return=0.9279999999999999
global_step=446128, episodic_return=0.865
global_step=446304, episodic_return=0.0
global_step=446360, episodic_return=0.18099999999999994
global_step=446372, episodic_return=0.0
SPS: 2896
global_step=446532, episodic_return=0.0
global_step=446648, episodic_return=0.361
global_step=446708, episodic_return=0.0
global_step=446776, episodic_return=0.0
global_step=446936, episodic_return=0.0
SPS: 2896
global_step=447044, episodic_return=0.253
global_step=447052, episodic_return=0.0
global_step=447180, episodic_return=0.0
global_step=447340, episodic_return=0.0
global_step=447448, episodic_return=0.0
global_step=447448, episodic_return=0.118
global_step=447480, episodic_return=0.9369999999999999
SPS: 2896
global_step=447508, episodic_return=0.874
global_step=447584, episodic_return=0.0
global_step=447660, episodic_return=0.604
global_step=447732, episodic_return=0.6759999999999999
global_step=447744, episodic_return=0.0
global_step=447804, episodic_return=0.874
global_step=447912, episodic_return=0.0
SPS: 2896
global_step=448064, episodic_return=0.0
global_step=448136, episodic_return=0.0
global_step=448208, episodic_return=0.0
global_step=448316, episodic_return=0.0
global_step=448468, episodic_return=0.0
global_step=448480, episodic_return=0.6399999999999999
SPS: 2896
global_step=448540, episodic_return=0.0
global_step=448612, episodic_return=0.0
global_step=448872, episodic_return=0.0
global_step=448884, episodic_return=0.0
global_step=448944, episodic_return=0.0
global_step=449016, episodic_return=0.0
SPS: 2896
global_step=449172, episodic_return=0.33399999999999996
global_step=449236, episodic_return=0.514
global_step=449288, episodic_return=0.0
global_step=449348, episodic_return=0.0
global_step=449532, episodic_return=0.34299999999999997
SPS: 2896
global_step=449576, episodic_return=0.0
global_step=449680, episodic_return=0.775
global_step=449692, episodic_return=0.0
global_step=449752, episodic_return=0.0
global_step=449936, episodic_return=0.0
SPS: 2896
global_step=450084, episodic_return=0.0
global_step=450096, episodic_return=0.0
global_step=450152, episodic_return=0.10899999999999999
global_step=450340, episodic_return=0.0
global_step=450392, episodic_return=0.469
global_step=450488, episodic_return=0.0
global_step=450500, episodic_return=0.0
SPS: 2896
global_step=450744, episodic_return=0.0
global_step=450780, episodic_return=0.379
global_step=450796, episodic_return=0.0
global_step=450892, episodic_return=0.0
SPS: 2896
global_step=451148, episodic_return=0.0
global_step=451184, episodic_return=0.0
global_step=451200, episodic_return=0.0
global_step=451296, episodic_return=0.0
global_step=451432, episodic_return=0.703
global_step=451552, episodic_return=0.0
global_step=451572, episodic_return=0.136
SPS: 2895
global_step=451604, episodic_return=0.0
global_step=451672, episodic_return=0.856
global_step=451836, episodic_return=0.0
global_step=451916, episodic_return=0.235
global_step=451956, episodic_return=0.0
global_step=452056, episodic_return=0.784
global_step=452076, episodic_return=0.0
global_step=452084, episodic_return=0.946
global_step=452092, episodic_return=0.613
SPS: 2895
global_step=452240, episodic_return=0.0
global_step=452252, episodic_return=0.613
global_step=452268, episodic_return=0.595
global_step=452460, episodic_return=0.514
global_step=452496, episodic_return=0.0
global_step=452600, episodic_return=0.694
SPS: 2895
global_step=452656, episodic_return=0.0
global_step=452672, episodic_return=0.0
global_step=452804, episodic_return=0.31599999999999995
global_step=452892, episodic_return=0.352
global_step=453060, episodic_return=0.0
global_step=453076, episodic_return=0.0
SPS: 2895
global_step=453156, episodic_return=0.21699999999999997
global_step=453216, episodic_return=0.694
global_step=453296, episodic_return=0.0
global_step=453376, episodic_return=0.29799999999999993
global_step=453452, episodic_return=0.34299999999999997
global_step=453620, episodic_return=0.0
SPS: 2895
global_step=453700, episodic_return=0.0
global_step=453780, episodic_return=0.0
global_step=453856, episodic_return=0.0
global_step=453956, episodic_return=0.784
global_step=454024, episodic_return=0.0
global_step=454036, episodic_return=0.829
global_step=454104, episodic_return=0.0
global_step=454120, episodic_return=0.7929999999999999
SPS: 2895
global_step=454184, episodic_return=0.0
global_step=454440, episodic_return=0.0
global_step=454508, episodic_return=0.0
global_step=454524, episodic_return=0.0
global_step=454588, episodic_return=0.0
SPS: 2895
global_step=454704, episodic_return=0.748
global_step=454844, episodic_return=0.0
global_step=454900, episodic_return=0.127
global_step=454928, episodic_return=0.0
global_step=454956, episodic_return=0.883
global_step=455028, episodic_return=0.847
global_step=455036, episodic_return=0.991
global_step=455108, episodic_return=0.0
SPS: 2895
global_step=455248, episodic_return=0.0
global_step=455332, episodic_return=0.0
global_step=455380, episodic_return=0.3969999999999999
global_step=455440, episodic_return=0.0
global_step=455652, episodic_return=0.0
SPS: 2895
global_step=455736, episodic_return=0.0
global_step=455784, episodic_return=0.0
global_step=455844, episodic_return=0.0
global_step=455860, episodic_return=0.73
global_step=455952, episodic_return=0.802
global_step=456056, episodic_return=0.0
global_step=456080, episodic_return=0.721
global_step=456188, episodic_return=0.0
SPS: 2895
global_step=456248, episodic_return=0.0
global_step=456460, episodic_return=0.0
global_step=456484, episodic_return=0.0
global_step=456556, episodic_return=0.31599999999999995
global_step=456588, episodic_return=0.9369999999999999
global_step=456592, episodic_return=0.0
SPS: 2895
global_step=456864, episodic_return=0.0
global_step=456888, episodic_return=0.0
global_step=456992, episodic_return=0.0
global_step=456996, episodic_return=0.0
global_step=457196, episodic_return=0.5589999999999999
SPS: 2895
global_step=457268, episodic_return=0.0
global_step=457292, episodic_return=0.0
global_step=457396, episodic_return=0.0
global_step=457400, episodic_return=0.712
global_step=457600, episodic_return=0.0
global_step=457696, episodic_return=0.0
SPS: 2895
global_step=457800, episodic_return=0.0
global_step=457804, episodic_return=0.0
global_step=458004, episodic_return=0.0
global_step=458040, episodic_return=0.478
global_step=458100, episodic_return=0.0
global_step=458116, episodic_return=0.838
global_step=458204, episodic_return=0.0
SPS: 2895
global_step=458256, episodic_return=0.6579999999999999
global_step=458408, episodic_return=0.0
global_step=458476, episodic_return=0.856
global_step=458520, episodic_return=0.0
global_step=458580, episodic_return=0.775
global_step=458588, episodic_return=0.856
global_step=458608, episodic_return=0.0
global_step=458660, episodic_return=0.0
global_step=458740, episodic_return=0.712
SPS: 2895
global_step=458856, episodic_return=0.748
global_step=458984, episodic_return=0.0
global_step=458992, episodic_return=0.0
global_step=459016, episodic_return=0.9369999999999999
global_step=459064, episodic_return=0.0
global_step=459184, episodic_return=0.739
global_step=459212, episodic_return=0.5680000000000001
global_step=459260, episodic_return=0.0
SPS: 2895
global_step=459396, episodic_return=0.0
global_step=459460, episodic_return=0.45099999999999996
global_step=459476, episodic_return=0.5229999999999999
global_step=459588, episodic_return=0.0
global_step=459688, episodic_return=0.352
SPS: 2895
global_step=459864, episodic_return=0.0
global_step=459880, episodic_return=0.0
global_step=459992, episodic_return=0.0
global_step=460092, episodic_return=0.0
global_step=460204, episodic_return=0.2799999999999999
global_step=460236, episodic_return=0.17199999999999993
SPS: 2895
global_step=460396, episodic_return=0.0
global_step=460496, episodic_return=0.0
global_step=460608, episodic_return=0.0
global_step=460640, episodic_return=0.0
global_step=460756, episodic_return=0.748
global_step=460800, episodic_return=0.0
SPS: 2895
global_step=460900, episodic_return=0.0
global_step=460948, episodic_return=0.577
global_step=460972, episodic_return=0.622
global_step=461012, episodic_return=0.0
global_step=461024, episodic_return=0.838
global_step=461108, episodic_return=0.82
global_step=461164, episodic_return=0.577
global_step=461304, episodic_return=0.0
SPS: 2895
global_step=461416, episodic_return=0.0
global_step=461464, episodic_return=0.33399999999999996
global_step=461512, episodic_return=0.0
global_step=461644, episodic_return=0.244
global_step=461820, episodic_return=0.0
SPS: 2895
global_step=461836, episodic_return=0.17199999999999993
global_step=461916, episodic_return=0.0
global_step=462020, episodic_return=0.595
global_step=462048, episodic_return=0.0
global_step=462072, episodic_return=0.6579999999999999
global_step=462224, episodic_return=0.0
SPS: 2895
global_step=462424, episodic_return=0.0
global_step=462448, episodic_return=0.955
global_step=462452, episodic_return=0.0
global_step=462476, episodic_return=0.0
global_step=462628, episodic_return=0.0
global_step=462704, episodic_return=0.43299999999999994
global_step=462788, episodic_return=0.649
global_step=462840, episodic_return=0.18999999999999995
SPS: 2895
global_step=462856, episodic_return=0.0
global_step=462968, episodic_return=0.4149999999999999
global_step=463148, episodic_return=0.604
global_step=463192, episodic_return=0.0
global_step=463244, episodic_return=0.0
global_step=463260, episodic_return=0.0
global_step=463296, episodic_return=0.6759999999999999
global_step=463356, episodic_return=0.874
SPS: 2895
global_step=463596, episodic_return=0.0
global_step=463648, episodic_return=0.0
global_step=463664, episodic_return=0.0
global_step=463692, episodic_return=0.91
global_step=463724, episodic_return=0.721
global_step=463760, episodic_return=0.9279999999999999
global_step=463760, episodic_return=0.0
SPS: 2895
global_step=463888, episodic_return=0.5049999999999999
global_step=464096, episodic_return=0.0
global_step=464164, episodic_return=0.0
global_step=464164, episodic_return=0.0
global_step=464180, episodic_return=0.82
global_step=464292, episodic_return=0.0
global_step=464348, episodic_return=0.883
SPS: 2894
global_step=464504, episodic_return=0.244
global_step=464568, episodic_return=0.0
global_step=464584, episodic_return=0.0
global_step=464632, episodic_return=0.901
global_step=464752, episodic_return=0.0
global_step=464812, episodic_return=0.874
SPS: 2894
global_step=464908, episodic_return=0.0
global_step=464972, episodic_return=0.0
global_step=465036, episodic_return=0.0
global_step=465216, episodic_return=0.0
global_step=465252, episodic_return=0.9279999999999999
global_step=465280, episodic_return=0.946
global_step=465312, episodic_return=0.0
global_step=465340, episodic_return=0.18099999999999994
global_step=465396, episodic_return=0.82
SPS: 2894
global_step=465440, episodic_return=0.0
global_step=465684, episodic_return=0.0
global_step=465744, episodic_return=0.0
global_step=465800, episodic_return=0.0
global_step=465844, episodic_return=0.0
global_step=465848, episodic_return=0.901
SPS: 2894
global_step=466088, episodic_return=0.0
global_step=466112, episodic_return=0.4059999999999999
global_step=466148, episodic_return=0.0
global_step=466200, episodic_return=0.892
global_step=466252, episodic_return=0.0
SPS: 2894
global_step=466492, episodic_return=0.0
global_step=466516, episodic_return=0.0
global_step=466604, episodic_return=0.0
global_step=466656, episodic_return=0.0
global_step=466680, episodic_return=0.838
global_step=466800, episodic_return=0.37
global_step=466896, episodic_return=0.0
SPS: 2894
global_step=466984, episodic_return=0.8109999999999999
global_step=467060, episodic_return=0.0
global_step=467084, episodic_return=0.0
global_step=467204, episodic_return=0.0
global_step=467388, episodic_return=0.0
SPS: 2894
global_step=467464, episodic_return=0.0
global_step=467488, episodic_return=0.0
global_step=467524, episodic_return=0.703
global_step=467608, episodic_return=0.0
global_step=467620, episodic_return=0.7929999999999999
global_step=467848, episodic_return=0.4959999999999999
global_step=467868, episodic_return=0.0
global_step=467892, episodic_return=0.0
SPS: 2894
global_step=468012, episodic_return=0.0
global_step=468196, episodic_return=0.2709999999999999
global_step=468236, episodic_return=0.919
global_step=468252, episodic_return=0.0
global_step=468296, episodic_return=0.0
global_step=468416, episodic_return=0.0
SPS: 2894
global_step=468576, episodic_return=0.2799999999999999
global_step=468640, episodic_return=0.0
global_step=468700, episodic_return=0.0
global_step=468784, episodic_return=0.18099999999999994
global_step=468800, episodic_return=0.5049999999999999
global_step=468912, episodic_return=0.757
global_step=468924, episodic_return=0.694
SPS: 2894
global_step=469032, episodic_return=0.739
global_step=469044, episodic_return=0.0
global_step=469104, episodic_return=0.0
global_step=469128, episodic_return=0.82
global_step=469324, episodic_return=0.5680000000000001
global_step=469328, episodic_return=0.0
global_step=469436, episodic_return=0.0
SPS: 2894
global_step=469508, episodic_return=0.0
global_step=469728, episodic_return=0.0
global_step=469732, episodic_return=0.0
global_step=469840, episodic_return=0.0
global_step=469896, episodic_return=0.631
global_step=469912, episodic_return=0.0
global_step=469916, episodic_return=0.595
global_step=469968, episodic_return=0.892
SPS: 2894
global_step=470244, episodic_return=0.0
global_step=470300, episodic_return=0.0
global_step=470316, episodic_return=0.0
global_step=470372, episodic_return=0.0
SPS: 2894
global_step=470648, episodic_return=0.0
global_step=470684, episodic_return=0.18099999999999994
global_step=470704, episodic_return=0.0
global_step=470776, episodic_return=0.0
global_step=470888, episodic_return=0.595
global_step=470896, episodic_return=0.532
SPS: 2894
global_step=471052, episodic_return=0.0
global_step=471072, episodic_return=0.613
global_step=471148, episodic_return=0.17199999999999993
global_step=471192, episodic_return=0.739
global_step=471292, episodic_return=0.0
global_step=471320, episodic_return=0.4059999999999999
global_step=471344, episodic_return=0.955
global_step=471432, episodic_return=0.37
SPS: 2894
global_step=471596, episodic_return=0.0
global_step=471696, episodic_return=0.784
global_step=471696, episodic_return=0.0
global_step=471748, episodic_return=0.0
global_step=471836, episodic_return=0.0
global_step=471992, episodic_return=0.34299999999999997
global_step=472040, episodic_return=0.901
global_step=472056, episodic_return=0.514
SPS: 2894
global_step=472100, episodic_return=0.0
global_step=472152, episodic_return=0.0
global_step=472208, episodic_return=0.667
global_step=472240, episodic_return=0.9369999999999999
global_step=472368, episodic_return=0.2709999999999999
global_step=472392, episodic_return=0.352
global_step=472556, episodic_return=0.0
SPS: 2894
global_step=472644, episodic_return=0.0
global_step=472772, episodic_return=0.0
global_step=472796, episodic_return=0.0
global_step=472848, episodic_return=0.892
global_step=472960, episodic_return=0.0
global_step=473048, episodic_return=0.0
global_step=473068, episodic_return=0.766
SPS: 2894
global_step=473176, episodic_return=0.0
global_step=473192, episodic_return=0.235
global_step=473380, episodic_return=0.262
global_step=473432, episodic_return=0.43299999999999994
global_step=473472, episodic_return=0.0
global_step=473528, episodic_return=0.6759999999999999
global_step=473596, episodic_return=0.0
SPS: 2894
global_step=473836, episodic_return=0.0
global_step=473876, episodic_return=0.0
global_step=473932, episodic_return=0.0
global_step=473968, episodic_return=0.9279999999999999
global_step=474000, episodic_return=0.0
global_step=474012, episodic_return=0.982
global_step=474040, episodic_return=0.946
global_step=474048, episodic_return=0.622
global_step=474104, episodic_return=0.883
SPS: 2894
global_step=474240, episodic_return=0.0
global_step=474372, episodic_return=0.0
global_step=474436, episodic_return=0.262
global_step=474444, episodic_return=0.0
global_step=474564, episodic_return=0.721
SPS: 2894
global_step=474644, episodic_return=0.0
global_step=474776, episodic_return=0.0
global_step=474848, episodic_return=0.0
global_step=474888, episodic_return=0.757
global_step=474968, episodic_return=0.0
global_step=475048, episodic_return=0.0
SPS: 2894
global_step=475252, episodic_return=0.0
global_step=475292, episodic_return=0.0
global_step=475372, episodic_return=0.0
global_step=475452, episodic_return=0.0
SPS: 2894
global_step=475656, episodic_return=0.0
global_step=475692, episodic_return=0.2889999999999999
global_step=475696, episodic_return=0.0
global_step=475820, episodic_return=0.6399999999999999
global_step=475856, episodic_return=0.0
global_step=475940, episodic_return=0.739
global_step=476096, episodic_return=0.0
global_step=476100, episodic_return=0.0
global_step=476136, episodic_return=0.9279999999999999
SPS: 2894
global_step=476260, episodic_return=0.0
global_step=476344, episodic_return=0.0
global_step=476500, episodic_return=0.0
global_step=476520, episodic_return=0.964
global_step=476540, episodic_return=0.0
global_step=476664, episodic_return=0.0
SPS: 2894
global_step=476748, episodic_return=0.0
global_step=476924, episodic_return=0.0
global_step=476944, episodic_return=0.0
global_step=477036, episodic_return=0.757
global_step=477068, episodic_return=0.0
global_step=477116, episodic_return=0.901
global_step=477152, episodic_return=0.0
SPS: 2894
global_step=477348, episodic_return=0.0
global_step=477440, episodic_return=0.0
global_step=477456, episodic_return=0.973
global_step=477520, episodic_return=0.0
global_step=477536, episodic_return=0.973
global_step=477556, episodic_return=0.0
SPS: 2894
global_step=477752, episodic_return=0.0
global_step=477860, episodic_return=0.0
global_step=477888, episodic_return=0.703
global_step=477928, episodic_return=0.856
global_step=477940, episodic_return=0.0
global_step=477960, episodic_return=0.0
global_step=478040, episodic_return=0.667
global_step=478156, episodic_return=0.5229999999999999
global_step=478208, episodic_return=0.45099999999999996
SPS: 2894
global_step=478272, episodic_return=0.235
global_step=478420, episodic_return=0.532
global_step=478444, episodic_return=0.0
global_step=478560, episodic_return=0.0
global_step=478676, episodic_return=0.0
SPS: 2894
global_step=478824, episodic_return=0.0
global_step=478848, episodic_return=0.0
global_step=478964, episodic_return=0.0
global_step=478984, episodic_return=0.649
global_step=479080, episodic_return=0.0
global_step=479204, episodic_return=0.73
global_step=479208, episodic_return=0.19899999999999995
SPS: 2894
global_step=479368, episodic_return=0.0
global_step=479388, episodic_return=0.0
global_step=479608, episodic_return=0.0
global_step=479612, episodic_return=0.0
SPS: 2894
global_step=479760, episodic_return=0.667
global_step=479772, episodic_return=0.0
global_step=479792, episodic_return=0.0
global_step=480016, episodic_return=0.0
global_step=480164, episodic_return=0.0
global_step=480176, episodic_return=0.0
global_step=480196, episodic_return=0.0
global_step=480224, episodic_return=0.5409999999999999
SPS: 2894
global_step=480288, episodic_return=0.802
global_step=480300, episodic_return=0.838
global_step=480380, episodic_return=0.802
global_step=480568, episodic_return=0.0
global_step=480580, episodic_return=0.0
global_step=480596, episodic_return=0.973
global_step=480652, episodic_return=0.883
global_step=480704, episodic_return=0.0
SPS: 2894
global_step=480784, episodic_return=0.0
global_step=480872, episodic_return=0.514
global_step=480972, episodic_return=0.0
global_step=481108, episodic_return=0.0
global_step=481188, episodic_return=0.0
global_step=481276, episodic_return=0.0
SPS: 2894
global_step=481360, episodic_return=0.44199999999999995
global_step=481376, episodic_return=0.0
global_step=481388, episodic_return=0.946
global_step=481576, episodic_return=0.5589999999999999
global_step=481592, episodic_return=0.0
global_step=481680, episodic_return=0.0
global_step=481748, episodic_return=0.6579999999999999
global_step=481792, episodic_return=0.0
SPS: 2894
global_step=481980, episodic_return=0.0
global_step=481996, episodic_return=0.55
global_step=482024, episodic_return=0.3879999999999999
global_step=482084, episodic_return=0.0
global_step=482112, episodic_return=0.8109999999999999
global_step=482136, episodic_return=0.955
global_step=482192, episodic_return=0.883
global_step=482252, episodic_return=0.874
SPS: 2893
global_step=482384, episodic_return=0.0
global_step=482400, episodic_return=0.0
global_step=482420, episodic_return=0.9279999999999999
global_step=482476, episodic_return=0.883
global_step=482488, episodic_return=0.0
global_step=482656, episodic_return=0.0
global_step=482792, episodic_return=0.32499999999999996
global_step=482804, episodic_return=0.0
SPS: 2893
global_step=482844, episodic_return=0.586
global_step=482880, episodic_return=0.0
global_step=483048, episodic_return=0.631
global_step=483196, episodic_return=0.0
global_step=483208, episodic_return=0.0
global_step=483216, episodic_return=0.964
global_step=483240, episodic_return=0.955
global_step=483248, episodic_return=0.0
SPS: 2893
global_step=483436, episodic_return=0.136
global_step=483612, episodic_return=0.0
global_step=483644, episodic_return=0.0
global_step=483652, episodic_return=0.0
global_step=483728, episodic_return=0.838
global_step=483840, episodic_return=0.0
SPS: 2893
global_step=484016, episodic_return=0.0
global_step=484048, episodic_return=0.0
global_step=484132, episodic_return=0.0
global_step=484244, episodic_return=0.0
SPS: 2893
global_step=484360, episodic_return=0.30699999999999994
global_step=484420, episodic_return=0.0
global_step=484524, episodic_return=0.6399999999999999
global_step=484536, episodic_return=0.0
global_step=484568, episodic_return=0.9369999999999999
global_step=484572, episodic_return=0.667
global_step=484632, episodic_return=0.766
global_step=484648, episodic_return=0.0
global_step=484664, episodic_return=0.973
SPS: 2893
global_step=484972, episodic_return=0.0
global_step=484976, episodic_return=0.0
global_step=485036, episodic_return=0.0
global_step=485068, episodic_return=0.0
global_step=485160, episodic_return=0.73
global_step=485276, episodic_return=0.32499999999999996
SPS: 2893
global_step=485380, episodic_return=0.0
global_step=485472, episodic_return=0.0
global_step=485564, episodic_return=0.0
global_step=485616, episodic_return=0.685
global_step=485680, episodic_return=0.0
global_step=485784, episodic_return=0.0
SPS: 2893
global_step=485968, episodic_return=0.0
global_step=486000, episodic_return=0.9369999999999999
global_step=486020, episodic_return=0.0
global_step=486084, episodic_return=0.0
global_step=486188, episodic_return=0.0
SPS: 2893
global_step=486404, episodic_return=0.0
global_step=486424, episodic_return=0.0
global_step=486460, episodic_return=0.883
global_step=486488, episodic_return=0.0
global_step=486544, episodic_return=0.883
global_step=486592, episodic_return=0.0
global_step=486764, episodic_return=0.514
global_step=486828, episodic_return=0.0
global_step=486864, episodic_return=0.0
SPS: 2893
global_step=486996, episodic_return=0.0
global_step=487168, episodic_return=0.09999999999999998
global_step=487204, episodic_return=0.244
global_step=487232, episodic_return=0.0
global_step=487372, episodic_return=0.16299999999999992
global_step=487376, episodic_return=0.5409999999999999
SPS: 2893
global_step=487524, episodic_return=0.352
global_step=487608, episodic_return=0.0
global_step=487776, episodic_return=0.0
global_step=487780, episodic_return=0.0
global_step=487924, episodic_return=0.10899999999999999
SPS: 2893
global_step=487956, episodic_return=0.604
global_step=488012, episodic_return=0.0
global_step=488108, episodic_return=0.7929999999999999
global_step=488184, episodic_return=0.0
global_step=488252, episodic_return=0.685
global_step=488328, episodic_return=0.0
global_step=488360, episodic_return=0.0
SPS: 2893
global_step=488588, episodic_return=0.0
global_step=488656, episodic_return=0.0
global_step=488732, episodic_return=0.0
global_step=488764, episodic_return=0.0
SPS: 2893
global_step=488992, episodic_return=0.0
global_step=489048, episodic_return=0.29799999999999993
global_step=489060, episodic_return=0.0
global_step=489100, episodic_return=0.919
global_step=489148, episodic_return=0.901
global_step=489168, episodic_return=0.0
global_step=489180, episodic_return=0.712
global_step=489384, episodic_return=0.127
SPS: 2893
global_step=489552, episodic_return=0.0
global_step=489572, episodic_return=0.0
global_step=489584, episodic_return=0.0
global_step=489632, episodic_return=0.901
global_step=489788, episodic_return=0.0
global_step=489956, episodic_return=0.0
global_step=489976, episodic_return=0.0
SPS: 2893
global_step=490036, episodic_return=0.0
global_step=490192, episodic_return=0.0
global_step=490360, episodic_return=0.0
global_step=490380, episodic_return=0.0
global_step=490440, episodic_return=0.0
SPS: 2893
global_step=490596, episodic_return=0.0
global_step=490764, episodic_return=0.0
global_step=490784, episodic_return=0.0
global_step=490844, episodic_return=0.0
global_step=491000, episodic_return=0.0
SPS: 2893
global_step=491052, episodic_return=0.361
global_step=491188, episodic_return=0.0
global_step=491248, episodic_return=0.0
global_step=491344, episodic_return=0.7929999999999999
global_step=491404, episodic_return=0.0
global_step=491456, episodic_return=0.0
SPS: 2893
global_step=491544, episodic_return=0.5589999999999999
global_step=491592, episodic_return=0.0
global_step=491720, episodic_return=0.613
global_step=491808, episodic_return=0.0
global_step=491860, episodic_return=0.892
global_step=491860, episodic_return=0.0
global_step=491868, episodic_return=0.3879999999999999
global_step=491900, episodic_return=0.604
SPS: 2893
global_step=492264, episodic_return=0.0
global_step=492264, episodic_return=0.0
global_step=492272, episodic_return=0.0
global_step=492304, episodic_return=0.0
SPS: 2893
global_step=492612, episodic_return=0.31599999999999995
global_step=492668, episodic_return=0.0
global_step=492668, episodic_return=0.0
global_step=492676, episodic_return=0.0
global_step=492944, episodic_return=0.262
global_step=492984, episodic_return=0.29799999999999993
SPS: 2893
global_step=493072, episodic_return=0.0
global_step=493080, episodic_return=0.0
global_step=493148, episodic_return=0.856
global_step=493348, episodic_return=0.0
global_step=493388, episodic_return=0.0
global_step=493440, episodic_return=0.802
global_step=493452, episodic_return=0.15400000000000003
global_step=493460, episodic_return=0.964
global_step=493552, episodic_return=0.0
SPS: 2893
global_step=493792, episodic_return=0.0
global_step=493796, episodic_return=0.253
global_step=493856, episodic_return=0.0
global_step=493956, episodic_return=0.0
global_step=493980, episodic_return=0.955
global_step=494008, episodic_return=0.946
SPS: 2893
global_step=494196, episodic_return=0.0
global_step=494200, episodic_return=0.0
global_step=494260, episodic_return=0.0
global_step=494412, episodic_return=0.0
SPS: 2893
global_step=494600, episodic_return=0.0
global_step=494604, episodic_return=0.0
global_step=494664, episodic_return=0.0
global_step=494716, episodic_return=0.748
global_step=494804, episodic_return=0.127
global_step=494856, episodic_return=0.694
global_step=494996, episodic_return=0.577
global_step=495008, episodic_return=0.0
global_step=495040, episodic_return=0.16299999999999992
SPS: 2893
global_step=495252, episodic_return=0.118
global_step=495300, episodic_return=0.901
global_step=495400, episodic_return=0.0
global_step=495412, episodic_return=0.0
global_step=495444, episodic_return=0.0
SPS: 2893
global_step=495704, episodic_return=0.0
global_step=495804, episodic_return=0.0
global_step=495816, episodic_return=0.0
global_step=495848, episodic_return=0.0
global_step=496108, episodic_return=0.0
SPS: 2893
global_step=496208, episodic_return=0.0
global_step=496220, episodic_return=0.0
global_step=496252, episodic_return=0.0
global_step=496512, episodic_return=0.0
global_step=496600, episodic_return=0.8109999999999999
global_step=496612, episodic_return=0.0
global_step=496624, episodic_return=0.0
SPS: 2893
global_step=496656, episodic_return=0.0
global_step=497004, episodic_return=0.0
global_step=497016, episodic_return=0.0
global_step=497028, episodic_return=0.0
global_step=497060, episodic_return=0.0
global_step=497100, episodic_return=0.919
SPS: 2893
global_step=497264, episodic_return=0.478
global_step=497276, episodic_return=0.3969999999999999
global_step=497420, episodic_return=0.0
global_step=497468, episodic_return=0.901
global_step=497504, episodic_return=0.0
SPS: 2893
global_step=497668, episodic_return=0.0
global_step=497680, episodic_return=0.0
global_step=497764, episodic_return=0.42399999999999993
global_step=497872, episodic_return=0.0
global_step=497904, episodic_return=0.478
global_step=498012, episodic_return=0.766
global_step=498084, episodic_return=0.0
global_step=498148, episodic_return=0.14500000000000002
global_step=498148, episodic_return=0.3879999999999999
SPS: 2893
global_step=498308, episodic_return=0.649
global_step=498416, episodic_return=0.0
global_step=498488, episodic_return=0.0
global_step=498552, episodic_return=0.0
SPS: 2893
global_step=498712, episodic_return=0.0
global_step=498820, episodic_return=0.0
global_step=498892, episodic_return=0.0
global_step=498956, episodic_return=0.0
global_step=498964, episodic_return=0.44199999999999995
SPS: 2893
global_step=499224, episodic_return=0.0
global_step=499296, episodic_return=0.0
global_step=499308, episodic_return=0.21699999999999997
global_step=499320, episodic_return=0.7929999999999999
global_step=499368, episodic_return=0.0
global_step=499664, episodic_return=0.18099999999999994
global_step=499712, episodic_return=0.0
SPS: 2893
Saved agent to runs/g1_yfollow__cond_A__1__1779561465/agent.pt
[1;34mwandb[0m: 
[1;34mwandb[0m: 🚀 View run [33mg1_yfollow__cond_A__1__1779561465[0m at: [34mhttps://wandb.ai/animeconqueror108-university-of-southern-mississippi/ppo-spurious/runs/a44b2vdv[0m
[1;34mwandb[0m: Find logs at: [1;35mwandb/run-20260523_133746-a44b2vdv/logs[0m
[done] Sat May 23 01:40:44 PM CDT 2026  name=cond_A
